system,eos,step,pvi,component,mass_rate_kg_s,total_mass_fraction,hydrocarbon_normalized_mass_fraction,reservoir_watercut
binary,PR,1,0.0025,H2O,5.026918245958532e-07,0.10285420297406796,0.0,0.004369562689632183
binary,PR,1,0.0025,Heavy_squalane,4.384729496656269e-06,0.897145797025932,1.0,0.004369562689632183
binary,PR,2,0.005,H2O,5.026917052343872e-07,0.10285417356027303,0.0,0.004369546235651843
binary,PR,2,0.005,Heavy_squalane,4.384729853209301e-06,0.8971458264397271,1.0,0.004369546235651843
binary,PR,3,0.0075,H2O,5.026916144748151e-07,0.10285414934811282,0.0,0.0043695390246449185
binary,PR,3,0.0075,Heavy_squalane,4.384730212071442e-06,0.8971458506518872,1.0,0.0043695390246449185
binary,PR,4,0.01,H2O,5.026915405645719e-07,0.1028541286666346,0.0,0.004369536273051139
binary,PR,4,0.01,Heavy_squalane,4.384730550131168e-06,0.8971458713333654,1.0,0.004369536273051139
binary,PR,5,0.0125,H2O,5.026914775122897e-07,0.10285411018410741,0.0,0.004369536353715349
binary,PR,5,0.0125,Heavy_squalane,4.38473087840989e-06,0.8971458898158926,1.0,0.004369536353715349
binary,PR,6,0.015,H2O,5.026914217704243e-07,0.10285409317249533,0.0,0.004369538377711134
binary,PR,6,0.015,Heavy_squalane,4.384731200558924e-06,0.8971459068275046,1.0,0.004369538377711134
binary,PR,7,0.0175,H2O,5.026913711388768e-07,0.10285407719709705,0.0,0.00436954181375062
binary,PR,7,0.0175,Heavy_squalane,4.38473151804402e-06,0.897145922802903,1.0,0.00436954181375062
binary,PR,8,0.02,H2O,5.026913243255037e-07,0.10285406197765196,0.0,0.004369546318889637
binary,PR,8,0.02,Heavy_squalane,4.384731832911865e-06,0.8971459380223481,1.0,0.004369546318889637
binary,PR,9,0.0225,H2O,5.026912803171535e-07,0.10285404732244223,0.0,0.004369551658210602
binary,PR,9,0.0225,Heavy_squalane,4.38473214543528e-06,0.8971459526775577,1.0,0.004369551658210602
binary,PR,10,0.025,H2O,5.026912385533565e-07,0.10285403309458366,0.0,0.004369557663728474
binary,PR,10,0.025,Heavy_squalane,4.384732457230027e-06,0.8971459669054164,1.0,0.004369557663728474
binary,PR,11,0.0275,H2O,5.026911984463049e-07,0.10285401919330546,0.0,0.004369564211607974
binary,PR,11,0.0275,Heavy_squalane,4.384732767957371e-06,0.8971459808066945,1.0,0.004369564211607974
binary,PR,12,0.03,H2O,5.026911599150772e-07,0.10285400554300672,0.0,0.0043695712080801235
binary,PR,12,0.03,Heavy_squalane,4.384733080503884e-06,0.8971459944569934,1.0,0.0043695712080801235
binary,PR,13,0.0325,H2O,5.026911223442778e-07,0.10285399208499091,0.0,0.004369578582429598
binary,PR,13,0.0325,Heavy_squalane,4.384733392290906e-06,0.8971460079150092,1.0,0.004369578582429598
binary,PR,14,0.035,H2O,5.026910856125357e-07,0.10285397877450765,0.0,0.004369586278306556
binary,PR,14,0.035,Heavy_squalane,4.384733704386232e-06,0.8971460212254925,1.0,0.004369586278306556
binary,PR,15,0.0375,H2O,5.026910497556442e-07,0.10285396557607221,0.0,0.0043695942517506395
binary,PR,15,0.0375,Heavy_squalane,4.384734018788232e-06,0.8971460344239278,1.0,0.0043695942517506395
binary,PR,16,0.04,H2O,5.026910141311804e-07,0.10285395246147336,0.0,0.004369602467720737
binary,PR,16,0.04,Heavy_squalane,4.384734331233905e-06,0.8971460475385267,1.0,0.004369602467720737
binary,PR,17,0.0425,H2O,5.026909792349823e-07,0.10285393940806171,0.0,0.004369610897985632
binary,PR,17,0.0425,Heavy_squalane,4.384734647124461e-06,0.8971460605919384,1.0,0.004369610897985632
binary,PR,18,0.045,H2O,5.026909445951492e-07,0.10285392639748304,0.0,0.00436961951958884
binary,PR,18,0.045,Heavy_squalane,4.384734963215898e-06,0.8971460736025169,1.0,0.00436961951958884
binary,PR,19,0.0475,H2O,5.026909103107004e-07,0.102853913414742,0.0,0.004369628313686651
binary,PR,19,0.0475,Heavy_squalane,4.384735281084463e-06,0.897146086585258,1.0,0.004369628313686651
binary,PR,20,0.05,H2O,5.026908762084414e-07,0.10285390044748825,0.0,0.004369637264690187
binary,PR,20,0.05,Heavy_squalane,4.384735599806328e-06,0.8971460995525118,1.0,0.004369637264690187
binary,PR,21,0.0525,H2O,5.026908422618674e-07,0.102853887485484,0.0,0.0043696463595948335
binary,PR,21,0.0525,Heavy_squalane,4.384735919636785e-06,0.8971461125145159,1.0,0.0043696463595948335
binary,PR,22,0.055,H2O,5.026908084495345e-07,0.10285387452018202,0.0,0.004369655587483066
binary,PR,22,0.055,Heavy_squalane,4.384736240794939e-06,0.897146125479818,1.0,0.004369655587483066
binary,PR,23,0.0575,H2O,5.026907748944625e-07,0.1028538615444129,0.0,0.00436966493911823
binary,PR,23,0.0575,Heavy_squalane,4.384736564694511e-06,0.8971461384555871,1.0,0.00436966493911823
binary,PR,24,0.06,H2O,5.026907411623964e-07,0.10285384855212419,0.0,0.004369674406653361
binary,PR,24,0.06,Heavy_squalane,4.384736887835299e-06,0.8971461514478759,1.0,0.004369674406653361
binary,PR,25,0.0625,H2O,5.02690707802944e-07,0.10285383553819265,0.0,0.004369683983368653
binary,PR,25,0.0625,Heavy_squalane,4.384737215254725e-06,0.8971461644618074,1.0,0.004369683983368653
binary,PR,26,0.065,H2O,5.026906742468501e-07,0.10285382249825648,0.0,0.004369693663497667
binary,PR,26,0.065,Heavy_squalane,4.384737542194706e-06,0.8971461775017435,1.0,0.004369693663497667
binary,PR,27,0.0675,H2O,5.026906407676517e-07,0.10285380942859716,0.0,0.00436970344205689
binary,PR,27,0.0675,Heavy_squalane,4.384737871217876e-06,0.8971461905714028,1.0,0.00436970344205689
binary,PR,28,0.07,H2O,5.026906072200531e-07,0.10285379632603163,0.0,0.004369713314729602
binary,PR,28,0.07,Heavy_squalane,4.384738201208143e-06,0.8971462036739684,1.0,0.004369713314729602
binary,PR,29,0.0725,H2O,5.026905736003051e-07,0.10285378318783325,0.0,0.004369723277756786
binary,PR,29,0.0725,Heavy_squalane,4.384738532262369e-06,0.8971462168121668,1.0,0.004369723277756786
binary,PR,30,0.075,H2O,5.026905401859569e-07,0.1028537700116594,0.0,0.004369733327862847
binary,PR,30,0.075,Heavy_squalane,4.384738866912805e-06,0.8971462299883406,1.0,0.004369733327862847
binary,PR,31,0.0775,H2O,5.026905065550426e-07,0.10285375679550081,0.0,0.004369743462173167
binary,PR,31,0.0775,Heavy_squalane,4.384739201574317e-06,0.8971462432044992,1.0,0.004369743462173167
binary,PR,32,0.08,H2O,5.026904728467544e-07,0.10285374353762657,0.0,0.0043697536781729975
binary,PR,32,0.08,Heavy_squalane,4.384739537543263e-06,0.8971462564623733,1.0,0.0043697536781729975
binary,PR,33,0.0825,H2O,5.026904393413126e-07,0.10285373023655575,0.0,0.004369763973641087
binary,PR,33,0.0825,Heavy_squalane,4.38473987733425e-06,0.8971462697634442,1.0,0.004369763973641087
binary,PR,34,0.085,H2O,5.026904054786011e-07,0.10285371689101211,0.0,0.004369774346628078
binary,PR,34,0.085,Heavy_squalane,4.384740216122288e-06,0.8971462831089879,1.0,0.004369774346628078
binary,PR,35,0.0875,H2O,5.026903716801061e-07,0.10285370349990935,0.0,0.0043697847954032405
binary,PR,35,0.0875,Heavy_squalane,4.384740557635426e-06,0.8971462965000907,1.0,0.0043697847954032405
binary,PR,36,0.09,H2O,5.026903378070469e-07,0.10285369006231355,0.0,0.004369795318445206
binary,PR,36,0.09,Heavy_squalane,4.384740900707524e-06,0.8971463099376865,1.0,0.004369795318445206
binary,PR,37,0.0925,H2O,5.026903037212946e-07,0.10285367657743803,0.0,0.0043698059143945185
binary,PR,37,0.0925,Heavy_squalane,4.384741244171128e-06,0.897146323422562,1.0,0.0043698059143945185
binary,PR,38,0.095,H2O,5.026902697051499e-07,0.10285366304460952,0.0,0.004369816582057476
binary,PR,38,0.095,Heavy_squalane,4.384741590520614e-06,0.8971463369553904,1.0,0.004369816582057476
binary,PR,39,0.0975,H2O,5.026902356211207e-07,0.10285364946327057,0.0,0.004369827320362363
binary,PR,39,0.0975,Heavy_squalane,4.384741938583192e-06,0.8971463505367295,1.0,0.004369827320362363
binary,PR,40,0.1,H2O,5.026902013316358e-07,0.10285363583294761,0.0,0.004369838128370428
binary,PR,40,0.1,Heavy_squalane,4.384742287181392e-06,0.8971463641670524,1.0,0.004369838128370428
binary,PR,41,0.1025,H2O,5.026901669800146e-07,0.10285362215326191,0.0,0.004369849005227764
binary,PR,41,0.1025,Heavy_squalane,4.384742637583321e-06,0.897146377846738,1.0,0.004369849005227764
binary,PR,42,0.105,H2O,5.026901325692499e-07,0.10285360842389642,0.0,0.004369859950191586
binary,PR,42,0.105,Heavy_squalane,4.384742989830156e-06,0.8971463915761037,1.0,0.004369859950191586
binary,PR,43,0.1075,H2O,5.026900979627586e-07,0.10285359464460958,0.0,0.004369870962583078
binary,PR,43,0.1075,Heavy_squalane,4.384743342742018e-06,0.8971464053553905,1.0,0.004369870962583078
binary,PR,44,0.11,H2O,5.026900634440953e-07,0.1028535808152056,0.0,0.004369882041813403
binary,PR,44,0.11,Heavy_squalane,4.384743698801535e-06,0.8971464191847943,1.0,0.004369882041813403
binary,PR,45,0.1125,H2O,5.026900287368105e-07,0.10285356693554966,0.0,0.0043698931873411735
binary,PR,45,0.1125,Heavy_squalane,4.384744055603768e-06,0.8971464330644504,1.0,0.0043698931873411735
binary,PR,46,0.115,H2O,5.026899939845838e-07,0.10285355300554072,0.0,0.004369904398697341
binary,PR,46,0.115,Heavy_squalane,4.384744414406772e-06,0.8971464469944593,1.0,0.004369904398697341
binary,PR,47,0.1175,H2O,5.026899590512425e-07,0.10285353902512642,0.0,0.004369915675450926
binary,PR,47,0.1175,Heavy_squalane,4.384744774025262e-06,0.8971464609748737,1.0,0.004369915675450926
binary,PR,48,0.12,H2O,5.026899240806994e-07,0.10285352499428162,0.0,0.004369927017225556
binary,PR,48,0.12,Heavy_squalane,4.384745135715721e-06,0.8971464750057184,1.0,0.004369927017225556
binary,PR,49,0.1225,H2O,5.026898889369077e-07,0.10285351091301836,0.0,0.004369938423675648
binary,PR,49,0.1225,Heavy_squalane,4.384745498290903e-06,0.8971464890869817,1.0,0.004369938423675648
binary,PR,50,0.125,H2O,5.026898537639463e-07,0.10285349678137079,0.0,0.004369949894499795
binary,PR,50,0.125,Heavy_squalane,4.384745863005922e-06,0.8971465032186292,1.0,0.004369949894499795
binary,PR,51,0.1275,H2O,5.026898184258201e-07,0.10285348259940026,0.0,0.004369961429421376
binary,PR,51,0.1275,Heavy_squalane,4.384746228671639e-06,0.8971465174005998,1.0,0.004369961429421376
binary,PR,52,0.13,H2O,5.026897830667764e-07,0.10285346836718784,0.0,0.0043699730281942855
binary,PR,52,0.13,Heavy_squalane,4.38474659654241e-06,0.8971465316328122,1.0,0.0043699730281942855
binary,PR,53,0.1325,H2O,5.026897475507322e-07,0.10285345408483017,0.0,0.004369984690602735
binary,PR,53,0.1325,Heavy_squalane,4.384746965426648e-06,0.8971465459151698,1.0,0.004369984690602735
binary,PR,54,0.135,H2O,5.026897120222147e-07,0.10285343975244948,0.0,0.004369996416437492
binary,PR,54,0.135,Heavy_squalane,4.384747336579196e-06,0.8971465602475506,1.0,0.004369996416437492
binary,PR,55,0.1375,H2O,5.026896763451487e-07,0.10285342537017128,0.0,0.004370008205525401
binary,PR,55,0.1375,Heavy_squalane,4.384747708807166e-06,0.8971465746298287,1.0,0.004370008205525401
binary,PR,56,0.14,H2O,5.026896405239613e-07,0.10285341093814448,0.0,0.004370020057695078
binary,PR,56,0.14,Heavy_squalane,4.384748082142099e-06,0.8971465890618556,1.0,0.004370020057695078
binary,PR,57,0.1425,H2O,5.026896045626313e-07,0.10285339645651526,0.0,0.00437003197281134
binary,PR,57,0.1425,Heavy_squalane,4.384748456611754e-06,0.8971466035434846,1.0,0.00437003197281134
binary,PR,58,0.145,H2O,5.026895686058292e-07,0.10285338192545548,0.0,0.004370043950725559
binary,PR,58,0.145,Heavy_squalane,4.384748833469865e-06,0.8971466180745445,1.0,0.004370043950725559
binary,PR,59,0.1475,H2O,5.026895325173282e-07,0.10285336734512579,0.0,0.0043700559913313125
binary,PR,59,0.1475,Heavy_squalane,4.384749211520551e-06,0.8971466326548743,1.0,0.0043700559913313125
binary,PR,60,0.15,H2O,5.026894964418915e-07,0.10285335271571572,0.0,0.004370068094499365
binary,PR,60,0.15,Heavy_squalane,4.384749592017515e-06,0.8971466472842843,1.0,0.004370068094499365
binary,PR,61,0.1525,H2O,5.026894601032498e-07,0.10285333803740154,0.0,0.004370080260139755
binary,PR,61,0.1525,Heavy_squalane,4.384749972542602e-06,0.8971466619625985,1.0,0.004370080260139755
binary,PR,62,0.155,H2O,5.026894236463468e-07,0.10285332331038885,0.0,0.0043700924881300745
binary,PR,62,0.155,Heavy_squalane,4.384750354350325e-06,0.8971466766896111,1.0,0.0043700924881300745
binary,PR,63,0.1575,H2O,5.026893872151775e-07,0.10285330853486013,0.0,0.004370104778399187
binary,PR,63,0.1575,Heavy_squalane,4.384750738688023e-06,0.8971466914651398,1.0,0.004370104778399187
binary,PR,64,0.16,H2O,5.026893506743178e-07,0.10285329371102561,0.0,0.0043701171308429656
binary,PR,64,0.16,Heavy_squalane,4.384751124364459e-06,0.8971467062889744,1.0,0.0043701171308429656
binary,PR,65,0.1625,H2O,5.026893140277787e-07,0.1028532788390784,0.0,0.004370129545393928
binary,PR,65,0.1625,Heavy_squalane,4.384751511405444e-06,0.8971467211609216,1.0,0.004370129545393928
binary,PR,66,0.165,H2O,5.026892772798771e-07,0.10285326391922309,0.0,0.004370142021973652
binary,PR,66,0.165,Heavy_squalane,4.384751899838912e-06,0.897146736080777,1.0,0.004370142021973652
binary,PR,67,0.1675,H2O,5.026892405751417e-07,0.10285324895166888,0.0,0.004370154560502666
binary,PR,67,0.1675,Heavy_squalane,4.384752290915587e-06,0.8971467510483312,1.0,0.004370154560502666
binary,PR,68,0.17,H2O,5.026892036373639e-07,0.10285323393661558,0.0,0.00437016716092151
binary,PR,68,0.17,Heavy_squalane,4.384752682216722e-06,0.8971467660633845,1.0,0.00437016716092151
binary,PR,69,0.1725,H2O,5.026891666110468e-07,0.10285321887427436,0.0,0.004370179823155245
binary,PR,69,0.1725,Heavy_squalane,4.384753074992724e-06,0.8971467811257255,1.0,0.004370179823155245
binary,PR,70,0.175,H2O,5.026891295006502e-07,0.10285320376485933,0.0,0.004370192547127671
binary,PR,70,0.175,Heavy_squalane,4.384753469272322e-06,0.8971467962351407,1.0,0.004370192547127671
binary,PR,71,0.1775,H2O,5.026890921705322e-07,0.10285318860858571,0.0,0.004370205332762381
binary,PR,71,0.1775,Heavy_squalane,4.384753863862141e-06,0.8971468113914143,1.0,0.004370205332762381
binary,PR,72,0.18,H2O,5.026890550444739e-07,0.10285317340563815,0.0,0.0043702181800311215
binary,PR,72,0.18,Heavy_squalane,4.384754262449877e-06,0.897146826594362,1.0,0.0043702181800311215
binary,PR,73,0.1825,H2O,5.026890175671697e-07,0.10285315815625232,0.0,0.0043702310888260884
binary,PR,73,0.1825,Heavy_squalane,4.384754660180628e-06,0.8971468418437477,1.0,0.0043702310888260884
binary,PR,74,0.185,H2O,5.026889801626088e-07,0.10285314286061865,0.0,0.004370244059108774
binary,PR,74,0.185,Heavy_squalane,4.384755060743631e-06,0.8971468571393814,1.0,0.004370244059108774
binary,PR,75,0.1875,H2O,5.026889425548746e-07,0.1028531275189471,0.0,0.0043702570908088325
binary,PR,75,0.1875,Heavy_squalane,4.384755461722202e-06,0.897146872481053,1.0,0.0043702570908088325
binary,PR,76,0.19,H2O,5.026889050279969e-07,0.10285311213143189,0.0,0.004370270183879678
binary,PR,76,0.19,Heavy_squalane,4.384755865584591e-06,0.8971468878685681,1.0,0.004370270183879678
binary,PR,77,0.1925,H2O,5.026888673069617e-07,0.10285309669830785,0.0,0.004370283338207111
binary,PR,77,0.1925,Heavy_squalane,4.384756269920802e-06,0.8971469033016921,1.0,0.004370283338207111
binary,PR,78,0.195,H2O,5.026888293946603e-07,0.10285308121974117,0.0,0.00437029655378287
binary,PR,78,0.195,Heavy_squalane,4.38475667474816e-06,0.8971469187802589,1.0,0.00437029655378287
binary,PR,79,0.1975,H2O,5.026887915757156e-07,0.10285306569594022,0.0,0.0043703098305282635
binary,PR,79,0.1975,Heavy_squalane,4.384757082539416e-06,0.8971469343040598,1.0,0.0043703098305282635
binary,PR,80,0.2,H2O,5.02688753574491e-07,0.1028530501271192,0.0,0.004370323168354264
binary,PR,80,0.2,Heavy_squalane,4.384757490880124e-06,0.8971469498728808,1.0,0.004370323168354264
binary,PR,81,0.2025,H2O,5.02688715534827e-07,0.10285303451346478,0.0,0.004370336567208869
binary,PR,81,0.2025,Heavy_squalane,4.384757901016079e-06,0.8971469654865353,1.0,0.004370336567208869
binary,PR,82,0.205,H2O,5.026886773201835e-07,0.10285301885515861,0.0,0.004370350027045381
binary,PR,82,0.205,Heavy_squalane,4.384758311747664e-06,0.8971469811448415,1.0,0.004370350027045381
binary,PR,83,0.2075,H2O,5.026886390748834e-07,0.1028530031523991,0.0,0.004370363547786274
binary,PR,83,0.2075,Heavy_squalane,4.384758724324324e-06,0.8971469968476009,1.0,0.004370363547786274
binary,PR,84,0.21,H2O,5.026886008039632e-07,0.10285298740540799,0.0,0.00437037712931546
binary,PR,84,0.21,Heavy_squalane,4.384759138779456e-06,0.897147012594592,1.0,0.00437037712931546
binary,PR,85,0.2125,H2O,5.02688562369756e-07,0.10285297161433037,0.0,0.004370390771631165
binary,PR,85,0.2125,Heavy_squalane,4.384759553905351e-06,0.8971470283856696,1.0,0.004370390771631165
binary,PR,86,0.215,H2O,5.026885240571329e-07,0.10285295577937592,0.0,0.004370404474635083
binary,PR,86,0.215,Heavy_squalane,4.384759972176866e-06,0.8971470442206241,1.0,0.004370404474635083
binary,PR,87,0.2175,H2O,5.026884854498186e-07,0.10285293990073997,0.0,0.004370418238255997
binary,PR,87,0.2175,Heavy_squalane,4.384760389953713e-06,0.89714706009926,1.0,0.004370418238255997
binary,PR,88,0.22,H2O,5.02688446832454e-07,0.10285292397863927,0.0,0.004370432062426206
binary,PR,88,0.22,Heavy_squalane,4.384760809708405e-06,0.8971470760213608,1.0,0.004370432062426206
binary,PR,89,0.2225,H2O,5.026884082075673e-07,0.10285290801326881,0.0,0.004370445947212954
binary,PR,89,0.2225,Heavy_squalane,4.384761231453731e-06,0.8971470919867313,1.0,0.004370445947212954
binary,PR,90,0.225,H2O,5.026883693003471e-07,0.10285289200500518,0.0,0.004370459892697441
binary,PR,90,0.225,Heavy_squalane,4.384761652774721e-06,0.8971471079949949,1.0,0.004370459892697441
binary,PR,91,0.2275,H2O,5.02688330396952e-07,0.10285287595451484,0.0,0.0043704738993513015
binary,PR,91,0.2275,Heavy_squalane,4.384762076135759e-06,0.8971471240454851,1.0,0.0043704738993513015
binary,PR,92,0.23,H2O,5.026882915041135e-07,0.10285285986326169,0.0,0.004370487968771663
binary,PR,92,0.23,Heavy_squalane,4.384762501526e-06,0.8971471401367382,1.0,0.004370487968771663
binary,PR,93,0.2325,H2O,5.02688252496328e-07,0.10285284373511165,0.0,0.004370502105457828
binary,PR,93,0.2325,Heavy_squalane,4.384762927667021e-06,0.8971471562648884,1.0,0.004370502105457828
binary,PR,94,0.235,H2O,5.026882135491129e-07,0.10285282758062275,0.0,0.004370516322101459
binary,PR,94,0.235,Heavy_squalane,4.384763355588091e-06,0.8971471724193774,1.0,0.004370516322101459
binary,PR,95,0.2375,H2O,5.026881747533953e-07,0.10285281142900801,0.0,0.004370530654444452
binary,PR,95,0.2375,Heavy_squalane,4.384763784694162e-06,0.8971471885709921,1.0,0.004370530654444452
binary,PR,96,0.24,H2O,5.026881364928618e-07,0.10285279536158094,0.0,0.004370545202823672
binary,PR,96,0.24,Heavy_squalane,4.384764214468064e-06,0.897147204638419,1.0,0.004370545202823672
binary,PR,97,0.2425,H2O,5.026880998693519e-07,0.10285277960560732,0.0,0.004370560247609109
binary,PR,97,0.2425,Heavy_squalane,4.384764643721318e-06,0.8971472203943927,1.0,0.004370560247609109
binary,PR,98,0.245,H2O,5.026880678975084e-07,0.10285276479572389,0.0,0.0043705765725659046
binary,PR,98,0.245,Heavy_squalane,4.384765068592291e-06,0.8971472352042761,1.0,0.0043705765725659046
binary,PR,99,0.2475,H2O,5.026880489382449e-07,0.1028527527036508,0.0,0.004370596366479101
binary,PR,99,0.2475,Heavy_squalane,4.384765477819934e-06,0.8971472472963492,1.0,0.004370596366479101
binary,PR,100,0.25,H2O,5.026880673786584e-07,0.10285274827262432,0.0,0.004370625736942716
binary,PR,100,0.25,Heavy_squalane,4.384765849226658e-06,0.8971472517273756,1.0,0.004370625736942716
binary,PR,101,0.2525,H2O,5.0268818934184e-07,0.10285276528707159,0.0,0.0043706817154900235
binary,PR,101,0.2525,Heavy_squalane,4.384766104558676e-06,0.8971472347129283,1.0,0.0043706817154900235
binary,PR,102,0.255,H2O,5.02688600083292e-07,0.10285284215772648,0.0,0.00437081176195645
binary,PR,102,0.255,Heavy_squalane,4.384766034494633e-06,0.8971471578422736,1.0,0.00437081176195645
binary,PR,103,0.2575,H2O,5.026898156112967e-07,0.10285308584685994,0.0,0.0043711480391046805
binary,PR,103,0.2575,Heavy_squalane,4.384765057252332e-06,0.8971469141531401,1.0,0.0043711480391046805
binary,PR,104,0.26,H2O,5.02693272609645e-07,0.10285379412446469,0.0,0.0043720584734876795
binary,PR,104,0.26,Heavy_squalane,4.384761554786702e-06,0.8971462058755354,1.0,0.0043720584734876795
binary,PR,105,0.2625,H2O,5.027029648717461e-07,0.10285579497333731,0.0,0.004374566126629621
binary,PR,105,0.2625,Heavy_squalane,4.384751018659845e-06,0.8971442050266626,1.0,0.004374566126629621
binary,PR,106,0.265,H2O,5.027299911092407e-07,0.10286138914486306,0.0,0.004381513822913688
binary,PR,106,0.265,Heavy_squalane,4.384720929869764e-06,0.897138610855137,1.0,0.004381513822913688
binary,PR,107,0.2675,H2O,5.028051432687857e-07,0.10287695985926695,0.0,0.004400788681610971
binary,PR,107,0.2675,Heavy_squalane,4.38463655365354e-06,0.8971230401407331,1.0,0.004400788681610971
binary,PR,108,0.27,H2O,5.030131425225705e-07,0.10292007000725593,0.0,0.004454091153359287
binary,PR,108,0.27,Heavy_squalane,4.384402329378175e-06,0.897079929992744,1.0,0.004454091153359287
binary,PR,109,0.2725,H2O,5.035821041962101e-07,0.10303800924319961,0.0,0.004599849426114647
binary,PR,109,0.2725,Heavy_squalane,4.383761002439421e-06,0.8969619907568004,1.0,0.004599849426114647
binary,PR,110,0.275,H2O,5.050914009369986e-07,0.10335089107940727,0.0,0.004986452602630289
binary,PR,110,0.275,Heavy_squalane,4.382059504698864e-06,0.8966491089205927,1.0,0.004986452602630289
binary,PR,111,0.2775,H2O,5.088366993499741e-07,0.10412740142999563,0.0,0.005945739715811184
binary,PR,111,0.2775,Heavy_squalane,4.377837628080186e-06,0.8958725985700043,1.0,0.005945739715811184
binary,PR,112,0.28,H2O,5.171207956282202e-07,0.10584554878771996,0.0,0.008067596274286028
binary,PR,112,0.28,Heavy_squalane,4.368496044673106e-06,0.89415445121228,1.0,0.008067596274286028
binary,PR,113,0.2825,H2O,5.329537000410097e-07,0.10913159870124581,0.0,0.012123164540993483
binary,PR,113,0.2825,Heavy_squalane,4.35063369704278e-06,0.8908684012987541,1.0,0.012123164540993483
binary,PR,114,0.285,H2O,5.592115595120822e-07,0.11458731827945502,0.0,0.018849037303891595
binary,PR,114,0.285,Heavy_squalane,4.321010509637661e-06,0.885412681720545,1.0,0.018849037303891595
binary,PR,115,0.2875,H2O,5.980070358254882e-07,0.122661730562026,0.0,0.02878626567863438
binary,PR,115,0.2875,Heavy_squalane,4.277246501569337e-06,0.877338269437974,1.0,0.02878626567863438
binary,PR,116,0.29,H2O,6.501456988632284e-07,0.13353915748982373,0.0,0.04214122457932253
binary,PR,116,0.29,Heavy_squalane,4.218431511628551e-06,0.8664608425101763,1.0,0.04214122457932253
binary,PR,117,0.2925,H2O,7.145277565928983e-07,0.1470120933542513,0.0,0.058632228402258714
binary,PR,117,0.2925,Heavy_squalane,4.145805432943549e-06,0.8529879066457486,1.0,0.058632228402258714
binary,PR,118,0.295,H2O,7.884667861593327e-07,0.162541475529754,0.0,0.0775711782769666
binary,PR,118,0.295,Heavy_squalane,4.062398407413984e-06,0.837458524470246,1.0,0.0775711782769666
binary,PR,119,0.2975,H2O,8.68717526197761e-07,0.1794652587917688,0.0,0.0981268237877723
binary,PR,119,0.2975,Heavy_squalane,3.971871298883547e-06,0.8205347412082312,1.0,0.0981268237877723
binary,PR,120,0.3,H2O,9.522663079410925e-07,0.19716107152661738,0.0,0.11952723214869782
binary,PR,120,0.3,Heavy_squalane,3.877623794439151e-06,0.8028389284733826,1.0,0.11952723214869782
binary,PR,121,0.3025,H2O,1.036678143776351e-06,0.21511947334650486,0.0,0.14114869684994097
binary,PR,121,0.3025,Heavy_squalane,3.782402749502502e-06,0.7848805266534952,1.0,0.14114869684994097
binary,PR,122,0.305,H2O,1.120154154200541e-06,0.23295818161288628,0.0,0.16253044800029756
binary,PR,122,0.305,Heavy_squalane,3.688237405371019e-06,0.7670418183871137,1.0,0.16253044800029756
binary,PR,123,0.3075,H2O,1.201458144703209e-06,0.25040914008499204,0.0,0.18335584427309817
binary,PR,123,0.3075,Heavy_squalane,3.596522249684228e-06,0.7495908599150081,1.0,0.18335584427309817
binary,PR,124,0.31,H2O,1.27979878885562e-06,0.26729584249745064,0.0,0.2034221939742903
binary,PR,124,0.31,Heavy_squalane,3.508149938284893e-06,0.7327041575025494,1.0,0.2034221939742903
binary,PR,125,0.3125,H2O,1.354717587273653e-06,0.2835112737998949,0.0,0.22261205696139
binary,PR,125,0.3125,Heavy_squalane,3.423637675698451e-06,0.7164887262001052,1.0,0.22261205696139
binary,PR,126,0.315,H2O,1.426003843295758e-06,0.2990010438039794,0.0,0.24087146607197438
binary,PR,126,0.315,Heavy_squalane,3.343223130475694e-06,0.7009989561960206,1.0,0.24087146607197438
binary,PR,127,0.3175,H2O,1.493629439250724e-06,0.3137502935816658,0.0,0.25819321951221197
binary,PR,127,0.3175,Heavy_squalane,3.26693802412903e-06,0.6862497064183342,1.0,0.25819321951221197
binary,PR,128,0.32,H2O,1.55768165372399e-06,0.3277697470070625,0.0,0.2745996740141351
binary,PR,128,0.32,Heavy_squalane,3.19468389540775e-06,0.6722302529929376,1.0,0.2745996740141351
binary,PR,129,0.3225,H2O,1.618297270602093e-06,0.3410816515383544,0.0,0.2901258663298568
binary,PR,129,0.3225,Heavy_squalane,3.12630644321016e-06,0.6589183484616457,1.0,0.2901258663298568
binary,PR,130,0.325,H2O,1.675620242898359e-06,0.3537105829577605,0.0,0.3048086692844337
binary,PR,130,0.325,Heavy_squalane,3.061643281666465e-06,0.6462894170422394,1.0,0.3048086692844337
binary,PR,131,0.3275,H2O,1.729792657550526e-06,0.3656814290793822,0.0,0.31868447818045686
binary,PR,131,0.3275,Heavy_squalane,3.000534124165868e-06,0.6343185709206177,1.0,0.31868447818045686
binary,PR,132,0.33,H2O,1.780967793982465e-06,0.37702223828574327,0.0,0.3317925544522043
binary,PR,132,0.33,Heavy_squalane,2.942806066361227e-06,0.6229777617142567,1.0,0.3317925544522043
binary,PR,133,0.3325,H2O,1.8293257786026e-06,0.3877676950124104,0.0,0.34417903665439337
binary,PR,133,0.3325,Heavy_squalane,2.888255913044129e-06,0.6122323049875896,1.0,0.34417903665439337
binary,PR,134,0.335,H2O,1.875078338204578e-06,0.3979602096422823,0.0,0.3558981571139306
binary,PR,134,0.335,Heavy_squalane,2.836644826003333e-06,0.6020397903577177,1.0,0.3558981571139306
binary,PR,135,0.3375,H2O,1.918459446026739e-06,0.40764786082533205,0.0,0.36700984668654585
binary,PR,135,0.3375,Heavy_squalane,2.787708868318362e-06,0.592352139174668,1.0,0.36700984668654585
binary,PR,136,0.34,H2O,1.9597074030125e-06,0.4168803799640017,0.0,0.3775751444734778
binary,PR,136,0.34,Heavy_squalane,2.741179223462279e-06,0.5831196200359983,1.0,0.3775751444734778
binary,PR,137,0.3425,H2O,1.999045356815879e-06,0.42570473053244945,0.0,0.38765120815183846
binary,PR,137,0.3425,Heavy_squalane,2.696804168547808e-06,0.5742952694675505,1.0,0.38765120815183846
binary,PR,138,0.345,H2O,2.036665746226726e-06,0.4341615206709936,0.0,0.39728732960577107
binary,PR,138,0.345,Heavy_squalane,2.654366621356365e-06,0.5658384793290064,1.0,0.39728732960577107
binary,PR,139,0.3475,H2O,2.0727220871908e-06,0.4422830390852403,0.0,0.4065228309068235
binary,PR,139,0.3475,Heavy_squalane,2.613693407008896e-06,0.5577169609147596,1.0,0.4065228309068235
binary,PR,140,0.35,H2O,2.107327731428001e-06,0.4500928571935054,0.0,0.415386746322979
binary,PR,140,0.35,Heavy_squalane,2.574656658566466e-06,0.5499071428064947,1.0,0.415386746322979
binary,PR,141,0.3525,H2O,2.140559486644217e-06,0.4576065407528128,0.0,0.4238987496677079
binary,PR,141,0.3525,Heavy_squalane,2.537169732703834e-06,0.5423934592471873,1.0,0.4238987496677079
binary,PR,142,0.355,H2O,2.172464421055109e-06,0.4648331028451231,0.0,0.4320708972487854
binary,PR,142,0.355,Heavy_squalane,2.501179533641785e-06,0.535166897154877,1.0,0.4320708972487854
binary,PR,143,0.3575,H2O,2.203068564306033e-06,0.4717769120255134,0.0,0.439909856532866
binary,PR,143,0.3575,Heavy_squalane,2.466656698101239e-06,0.5282230879744866,1.0,0.439909856532866
binary,PR,144,0.36,H2O,2.232386499919983e-06,0.4784398290909228,0.0,0.4474193629704863
binary,PR,144,0.36,Heavy_squalane,2.433584776262669e-06,0.5215601709090771,1.0,0.4474193629704863
binary,PR,145,0.3625,H2O,2.260431713687834e-06,0.4848235418944996,0.0,0.4546028714551906
binary,PR,145,0.3625,Heavy_squalane,2.401948551212167e-06,0.5151764581055003,1.0,0.4546028714551906
binary,PR,146,0.365,H2O,2.287226845611466e-06,0.4909318991799003,0.0,0.46146618041411996
binary,PR,146,0.365,Heavy_squalane,2.371722490197164e-06,0.5090681008200996,1.0,0.46146618041411996
binary,PR,147,0.3675,H2O,2.312813135183078e-06,0.4967730842278294,0.0,0.4680198539419292
binary,PR,147,0.3675,Heavy_squalane,2.342860065747387e-06,0.5032269157721706,1.0,0.4680198539419292
binary,PR,148,0.37,H2O,2.337255897346877e-06,0.5023608905157245,0.0,0.4742806212196671
binary,PR,148,0.37,Heavy_squalane,2.315287605686264e-06,0.49763910948427553,1.0,0.4742806212196671
binary,PR,149,0.3725,H2O,2.360645189105031e-06,0.5077149071077524,0.0,0.480271550194524
binary,PR,149,0.3725,Heavy_squalane,2.288903516393252e-06,0.4922850928922476,1.0,0.480271550194524
binary,PR,150,0.375,H2O,2.383091887199628e-06,0.5128596441026038,0.0,0.4860210409691271
binary,PR,150,0.375,Heavy_squalane,2.263582723686429e-06,0.4871403558973963,1.0,0.4860210409691271
binary,PR,151,0.3775,H2O,2.40472012516758e-06,0.517822814664989,0.0,0.4915608894371553
binary,PR,151,0.3775,Heavy_squalane,2.239185197395968e-06,0.482177185335011,1.0,0.4915608894371553
binary,PR,152,0.38,H2O,2.425657923631222e-06,0.5226331866511027,0.0,0.4969238867907883
binary,PR,152,0.38,Heavy_squalane,2.215566525153223e-06,0.47736681334889736,1.0,0.4969238867907883
binary,PR,153,0.3825,H2O,2.446027959699916e-06,0.5273184527394742,0.0,0.5021414557480455
binary,PR,153,0.3825,Heavy_squalane,2.192588320448344e-06,0.4726815472605257,1.0,0.5021414557480455
binary,PR,154,0.385,H2O,2.46594001118056e-06,0.5319034737681563,0.0,0.5072417155927371
binary,PR,154,0.385,Heavy_squalane,2.170126743020416e-06,0.46809652623184383,1.0,0.5072417155927371
binary,PR,155,0.3875,H2O,2.48548589295338e-06,0.5364090857839207,0.0,0.5122481832615485
binary,PR,155,0.3875,Heavy_squalane,2.148078225970955e-06,0.46359091421607945,1.0,0.5122481832615485
binary,PR,156,0.39,H2O,2.504736764493595e-06,0.5408514533228571,0.0,0.5171790860932269
binary,PR,156,0.39,Heavy_squalane,2.126362494101559e-06,0.4591485466771429,1.0,0.5171790860932269
binary,PR,157,0.3925,H2O,2.523743019585875e-06,0.5452420138662702,0.0,0.5220473318322496
binary,PR,157,0.3925,Heavy_squalane,2.104922702063494e-06,0.4547579861337298,1.0,0.5220473318322496
binary,PR,158,0.395,H2O,2.542535324013869e-06,0.5495876915264597,0.0,0.5268607751787243
binary,PR,158,0.395,Heavy_squalane,2.083724257877548e-06,0.45041230847354014,1.0,0.5268607751787243
binary,PR,159,0.3975,H2O,2.561126233314692e-06,0.553891247192375,0.0,0.5316226324069107
binary,PR,159,0.3975,Heavy_squalane,2.06275299622145e-06,0.44610875280762496,1.0,0.5316226324069107
binary,PR,160,0.4,H2O,2.579512273069319e-06,0.5581517379099183,0.0,0.536332013266643
binary,PR,160,0.4,Heavy_squalane,2.042012838952519e-06,0.4418482620900816,1.0,0.536332013266643
binary,PR,161,0.4025,H2O,2.597676288042324e-06,0.5623650442588439,0.0,0.5409845240233031
binary,PR,161,0.4025,Heavy_squalane,2.021523135111496e-06,0.43763495574115613,1.0,0.5409845240233031
binary,PR,162,0.405,H2O,2.615590060070841e-06,0.5665244614524001,0.0,0.5455729365172158
binary,PR,162,0.405,Heavy_squalane,2.001315719011048e-06,0.43347553854759985,1.0,0.5455729365172158
binary,PR,163,0.4075,H2O,2.633217240602901e-06,0.5706213703936719,0.0,0.5500879407009374
binary,PR,163,0.4075,Heavy_squalane,1.981431591750229e-06,0.42937862960632805,1.0,0.5500879407009374
binary,PR,164,0.41,H2O,2.65051661085454e-06,0.5746459875214955,0.0,0.5545189788394076
binary,PR,164,0.41,Heavy_squalane,1.961917250010787e-06,0.42535401247850446,1.0,0.5545189788394076
binary,PR,165,0.4125,H2O,2.667445503811433e-06,0.5785881577342499,0.0,0.5588551216672683
binary,PR,165,0.4125,Heavy_squalane,1.942820828387872e-06,0.4214118422657501,1.0,0.5588551216672683
binary,PR,166,0.415,H2O,2.683963147507543e-06,0.5824381357746163,0.0,0.563085926448223
binary,PR,166,0.415,Heavy_squalane,1.924188315545256e-06,0.4175618642253837,1.0,0.563085926448223
binary,PR,167,0.4175,H2O,2.700009639533416e-06,0.5861854542797044,0.0,0.5672001902943827
binary,PR,167,0.4175,Heavy_squalane,1.906057638016393e-06,0.41381454572029563,1.0,0.5672001902943827
binary,PR,168,0.42,H2O,2.715622441361262e-06,0.5898272552763122,0.0,0.5711950863619915
binary,PR,168,0.42,Heavy_squalane,1.888475482341999e-06,0.4101727447236879,1.0,0.5711950863619915
binary,PR,169,0.4225,H2O,2.730721527189856e-06,0.593355888483475,0.0,0.5750625390447821
binary,PR,169,0.4225,Heavy_squalane,1.871443177316834e-06,0.4066441115165251,1.0,0.5750625390447821
binary,PR,170,0.425,H2O,2.745310907725663e-06,0.5967682207203598,0.0,0.5787994352530723
binary,PR,170,0.425,Heavy_squalane,1.854985844691538e-06,0.4032317792796401,1.0,0.5787994352530723
binary,PR,171,0.4275,H2O,2.759365851192509e-06,0.6000619820378994,0.0,0.5824036060802857
binary,PR,171,0.4275,Heavy_squalane,1.839102196760294e-06,0.39993801796210066,1.0,0.5824036060802857
binary,PR,172,0.43,H2O,2.772947828585844e-06,0.6032398607256446,0.0,0.5858782981032086
binary,PR,172,0.43,Heavy_squalane,1.823810457993944e-06,0.39676013927435544,1.0,0.5858782981032086
binary,PR,173,0.4325,H2O,2.786010074178762e-06,0.6063020672808052,0.0,0.5892240314600586
binary,PR,173,0.4325,Heavy_squalane,1.8090758153906e-06,0.39369793271919473,1.0,0.5892240314600586
binary,PR,174,0.435,H2O,2.798583256856064e-06,0.6092517265876165,0.0,0.5924444953834143
binary,PR,174,0.435,Heavy_squalane,1.794892862663147e-06,0.3907482734123835,1.0,0.5924444953834143
binary,PR,175,0.4375,H2O,2.810670543549352e-06,0.6120928179044554,0.0,0.5955442907734853
binary,PR,175,0.4375,Heavy_squalane,1.781231960995447e-06,0.3879071820955447,1.0,0.5955442907734853
binary,PR,176,0.44,H2O,2.822340403462979e-06,0.6148307801681316,0.0,0.5985295879190442
binary,PR,176,0.44,Heavy_squalane,1.768094061596141e-06,0.38516921983186825,1.0,0.5985295879190442
binary,PR,177,0.4425,H2O,2.833571879858111e-06,0.6174709172780022,0.0,0.6014063855703364
binary,PR,177,0.4425,Heavy_squalane,1.755424622761558e-06,0.3825290827219978,1.0,0.6014063855703364
binary,PR,178,0.445,H2O,2.844409308238285e-06,0.6200199950641822,0.0,0.6041822513976365
binary,PR,178,0.445,Heavy_squalane,1.743199689668052e-06,0.37998000493581774,1.0,0.6041822513976365
binary,PR,179,0.4475,H2O,2.854885115345227e-06,0.6224854806057998,0.0,0.6068654910915988
binary,PR,179,0.4475,Heavy_squalane,1.731382684133192e-06,0.37751451939420033,1.0,0.6068654910915988
binary,PR,180,0.45,H2O,2.86503450609009e-06,0.6248755185159288,0.0,0.6094651220168755
binary,PR,180,0.45,Heavy_squalane,1.719933893527341e-06,0.3751244814840713,1.0,0.6094651220168755
binary,PR,181,0.4525,H2O,2.874895146227038e-06,0.627198856923592,0.0,0.6119907923465534
binary,PR,181,0.4525,Heavy_squalane,1.708810825955991e-06,0.37280114307640794,1.0,0.6119907923465534
binary,PR,182,0.455,H2O,2.884506664563628e-06,0.6294647289865842,0.0,0.6144526521606957
binary,PR,182,0.455,Heavy_squalane,1.697968781213264e-06,0.37053527101341577,1.0,0.6144526521606957
binary,PR,183,0.4575,H2O,2.893909950519875e-06,0.6316826883364385,0.0,0.6168611748781492
binary,PR,183,0.4575,Heavy_squalane,1.687361634017454e-06,0.36831731166356163,1.0,0.6168611748781492
binary,PR,184,0.46,H2O,2.903146294263408e-06,0.6338624055958528,0.0,0.6192269368747475
binary,PR,184,0.46,Heavy_squalane,1.676942804938412e-06,0.3661375944041472,1.0,0.6192269368747475
binary,PR,185,0.4625,H2O,2.912256430979982e-06,0.6360134413819417,0.0,0.6215603720873526
binary,PR,185,0.4625,Heavy_squalane,1.666666342495021e-06,0.36398655861805823,1.0,0.6215603720873526
binary,PR,186,0.465,H2O,2.92127957026731e-06,0.6381450154210132,0.0,0.6238715229183242
binary,PR,186,0.465,Heavy_squalane,1.656488021225995e-06,0.3618549845789867,1.0,0.6238715229183242
binary,PR,187,0.4675,H2O,2.930252474588189e-06,0.6402657897335821,0.0,0.626169806889531
binary,PR,187,0.4675,Heavy_squalane,1.646366363359536e-06,0.3597342102664179,1.0,0.626169806889531
binary,PR,188,0.47,H2O,2.939208675614621e-06,0.6423836781464921,0.0,0.6284638122715316
binary,PR,188,0.47,Heavy_squalane,1.636263546991182e-06,0.35761632185350795,1.0,0.6284638122715316
binary,PR,189,0.4725,H2O,2.948177824300723e-06,0.6445056925618382,0.0,0.6307611339087912
binary,PR,189,0.4725,Heavy_squalane,1.626146123998392e-06,0.35549430743816185,1.0,0.6307611339087912
binary,PR,190,0.475,H2O,2.957185211623873e-06,0.6466378266544449,0.0,0.633068249878401
binary,PR,190,0.475,Heavy_squalane,1.61598556454873e-06,0.3533621733455551,1.0,0.633068249878401
binary,PR,191,0.4775,H2O,2.966251435285544e-06,0.6487849743167309,0.0,0.6353904359995778
binary,PR,191,0.4775,Heavy_squalane,1.605758633858639e-06,0.351215025683269,1.0,0.6353904359995778
binary,PR,192,0.48,H2O,2.975392191539397e-06,0.6509508778201343,0.0,0.6377317126833294
binary,PR,192,0.48,Heavy_squalane,1.595447625903071e-06,0.34904912217986567,1.0,0.6377317126833294
binary,PR,193,0.4825,H2O,2.984602709895378e-06,0.653138093656341,0.0,0.6400948110593707
binary,PR,193,0.4825,Heavy_squalane,1.585032316576947e-06,0.34686190634365893,1.0,0.6400948110593707
binary,PR,194,0.485,H2O,2.993933814448851e-06,0.6553477280102021,0.0,0.6424808905660343
binary,PR,194,0.485,Heavy_squalane,1.574532186858844e-06,0.34465227198979786,1.0,0.6424808905660343
binary,PR,195,0.4875,H2O,3.003323564456563e-06,0.6575801295074077,0.0,0.6448902904256387
binary,PR,195,0.4875,Heavy_squalane,1.563912320098446e-06,0.3424198704925922,1.0,0.6448902904256387
binary,PR,196,0.49,H2O,3.01283454589165e-06,0.6598344422045932,0.0,0.6473220496924819
binary,PR,196,0.49,Heavy_squalane,1.553211651735402e-06,0.3401655577954067,1.0,0.6473220496924819
binary,PR,197,0.4925,H2O,3.022388346932955e-06,0.6621085817250254,0.0,0.6497738850077235
binary,PR,197,0.4925,Heavy_squalane,1.542404242008532e-06,0.33789141827497454,1.0,0.6497738850077235
binary,PR,198,0.495,H2O,3.03204628658491e-06,0.6643998622928247,0.0,0.6522428697047581
binary,PR,198,0.495,Heavy_squalane,1.531540280277711e-06,0.3356001377071753,1.0,0.6522428697047581
binary,PR,199,0.4975,H2O,3.041714679252528e-06,0.6667040873585138,0.0,0.654724456561973
binary,PR,199,0.4975,Heavy_squalane,1.520601252098399e-06,0.3332959126414861,1.0,0.654724456561973
binary,PR,200,0.5,H2O,3.051455752977576e-06,0.6690172711949222,0.0,0.6572143349307774
binary,PR,200,0.5,Heavy_squalane,1.509645857340218e-06,0.3309827288050778,1.0,0.6572143349307774
binary,PR,201,0.5025,H2O,3.061163439419027e-06,0.671333686783168,0.0,0.6597063307090708
binary,PR,201,0.5025,Heavy_squalane,1.498660534389311e-06,0.3286663132168321,1.0,0.6597063307090708
binary,PR,202,0.505,H2O,3.070902863962187e-06,0.673648684765339,0.0,0.6621954416424896
binary,PR,202,0.505,Heavy_squalane,1.487708966523187e-06,0.3263513152346609,1.0,0.6621954416424896
binary,PR,203,0.5075,H2O,3.080560256417974e-06,0.6759558797115384,0.0,0.6646748112711984
binary,PR,203,0.5075,Heavy_squalane,1.476778985505022e-06,0.3240441202884617,1.0,0.6646748112711984
binary,PR,204,0.51,H2O,3.090205772641329e-06,0.6782507616576064,0.0,0.6671396117989037
binary,PR,204,0.51,Heavy_squalane,1.465934739591994e-06,0.3217492383423934,1.0,0.6671396117989037
binary,PR,205,0.5125,H2O,3.099723124644624e-06,0.6805271752903497,0.0,0.6695832600374259
binary,PR,205,0.5125,Heavy_squalane,1.455162024977968e-06,0.31947282470965044,1.0,0.6695832600374259
binary,PR,206,0.515,H2O,3.109188682346674e-06,0.6827814174672421,0.0,0.6720018169294625
binary,PR,206,0.515,Heavy_squalane,1.444521484341986e-06,0.31721858253275803,1.0,0.6720018169294625
binary,PR,207,0.5175,H2O,3.118488135626581e-06,0.6850082377839204,0.0,0.6743896927319509
binary,PR,207,0.5175,Heavy_squalane,1.433994540662459e-06,0.3149917622160796,1.0,0.6743896927319509
binary,PR,208,0.52,H2O,3.12770395051018e-06,0.6872051211220518,0.0,0.6767442397676536
binary,PR,208,0.52,Heavy_squalane,1.423635750514372e-06,0.31279487887794827,1.0,0.6767442397676536
binary,PR,209,0.5225,H2O,3.136726866072705e-06,0.689368071343606,0.0,0.679061229128744
binary,PR,209,0.5225,Heavy_squalane,1.413421300724603e-06,0.31063192865639394,1.0,0.679061229128744
binary,PR,210,0.525,H2O,3.145644178181419e-06,0.6914958307261295,0.0,0.6813393709562473
binary,PR,210,0.525,Heavy_squalane,1.403398691503312e-06,0.30850416927387053,1.0,0.6813393709562473
binary,PR,211,0.5275,H2O,3.154377582478012e-06,0.6935861399736832,0.0,0.6835763055230138
binary,PR,211,0.5275,Heavy_squalane,1.393547182278242e-06,0.30641386002631665,1.0,0.6835763055230138
binary,PR,212,0.53,H2O,3.162945621629489e-06,0.6956378686891503,0.0,0.6857708839569502
binary,PR,212,0.53,Heavy_squalane,1.383882209336207e-06,0.30436213131084966,1.0,0.6857708839569502
binary,PR,213,0.5325,H2O,3.171322300074304e-06,0.6976499683516476,0.0,0.6879220460440808
binary,PR,213,0.5325,Heavy_squalane,1.374398969815888e-06,0.30235003164835234,1.0,0.6879220460440808
binary,PR,214,0.535,H2O,3.179576133198335e-06,0.6996230859166024,0.0,0.6900305438269356
binary,PR,214,0.535,Heavy_squalane,1.365122572723659e-06,0.30037691408339756,1.0,0.6900305438269356
binary,PR,215,0.5375,H2O,3.187640193787348e-06,0.7015568435643493,0.0,0.6920960324885269
binary,PR,215,0.5375,Heavy_squalane,1.356026114978359e-06,0.29844315643565056,1.0,0.6920960324885269
binary,PR,216,0.54,H2O,3.195538271463337e-06,0.703451650529927,0.0,0.6941190068103452
binary,PR,216,0.54,Heavy_squalane,1.347116890488535e-06,0.296548349470073,1.0,0.6941190068103452
binary,PR,217,0.5425,H2O,3.203273149355105e-06,0.7053081208807626,0.0,0.6961001781124309
binary,PR,217,0.5425,Heavy_squalane,1.338391769170116e-06,0.2946918791192375,1.0,0.6961001781124309
binary,PR,218,0.545,H2O,3.210848238748044e-06,0.7071270246607002,0.0,0.698040421727601
binary,PR,218,0.545,Heavy_squalane,1.329846893486084e-06,0.2928729753392997,1.0,0.698040421727601
binary,PR,219,0.5475,H2O,3.218267401585312e-06,0.7089092406725099,0.0,0.6999407263820279
binary,PR,219,0.5475,Heavy_squalane,1.321477909862862e-06,0.2910907593274901,1.0,0.6999407263820279
binary,PR,220,0.55,H2O,3.225534772460626e-06,0.7106557159000799,0.0,0.7018021507953249
binary,PR,220,0.55,Heavy_squalane,1.313280156193441e-06,0.28934428409992013,1.0,0.7018021507953249
binary,PR,221,0.5525,H2O,3.232654622790094e-06,0.7123674333744736,0.0,0.7036257893919156
binary,PR,221,0.5525,Heavy_squalane,1.305248812066632e-06,0.2876325666255263,1.0,0.7036257893919156
binary,PR,222,0.555,H2O,3.23961219878382e-06,0.7140451797579555,0.0,0.7054125248492646
binary,PR,222,0.555,Heavy_squalane,1.29737270164219e-06,0.2859548202420445,1.0,0.7054125248492646
binary,PR,223,0.5575,H2O,3.246468297257085e-06,0.7156904052395512,0.0,0.7071639438124973
binary,PR,223,0.5575,Heavy_squalane,1.289666703980564e-06,0.28430959476044887,1.0,0.7071639438124973
binary,PR,224,0.56,H2O,3.253171274465138e-06,0.7173037845765334,0.0,0.7088808046666516
binary,PR,224,0.56,Heavy_squalane,1.282105611583464e-06,0.2826962154234665,1.0,0.7088808046666516
binary,PR,225,0.5625,H2O,3.259743347221357e-06,0.7188862481556728,0.0,0.7105641357667933
binary,PR,225,0.5625,Heavy_squalane,1.274692184942932e-06,0.2811137518443273,1.0,0.7105641357667933
binary,PR,226,0.565,H2O,3.26617100659288e-06,0.7204385297151124,0.0,0.7122147541580243
binary,PR,226,0.565,Heavy_squalane,1.2674163459387e-06,0.2795614702848877,1.0,0.7122147541580243
binary,PR,227,0.5675,H2O,3.272509368444398e-06,0.721961804525438,0.0,0.7138339442671288
binary,PR,227,0.5675,Heavy_squalane,1.260291879393766e-06,0.27803819547456204,1.0,0.7138339442671288
binary,PR,228,0.57,H2O,3.278710838592478e-06,0.7234566460965164,0.0,0.7154223487398514
binary,PR,228,0.57,Heavy_squalane,1.253296512895817e-06,0.2765433539034836,1.0,0.7154223487398514
binary,PR,229,0.5725,H2O,3.284779169494806e-06,0.72492367887375,0.0,0.7169806628161967
binary,PR,229,0.5725,Heavy_squalane,1.246427721964551e-06,0.27507632112624997,1.0,0.7169806628161967
binary,PR,230,0.575,H2O,3.290749602978734e-06,0.7263637262073435,0.0,0.718509791378218
binary,PR,230,0.575,Heavy_squalane,1.239693595446316e-06,0.27363627379265665,1.0,0.718509791378218
binary,PR,231,0.5775,H2O,3.296623803378728e-06,0.7277774404728324,0.0,0.7200104560820352
binary,PR,231,0.5775,Heavy_squalane,1.233090392264561e-06,0.2722225595271675,1.0,0.7200104560820352
binary,PR,232,0.58,H2O,3.302358103857519e-06,0.7291650783081226,0.0,0.7214829572402929
binary,PR,232,0.58,Heavy_squalane,1.22660001838273e-06,0.27083492169187745,1.0,0.7214829572402929
binary,PR,233,0.5825,H2O,3.308014286452465e-06,0.7305272173729986,0.0,0.7229279347642014
binary,PR,233,0.5825,Heavy_squalane,1.220241756283629e-06,0.2694727826270014,1.0,0.7229279347642014
binary,PR,234,0.585,H2O,3.313548897515353e-06,0.7318639669107418,0.0,0.7243455305968666
binary,PR,234,0.585,Heavy_squalane,1.213998634988695e-06,0.2681360330892583,1.0,0.7243455305968666
binary,PR,235,0.5875,H2O,3.318963211460547e-06,0.7331753713947854,0.0,0.7257358173748415
binary,PR,235,0.5875,Heavy_squalane,1.207870805272155e-06,0.2668246286052146,1.0,0.7257358173748415
binary,PR,236,0.59,H2O,3.324285148526114e-06,0.7344614509043463,0.0,0.7270988413244693
binary,PR,236,0.59,Heavy_squalane,1.201868190676241e-06,0.26553854909565355,1.0,0.7270988413244693
binary,PR,237,0.5925,H2O,3.32949959622669e-06,0.7357219359672525,0.0,0.7284343414081382
binary,PR,237,0.5925,Heavy_squalane,1.19598677771077e-06,0.2642780640327474,1.0,0.7284343414081382
binary,PR,238,0.595,H2O,3.334604829086512e-06,0.7369563744885608,0.0,0.7297418630126412
binary,PR,238,0.595,Heavy_squalane,1.1902285864609e-06,0.2630436255114392,1.0,0.7297418630126412
binary,PR,239,0.5975,H2O,3.339610562773742e-06,0.738164139722364,0.0,0.731020766646207
binary,PR,239,0.5975,Heavy_squalane,1.184600765115778e-06,0.2618358602776359,1.0,0.731020766646207
binary,PR,240,0.6,H2O,3.344476522642333e-06,0.7393443358037397,0.0,0.7322701281744929
binary,PR,240,0.6,Heavy_squalane,1.179094377520931e-06,0.2606556641962604,1.0,0.7322701281744929
binary,PR,241,0.6025,H2O,3.349235674963825e-06,0.7404960267523515,0.0,0.733488981488333
binary,PR,241,0.6025,Heavy_squalane,1.173726709659381e-06,0.2595039732476485,1.0,0.733488981488333
binary,PR,242,0.605,H2O,3.353871076941341e-06,0.7416180679268491,0.0,0.7346761401937744
binary,PR,242,0.605,Heavy_squalane,1.168498619790692e-06,0.25838193207315086,1.0,0.7346761401937744
binary,PR,243,0.6075,H2O,3.358377791312358e-06,0.7427092310398733,0.0,0.7358303300459733
binary,PR,243,0.6075,Heavy_squalane,1.163415732931666e-06,0.2572907689601266,1.0,0.7358303300459733
binary,PR,244,0.61,H2O,3.362750718813948e-06,0.7437682580389274,0.0,0.7369502459449067
binary,PR,244,0.61,Heavy_squalane,1.158483795388657e-06,0.25623174196107257,1.0,0.7369502459449067
binary,PR,245,0.6125,H2O,3.366984925434504e-06,0.7447939304862837,0.0,0.7380346252198303
binary,PR,245,0.6125,Heavy_squalane,1.153708366515612e-06,0.2552060695137162,1.0,0.7380346252198303
binary,PR,246,0.615,H2O,3.371075962241549e-06,0.7457851466084952,0.0,0.7390823289100594
binary,PR,246,0.615,Heavy_squalane,1.149094461602006e-06,0.25421485339150496,1.0,0.7390823289100594
binary,PR,247,0.6175,H2O,3.375020200238657e-06,0.7467410039861468,0.0,0.7400924288978794
binary,PR,247,0.6175,Heavy_squalane,1.144646166309588e-06,0.2532589960138531,1.0,0.7400924288978794
binary,PR,248,0.62,H2O,3.378815172348126e-06,0.7476608829976092,0.0,0.7410642957377274
binary,PR,248,0.62,Heavy_squalane,1.140366249583948e-06,0.2523391170023907,1.0,0.7410642957377274
binary,PR,249,0.6225,H2O,3.382459909057941e-06,0.7485445264114593,0.0,0.7419976823332611
binary,PR,249,0.6225,Heavy_squalane,1.13625579817398e-06,0.2514554735885406,1.0,0.7419976823332611
binary,PR,250,0.625,H2O,3.385955214090538e-06,0.749392109596837,0.0,0.7428927976446941
binary,PR,250,0.625,Heavy_squalane,1.132313887931549e-06,0.25060789040316306,1.0,0.7428927976446941
binary,PR,251,0.6275,H2O,3.389303917405666e-06,0.7502042986303091,0.0,0.7437503675818075
binary,PR,251,0.6275,Heavy_squalane,1.128537320766006e-06,0.249795701369691,1.0,0.7437503675818075
binary,PR,252,0.63,H2O,3.392510883907635e-06,0.7509822567607366,0.0,0.744571641375086
binary,PR,252,0.63,Heavy_squalane,1.124920591159147e-06,0.24901774323926343,1.0,0.744571641375086
binary,PR,253,0.6325,H2O,3.395583400627324e-06,0.7517277350041437,0.0,0.7453584867923907
binary,PR,253,0.6325,Heavy_squalane,1.12145547197541e-06,0.2482722649958563,1.0,0.7453584867923907
binary,PR,254,0.635,H2O,3.398530949018e-06,0.7524430194100836,0.0,0.7461133340741408
binary,PR,254,0.635,Heavy_squalane,1.118131258417259e-06,0.24755698058991632,1.0,0.7461133340741408
binary,PR,255,0.6375,H2O,3.401365047341282e-06,0.7531308925810979,0.0,0.7468391350197016
binary,PR,255,0.6375,Heavy_squalane,1.114934948910724e-06,0.2468691074189022,1.0,0.7468391350197016
binary,PR,256,0.64,H2O,3.404099013931936e-06,0.7537945748602203,0.0,0.747539300706767
binary,PR,256,0.64,Heavy_squalane,1.11185152148174e-06,0.24620542513977972,1.0,0.747539300706767
binary,PR,257,0.6425,H2O,3.406747633891619e-06,0.7544376464471967,0.0,0.7482176191788096
binary,PR,257,0.6425,Heavy_squalane,1.108864292335419e-06,0.24556235355280331,1.0,0.7482176191788096
binary,PR,258,0.645,H2O,3.40932679044252e-06,0.7550639562907117,0.0,0.7488781592685139
binary,PR,258,0.645,Heavy_squalane,1.105955341671167e-06,0.24493604370928843,1.0,0.7488781592685139
binary,PR,259,0.6475,H2O,3.411853069344508e-06,0.7556775250376307,0.0,0.7495251682296669
binary,PR,259,0.6475,Heavy_squalane,1.103105965826753e-06,0.2443224749623692,1.0,0.7495251682296669
binary,PR,260,0.65,H2O,3.41434335203233e-06,0.756282449325954,0.0,0.7501629708497983
binary,PR,260,0.65,Heavy_squalane,1.100297117378808e-06,0.24371755067404605,1.0,0.7501629708497983
binary,PR,261,0.6525,H2O,3.41681446794241e-06,0.7568828139344941,0.0,0.7507958768961259
binary,PR,261,0.6525,Heavy_squalane,1.097509817188108e-06,0.24311718606550592,1.0,0.7507958768961259
binary,PR,262,0.655,H2O,3.419282878072496e-06,0.757482616572324,0.0,0.7514281019216407
binary,PR,262,0.655,Heavy_squalane,1.09472550081949e-06,0.24251738342767604,1.0,0.7514281019216407
binary,PR,263,0.6575,H2O,3.421764422929015e-06,0.7580857079372875,0.0,0.7520637041880455
binary,PR,263,0.6575,Heavy_squalane,1.091926294495881e-06,0.2419142920627126,1.0,0.7520637041880455
binary,PR,264,0.66,H2O,3.424274152023398e-06,0.7586957473357957,0.0,0.7527065380005413
binary,PR,264,0.66,Heavy_squalane,1.089095224367515e-06,0.24130425266420427,1.0,0.7527065380005413
binary,PR,265,0.6625,H2O,3.426826196217209e-06,0.7593161720673226,0.0,0.7533602215514634
binary,PR,265,0.6625,Heavy_squalane,1.086216357436421e-06,0.24068382793267734,1.0,0.7533602215514634
binary,PR,266,0.665,H2O,3.429433668946969e-06,0.7599501772428559,0.0,0.7540281157569159
binary,PR,266,0.665,Heavy_squalane,1.083274889644539e-06,0.24004982275714415,1.0,0.7540281157569159
binary,PR,267,0.6675,H2O,3.432108635185395e-06,0.7606007018700488,0.0,0.7547133096942452
binary,PR,267,0.6675,Heavy_squalane,1.080257218207917e-06,0.23939929812995117,1.0,0.7547133096942452
binary,PR,268,0.67,H2O,3.434862043440867e-06,0.7612704171772728,0.0,0.7554186083996404
binary,PR,268,0.67,Heavy_squalane,1.077150988901896e-06,0.2387295828227272,1.0,0.7554186083996404
binary,PR,269,0.6725,H2O,3.437703683966738e-06,0.7619617136425442,0.0,0.7561465193101611
binary,PR,269,0.6725,Heavy_squalane,1.073945159297129e-06,0.2380382863574559,1.0,0.7561465193101611
binary,PR,270,0.675,H2O,3.440642116459287e-06,0.7626766846217624,0.0,0.7568992351425164
binary,PR,270,0.675,Heavy_squalane,1.070630072444219e-06,0.2373233153782376,1.0,0.7568992351425164
binary,PR,271,0.6775,H2O,3.443684591265794e-06,0.763417105851171,0.0,0.7576786124569537
binary,PR,271,0.6775,Heavy_squalane,1.067197552809642e-06,0.2365828941488291,1.0,0.7576786124569537
binary,PR,272,0.68,H2O,3.446836945752647e-06,0.7641844116356675,0.0,0.7584861467732269
binary,PR,272,0.68,Heavy_squalane,1.063641013847451e-06,0.2358155883643325,1.0,0.7584861467732269
binary,PR,273,0.6825,H2O,3.450103513812294e-06,0.7649796698517827,0.0,0.7593229464904347
binary,PR,273,0.6825,Heavy_squalane,1.059955576360341e-06,0.23502033014821722,1.0,0.7593229464904347
binary,PR,274,0.685,H2O,3.453487013948448e-06,0.7658035587138804,0.0,0.7601897087215561
binary,PR,274,0.685,Heavy_squalane,1.056138169497246e-06,0.23419644128611966,1.0,0.7601897087215561
binary,PR,275,0.6875,H2O,3.456988500599427e-06,0.7666563486724027,0.0,0.7610867005900489
binary,PR,275,0.6875,Heavy_squalane,1.052187620599852e-06,0.23334365132759727,1.0,0.7610867005900489
binary,PR,276,0.69,H2O,3.460607301358114e-06,0.7675378925895446,0.0,0.7620137492937181
binary,PR,276,0.69,Heavy_squalane,1.04810469158676e-06,0.23246210741045548,1.0,0.7620137492937181
binary,PR,277,0.6925,H2O,3.464341043614738e-06,0.7684476267440872,0.0,0.7629702436090152
binary,PR,277,0.6925,Heavy_squalane,1.04389207865171e-06,0.23155237325591288,1.0,0.7629702436090152
binary,PR,278,0.695,H2O,3.468185687675727e-06,0.7693845841825131,0.0,0.7639551484137498
binary,PR,278,0.695,Heavy_squalane,1.039554341143209e-06,0.23061541581748682,1.0,0.7639551484137498
binary,PR,279,0.6975,H2O,3.472135660365028e-06,0.7703474208031169,0.0,0.7649670326119289
binary,PR,279,0.6975,Heavy_squalane,1.03509778600024e-06,0.2296525791968831,1.0,0.7649670326119289
binary,PR,280,0.7,H2O,3.476183996694706e-06,0.7713344533347163,0.0,0.7660041095531743
binary,PR,280,0.7,Heavy_squalane,1.030530284854747e-06,0.2286655466652837,1.0,0.7660041095531743
binary,PR,281,0.7025,H2O,3.480322541882031e-06,0.7723437073828174,0.0,0.7670642879992409
binary,PR,281,0.7025,Heavy_squalane,1.025861050492323e-06,0.22765629261718262,1.0,0.7670642879992409
binary,PR,282,0.705,H2O,3.484542116806318e-06,0.7733729572073792,0.0,0.768145214356395
binary,PR,282,0.705,Heavy_squalane,1.021100451029088e-06,0.22662704279262072,1.0,0.768145214356395
binary,PR,283,0.7075,H2O,3.488832923401677e-06,0.7744198239993116,0.0,0.7692443762721253
binary,PR,283,0.7075,Heavy_squalane,1.016259553937563e-06,0.2255801760006884,1.0,0.7692443762721253
binary,PR,284,0.71,H2O,3.493184691500775e-06,0.7754818134312077,0.0,0.7703591423472533
binary,PR,284,0.71,Heavy_squalane,1.011349948769873e-06,0.22451818656879227,1.0,0.7703591423472533
binary,PR,285,0.7125,H2O,3.497586935310658e-06,0.7765563739296923,0.0,0.7714868235268396
binary,PR,285,0.7125,Heavy_squalane,1.006383481687454e-06,0.22344362607030768,1.0,0.7714868235268396
binary,PR,286,0.715,H2O,3.502029161340299e-06,0.7776409524657714,0.0,0.772624731784746
binary,PR,286,0.715,Heavy_squalane,1.001371990870038e-06,0.22235904753422853,1.0,0.772624731784746
binary,PR,287,0.7175,H2O,3.506501087113798e-06,0.7787330443067243,0.0,0.7737702323721047
binary,PR,287,0.7175,Heavy_squalane,9.963270807026827e-07,0.22126695569327562,1.0,0.7737702323721047
binary,PR,288,0.72,H2O,3.510992807306403e-06,0.7798302352525385,0.0,0.7749207880897416
binary,PR,288,0.72,Heavy_squalane,9.91259924878841e-07,0.22016976474746153,1.0,0.7749207880897416
binary,PR,289,0.7225,H2O,3.515494938548703e-06,0.7809302357660985,0.0,0.7760739949789578
binary,PR,289,0.7225,Heavy_squalane,9.861811107849171e-07,0.21906976423390145,1.0,0.7760739949789578
binary,PR,290,0.725,H2O,3.5199987192085e-06,0.7820309069151821,0.0,0.7772276093609932
binary,PR,290,0.725,Heavy_squalane,9.811005187916603e-07,0.21796909308481802,1.0,0.7772276093609932
binary,PR,291,0.7275,H2O,3.524496088607155e-06,0.7831302785040856,0.0,0.7783795666385899
binary,PR,291,0.7275,Heavy_squalane,9.76027241099306e-07,0.21686972149591452,1.0,0.7783795666385899
binary,PR,292,0.73,H2O,3.5289797197749e-06,0.7842265600705992,0.0,0.7795279925848516
binary,PR,292,0.73,Heavy_squalane,9.70969528892739e-07,0.2157734399294008,1.0,0.7795279925848516
binary,PR,293,0.7325,H2O,3.533443058030944e-06,0.7853181456541766,0.0,0.7806712080842814
binary,PR,293,0.7325,Heavy_squalane,9.659347770343042e-07,0.21468185434582351,1.0,0.7806712080842814
binary,PR,294,0.735,H2O,3.537880307334445e-06,0.7864036133372455,0.0,0.7818077283894896
binary,PR,294,0.735,Heavy_squalane,9.609295243254226e-07,0.21359638666275452,1.0,0.7818077283894896
binary,PR,295,0.7375,H2O,3.542286395666118e-06,0.7874817205789554,0.0,0.7829362579727025
binary,PR,295,0.7375,Heavy_squalane,9.55959472265692e-07,0.21251827942104468,1.0,0.7829362579727025
binary,PR,296,0.74,H2O,3.546656970111804e-06,0.7885513963354306,0.0,0.7840556820220486
binary,PR,296,0.74,Heavy_squalane,9.5102953021511e-07,0.21144860366456944,1.0,0.7840556820220486
binary,PR,297,0.7425,H2O,3.550988338811664e-06,0.7896117308490348,0.0,0.785165055513432
binary,PR,297,0.7425,Heavy_squalane,9.461438593047973e-07,0.21038826915096506,1.0,0.785165055513432
binary,PR,298,0.745,H2O,3.555277421803665e-06,0.7906619639050969,0.0,0.7862635906983574
binary,PR,298,0.745,Heavy_squalane,9.413059274750479e-07,0.2093380360949032,1.0,0.7862635906983574
binary,PR,299,0.7475,H2O,3.559521699149483e-06,0.7917014722091495,0.0,0.7873506436940738
binary,PR,299,0.7475,Heavy_squalane,9.36518568676542e-07,0.20829852779085045,1.0,0.7873506436940738
binary,PR,300,0.75,H2O,3.563719159586277e-06,0.7927297564207301,0.0,0.7884257007381408
binary,PR,300,0.75,Heavy_squalane,9.317840440236095e-07,0.20727024357926996,1.0,0.7884257007381408
binary,PR,301,0.7525,H2O,3.567868255702141e-06,0.7937464282674529,0.0,0.7894883645509769
binary,PR,301,0.7525,Heavy_squalane,9.271041040348244e-07,0.20625357173254702,1.0,0.7894883645509769
binary,PR,302,0.755,H2O,3.571967827578069e-06,0.7947511980486152,0.0,0.7905383411289941
binary,PR,302,0.755,Heavy_squalane,9.22480040318785e-07,0.20524880195138476,1.0,0.7905383411289941
binary,PR,303,0.7575,H2O,3.576017087305136e-06,0.7957438627710293,0.0,0.7915754272208964
binary,PR,303,0.7575,Heavy_squalane,9.179127494294187e-07,0.2042561372289706,1.0,0.7915754272208964
binary,PR,304,0.76,H2O,3.580015543219429e-06,0.7967242950371252,0.0,0.7925994986107802
binary,PR,304,0.76,Heavy_squalane,9.134027766682685e-07,0.20327570496287486,1.0,0.7925994986107802
binary,PR,305,0.7625,H2O,3.583962973963122e-06,0.7976924328136338,0.0,0.7936104993402708
binary,PR,305,0.7625,Heavy_squalane,9.089503677389038e-07,0.20230756718636625,1.0,0.7936104993402708
binary,PR,306,0.765,H2O,3.587859386482191e-06,0.7986482700696643,0.0,0.794608431855894
binary,PR,306,0.765,Heavy_squalane,9.045555112164298e-07,0.20135172993033582,1.0,0.794608431855894
binary,PR,307,0.7675,H2O,3.591704984617571e-06,0.7995918483560633,0.0,0.7955933481547098
binary,PR,307,0.7675,Heavy_squalane,9.002179783315981e-07,0.2004081516439366,1.0,0.7955933481547098
binary,PR,308,0.77,H2O,3.595500132468857e-06,0.8005232492688201,0.0,0.7965653418663872
binary,PR,308,0.77,Heavy_squalane,8.959373563897192e-07,0.19947675073117999,1.0,0.7965653418663872
binary,PR,309,0.7725,H2O,3.59924533149592e-06,0.8014425877561782,0.0,0.7975245412277157
binary,PR,309,0.7725,Heavy_squalane,8.917130808500358e-07,0.1985574122438219,1.0,0.7975245412277157
binary,PR,310,0.775,H2O,3.60294118906243e-06,0.8023500062226352,0.0,0.7984711028988889
binary,PR,310,0.775,Heavy_squalane,8.875444607409926e-07,0.19764999377736486,1.0,0.7984711028988889
binary,PR,311,0.7775,H2O,3.606588403680177e-06,0.8032456693636256,0.0,0.7994052065508886
binary,PR,311,0.7775,Heavy_squalane,8.834307040947956e-07,0.19675433063637435,1.0,0.7994052065508886
binary,PR,312,0.78,H2O,3.610187753143946e-06,0.8041297596656308,0.0,0.8003270501543907
binary,PR,312,0.78,Heavy_squalane,8.793709402752802e-07,0.19587024033436914,1.0,0.8003270501543907
binary,PR,313,0.7825,H2O,3.613740060304719e-06,0.8050024735116437,0.0,0.801236845906326
binary,PR,313,0.7825,Heavy_squalane,8.753642334256894e-07,0.1949975264883563,1.0,0.801236845906326
binary,PR,314,0.785,H2O,3.617246201941619e-06,0.8058640178356764,0.0,0.802134816734115
binary,PR,314,0.785,Heavy_squalane,8.714096033597805e-07,0.1941359821643237,1.0,0.802134816734115
binary,PR,315,0.7875,H2O,3.620707068978269e-06,0.8067146072499249,0.0,0.8030211932970643
binary,PR,315,0.7875,Heavy_squalane,8.675060319610976e-07,0.19328539275007503,1.0,0.8030211932970643
binary,PR,316,0.79,H2O,3.624123588582524e-06,0.8075544616134833,0.0,0.8038962114515091
binary,PR,316,0.79,Heavy_squalane,8.636524820760075e-07,0.19244553838651673,1.0,0.8038962114515091
binary,PR,317,0.7925,H2O,3.627496693638326e-06,0.80838380396382,0.0,0.8047601100969745
binary,PR,317,0.7925,Heavy_squalane,8.598479016532913e-07,0.19161619603618002,1.0,0.8047601100969745
binary,PR,318,0.795,H2O,3.630827317064335e-06,0.809202858789377,0.0,0.8056131293800352
binary,PR,318,0.795,Heavy_squalane,8.560912320078988e-07,0.19079714121062302,1.0,0.8056131293800352
binary,PR,319,0.7975,H2O,3.634116399392987e-06,0.8100118505864915,0.0,0.806455509196274
binary,PR,319,0.7975,Heavy_squalane,8.523814175978318e-07,0.1899881494135086,1.0,0.806455509196274
binary,PR,320,0.8,H2O,3.63736486836154e-06,0.8108110026601462,0.0,0.8072874879476439
binary,PR,320,0.8,Heavy_squalane,8.487174078136787e-07,0.18918899733985378,1.0,0.8072874879476439
binary,PR,321,0.8025,H2O,3.640573646557491e-06,0.811600536145336,0.0,0.8081093015306562
binary,PR,321,0.8025,Heavy_squalane,8.450981641688162e-07,0.18839946385466402,1.0,0.8081093015306562
binary,PR,322,0.805,H2O,3.643743643713383e-06,0.8123806692123721,0.0,0.8089211825169369
binary,PR,322,0.805,Heavy_squalane,8.415226628398047e-07,0.18761933078762794,1.0,0.8089211825169369
binary,PR,323,0.8075,H2O,3.646875748948322e-06,0.8131516164284309,0.0,0.8097233594970201
binary,PR,323,0.8075,Heavy_squalane,8.379898963618713e-07,0.186848383571569,1.0,0.8097233594970201
binary,PR,324,0.81,H2O,3.649970841119669e-06,0.813913588257424,0.0,0.8105160565684952
binary,PR,324,0.81,Heavy_squalane,8.344988787362175e-07,0.18608641174257615,1.0,0.8105160565684952
binary,PR,325,0.8125,H2O,3.653029771035281e-06,0.8146667906706929,0.0,0.8112994929397298
binary,PR,325,0.8125,Heavy_squalane,8.310486434387415e-07,0.1853332093293071,1.0,0.8112994929397298
binary,PR,326,0.815,H2O,3.656053377367552e-06,0.8154114248594748,0.0,0.8120738826395993
binary,PR,326,0.815,Heavy_squalane,8.276382486084067e-07,0.18458857514052518,1.0,0.8120738826395993
binary,PR,327,0.8175,H2O,3.659042473850459e-06,0.8161476870257468,0.0,0.8128394343087222
binary,PR,327,0.8175,Heavy_squalane,8.242667752205717e-07,0.1838523129742533,1.0,0.8128394343087222
binary,PR,328,0.82,H2O,3.661997856026865e-06,0.8168757682451989,0.0,0.8135963510657025
binary,PR,328,0.82,Heavy_squalane,8.209333293276938e-07,0.1831242317548012,1.0,0.8135963510657025
binary,PR,329,0.8225,H2O,3.664920292596754e-06,0.817595854384884,0.0,0.8143448304300328
binary,PR,329,0.8225,Heavy_squalane,8.17637040517474e-07,0.1824041456151161,1.0,0.8143448304300328
binary,PR,330,0.825,H2O,3.66781053618829e-06,0.8183081260718441,0.0,0.8150850642978398
binary,PR,330,0.825,Heavy_squalane,8.143770644591845e-07,0.1816918739281559,1.0,0.8150850642978398
binary,PR,331,0.8275,H2O,3.670669308979668e-06,0.8190127586967783,0.0,0.8158172389538076
binary,PR,331,0.8275,Heavy_squalane,8.111525796322699e-07,0.18098724130322175,1.0,0.8158172389538076
binary,PR,332,0.83,H2O,3.673497319355862e-06,0.8197099224551292,0.0,0.8165415351217719
binary,PR,332,0.83,Heavy_squalane,8.079627907685814e-07,0.18029007754487086,1.0,0.8165415351217719
binary,PR,333,0.8325,H2O,3.676295253110975e-06,0.8203997824069463,0.0,0.8172581280344977
binary,PR,333,0.8325,Heavy_squalane,8.048069265180864e-07,0.17960021759305364,1.0,0.8172581280344977
binary,PR,334,0.835,H2O,3.679063769657982e-06,0.8210824985626303,0.0,0.8179671875301188
binary,PR,334,0.835,Heavy_squalane,8.016842381225682e-07,0.17891750143736976,1.0,0.8179671875301188
binary,PR,335,0.8375,H2O,3.681803515116416e-06,0.8217582259852112,0.0,0.8186688781653995
binary,PR,335,0.8375,Heavy_squalane,7.985940016863856e-07,0.17824177401478875,1.0,0.8186688781653995
binary,PR,336,0.84,H2O,3.684515109465854e-06,0.8224271148997908,0.0,0.8193633593361725
binary,PR,336,0.84,Heavy_squalane,7.955355147341961e-07,0.17757288510020924,1.0,0.8193633593361725
binary,PR,337,0.8425,H2O,3.687199157696645e-06,0.8230893108189822,0.0,0.8200507854140925
binary,PR,337,0.8425,Heavy_squalane,7.925080979204212e-07,0.17691068918101785,1.0,0.8200507854140925
binary,PR,338,0.845,H2O,3.689856244359347e-06,0.8237449546697467,0.0,0.820731305884507
binary,PR,338,0.845,Heavy_squalane,7.8951109311791e-07,0.17625504533025332,1.0,0.820731305884507
binary,PR,339,0.8475,H2O,3.69248693056479e-06,0.8243941829283677,0.0,0.8214050654925236
binary,PR,339,0.8475,Heavy_squalane,7.865438620210341e-07,0.1756058170716322,1.0,0.8214050654925236
binary,PR,340,0.85,H2O,3.695091765471732e-06,0.825037127757555,0.0,0.8220722043909757
binary,PR,340,0.85,Heavy_squalane,7.836057878310686e-07,0.17496287224244494,1.0,0.8220722043909757
binary,PR,341,0.8525,H2O,3.697671278586572e-06,0.8256739171435445,0.0,0.8227328582881204
binary,PR,341,0.8525,Heavy_squalane,7.806962728298867e-07,0.17432608285645534,1.0,0.8227328582881204
binary,PR,342,0.855,H2O,3.700225986532848e-06,0.8263046750342188,0.0,0.8233871585961154
binary,PR,342,0.855,Heavy_squalane,7.778147390380373e-07,0.17369532496578113,1.0,0.8233871585961154
binary,PR,343,0.8575,H2O,3.702756380443044e-06,0.8269295214771185,0.0,0.824035232579134
binary,PR,343,0.8575,Heavy_squalane,7.749606247848323e-07,0.17307047852288146,1.0,0.824035232579134
binary,PR,344,0.86,H2O,3.705262947352042e-06,0.8275485727575398,0.0,0.8246772035013058
binary,PR,344,0.86,Heavy_squalane,7.721333884369784e-07,0.17245142724246026,1.0,0.8246772035013058
binary,PR,345,0.8625,H2O,3.707746150164321e-06,0.8281619415283673,0.0,0.8253131907658573
binary,PR,345,0.8625,Heavy_squalane,7.693325034643404e-07,0.1718380584716327,1.0,0.8253131907658573
binary,PR,346,0.865,H2O,3.710206441783032e-06,0.8287697369458459,0.0,0.8259433100601725
binary,PR,346,0.865,Heavy_squalane,7.665574606439059e-07,0.17123026305415406,1.0,0.8259433100601725
binary,PR,347,0.8675,H2O,3.712644259607653e-06,0.8293720647954943,0.0,0.826567673490415
binary,PR,347,0.8675,Heavy_squalane,7.638077662067359e-07,0.17062793520450573,1.0,0.826567673490415
binary,PR,348,0.87,H2O,3.715060024874881e-06,0.8299690276174414,0.0,0.827186389715342
binary,PR,348,0.87,Heavy_squalane,7.610829410133203e-07,0.17003097238255852,1.0,0.827186389715342
binary,PR,349,0.8725,H2O,3.717454154331421e-06,0.8305607248293365,0.0,0.8277995640773872
binary,PR,349,0.8725,Heavy_squalane,7.583825222647221e-07,0.16943927517066357,1.0,0.8277995640773872
binary,PR,350,0.875,H2O,3.719827044646155e-06,0.8311472528405686,0.0,0.8284072987245775
binary,PR,350,0.875,Heavy_squalane,7.557060596661034e-07,0.16885274715943152,1.0,0.8284072987245775
binary,PR,351,0.8775,H2O,3.722179081513137e-06,0.8317287051693573,0.0,0.8290096927352166
binary,PR,351,0.8775,Heavy_squalane,7.530531166532401e-07,0.1682712948306428,1.0,0.8290096927352166
binary,PR,352,0.88,H2O,3.724510641259343e-06,0.8323051725504274,0.0,0.8296068422326275
binary,PR,352,0.88,Heavy_squalane,7.504232701163954e-07,0.1676948274495726,1.0,0.8296068422326275
binary,PR,353,0.8825,H2O,3.726822087435908e-06,0.8328767430402222,0.0,0.8301988404972298
binary,PR,353,0.8825,Heavy_squalane,7.478161091260635e-07,0.16712325695977792,1.0,0.8301988404972298
binary,PR,354,0.885,H2O,3.729113774840026e-06,0.8334435021196034,0.0,0.830785778075794
binary,PR,354,0.885,Heavy_squalane,7.452312351770768e-07,0.16655649788039664,1.0,0.830785778075794
binary,PR,355,0.8875,H2O,3.731386045950232e-06,0.8340055327900481,0.0,0.8313677428838723
binary,PR,355,0.8875,Heavy_squalane,7.426682609407614e-07,0.16599446720995198,1.0,0.8313677428838723
binary,PR,356,0.89,H2O,3.733639234850284e-06,0.8345629156686565,0.0,0.8319448203068013
binary,PR,356,0.89,Heavy_squalane,7.401268105279383e-07,0.16543708433134358,1.0,0.8319448203068013
binary,PR,357,0.8925,H2O,3.735873663549216e-06,0.835115729078013,0.0,0.8325170932952974
binary,PR,357,0.8925,Heavy_squalane,7.376065182618801e-07,0.16488427092198693,1.0,0.8325170932952974
binary,PR,358,0.895,H2O,3.738089650871351e-06,0.8356640491336635,0.0,0.8330846424584012
binary,PR,358,0.895,Heavy_squalane,7.351070299558837e-07,0.16433595086633643,1.0,0.8330846424584012
binary,PR,359,0.8975,H2O,3.740287498558219e-06,0.8362079498273691,0.0,0.8336475461519702
binary,PR,359,0.8975,Heavy_squalane,7.326279997103417e-07,0.16379205017263074,1.0,0.8336475461519702
binary,PR,360,0.9,H2O,3.742467505146049e-06,0.8367475031092724,0.0,0.8342058805659113
binary,PR,360,0.9,Heavy_squalane,7.30169092201901e-07,0.16325249689072768,1.0,0.8342058805659113
binary,PR,361,0.9025,H2O,3.744629962096114e-06,0.8372827789645371,0.0,0.8347597198056054
binary,PR,361,0.9025,Heavy_squalane,7.27729981490779e-07,0.16271722103546293,1.0,0.8347597198056054
binary,PR,362,0.905,H2O,3.746775147252103e-06,0.837813845486499,0.0,0.8353091359695736
binary,PR,362,0.905,Heavy_squalane,7.253103493493983e-07,0.1621861545135011,1.0,0.8353091359695736
binary,PR,363,0.9075,H2O,3.748903336147525e-06,0.8383407689496015,0.0,0.8358541992268734
binary,PR,363,0.9075,Heavy_squalane,7.229098870656451e-07,0.1616592310503985,1.0,0.8358541992268734
binary,PR,364,0.91,H2O,3.751014797946769e-06,0.83886361387577,0.0,0.8363949778875814
binary,PR,364,0.91,Heavy_squalane,7.205282942802218e-07,0.16113638612422998,1.0,0.8363949778875814
binary,PR,365,0.9125,H2O,3.753109791300736e-06,0.8393824430991588,0.0,0.8369315384715192
binary,PR,365,0.9125,Heavy_squalane,7.181652778364552e-07,0.16061755690084112,1.0,0.8369315384715192
binary,PR,366,0.915,H2O,3.755188567852206e-06,0.8398973178286265,0.0,0.8374639457745393
binary,PR,366,0.915,Heavy_squalane,7.158205521202645e-07,0.16010268217137344,1.0,0.8374639457745393
binary,PR,367,0.9175,H2O,3.757251373139682e-06,0.8404082977064309,0.0,0.8379922629308225
binary,PR,367,0.9175,Heavy_squalane,7.134938389121805e-07,0.15959170229356914,1.0,0.8379922629308225
binary,PR,368,0.92,H2O,3.759298450052532e-06,0.840915440863614,0.0,0.8385165514716829
binary,PR,368,0.92,Heavy_squalane,7.111848677371379e-07,0.15908455913638603,1.0,0.8385165514716829
binary,PR,369,0.9225,H2O,3.761330031907628e-06,0.8414188039738154,0.0,0.8390368713826715
binary,PR,369,0.9225,Heavy_squalane,7.088933742532338e-07,0.1585811960261845,1.0,0.8390368713826715
binary,PR,370,0.925,H2O,3.763346345809691e-06,0.8419184423044697,0.0,0.8395532811579084
binary,PR,370,0.925,Heavy_squalane,7.066191006162019e-07,0.15808155769553037,1.0,0.8395532811579084
binary,PR,371,0.9275,H2O,3.765347618641209e-06,0.8424144097662187,0.0,0.8400658378525134
binary,PR,371,0.9275,Heavy_squalane,7.043617963320499e-07,0.15758559023378121,1.0,0.8400658378525134
binary,PR,372,0.93,H2O,3.767334062115183e-06,0.8429067589579817,0.0,0.8405745971304683
binary,PR,372,0.93,Heavy_squalane,7.021212152068744e-07,0.15709324104201822,1.0,0.8405745971304683
binary,PR,373,0.9325,H2O,3.769305889144389e-06,0.8433955412138308,0.0,0.8410796133143172
binary,PR,373,0.9325,Heavy_squalane,6.998971181652453e-07,0.15660445878616924,1.0,0.8410796133143172
binary,PR,374,0.935,H2O,3.771263311925543e-06,0.8438808066441457,0.0,0.8415809394288802
binary,PR,374,0.935,Heavy_squalane,6.97689272649401e-07,0.15611919335585442,1.0,0.8415809394288802
binary,PR,375,0.9375,H2O,3.773206526808836e-06,0.8443626041762251,0.0,0.8420786272443389
binary,PR,375,0.9375,Heavy_squalane,6.954974495948113e-07,0.15563739582377492,1.0,0.8420786272443389
binary,PR,376,0.94,H2O,3.775135735964654e-06,0.8448409815958099,0.0,0.8425727273202622
binary,PR,376,0.94,Heavy_squalane,6.933214272210683e-07,0.15515901840419002,1.0,0.8425727273202622
binary,PR,377,0.9425,H2O,3.777051129521445e-06,0.8453159855824949,0.0,0.8430632890432268
binary,PR,377,0.9425,Heavy_squalane,6.911609875352728e-07,0.1546840144175052,1.0,0.8430632890432268
binary,PR,378,0.945,H2O,3.778952896695473e-06,0.8457876617475675,0.0,0.8435503606669017
binary,PR,378,0.945,Heavy_squalane,6.890159181810598e-07,0.1542123382524325,1.0,0.8435503606669017
binary,PR,379,0.9475,H2O,3.780841218378551e-06,0.846256054667495,0.0,0.8440339893476386
binary,PR,379,0.9475,Heavy_squalane,6.868860108985178e-07,0.15374394533250504,1.0,0.8440339893476386
binary,PR,380,0.95,H2O,3.782716280977117e-06,0.8467212079190082,0.0,0.8445142211816087
binary,PR,380,0.95,Heavy_squalane,6.847710638526195e-07,0.15327879208099185,1.0,0.8445142211816087
binary,PR,381,0.9525,H2O,3.784578255606899e-06,0.8471831641082189,0.0,0.8449911012358
binary,PR,381,0.9525,Heavy_squalane,6.826708776908658e-07,0.15281683589178108,1.0,0.8449911012358
binary,PR,382,0.955,H2O,3.786427314590038e-06,0.8476419649054351,0.0,0.8454646735848056
binary,PR,382,0.955,Heavy_squalane,6.805852583569139e-07,0.1523580350945648,1.0,0.8454646735848056
binary,PR,383,0.9575,H2O,3.788263629241625e-06,0.8480976510715486,0.0,0.845934981338911
binary,PR,383,0.9575,Heavy_squalane,6.785140165344901e-07,0.1519023489284514,1.0,0.845934981338911
binary,PR,384,0.96,H2O,3.790087359608462e-06,0.8485502624869591,0.0,0.8464020666747715
binary,PR,384,0.96,Heavy_squalane,6.76456965650891e-07,0.1514497375130408,1.0,0.8464020666747715
binary,PR,385,0.9625,H2O,3.791898671016977e-06,0.8489998381805999,0.0,0.8468659708661193
binary,PR,385,0.9625,Heavy_squalane,6.744139246873832e-07,0.15100016181940007,1.0,0.8468659708661193
binary,PR,386,0.965,H2O,3.793697721040074e-06,0.8494464163534599,0.0,0.847326734308801
binary,PR,386,0.965,Heavy_squalane,6.723847157142332e-07,0.1505535836465401,1.0,0.847326734308801
binary,PR,387,0.9675,H2O,3.795484659892151e-06,0.849890034405894,0.0,0.8477843965496941
binary,PR,387,0.9675,Heavy_squalane,6.703691638267509e-07,0.15010996559410594,1.0,0.8477843965496941
binary,PR,388,0.97,H2O,3.797259644318617e-06,0.8503307289612342,0.0,0.8482389963117359
binary,PR,388,0.97,Heavy_squalane,6.68367099474774e-07,0.14966927103876576,1.0,0.8482389963117359
binary,PR,389,0.9725,H2O,3.799022816325946e-06,0.8507685358883246,0.0,0.8486905715178678
binary,PR,389,0.9725,Heavy_squalane,6.663783545803339e-07,0.1492314641116754,1.0,0.8486905715178678
binary,PR,390,0.975,H2O,3.800774327963946e-06,0.8512034903263168,0.0,0.8491391593172495
binary,PR,390,0.975,Heavy_squalane,6.644027667715128e-07,0.14879650967368305,1.0,0.8491391593172495
binary,PR,391,0.9775,H2O,3.802514317198594e-06,0.8516356267029535,0.0,0.8495847961047488
binary,PR,391,0.9775,Heavy_squalane,6.62440175040953e-07,0.14836437329704655,1.0,0.8495847961047488
binary,PR,392,0.98,H2O,3.80424292459663e-06,0.8520649787588673,0.0,0.8500275175466075
binary,PR,392,0.98,Heavy_squalane,6.604904225454577e-07,0.14793502124113259,1.0,0.8500275175466075
binary,PR,393,0.9825,H2O,3.805960282722447e-06,0.8524915795661233,0.0,0.8504673586001413
binary,PR,393,0.9825,Heavy_squalane,6.585533546550569e-07,0.14750842043387669,1.0,0.8504673586001413
binary,PR,394,0.985,H2O,3.807666532873322e-06,0.852915461547992,0.0,0.850904353534698
binary,PR,394,0.985,Heavy_squalane,6.566288217479069e-07,0.14708453845200803,1.0,0.850904353534698
binary,PR,395,0.9875,H2O,3.809361795228255e-06,0.8533366564966391,0.0,0.8513385359504374
binary,PR,395,0.9875,Heavy_squalane,6.547166739512282e-07,0.14666334350336097,1.0,0.8513385359504374
binary,PR,396,0.99,H2O,3.81104621033796e-06,0.8537551955937572,0.0,0.8517699388001309
binary,PR,396,0.99,Heavy_squalane,6.52816768191276e-07,0.14624480440624268,1.0,0.8517699388001309
binary,PR,397,0.9925,H2O,3.812719898147329e-06,0.854171109424048,0.0,0.8521985944035652
binary,PR,397,0.9925,Heavy_squalane,6.509289610586172e-07,0.14582889057595208,1.0,0.8521985944035652
binary,PR,398,0.995,H2O,3.814382983056809e-06,0.8545844279957278,0.0,0.852624534469173
binary,PR,398,0.995,Heavy_squalane,6.49053113014764e-07,0.14541557200427235,1.0,0.852624534469173
binary,PR,399,0.9975,H2O,3.81603558589389e-06,0.8549951807543145,0.0,0.8530477901087204
binary,PR,399,0.9975,Heavy_squalane,6.471890869366809e-07,0.14500481924568553,1.0,0.8530477901087204
binary,PR,400,1.0,H2O,3.817677829729462e-06,0.8554033965991749,0.0,0.8534683918548144
binary,PR,400,1.0,Heavy_squalane,6.453367490147818e-07,0.14459660340082506,1.0,0.8534683918548144
binary,SW,1,0.0025,H2O,5.435895396721318e-07,0.11334027785583708,0.0,1.0
binary,SW,1,0.0025,Heavy_squalane,4.252494870528003e-06,0.8866597221441629,1.0,1.0
binary,SW,2,0.005,H2O,5.435091290261024e-07,0.11334027785583779,0.0,1.0
binary,SW,2,0.005,Heavy_squalane,4.251865818946182e-06,0.8866597221441622,1.0,1.0
binary,SW,3,0.0075,H2O,5.435627592081728e-07,0.11334027785583724,0.0,1.0
binary,SW,3,0.0075,Heavy_squalane,4.252285367258885e-06,0.8866597221441627,1.0,1.0
binary,SW,4,0.01,H2O,5.435298419644856e-07,0.1133402778558372,0.0,1.0
binary,SW,4,0.01,Heavy_squalane,4.252027856030809e-06,0.8866597221441629,1.0,1.0
binary,SW,5,0.0125,H2O,5.434564592726935e-07,0.11334027785583717,0.0,1.0
binary,SW,5,0.0125,Heavy_squalane,4.251453784056173e-06,0.8866597221441629,1.0,1.0
binary,SW,6,0.015,H2O,5.434338384562577e-07,0.11334027785583728,0.0,1.0
binary,SW,6,0.015,Heavy_squalane,4.251276821662965e-06,0.8866597221441628,1.0,1.0
binary,SW,7,0.0175,H2O,5.433769339039886e-07,0.11334027785583678,0.0,1.0
binary,SW,7,0.0175,Heavy_squalane,4.250831657988976e-06,0.8866597221441631,1.0,1.0
binary,SW,8,0.02,H2O,5.433746594948413e-07,0.11334027785583661,0.0,1.0
binary,SW,8,0.02,Heavy_squalane,4.25081386531174e-06,0.8866597221441634,1.0,1.0
binary,SW,9,0.0225,H2O,5.434049967289423e-07,0.11334027785583677,0.0,1.0
binary,SW,9,0.0225,Heavy_squalane,4.251051193153763e-06,0.8866597221441631,1.0,1.0
binary,SW,10,0.025,H2O,5.43364882384285e-07,0.11334027785583678,0.0,1.0
binary,SW,10,0.025,Heavy_squalane,4.250737379085536e-06,0.8866597221441631,1.0,1.0
binary,SW,11,0.0275,H2O,5.432874902293454e-07,0.113340277855837,0.0,1.0
binary,SW,11,0.0275,Heavy_squalane,4.250131941125667e-06,0.8866597221441629,1.0,1.0
binary,SW,12,0.03,H2O,5.433002134994072e-07,0.11334027785583671,0.0,1.0
binary,SW,12,0.03,Heavy_squalane,4.250231475124636e-06,0.8866597221441632,1.0,1.0
binary,SW,13,0.0325,H2O,5.432174471150972e-07,0.1133402778558372,0.0,1.0
binary,SW,13,0.0325,Heavy_squalane,4.249583994628683e-06,0.8866597221441629,1.0,1.0
binary,SW,14,0.035,H2O,5.432857910659509e-07,0.1133402778558375,0.0,1.0
binary,SW,14,0.035,Heavy_squalane,4.250118648589474e-06,0.8866597221441624,1.0,1.0
binary,SW,15,0.0375,H2O,5.43144284841115e-07,0.11334027785583739,0.0,1.0
binary,SW,15,0.0375,Heavy_squalane,4.249011646980093e-06,0.8866597221441627,1.0,1.0
binary,SW,16,0.04,H2O,5.431764780770674e-07,0.11334027785583733,0.0,1.0
binary,SW,16,0.04,Heavy_squalane,4.249263494303787e-06,0.8866597221441628,1.0,1.0
binary,SW,17,0.0425,H2O,5.431453491487979e-07,0.11334027785583739,0.0,1.0
binary,SW,17,0.0425,Heavy_squalane,4.249019973047156e-06,0.8866597221441627,1.0,1.0
binary,SW,18,0.045,H2O,5.430926172277865e-07,0.1133402778558374,0.0,1.0
binary,SW,18,0.045,Heavy_squalane,4.248607451820663e-06,0.8866597221441627,1.0,1.0
binary,SW,19,0.0475,H2O,5.430365180390675e-07,0.11334027785583743,0.0,1.0
binary,SW,19,0.0475,Heavy_squalane,4.248168588496668e-06,0.8866597221441624,1.0,1.0
binary,SW,20,0.05,H2O,5.430361949725956e-07,0.11334027785583738,0.0,1.0
binary,SW,20,0.05,Heavy_squalane,4.248166061151285e-06,0.8866597221441626,1.0,1.0
binary,SW,21,0.0525,H2O,5.429528318053248e-07,0.11334027785583728,0.0,1.0
binary,SW,21,0.0525,Heavy_squalane,4.24751391202895e-06,0.8866597221441628,1.0,1.0
binary,SW,22,0.055,H2O,5.429776593772597e-07,0.1133402778558375,0.0,1.0
binary,SW,22,0.055,Heavy_squalane,4.247708137845657e-06,0.8866597221441626,1.0,1.0
binary,SW,23,0.0575,H2O,5.429745111404191e-07,0.11334027785583736,0.0,1.0
binary,SW,23,0.0575,Heavy_squalane,4.247683509224178e-06,0.8866597221441628,1.0,1.0
binary,SW,24,0.06,H2O,5.429096148199832e-07,0.1133402778558373,0.0,1.0
binary,SW,24,0.06,Heavy_squalane,4.247175826037458e-06,0.8866597221441628,1.0,1.0
binary,SW,25,0.0625,H2O,5.42911390654398e-07,0.1133402778558373,0.0,1.0
binary,SW,25,0.0625,Heavy_squalane,4.247189718370163e-06,0.8866597221441628,1.0,1.0
binary,SW,26,0.065,H2O,5.428464431513823e-07,0.11334027785583718,0.0,1.0
binary,SW,26,0.065,Heavy_squalane,4.246681634782696e-06,0.8866597221441628,1.0,1.0
binary,SW,27,0.0675,H2O,5.428920449263444e-07,0.11334027785583717,0.0,1.0
binary,SW,27,0.0675,Heavy_squalane,4.247038376956636e-06,0.8866597221441628,1.0,1.0
binary,SW,28,0.07,H2O,5.428327303965459e-07,0.11334027785583707,0.0,1.0
binary,SW,28,0.07,Heavy_squalane,4.246574360055455e-06,0.8866597221441629,1.0,1.0
binary,SW,29,0.0725,H2O,5.428506413431344e-07,0.11334027785583704,0.0,1.0
binary,SW,29,0.0725,Heavy_squalane,4.246714477189681e-06,0.886659722144163,1.0,1.0
binary,SW,30,0.075,H2O,5.42769538697733e-07,0.11334027785583714,0.0,1.0
binary,SW,30,0.075,Heavy_squalane,4.246080012104562e-06,0.8866597221441629,1.0,1.0
binary,SW,31,0.0775,H2O,5.427810145466316e-07,0.11334027785583713,0.0,1.0
binary,SW,31,0.0775,Heavy_squalane,4.246169787541753e-06,0.8866597221441628,1.0,1.0
binary,SW,32,0.08,H2O,5.427542053125315e-07,0.11334027785583703,0.0,1.0
binary,SW,32,0.08,Heavy_squalane,4.245960059204155e-06,0.886659722144163,1.0,1.0
binary,SW,33,0.0825,H2O,5.427163865407827e-07,0.11334027785583639,0.0,1.0
binary,SW,33,0.0825,Heavy_squalane,4.245664203377066e-06,0.8866597221441636,1.0,1.0
binary,SW,34,0.085,H2O,5.427336028173356e-07,0.11334027785583677,0.0,1.0
binary,SW,34,0.085,Heavy_squalane,4.24579888611538e-06,0.8866597221441632,1.0,1.0
binary,SW,35,0.0875,H2O,5.426749963784383e-07,0.11334027785583695,0.0,1.0
binary,SW,35,0.0875,Heavy_squalane,4.245340408601362e-06,0.886659722144163,1.0,1.0
binary,SW,36,0.09,H2O,5.427101050816087e-07,0.11334027785583702,0.0,1.0
binary,SW,36,0.09,Heavy_squalane,4.24561506359239e-06,0.886659722144163,1.0,1.0
binary,SW,37,0.0925,H2O,5.426308545512577e-07,0.11334027785583715,0.0,1.0
binary,SW,37,0.0925,Heavy_squalane,4.244995087582531e-06,0.8866597221441629,1.0,1.0
binary,SW,38,0.095,H2O,5.426447180977215e-07,0.11334027785583706,0.0,1.0
binary,SW,38,0.095,Heavy_squalane,4.24510354195099e-06,0.8866597221441629,1.0,1.0
binary,SW,39,0.0975,H2O,5.426073090743187e-07,0.11334027785583704,0.0,1.0
binary,SW,39,0.0975,Heavy_squalane,4.24481089158059e-06,0.886659722144163,1.0,1.0
binary,SW,40,0.1,H2O,5.426018386451006e-07,0.11334027785583696,0.0,1.0
binary,SW,40,0.1,Heavy_squalane,4.24476809647419e-06,0.886659722144163,1.0,1.0
binary,SW,41,0.1025,H2O,5.425407065539428e-07,0.11334027785583697,0.0,1.0
binary,SW,41,0.1025,Heavy_squalane,4.24428986081088e-06,0.886659722144163,1.0,1.0
binary,SW,42,0.105,H2O,5.425757485029168e-07,0.11334027785583697,0.0,1.0
binary,SW,42,0.105,Heavy_squalane,4.244563993584582e-06,0.886659722144163,1.0,1.0
binary,SW,43,0.1075,H2O,5.425172546404243e-07,0.11334027785583695,0.0,1.0
binary,SW,43,0.1075,Heavy_squalane,4.244106396754524e-06,0.886659722144163,1.0,1.0
binary,SW,44,0.11,H2O,5.425306452576056e-07,0.11334027785583699,0.0,1.0
binary,SW,44,0.11,Heavy_squalane,4.244211151402507e-06,0.8866597221441629,1.0,1.0
binary,SW,45,0.1125,H2O,5.424783497575501e-07,0.11334027785583702,0.0,1.0
binary,SW,45,0.1125,Heavy_squalane,4.243802044292255e-06,0.8866597221441629,1.0,1.0
binary,SW,46,0.115,H2O,5.42463401853462e-07,0.11334027785583706,0.0,1.0
binary,SW,46,0.115,Heavy_squalane,4.243685107006268e-06,0.886659722144163,1.0,1.0
binary,SW,47,0.1175,H2O,5.424769116949922e-07,0.11334027785583696,0.0,1.0
binary,SW,47,0.1175,Heavy_squalane,4.243790794345001e-06,0.886659722144163,1.0,1.0
binary,SW,48,0.12,H2O,5.424577979991115e-07,0.11334027785583702,0.0,1.0
binary,SW,48,0.12,Heavy_squalane,4.243641268116553e-06,0.886659722144163,1.0,1.0
binary,SW,49,0.1225,H2O,5.424893862733244e-07,0.11334027785583702,0.0,1.0
binary,SW,49,0.1225,Heavy_squalane,4.243888382831344e-06,0.886659722144163,1.0,1.0
binary,SW,50,0.125,H2O,5.423971201368836e-07,0.11334027785583702,0.0,1.0
binary,SW,50,0.125,Heavy_squalane,4.243166585881066e-06,0.886659722144163,1.0,1.0
binary,SW,51,0.1275,H2O,5.4240347355027e-07,0.11334027785583702,0.0,1.0
binary,SW,51,0.1275,Heavy_squalane,4.243216288562711e-06,0.8866597221441629,1.0,1.0
binary,SW,52,0.13,H2O,5.424104502702833e-07,0.11334027785583695,0.0,1.0
binary,SW,52,0.13,Heavy_squalane,4.243270867365109e-06,0.886659722144163,1.0,1.0
binary,SW,53,0.1325,H2O,5.423981048666692e-07,0.11334027785583699,0.0,1.0
binary,SW,53,0.1325,Heavy_squalane,4.243174289411133e-06,0.8866597221441631,1.0,1.0
binary,SW,54,0.135,H2O,5.423657695675109e-07,0.11334027785583702,0.0,1.0
binary,SW,54,0.135,Heavy_squalane,4.242921330728574e-06,0.8866597221441629,1.0,1.0
binary,SW,55,0.1375,H2O,5.423563800596479e-07,0.11334027785583749,0.0,1.0
binary,SW,55,0.1375,Heavy_squalane,4.242847876713879e-06,0.8866597221441626,1.0,1.0
binary,SW,56,0.14,H2O,5.423214053838693e-07,0.11334027785583702,0.0,1.0
binary,SW,56,0.14,Heavy_squalane,4.242574270217652e-06,0.8866597221441631,1.0,1.0
binary,SW,57,0.1425,H2O,5.423312370062564e-07,0.11334027785583685,0.0,1.0
binary,SW,57,0.1425,Heavy_squalane,4.242651182889295e-06,0.8866597221441631,1.0,1.0
binary,SW,58,0.145,H2O,5.422628290964976e-07,0.1133402778558367,0.0,1.0
binary,SW,58,0.145,Heavy_squalane,4.242116028578701e-06,0.8866597221441632,1.0,1.0
binary,SW,59,0.1475,H2O,5.42324333472347e-07,0.1133402778558365,0.0,1.0
binary,SW,59,0.1475,Heavy_squalane,4.242597176620985e-06,0.8866597221441636,1.0,1.0
binary,SW,60,0.15,H2O,5.42278474828215e-07,0.11334027785583663,0.0,1.0
binary,SW,60,0.15,Heavy_squalane,4.242238424962406e-06,0.8866597221441634,1.0,1.0
binary,SW,61,0.1525,H2O,5.422440502967206e-07,0.11334027785583661,0.0,1.0
binary,SW,61,0.1525,Heavy_squalane,4.241969122238722e-06,0.8866597221441633,1.0,1.0
binary,SW,62,0.155,H2O,5.422700688535391e-07,0.11334027785583672,0.0,1.0
binary,SW,62,0.155,Heavy_squalane,4.242172665116816e-06,0.8866597221441633,1.0,1.0
binary,SW,63,0.1575,H2O,5.422017289901789e-07,0.11334027785583671,0.0,1.0
binary,SW,63,0.1575,Heavy_squalane,4.241638043132428e-06,0.8866597221441632,1.0,1.0
binary,SW,64,0.16,H2O,5.422266354649284e-07,0.11334027785583678,0.0,1.0
binary,SW,64,0.16,Heavy_squalane,4.241832886204974e-06,0.8866597221441632,1.0,1.0
binary,SW,65,0.1625,H2O,5.421490639024135e-07,0.11334027785583681,0.0,1.0
binary,SW,65,0.1625,Heavy_squalane,4.241226044741666e-06,0.8866597221441631,1.0,1.0
binary,SW,66,0.165,H2O,5.422035965593684e-07,0.11334027785583672,0.0,1.0
binary,SW,66,0.165,Heavy_squalane,4.241652653105246e-06,0.8866597221441633,1.0,1.0
binary,SW,67,0.1675,H2O,5.421886245135123e-07,0.11334027785583677,0.0,1.0
binary,SW,67,0.1675,Heavy_squalane,4.241535526958477e-06,0.8866597221441631,1.0,1.0
binary,SW,68,0.17,H2O,5.421451728174669e-07,0.11334027785583678,0.0,1.0
binary,SW,68,0.17,Heavy_squalane,4.241195604827782e-06,0.8866597221441632,1.0,1.0
binary,SW,69,0.1725,H2O,5.421650677393281e-07,0.1133402778558368,0.0,1.0
binary,SW,69,0.1725,Heavy_squalane,4.241351242578309e-06,0.8866597221441633,1.0,1.0
binary,SW,70,0.175,H2O,5.421526018970555e-07,0.11334027785583685,0.0,1.0
binary,SW,70,0.175,Heavy_squalane,4.241253722434057e-06,0.8866597221441632,1.0,1.0
binary,SW,71,0.1775,H2O,5.421591691762394e-07,0.11334027785583689,0.0,1.0
binary,SW,71,0.1775,Heavy_squalane,4.241305098185434e-06,0.886659722144163,1.0,1.0
binary,SW,72,0.18,H2O,5.421094502308342e-07,0.11334027785583696,0.0,1.0
binary,SW,72,0.18,Heavy_squalane,4.240916147433305e-06,0.8866597221441631,1.0,1.0
binary,SW,73,0.1825,H2O,5.421166252678591e-07,0.11334027785583708,0.0,1.0
binary,SW,73,0.1825,Heavy_squalane,4.240972277667452e-06,0.886659722144163,1.0,1.0
binary,SW,74,0.185,H2O,5.420859061835698e-07,0.11334027785583713,0.0,1.0
binary,SW,74,0.185,Heavy_squalane,4.240731962615681e-06,0.8866597221441629,1.0,1.0
binary,SW,75,0.1875,H2O,5.421071498656616e-07,0.11334027785583739,0.0,1.0
binary,SW,75,0.1875,Heavy_squalane,4.240898151702349e-06,0.8866597221441627,1.0,1.0
binary,SW,76,0.19,H2O,5.420502462270277e-07,0.1133402778558377,0.0,1.0
binary,SW,76,0.19,Heavy_squalane,4.240452995175684e-06,0.8866597221441624,1.0,1.0
binary,SW,77,0.1925,H2O,5.420361947754079e-07,0.11334027785583815,0.0,1.0
binary,SW,77,0.1925,Heavy_squalane,4.240343070827281e-06,0.8866597221441619,1.0,1.0
binary,SW,78,0.195,H2O,5.420434840470308e-07,0.11334027785583899,0.0,1.0
binary,SW,78,0.195,Heavy_squalane,4.240400094717376e-06,0.8866597221441611,1.0,1.0
binary,SW,79,0.1975,H2O,5.420283983623876e-07,0.11334027785584039,0.0,1.0
binary,SW,79,0.1975,Heavy_squalane,4.240282079575593e-06,0.8866597221441596,1.0,1.0
binary,SW,80,0.2,H2O,5.420463639513172e-07,0.11334027785584275,0.0,1.0
binary,SW,80,0.2,Heavy_squalane,4.240422624176141e-06,0.8866597221441573,1.0,1.0
binary,SW,81,0.2025,H2O,5.419928757203775e-07,0.11334027785584677,0.0,1.0
binary,SW,81,0.2025,Heavy_squalane,4.240004186345394e-06,0.8866597221441532,1.0,1.0
binary,SW,82,0.205,H2O,5.420217177950945e-07,0.11334027785585367,0.0,1.0
binary,SW,82,0.205,Heavy_squalane,4.240229817572046e-06,0.8866597221441463,1.0,1.0
binary,SW,83,0.2075,H2O,5.41996369099202e-07,0.11334027785586535,0.0,1.0
binary,SW,83,0.2075,Heavy_squalane,4.240031515007963e-06,0.8866597221441347,1.0,1.0
binary,SW,84,0.21,H2O,5.419420117067193e-07,0.11334027785588523,0.0,1.0
binary,SW,84,0.21,Heavy_squalane,4.239606277735548e-06,0.8866597221441148,1.0,1.0
binary,SW,85,0.2125,H2O,5.419865447402571e-07,0.11334027785591888,0.0,1.0
binary,SW,85,0.2125,Heavy_squalane,4.239954659155895e-06,0.8866597221440811,1.0,1.0
binary,SW,86,0.215,H2O,5.419773449179541e-07,0.11334027785597561,0.0,1.0
binary,SW,86,0.215,Heavy_squalane,4.239882689046834e-06,0.8866597221440243,1.0,1.0
binary,SW,87,0.2175,H2O,5.419633626436655e-07,0.11334027785607086,0.0,1.0
binary,SW,87,0.2175,Heavy_squalane,4.239773305867918e-06,0.8866597221439292,1.0,1.0
binary,SW,88,0.22,H2O,5.419513029190796e-07,0.11334027785623074,0.0,1.0
binary,SW,88,0.22,Heavy_squalane,4.239678962771031e-06,0.8866597221437692,1.0,1.0
binary,SW,89,0.2225,H2O,5.419134732831066e-07,0.11334027785649806,0.0,1.0
binary,SW,89,0.2225,Heavy_squalane,4.239383021941936e-06,0.886659722143502,1.0,1.0
binary,SW,90,0.225,H2O,5.418995935830568e-07,0.11334027785694466,0.0,1.0
binary,SW,90,0.225,Heavy_squalane,4.239274441185317e-06,0.8866597221430552,1.0,1.0
binary,SW,91,0.2275,H2O,5.419339601754289e-07,0.11334027785769103,0.0,1.0
binary,SW,91,0.2275,Heavy_squalane,4.239543290620408e-06,0.8866597221423089,1.0,1.0
binary,SW,92,0.23,H2O,5.419061092103262e-07,0.11334027785893162,0.0,1.0
binary,SW,92,0.23,Heavy_squalane,4.23932541278053e-06,0.8866597221410685,1.0,1.0
binary,SW,93,0.2325,H2O,5.41894187407694e-07,0.11334027786099338,0.0,1.0
binary,SW,93,0.2325,Heavy_squalane,4.239232148565315e-06,0.8866597221390067,1.0,1.0
binary,SW,94,0.235,H2O,5.41871504146355e-07,0.11334027786441221,0.0,1.0
binary,SW,94,0.235,Heavy_squalane,4.239054697522131e-06,0.8866597221355877,1.0,1.0
binary,SW,95,0.2375,H2O,5.418440600290683e-07,0.11334027787007205,0.0,1.0
binary,SW,95,0.2375,Heavy_squalane,4.238840002261769e-06,0.8866597221299279,1.0,1.0
binary,SW,96,0.24,H2O,5.418895587739323e-07,0.11334027787946253,0.0,1.0
binary,SW,96,0.24,Heavy_squalane,4.239195938036232e-06,0.8866597221205373,1.0,1.0
binary,SW,97,0.2425,H2O,5.41863757887053e-07,0.11334027789495678,0.0,1.0
binary,SW,97,0.2425,Heavy_squalane,4.238994097334104e-06,0.8866597221050432,1.0,1.0
binary,SW,98,0.245,H2O,5.418632217950283e-07,0.11334027792055108,0.0,1.0
binary,SW,98,0.245,Heavy_squalane,4.238989902412607e-06,0.8866597220794489,1.0,1.0
binary,SW,99,0.2475,H2O,5.418287959449724e-07,0.11334027796270058,0.0,1.0
binary,SW,99,0.2475,Heavy_squalane,4.238720587596191e-06,0.8866597220372994,1.0,1.0
binary,SW,100,0.25,H2O,5.418162408516223e-07,0.11334027803214639,0.0,1.0
binary,SW,100,0.25,Heavy_squalane,4.2386223663128e-06,0.8866597219678536,1.0,1.0
binary,SW,101,0.2525,H2O,5.418435066581168e-07,0.1133402781466414,0.0,1.0
binary,SW,101,0.2525,Heavy_squalane,4.238835661581362e-06,0.8866597218533587,1.0,1.0
binary,SW,102,0.255,H2O,5.41821663858262e-07,0.11334027833472143,0.0,1.0
binary,SW,102,0.255,Heavy_squalane,4.238664777670766e-06,0.8866597216652785,1.0,1.0
binary,SW,103,0.2575,H2O,5.418068163424332e-07,0.11334027864373784,0.0,1.0
binary,SW,103,0.2575,Heavy_squalane,4.238548612688167e-06,0.8866597213562621,1.0,1.0
binary,SW,104,0.26,H2O,5.418003613789202e-07,0.11334027915117251,0.0,1.0
binary,SW,104,0.26,Heavy_squalane,4.238498094179588e-06,0.8866597208488274,1.0,1.0
binary,SW,105,0.2625,H2O,5.417623029889355e-07,0.11334027998242269,0.0,1.0
binary,SW,105,0.2625,Heavy_squalane,4.238200328768763e-06,0.8866597200175772,1.0,1.0
binary,SW,106,0.265,H2O,5.417877603805594e-07,0.11334028134774331,0.0,1.0
binary,SW,106,0.265,Heavy_squalane,4.238399424070495e-06,0.8866597186522567,1.0,1.0
binary,SW,107,0.2675,H2O,5.417681871754937e-07,0.11334028358230652,0.0,1.0
binary,SW,107,0.2675,Heavy_squalane,4.238246208871675e-06,0.8866597164176935,1.0,1.0
binary,SW,108,0.27,H2O,5.417532173701087e-07,0.11334028724075763,0.0,1.0
binary,SW,108,0.27,Heavy_squalane,4.238128945971471e-06,0.8866597127592423,1.0,1.0
binary,SW,109,0.2725,H2O,5.417818809991176e-07,0.1133402932401997,0.0,1.0
binary,SW,109,0.2725,Heavy_squalane,4.238352928171797e-06,0.8866597067598002,1.0,1.0
binary,SW,110,0.275,H2O,5.417219318385826e-07,0.11334030303164526,0.0,1.0
binary,SW,110,0.275,Heavy_squalane,4.237883533724102e-06,0.8866596969683548,1.0,1.0
binary,SW,111,0.2775,H2O,5.417342903906148e-07,0.1133403190847832,0.0,1.0
binary,SW,111,0.2775,Heavy_squalane,4.23797953753125e-06,0.8866596809152167,1.0,1.0
binary,SW,112,0.28,H2O,5.417384955263914e-07,0.11334034537025227,0.0,1.0
binary,SW,112,0.28,Heavy_squalane,4.238011325745797e-06,0.8866596546297476,1.0,1.0
binary,SW,113,0.2825,H2O,5.417014428073788e-07,0.11334038833309337,0.0,1.0
binary,SW,113,0.2825,Heavy_squalane,4.237719651245919e-06,0.8866596116669067,1.0,1.0
binary,SW,114,0.285,H2O,5.417283570054476e-07,0.1133404588003122,0.0,1.0
binary,SW,114,0.285,Heavy_squalane,4.237927228824556e-06,0.8866595411996877,1.0,1.0
binary,SW,115,0.2875,H2O,5.416945470342562e-07,0.11334057394262279,0.0,1.0
binary,SW,115,0.2875,Heavy_squalane,4.23765787894236e-06,0.8866594260573774,1.0,1.0
binary,SW,116,0.29,H2O,5.417064583605765e-07,0.11334076256470225,0.0,1.0
binary,SW,116,0.29,Heavy_squalane,4.237743106850663e-06,0.8866592374352977,1.0,1.0
binary,SW,117,0.2925,H2O,5.416890129041548e-07,0.11334107084322202,0.0,1.0
binary,SW,117,0.2925,Heavy_squalane,4.237593632602531e-06,0.8866589291567779,1.0,1.0
binary,SW,118,0.295,H2O,5.416779802938781e-07,0.11334157442024112,0.0,1.0
binary,SW,118,0.295,Heavy_squalane,4.237486091359802e-06,0.8866584255797589,1.0,1.0
binary,SW,119,0.2975,H2O,5.416820569648939e-07,0.11334239765052144,0.0,1.0
binary,SW,119,0.2975,Heavy_squalane,4.237483270339278e-06,0.8866576023494785,1.0,1.0
binary,SW,120,0.3,H2O,5.416678190677912e-07,0.11334374072073806,0.0,1.0
binary,SW,120,0.3,Heavy_squalane,4.237315260398232e-06,0.886656259279262,1.0,1.0
binary,SW,121,0.3025,H2O,5.416740147636834e-07,0.11334593254414888,0.0,1.0
binary,SW,121,0.3025,Heavy_squalane,4.237271313095332e-06,0.8866540674558512,1.0,1.0
binary,SW,122,0.305,H2O,5.417032122972306e-07,0.11334952496545926,0.0,1.0
binary,SW,122,0.305,Heavy_squalane,4.237348243474663e-06,0.8866504750345409,1.0,1.0
binary,SW,123,0.3075,H2O,5.416799013053386e-07,0.11335538814296807,0.0,1.0
binary,SW,123,0.3075,Heavy_squalane,4.236918718304623e-06,0.8866446118570319,1.0,1.0
binary,SW,124,0.31,H2O,5.417392916567874e-07,0.11336504972615546,0.0,1.0
binary,SW,124,0.31,Heavy_squalane,4.236975955815096e-06,0.8866349502738445,1.0,1.0
binary,SW,125,0.3125,H2O,5.41779515117549e-07,0.11338079559304738,0.0,1.0
binary,SW,125,0.3125,Heavy_squalane,4.236626848003539e-06,0.8866192044069527,1.0,1.0
binary,SW,126,0.315,H2O,5.418650913718512e-07,0.11340643869619398,0.0,1.0
binary,SW,126,0.315,Heavy_squalane,4.23621539154906e-06,0.8865935613038061,1.0,1.0
binary,SW,127,0.3175,H2O,5.420381811034615e-07,0.11344874762169409,0.0,1.0
binary,SW,127,0.3175,Heavy_squalane,4.235786100491438e-06,0.886551252378306,1.0,1.0
binary,SW,128,0.32,H2O,5.422746717810986e-07,0.1135168307166308,0.0,1.0
binary,SW,128,0.32,Heavy_squalane,4.234767361173162e-06,0.8864831692833691,1.0,1.0
binary,SW,129,0.3225,H2O,5.426865623448585e-07,0.11362846757954939,0.0,1.0
binary,SW,129,0.3225,Heavy_squalane,4.233287046248716e-06,0.8863715324204506,1.0,1.0
binary,SW,130,0.325,H2O,5.43374331361738e-07,0.11380935860706161,0.0,1.0
binary,SW,130,0.325,Heavy_squalane,4.231051410178492e-06,0.8861906413929383,1.0,1.0
binary,SW,131,0.3275,H2O,5.444536027779425e-07,0.11409794573698769,0.0,1.0
binary,SW,131,0.3275,Heavy_squalane,4.227355383450319e-06,0.8859020542630123,1.0,1.0
binary,SW,132,0.33,H2O,5.463061322674537e-07,0.11458819778393875,0.0,1.0
binary,SW,132,0.33,Heavy_squalane,4.221254077533024e-06,0.8854118022160612,1.0,1.0
binary,SW,133,0.3325,H2O,5.490831717499295e-07,0.11533054308886262,0.0,1.0
binary,SW,133,0.3325,Heavy_squalane,4.21186875862344e-06,0.8846694569111374,1.0,1.0
binary,SW,134,0.335,H2O,5.538362140049441e-07,0.11659716818266333,0.0,1.0
binary,SW,134,0.335,Heavy_squalane,4.196160914032452e-06,0.8834028318173367,1.0,1.0
binary,SW,135,0.3375,H2O,5.620144929917498e-07,0.11878630666753814,0.0,1.0
binary,SW,135,0.3375,Heavy_squalane,4.169292580682398e-06,0.8812136933324619,1.0,1.0
binary,SW,136,0.34,H2O,5.736240680620377e-07,0.12194007067535176,0.0,1.0
binary,SW,136,0.34,Heavy_squalane,4.130523345377068e-06,0.8780599293246482,1.0,1.0
binary,SW,137,0.3425,H2O,5.932175072613696e-07,0.1273230408871165,0.0,1.0
binary,SW,137,0.3425,Heavy_squalane,4.065935330498067e-06,0.8726769591128835,1.0,1.0
binary,SW,138,0.345,H2O,6.142725490105924e-07,0.1332468985043593,0.0,1.0
binary,SW,138,0.345,Heavy_squalane,3.995760073928813e-06,0.8667531014956407,1.0,1.0
binary,SW,139,0.3475,H2O,6.544302030090262e-07,0.14487960716674605,0.0,1.0
binary,SW,139,0.3475,Heavy_squalane,3.862632037888852e-06,0.8551203928332539,1.0,1.0
binary,SW,140,0.35,H2O,7.054904292638338e-07,0.16039164746408976,0.0,1.0
binary,SW,140,0.35,Heavy_squalane,3.693058001518927e-06,0.8396083525359102,1.0,1.0
binary,SW,141,0.3525,H2O,9.119274755357464e-07,0.19085865453211387,0.0,0.10831361028530476
binary,SW,141,0.3525,Heavy_squalane,3.866097800663115e-06,0.8091413454678862,1.0,0.10831361028530476
binary,SW,142,0.355,H2O,1.081814491023901e-06,0.22756005722318287,0.0,0.1529306068326047
binary,SW,142,0.355,Heavy_squalane,3.672159049960471e-06,0.772439942776817,1.0,0.1529306068326047
binary,SW,143,0.3575,H2O,1.245166804620074e-06,0.26320051860694504,0.0,0.19584739417437663
binary,SW,143,0.3575,Heavy_squalane,3.485700790969907e-06,0.7367994813930551,1.0,0.19584739417437663
binary,SW,144,0.36,H2O,1.406864569259757e-06,0.2988413944218687,0.0,0.23835266581767686
binary,SW,144,0.36,Heavy_squalane,3.300865335365548e-06,0.7011586055781313,1.0,0.23835266581767686
binary,SW,145,0.3625,H2O,1.559249239549627e-06,0.33274448196851664,0.0,0.2784243457921647
binary,SW,145,0.3625,Heavy_squalane,3.126776597227913e-06,0.6672555180314834,1.0,0.2784243457921647
binary,SW,146,0.365,H2O,1.686067580274082e-06,0.36116455434937084,0.0,0.3117569789685187
binary,SW,146,0.365,Heavy_squalane,2.982351731558697e-06,0.6388354456506292,1.0,0.3117569789685187
binary,SW,147,0.3675,H2O,1.806348949834082e-06,0.388353773307656,0.0,0.3434009128694188
binary,SW,147,0.3675,Heavy_squalane,2.844948588616979e-06,0.6116462266923439,1.0,0.3434009128694188
binary,SW,148,0.37,H2O,1.913204678675118e-06,0.412689144181065,0.0,0.3715309754879219
binary,SW,148,0.37,Heavy_squalane,2.722741542957769e-06,0.587310855818935,1.0,0.3715309754879219
binary,SW,149,0.3725,H2O,2.007157776206971e-06,0.43420126407561,0.0,0.3962545338259714
binary,SW,149,0.3725,Heavy_squalane,2.615486011991335e-06,0.56579873592439,1.0,0.3962545338259714
binary,SW,150,0.375,H2O,2.090422129335007e-06,0.45337646272696197,0.0,0.4181747599995673
binary,SW,150,0.375,Heavy_squalane,2.520364493246958e-06,0.546623537273038,1.0,0.4181747599995673
binary,SW,151,0.3775,H2O,2.167055068314128e-06,0.4711181042932196,0.0,0.4383584982631594
binary,SW,151,0.3775,Heavy_squalane,2.43275769321238e-06,0.5288818957067803,1.0,0.4383584982631594
binary,SW,152,0.38,H2O,2.230935016342397e-06,0.48593974928941275,0.0,0.4551539789130729
binary,SW,152,0.38,Heavy_squalane,2.36003540664663e-06,0.5140602507105873,1.0,0.4551539789130729
binary,SW,153,0.3825,H2O,2.287681950266178e-06,0.49915364879436125,0.0,0.4700729217567294
binary,SW,153,0.3825,Heavy_squalane,2.295439811523538e-06,0.5008463512056388,1.0,0.4700729217567294
binary,SW,154,0.385,H2O,2.3382263911649e-06,0.5109606884273937,0.0,0.48336009758759607
binary,SW,154,0.385,Heavy_squalane,2.237911155465865e-06,0.48903931157260633,1.0,0.48336009758759607
binary,SW,155,0.3875,H2O,2.387530005722943e-06,0.5225583025264406,0.0,0.496367486065754
binary,SW,155,0.3875,Heavy_squalane,2.181395593927514e-06,0.4774416974735593,1.0,0.496367486065754
binary,SW,156,0.39,H2O,2.429452839612042e-06,0.532411197543189,0.0,0.5073911178123143
binary,SW,156,0.39,Heavy_squalane,2.133660879300614e-06,0.467588802456811,1.0,0.5073911178123143
binary,SW,157,0.3925,H2O,2.466970399614109e-06,0.5412497871884042,0.0,0.5172559766249923
binary,SW,157,0.3925,Heavy_squalane,2.090944370993235e-06,0.45875021281159584,1.0,0.5172559766249923
binary,SW,158,0.395,H2O,2.504477169733743e-06,0.5501548395554786,0.0,0.5271686658016639
binary,SW,158,0.395,Heavy_squalane,2.047836087670924e-06,0.44984516044452133,1.0,0.5271686658016639
binary,SW,159,0.3975,H2O,2.536086574034445e-06,0.5576375886387481,0.0,0.5354834487777013
binary,SW,159,0.3975,Heavy_squalane,2.011825234108365e-06,0.44236241136125204,1.0,0.5354834487777013
binary,SW,160,0.4,H2O,2.565003612874496e-06,0.5645009153566687,0.0,0.5430958002640262
binary,SW,160,0.4,Heavy_squalane,1.978839529087195e-06,0.4354990846433313,1.0,0.5430958002640262
binary,SW,161,0.4025,H2O,2.59163978614695e-06,0.5708293143161912,0.0,0.5501028984118674
binary,SW,161,0.4025,Heavy_squalane,1.948491074601734e-06,0.4291706856838089,1.0,0.5501028984118674
binary,SW,162,0.405,H2O,2.616316741843512e-06,0.5767013222722254,0.0,0.5565944323588786
binary,SW,162,0.405,Heavy_squalane,1.920376067417136e-06,0.4232986777277748,1.0,0.5565944323588786
binary,SW,163,0.4075,H2O,2.639328170376293e-06,0.5821849184140467,0.0,0.5626477063098517
binary,SW,163,0.4075,Heavy_squalane,1.894159535842879e-06,0.41781508158595315,1.0,0.5626477063098517
binary,SW,164,0.41,H2O,2.660917823023362e-06,0.5873366930363142,0.0,0.5683268994947644
binary,SW,164,0.41,Heavy_squalane,1.869563338075901e-06,0.41266330696368586,1.0,0.5683268994947644
binary,SW,165,0.4125,H2O,2.681284292837951e-06,0.5922028179339661,0.0,0.5736842847755896
binary,SW,165,0.4125,Heavy_squalane,1.846360986176795e-06,0.4077971820660338,1.0,0.5736842847755896
binary,SW,166,0.415,H2O,2.70058743345064e-06,0.5968204868250128,0.0,0.5787619312083954
binary,SW,166,0.415,Heavy_squalane,1.824370226460337e-06,0.40317951317498724,1.0,0.5787619312083954
binary,SW,167,0.4175,H2O,2.718955293529092e-06,0.6012194969997403,0.0,0.583593532364098
binary,SW,167,0.4175,Heavy_squalane,1.803445106154331e-06,0.3987805030002597,1.0,0.583593532364098
binary,SW,168,0.42,H2O,2.736490683449778e-06,0.6054237645183103,0.0,0.5882061372409485
binary,SW,168,0.42,Heavy_squalane,1.783468465539023e-06,0.3945762354816897,1.0,0.5882061372409485
binary,SW,169,0.4225,H2O,2.75327687812568e-06,0.609452650578031,0.0,0.5926216546890809
binary,SW,169,0.4225,Heavy_squalane,1.764345410520295e-06,0.39054734942196906,1.0,0.5926216546890809
binary,SW,170,0.425,H2O,2.769382281651559e-06,0.6133220484978242,0.0,0.5968580807530215
binary,SW,170,0.425,Heavy_squalane,1.745997996025485e-06,0.38667795150217577,1.0,0.5968580807530215
binary,SW,171,0.4275,H2O,2.784864068438618e-06,0.6170452342278085,0.0,0.600930456212129
binary,SW,171,0.4275,Heavy_squalane,1.728361079347657e-06,0.3829547657721914,1.0,0.600930456212129
binary,SW,172,0.43,H2O,2.799770918602205e-06,0.6206335085601288,0.0,0.6048515883967251
binary,SW,172,0.43,Heavy_squalane,1.711379188483827e-06,0.37936649143987117,1.0,0.6048515883967251
binary,SW,173,0.4325,H2O,2.814145049516935e-06,0.6240966707811445,0.0,0.6086325831838258
binary,SW,173,0.4325,Heavy_squalane,1.695004223775355e-06,0.37590332921885555,1.0,0.6086325831838258
binary,SW,174,0.435,H2O,2.828023659919867e-06,0.6274433591351171,0.0,0.6122832276035804
binary,SW,174,0.435,Heavy_squalane,1.679193794446185e-06,0.37255664086488294,1.0,0.6122832276035804
binary,SW,175,0.4375,H2O,2.841439976012082e-06,0.6306812938882994,0.0,0.6158122634038911
binary,SW,175,0.4375,Heavy_squalane,1.663910037611966e-06,0.3693187061117006,1.0,0.6158122634038911
binary,SW,176,0.44,H2O,2.854423997742597e-06,0.633817450196554,0.0,0.6192275821281447
binary,SW,176,0.44,Heavy_squalane,1.649118776059872e-06,0.366182549803446,1.0,0.6192275821281447
binary,SW,177,0.4425,H2O,2.867003019964542e-06,0.6368581818129214,0.0,0.622536365238868
binary,SW,177,0.4425,Heavy_squalane,1.63478890457845e-06,0.36314181818707864,1.0,0.622536365238868
binary,SW,178,0.445,H2O,2.879202029835384e-06,0.6398093112580957,0.0,0.6257451867119693
binary,SW,178,0.445,Heavy_squalane,1.620891950000319e-06,0.3601906887419043,1.0,0.6257451867119693
binary,SW,179,0.4475,H2O,2.891044000718875e-06,0.6426761972026885,0.0,0.6288600900762197
binary,SW,179,0.4475,Heavy_squalane,1.607401738056621e-06,0.35732380279731135,1.0,0.6288600900762197
binary,SW,180,0.45,H2O,2.902550116526461e-06,0.6454637865857672,0.0,0.6318866482695841
binary,SW,180,0.45,Heavy_squalane,1.594294132288386e-06,0.3545362134142328,1.0,0.6318866482695841
binary,SW,181,0.4525,H2O,2.913739954944302e-06,0.6481766563180963,0.0,0.6348300117119532
binary,SW,181,0.4525,Heavy_squalane,1.58154682612479e-06,0.35182334368190377,1.0,0.6348300117119532
binary,SW,182,0.455,H2O,2.924631639457748e-06,0.6508190477251824,0.0,0.6376949481138423
binary,SW,182,0.455,Heavy_squalane,1.569139170846985e-06,0.3491809522748175,1.0,0.6376949481138423
binary,SW,183,0.4575,H2O,2.935241966498768e-06,0.6533948955736585,0.0,0.6404858760908451
binary,SW,183,0.4575,Heavy_squalane,1.557052029648425e-06,0.3466051044263415,1.0,0.6404858760908451
binary,SW,184,0.46,H2O,2.945586520905182e-06,0.6559078534934365,0.0,0.6432068946016222
binary,SW,184,0.46,Heavy_squalane,1.545267652004424e-06,0.3440921465065635,1.0,0.6432068946016222
binary,SW,185,0.4625,H2O,2.955679761262398e-06,0.6583613162836508,0.0,0.6458618087789556
binary,SW,185,0.4625,Heavy_squalane,1.533769555029086e-06,0.34163868371634903,1.0,0.6458618087789556
binary,SW,186,0.465,H2O,2.96553513060474e-06,0.660758439832064,0.0,0.6484541529774845
binary,SW,186,0.465,Heavy_squalane,1.522542435772543e-06,0.33924156016793605,1.0,0.6484541529774845
binary,SW,187,0.4675,H2O,2.975165109480335e-06,0.6631021589862267,0.0,0.6509872114317143
binary,SW,187,0.4675,Heavy_squalane,1.511572068436367e-06,0.33689784101377335,1.0,0.6509872114317143
binary,SW,188,0.47,H2O,2.984581304813429e-06,0.6653952037573229,0.0,0.6534640369593551
binary,SW,188,0.47,Heavy_squalane,1.500845232619113e-06,0.33460479624267725,1.0,0.6534640369593551
binary,SW,189,0.4725,H2O,2.993794507322801e-06,0.6676401140913374,0.0,0.655887467982898
binary,SW,189,0.4725,Heavy_squalane,1.490349635809424e-06,0.3323598859086626,1.0,0.655887467982898
binary,SW,190,0.475,H2O,3.002814752406728e-06,0.669839253484995,0.0,0.6582601441856357
binary,SW,190,0.475,Heavy_squalane,1.48007384628898e-06,0.3301607465150051,1.0,0.6582601441856357
binary,SW,191,0.4775,H2O,3.011651375772058e-06,0.671994821589858,0.0,0.660584520970673
binary,SW,191,0.4775,Heavy_squalane,1.470007230832762e-06,0.3280051784101419,1.0,0.660584520970673
binary,SW,192,0.48,H2O,3.020313060729441e-06,0.6741088659683782,0.0,0.6628628829117409
binary,SW,192,0.48,Heavy_squalane,1.460139894581669e-06,0.3258911340316218,1.0,0.6628628829117409
binary,SW,193,0.4825,H2O,3.028807892304247e-06,0.6761832932094395,0.0,0.6650973564295782
binary,SW,193,0.4825,Heavy_squalane,1.450462629048476e-06,0.3238167067905605,1.0,0.6650973564295782
binary,SW,194,0.485,H2O,3.037143398378296e-06,0.6782198791978984,0.0,0.6672899214815082
binary,SW,194,0.485,Heavy_squalane,1.440966859861547e-06,0.32178012080210155,1.0,0.6672899214815082
binary,SW,195,0.4875,H2O,3.045326590642798e-06,0.6802202788117399,0.0,0.669442422567139
binary,SW,195,0.4875,Heavy_squalane,1.431644598693993e-06,0.31977972118826026,1.0,0.669442422567139
binary,SW,196,0.49,H2O,3.053364007835454e-06,0.6821860349870739,0.0,0.6715565789928415
binary,SW,196,0.49,Heavy_squalane,1.422488400801597e-06,0.3178139650129262,1.0,0.6715565789928415
binary,SW,197,0.4925,H2O,3.061261742956017e-06,0.6841185871527324,0.0,0.6736339944034001
binary,SW,197,0.4925,Heavy_squalane,1.413491319516436e-06,0.3158814128472676,1.0,0.6736339944034001
binary,SW,198,0.495,H2O,3.069025488339301e-06,0.686019279084384,0.0,0.6756761656404393
binary,SW,198,0.495,Heavy_squalane,1.404646873223871e-06,0.31398072091561596,1.0,0.6756761656404393
binary,SW,199,0.4975,H2O,3.076660561889433e-06,0.6878893661640131,0.0,0.6776844909176494
binary,SW,199,0.4975,Heavy_squalane,1.395949007649786e-06,0.31211063383598686,1.0,0.6776844909176494
binary,SW,200,0.5,H2O,3.084171930089201e-06,0.6897300221186633,0.0,0.679660277397163
binary,SW,200,0.5,Heavy_squalane,1.387392060434892e-06,0.3102699778813367,1.0,0.679660277397163
binary,SW,201,0.5025,H2O,3.091564246885521e-06,0.6915423452657673,0.0,0.6816047482004888
binary,SW,201,0.5025,Heavy_squalane,1.378970736330003e-06,0.3084576547342327,1.0,0.6816047482004888
binary,SW,202,0.505,H2O,3.098841863522286e-06,0.6933273642995459,0.0,0.68351904889503
binary,SW,202,0.505,Heavy_squalane,1.370680072414832e-06,0.30667263570045405,1.0,0.68351904889503
binary,SW,203,0.5075,H2O,3.106008866102387e-06,0.6950860436741176,0.0,0.6854042535190582
binary,SW,203,0.5075,Heavy_squalane,1.362515418581136e-06,0.30491395632588225,1.0,0.6854042535190582
binary,SW,204,0.51,H2O,3.113069084721083e-06,0.6968192886219695,0.0,0.6872613701897744
binary,SW,204,0.51,Heavy_squalane,1.354472407819245e-06,0.3031807113780306,1.0,0.6872613701897744
binary,SW,205,0.5125,H2O,3.120026126003798e-06,0.6985279497848588,0.0,0.6890913462723841
binary,SW,205,0.5125,Heavy_squalane,1.346546939490206e-06,0.30147205021514134,1.0,0.6890913462723841
binary,SW,206,0.515,H2O,3.126883372256021e-06,0.7002128275163411,0.0,0.6908950731762329
binary,SW,206,0.515,Heavy_squalane,1.338735150253906e-06,0.29978717248365905,1.0,0.6908950731762329
binary,SW,207,0.5175,H2O,3.133644022621943e-06,0.701874675862172,0.0,0.6926733907868302
binary,SW,207,0.5175,Heavy_squalane,1.331033405399837e-06,0.2981253241378279,1.0,0.6926733907868302
binary,SW,208,0.52,H2O,3.140311087234207e-06,0.703514206326975,0.0,0.6944270916516816
binary,SW,208,0.52,Heavy_squalane,1.32343827133194e-06,0.2964857936730249,1.0,0.6944270916516816
binary,SW,209,0.5225,H2O,3.146887412204872e-06,0.7051320911638457,0.0,0.696156924640096
binary,SW,209,0.5225,Heavy_squalane,1.315946504502595e-06,0.2948679088361543,1.0,0.696156924640096
binary,SW,210,0.525,H2O,3.153375694328578e-06,0.706728966255998,0.0,0.697863598152919
binary,SW,210,0.525,Heavy_squalane,1.308555038515239e-06,0.2932710337440021,1.0,0.697863598152919
binary,SW,211,0.5275,H2O,3.15977848067349e-06,0.7083054336422886,0.0,0.6995477829396448
binary,SW,211,0.5275,Heavy_squalane,1.301260967273559e-06,0.29169456635771146,1.0,0.6995477829396448
binary,SW,212,0.53,H2O,3.166098189632592e-06,0.7098620637122656,0.0,0.7012101145517833
binary,SW,212,0.53,Heavy_squalane,1.294061539252334e-06,0.2901379362877346,1.0,0.7012101145517833
binary,SW,213,0.5325,H2O,3.172337109799734e-06,0.7113993971635191,0.0,0.7028511955331184
binary,SW,213,0.5325,Heavy_squalane,1.286954144098468e-06,0.2886006028364809,1.0,0.7028511955331184
binary,SW,214,0.535,H2O,3.178497413549301e-06,0.7129179467653521,0.0,0.7044715973948197
binary,SW,214,0.535,Heavy_squalane,1.279936306587447e-06,0.2870820532346479,1.0,0.7044715973948197
binary,SW,215,0.5375,H2O,3.184581166028822e-06,0.7144181989806366,0.0,0.706071862431791
binary,SW,215,0.5375,Heavy_squalane,1.273005679564869e-06,0.2855818010193633,1.0,0.706071862431791
binary,SW,216,0.54,H2O,3.190590321532823e-06,0.7159006155090938,0.0,0.7076525054482965
binary,SW,216,0.54,Heavy_squalane,1.266160032374778e-06,0.28409938449090627,1.0,0.7076525054482965
binary,SW,217,0.5425,H2O,3.196526741659891e-06,0.7173656347984287,0.0,0.709214015442945
binary,SW,217,0.5425,Heavy_squalane,1.25939724828434e-06,0.28263436520157115,1.0,0.709214015442945
binary,SW,218,0.545,H2O,3.202392189457034e-06,0.7188136735254239,0.0,0.710756857255633
binary,SW,218,0.545,Heavy_squalane,1.252715312534256e-06,0.2811863264745761,1.0,0.710756857255633
binary,SW,219,0.5475,H2O,3.208188351218779e-06,0.7202451280924402,0.0,0.7122814732251532
binary,SW,219,0.5475,Heavy_squalane,1.246112311273203e-06,0.27975487190755977,1.0,0.7122814732251532
binary,SW,220,0.55,H2O,3.213916825750511e-06,0.7216603761239431,0.0,0.7137882848413286
binary,SW,220,0.55,Heavy_squalane,1.239586417717757e-06,0.2783396238760568,1.0,0.7137882848413286
binary,SW,221,0.5525,H2O,3.219579145120385e-06,0.7230597779972799,0.0,0.7152776944283329
binary,SW,221,0.5525,Heavy_squalane,1.23313589047173e-06,0.2769402220027201,1.0,0.7152776944283329
binary,SW,222,0.555,H2O,3.225176771232967e-06,0.7244436783663236,0.0,0.7167500868152527
binary,SW,222,0.555,Heavy_squalane,1.2267590624898e-06,0.2755563216336764,1.0,0.7167500868152527
binary,SW,223,0.5575,H2O,3.230711108168845e-06,0.7258124076891348,0.0,0.718205831006025
binary,SW,223,0.5575,Heavy_squalane,1.220454336157036e-06,0.27418759231086526,1.0,0.718205831006025
binary,SW,224,0.56,H2O,3.23618350196211e-06,0.7271662837187186,0.0,0.7196452818054221
binary,SW,224,0.56,Heavy_squalane,1.214220173813823e-06,0.2728337162812815,1.0,0.7196452818054221
binary,SW,225,0.5625,H2O,3.24159525563468e-06,0.7285056129300652,0.0,0.721068781372861
binary,SW,225,0.5625,Heavy_squalane,1.208055094479871e-06,0.27149438706993484,1.0,0.721068781372861
binary,SW,226,0.565,H2O,3.2469476272787e-06,0.7298306918417236,0.0,0.7224766606600039
binary,SW,226,0.565,Heavy_squalane,1.201957664830962e-06,0.27016930815827644,1.0,0.7224766606600039
binary,SW,227,0.5675,H2O,3.252241837665906e-06,0.7311418082348827,0.0,0.7238692407357795
binary,SW,227,0.5675,Heavy_squalane,1.195926494435694e-06,0.2688581917651173,1.0,0.7238692407357795
binary,SW,228,0.57,H2O,3.257479072376282e-06,0.7324392421931387,0.0,0.7252468339175876
binary,SW,228,0.57,Heavy_squalane,1.189960230059823e-06,0.26756075780686134,1.0,0.7252468339175876
binary,SW,229,0.5725,H2O,3.26266049117479e-06,0.733723266979379,0.0,0.7266097447267726
binary,SW,229,0.5725,Heavy_squalane,1.184057553636083e-06,0.2662767330206211,1.0,0.7266097447267726
binary,SW,230,0.575,H2O,3.26778722283569e-06,0.7349941497361004,0.0,0.7279582706542376
binary,SW,230,0.575,Heavy_squalane,1.178217175987061e-06,0.26500585026389967,1.0,0.7279582706542376
binary,SW,231,0.5775,H2O,3.272860376266288e-06,0.7362521520233606,0.0,0.7292927027518918
binary,SW,231,0.5775,Heavy_squalane,1.172437837493559e-06,0.26374784797663947,1.0,0.7292927027518918
binary,SW,232,0.58,H2O,3.277881033580581e-06,0.7374975302017119,0.0,0.7306133260580436
binary,SW,232,0.58,Heavy_squalane,1.166718303157607e-06,0.26250246979828795,1.0,0.7306133260580436
binary,SW,233,0.5825,H2O,3.282850254369222e-06,0.7387305356808188,0.0,0.7319204198791774
binary,SW,233,0.5825,Heavy_squalane,1.161057362558683e-06,0.26126946431918124,1.0,0.7319204198791774
binary,SW,234,0.585,H2O,3.287769082401976e-06,0.7399514150476737,0.0,0.7332142579432289
binary,SW,234,0.585,Heavy_squalane,1.155453831348585e-06,0.2600485849523262,1.0,0.7332142579432289
binary,SW,235,0.5875,H2O,3.292638538266847e-06,0.7411604100914715,0.0,0.7344951084426204
binary,SW,235,0.5875,Heavy_squalane,1.149906548377056e-06,0.25883958990852846,1.0,0.7344951084426204
binary,SW,236,0.59,H2O,3.297459616530988e-06,0.7423577577503615,0.0,0.7357632339941529
binary,SW,236,0.59,Heavy_squalane,1.144414374957427e-06,0.25764224224963855,1.0,0.7357632339941529
binary,SW,237,0.5925,H2O,3.302233295230811e-06,0.7435436899929185,0.0,0.7370188915294363
binary,SW,237,0.5925,Heavy_squalane,1.138976198810167e-06,0.2564563100070816,1.0,0.7370188915294363
binary,SW,238,0.595,H2O,3.306960529913965e-06,0.7447184336476506,0.0,0.7382623321301617
binary,SW,238,0.595,Heavy_squalane,1.133590932893777e-06,0.25528156635234944,1.0,0.7382623321301617
binary,SW,239,0.5975,H2O,3.311642251055088e-06,0.7458822102089947,0.0,0.7394938008383964
binary,SW,239,0.5975,Heavy_squalane,1.128257515594625e-06,0.25411778979100524,1.0,0.7394938008383964
binary,SW,240,0.6,H2O,3.316279366975476e-06,0.7470352356305033,0.0,0.7407135364533128
binary,SW,240,0.6,Heavy_squalane,1.122974912879893e-06,0.25296476436949666,1.0,0.7407135364533128
binary,SW,241,0.6025,H2O,3.320872759177103e-06,0.7481777201152799,0.0,0.7419217713249632
binary,SW,241,0.6025,Heavy_squalane,1.117742117867645e-06,0.2518222798847201,1.0,0.7419217713249632
binary,SW,242,0.605,H2O,3.325423291221563e-06,0.7493098679255829,0.0,0.7431187311683556
binary,SW,242,0.605,Heavy_squalane,1.112558154862669e-06,0.25069013207441715,1.0,0.7431187311683556
binary,SW,243,0.6075,H2O,3.329931787264192e-06,0.7504318772116715,0.0,0.7443046348977534
binary,SW,243,0.6075,Heavy_squalane,1.107422073071529e-06,0.2495681227883286,1.0,0.7443046348977534
binary,SW,244,0.61,H2O,3.334399058913808e-06,0.7515439398842059,0.0,0.7454796945069899
binary,SW,244,0.61,Heavy_squalane,1.102332956286202e-06,0.2484560601157941,1.0,0.7454796945069899
binary,SW,245,0.6125,H2O,3.338825886426715e-06,0.7526462415072731,0.0,0.7466441149713323
binary,SW,245,0.6125,Heavy_squalane,1.097289917115035e-06,0.24735375849272684,1.0,0.7466441149713323
binary,SW,246,0.615,H2O,3.343213019632589e-06,0.7537389612497136,0.0,0.7477980942108018
binary,SW,246,0.615,Heavy_squalane,1.092292097536196e-06,0.24626103875028643,1.0,0.7477980942108018
binary,SW,247,0.6175,H2O,3.34756118126573e-06,0.7548222718714417,0.0,0.7489418230901054
binary,SW,247,0.6175,Heavy_squalane,1.08733867001459e-06,0.24517772812855831,1.0,0.7489418230901054
binary,SW,248,0.62,H2O,3.351871076769097e-06,0.7558963397514233,0.0,0.7500754854622033
binary,SW,248,0.62,Heavy_squalane,1.082428840427698e-06,0.24410366024857666,1.0,0.7500754854622033
binary,SW,249,0.6225,H2O,3.356143373203779e-06,0.7569613249490668,0.0,0.7511992582467834
binary,SW,249,0.6225,Heavy_squalane,1.077561840770795e-06,0.24303867505093327,1.0,0.7511992582467834
binary,SW,250,0.625,H2O,3.360378719864258e-06,0.7580173813197963,0.0,0.7523133115654026
binary,SW,250,0.625,Heavy_squalane,1.072736935100604e-06,0.2419826186802038,1.0,0.7523133115654026
binary,SW,251,0.6275,H2O,3.36457773774974e-06,0.75906465664286,0.0,0.7534178088890529
binary,SW,251,0.6275,Heavy_squalane,1.067953415301658e-06,0.24093534335713993,1.0,0.7534178088890529
binary,SW,252,0.63,H2O,3.368741025198321e-06,0.7601032927871233,0.0,0.7545129072252379
binary,SW,252,0.63,Heavy_squalane,1.063210601857425e-06,0.23989670721287676,1.0,0.7545129072252379
binary,SW,253,0.6325,H2O,3.372869153914454e-06,0.7611334258989604,0.0,0.7555987573278063
binary,SW,253,0.6325,Heavy_squalane,1.058507841427488e-06,0.23886657410103956,1.0,0.7555987573278063
binary,SW,254,0.635,H2O,3.376962673186005e-06,0.7621551866106628,0.0,0.7566755039278039
binary,SW,254,0.635,Heavy_squalane,1.053844506915339e-06,0.23784481338933705,1.0,0.7566755039278039
binary,SW,255,0.6375,H2O,3.381022114396909e-06,0.7631687002654942,0.0,0.7577432859812483
binary,SW,255,0.6375,Heavy_squalane,1.049219997498803e-06,0.2368312997345057,1.0,0.7577432859812483
binary,SW,256,0.64,H2O,3.385047981598266e-06,0.7641740871527101,0.0,0.7588022369268473
binary,SW,256,0.64,Heavy_squalane,1.044633734266838e-06,0.23582591284729,1.0,0.7588022369268473
binary,SW,257,0.6425,H2O,3.389040764349606e-06,0.7651714627550078,0.0,0.7598524849561713
binary,SW,257,0.6425,Heavy_squalane,1.040085162729966e-06,0.23482853724499225,1.0,0.7598524849561713
binary,SW,258,0.645,H2O,3.393000930439613e-06,0.7661609379940716,0.0,0.7608941532811854
binary,SW,258,0.645,Heavy_squalane,1.035573749082704e-06,0.2338390620059285,1.0,0.7608941532811854
binary,SW,259,0.6475,H2O,3.39692893075904e-06,0.7671426194801487,0.0,0.7619273604055082
binary,SW,259,0.6475,Heavy_squalane,1.031098980219177e-06,0.23285738051985133,1.0,0.7619273604055082
binary,SW,260,0.65,H2O,3.400825196005612e-06,0.768116609756823,0.0,0.7629522203899842
binary,SW,260,0.65,Heavy_squalane,1.026660361274909e-06,0.23188339024317697,1.0,0.7629522203899842
binary,SW,261,0.6525,H2O,3.40469014971246e-06,0.7690830075398233,0.0,0.7639688431114695
binary,SW,261,0.6525,Heavy_squalane,1.022257418149601e-06,0.23091699246017663,1.0,0.7639688431114695
binary,SW,262,0.655,H2O,3.408524190443854e-06,0.7700419079475209,0.0,0.7649773345123301
binary,SW,262,0.655,Heavy_squalane,1.017889690755126e-06,0.229958092052479,1.0,0.7649773345123301
binary,SW,263,0.6575,H2O,3.412327706743949e-06,0.7709934027278487,0.0,0.7659777968456877
binary,SW,263,0.6575,Heavy_squalane,1.013556736197853e-06,0.22900659727215134,1.0,0.7659777968456877
binary,SW,264,0.66,H2O,3.416101075567582e-06,0.7719375804709051,0.0,0.7669703289051312
binary,SW,264,0.66,Heavy_squalane,1.009258127029677e-06,0.2280624195290949,1.0,0.7669703289051312
binary,SW,265,0.6625,H2O,3.419844660542433e-06,0.7728745268114111,0.0,0.7679550262433442
binary,SW,265,0.6625,Heavy_squalane,1.004993449534015e-06,0.227125473188589,1.0,0.7679550262433442
binary,SW,266,0.665,H2O,3.423558814318023e-06,0.7738043246262076,0.0,0.7689319813850658
binary,SW,266,0.665,Heavy_squalane,1.000762303261412e-06,0.2261956753737923,1.0,0.7689319813850658
binary,SW,267,0.6675,H2O,3.427243874475597e-06,0.7747270542180966,0.0,0.7699012840253455
binary,SW,267,0.6675,Heavy_squalane,9.96564298758508e-07,0.22527294578190352,1.0,0.7699012840253455
binary,SW,268,0.67,H2O,3.430900174024177e-06,0.7756427934921112,0.0,0.7708630212194437
binary,SW,268,0.67,Heavy_squalane,9.923990596056803e-07,0.22435720650788887,1.0,0.7708630212194437
binary,SW,269,0.6725,H2O,3.43452803501039e-06,0.7765516181193911,0.0,0.7718172775593866
binary,SW,269,0.6725,Heavy_squalane,9.882662195788114e-07,0.22344838188060903,1.0,0.7718172775593866
binary,SW,270,0.675,H2O,3.438127770411448e-06,0.7774536016949088,0.0,0.772764135343757
binary,SW,270,0.675,Heavy_squalane,9.841654222833499e-07,0.2225463983050912,1.0,0.772764135343757
binary,SW,271,0.6775,H2O,3.441699681662047e-06,0.7783488158845191,0.0,0.773703674735941
binary,SW,271,0.6775,Heavy_squalane,9.800963195959286e-07,0.22165118411548085,1.0,0.773703674735941
binary,SW,272,0.68,H2O,3.445244071013746e-06,0.7792373305652779,0.0,0.7746359739150738
binary,SW,272,0.68,Heavy_squalane,9.760585743747665e-07,0.2207626694347221,1.0,0.7746359739150738
binary,SW,273,0.6825,H2O,3.448761226066058e-06,0.7801192139522927,0.0,0.7755611092125422
binary,SW,273,0.6825,Heavy_squalane,9.720518553009698e-07,0.21988078604770747,1.0,0.7755611092125422
binary,SW,274,0.685,H2O,3.452251429786619e-06,0.7809945327228888,0.0,0.7764791552454868
binary,SW,274,0.685,Heavy_squalane,9.68075839023521e-07,0.2190054672771111,1.0,0.7764791552454868
binary,SW,275,0.6875,H2O,3.455714961938221e-06,0.7818633521292393,0.0,0.7773901850379223
binary,SW,275,0.6875,Heavy_squalane,9.641302098904794e-07,0.2181366478707608,1.0,0.7773901850379223
binary,SW,276,0.69,H2O,3.459152091754549e-06,0.7827257361028465,0.0,0.7782942701331578
binary,SW,276,0.69,Heavy_squalane,9.602146572902691e-07,0.21727426389715349,1.0,0.7782942701331578
binary,SW,277,0.6925,H2O,3.462563089964328e-06,0.7835817473533426,0.0,0.7791914807000249
binary,SW,277,0.6925,Heavy_squalane,9.563288784354222e-07,0.21641825264665734,1.0,0.7791914807000249
binary,SW,278,0.695,H2O,3.465948214732329e-06,0.7844314474567433,0.0,0.7800818856279145
binary,SW,278,0.695,Heavy_squalane,9.524725739414385e-07,0.21556855254325663,1.0,0.7800818856279145
binary,SW,279,0.6975,H2O,3.469307723536468e-06,0.7852748969399392,0.0,0.7809655526176756
binary,SW,279,0.6975,Heavy_squalane,9.486454506394456e-07,0.21472510306006073,1.0,0.7809655526176756
binary,SW,280,0.7,H2O,3.472641871979296e-06,0.7861121553559552,0.0,0.7818425482627139
binary,SW,280,0.7,Heavy_squalane,9.448472207912741e-07,0.2138878446440448,1.0,0.7818425482627139
binary,SW,281,0.7025,H2O,3.475950908059383e-06,0.7869432813510443,0.0,0.7827129381214033
binary,SW,281,0.7025,Heavy_squalane,9.410776001347295e-07,0.21305671864895567,1.0,0.7827129381214033
binary,SW,282,0.705,H2O,3.479235077361822e-06,0.7877683327304474,0.0,0.7835767867879513
binary,SW,282,0.705,Heavy_squalane,9.37336308927096e-07,0.2122316672695525,1.0,0.7835767867879513
binary,SW,283,0.7075,H2O,3.482494621545847e-06,0.7885873665128328,0.0,0.784434157951333
binary,SW,283,0.7075,Heavy_squalane,9.336230712160691e-07,0.2114126334871671,1.0,0.784434157951333
binary,SW,284,0.71,H2O,3.485729779003427e-06,0.7894004389830489,0.0,0.7852851144523236
binary,SW,284,0.71,Heavy_squalane,9.299376147136896e-07,0.21059956101695115,1.0,0.7852851144523236
binary,SW,285,0.7125,H2O,3.488940787665734e-06,0.7902076057378881,0.0,0.7861297183331576
binary,SW,285,0.7125,Heavy_squalane,9.262796712765651e-07,0.2097923942621118,1.0,0.7861297183331576
binary,SW,286,0.715,H2O,3.492127878821921e-06,0.791008921725233,0.0,0.7869680308801312
binary,SW,286,0.715,Heavy_squalane,9.226489750287316e-07,0.20899107827476707,1.0,0.7869680308801312
binary,SW,287,0.7175,H2O,3.495291282060747e-06,0.7918044412844656,0.0,0.7878001126675244
binary,SW,287,0.7175,Heavy_squalane,9.190452634512776e-07,0.2081955587155343,1.0,0.7878001126675244
binary,SW,288,0.72,H2O,3.498431227908283e-06,0.7925942181762601,0.0,0.7886260235902401
binary,SW,288,0.72,Heavy_squalane,9.15468277891908e-07,0.20740578182373995,1.0,0.7886260235902401
binary,SW,289,0.7225,H2O,3.501547939222741e-06,0.7933783056123858,0.0,0.7894458228965154
binary,SW,289,0.7225,Heavy_squalane,9.119177611281114e-07,0.20662169438761416,1.0,0.7894458228965154
binary,SW,290,0.725,H2O,3.504641638235921e-06,0.7941567562818831,0.0,0.7902595692166723
binary,SW,290,0.725,Heavy_squalane,9.083934590716951e-07,0.20584324371811683,1.0,0.7902595692166723
binary,SW,291,0.7275,H2O,3.507712549130202e-06,0.7949296223735698,0.0,0.7910673205880638
binary,SW,291,0.7275,Heavy_squalane,9.048951212904444e-07,0.20507037762643018,1.0,0.7910673205880638
binary,SW,292,0.73,H2O,3.510760886920783e-06,0.7956969555936395,0.0,0.7918691344747751
binary,SW,292,0.73,Heavy_squalane,9.014224980232208e-07,0.20430304440636052,1.0,0.7918691344747751
binary,SW,293,0.7325,H2O,3.513786871315525e-06,0.7964588071859552,0.0,0.7926650677901689
binary,SW,293,0.7325,Heavy_squalane,8.979753436449968e-07,0.20354119281404476,1.0,0.7926650677901689
binary,SW,294,0.735,H2O,3.51679071091381e-06,0.7972152279444732,0.0,0.793455176911106
binary,SW,294,0.735,Heavy_squalane,8.945534125313057e-07,0.20278477205552686,1.0,0.793455176911106
binary,SW,295,0.7375,H2O,3.519772621641864e-06,0.7979662682278912,0.0,0.7942395176944754
binary,SW,295,0.7375,Heavy_squalane,8.911564636921696e-07,0.20203373177210887,1.0,0.7942395176944754
binary,SW,296,0.74,H2O,3.522732817757139e-06,0.7987119779679986,0.0,0.7950181454871496
binary,SW,296,0.74,Heavy_squalane,8.877842583975419e-07,0.2012880220320014,1.0,0.7950181454871496
binary,SW,297,0.7425,H2O,3.525671500402452e-06,0.7994524066797947,0.0,0.7957911151376952
binary,SW,297,0.7425,Heavy_squalane,8.844365572428009e-07,0.20054759332020536,1.0,0.7957911151376952
binary,SW,298,0.745,H2O,3.528588880762691e-06,0.8001876034722445,0.0,0.796558481008771
binary,SW,298,0.745,Heavy_squalane,8.811131259306483e-07,0.1998123965277554,1.0,0.796558481008771
binary,SW,299,0.7475,H2O,3.531485163937999e-06,0.8009176170488713,0.0,0.7973202969788545
binary,SW,299,0.7475,Heavy_squalane,8.778137311848324e-07,0.19908238295112876,1.0,0.7973202969788545
binary,SW,300,0.75,H2O,3.534360546659616e-06,0.8016424957174079,0.0,0.7980766164534526
binary,SW,300,0.75,Heavy_squalane,8.745381401504406e-07,0.19835750428259213,1.0,0.7980766164534526
binary,SW,301,0.7525,H2O,3.537215240616833e-06,0.8023622873931859,0.0,0.798827492369686
binary,SW,301,0.7525,Heavy_squalane,8.712861261522558e-07,0.19763771260681395,1.0,0.798827492369686
binary,SW,302,0.755,H2O,3.54004943746281e-06,0.8030770395981847,0.0,0.7995729771963831
binary,SW,302,0.755,Heavy_squalane,8.680574600199714e-07,0.19692296040181548,1.0,0.7995729771963831
binary,SW,303,0.7575,H2O,3.542863336891313e-06,0.8037867994698205,0.0,0.8003131229442947
binary,SW,303,0.7575,Heavy_squalane,8.648519169896831e-07,0.19621320053017954,1.0,0.8003131229442947
binary,SW,304,0.76,H2O,3.545657134916565e-06,0.8044916137583155,0.0,0.801047981164378
binary,SW,304,0.76,Heavy_squalane,8.616692738106085e-07,0.19550838624168448,1.0,0.801047981164378
binary,SW,305,0.7625,H2O,3.548431026212308e-06,0.8051915288283715,0.0,0.8017776029505466
binary,SW,305,0.7625,Heavy_squalane,8.585093093071235e-07,0.1948084711716284,1.0,0.8017776029505466
binary,SW,306,0.765,H2O,3.551185206493232e-06,0.8058865906610198,0.0,0.8025020389426079
binary,SW,306,0.765,Heavy_squalane,8.55371804934903e-07,0.19411340933898025,1.0,0.8025020389426079
binary,SW,307,0.7675,H2O,3.553919858228282e-06,0.8065768448520044,0.0,0.8032213393255739
binary,SW,307,0.7675,Heavy_squalane,8.522565413438836e-07,0.1934231551479956,1.0,0.8032213393255739
binary,SW,308,0.77,H2O,3.556635176756379e-06,0.8072623366152242,0.0,0.8039355538341942
binary,SW,308,0.77,Heavy_squalane,8.491633046505688e-07,0.19273766338477583,1.0,0.8039355538341942
binary,SW,309,0.7725,H2O,3.559331348855481e-06,0.8079431107776257,0.0,0.8046447317485943
binary,SW,309,0.7725,Heavy_squalane,8.460918812896598e-07,0.19205688922237432,1.0,0.8046447317485943
binary,SW,310,0.775,H2O,3.562008559859939e-06,0.8086192117817702,0.0,0.8053489218979106
binary,SW,310,0.775,Heavy_squalane,8.430420597155611e-07,0.19138078821822987,1.0,0.8053489218979106
binary,SW,311,0.7775,H2O,3.564666991228917e-06,0.8092906836854357,0.0,0.8060481726607959
binary,SW,311,0.7775,Heavy_squalane,8.400136298252504e-07,0.1907093163145642,1.0,0.8060481726607959
binary,SW,312,0.78,H2O,3.567306827703775e-06,0.8099575701597029,0.0,0.8067425319643294
binary,SW,312,0.78,Heavy_squalane,8.370063846542412e-07,0.19004242984029693,1.0,0.8067425319643294
binary,SW,313,0.7825,H2O,3.56992824767439e-06,0.8106199144888272,0.0,0.8074320472847994
binary,SW,313,0.7825,Heavy_squalane,8.340201180964768e-07,0.1893800855111729,1.0,0.8074320472847994
binary,SW,314,0.785,H2O,3.572531435211226e-06,0.8112777595695482,0.0,0.8081167656478874
binary,SW,314,0.785,Heavy_squalane,8.310546277257857e-07,0.18872224043045188,1.0,0.8081167656478874
binary,SW,315,0.7875,H2O,3.57511656065495e-06,0.8119311479091424,0.0,0.8087967336274942
binary,SW,315,0.7875,Heavy_squalane,8.28109710268969e-07,0.18806885209085764,1.0,0.8087967336274942
binary,SW,316,0.79,H2O,3.577683804868413e-06,0.8125801216287676,0.0,0.8094719973501048
binary,SW,316,0.79,Heavy_squalane,8.251851672363473e-07,0.18741987837123242,1.0,0.8094719973501048
binary,SW,317,0.7925,H2O,3.580233334839915e-06,0.8132247224577007,0.0,0.8101426024896413
binary,SW,317,0.7925,Heavy_squalane,8.222807992850941e-07,0.1867752775422993,1.0,0.8101426024896413
binary,SW,318,0.795,H2O,3.582765328086155e-06,0.8138649917381541,0.0,0.8108085942733244
binary,SW,318,0.795,Heavy_squalane,8.193964118291097e-07,0.18613500826184587,1.0,0.8108085942733244
binary,SW,319,0.7975,H2O,3.585279953055043e-06,0.8145009704204833,0.0,0.8114700174774968
binary,SW,319,0.7975,Heavy_squalane,8.165318105382579e-07,0.1854990295795166,1.0,0.8114700174774968
binary,SW,320,0.8,H2O,3.587777381372552e-06,0.8151326990661876,0.0,0.8121269164315911
binary,SW,320,0.8,Heavy_squalane,8.136868041308557e-07,0.18486730093381235,1.0,0.8121269164315911
binary,SW,321,0.8025,H2O,3.590257773038445e-06,0.8157602178466447,0.0,0.8127793350176077
binary,SW,321,0.8025,Heavy_squalane,8.108612010096129e-07,0.18423978215335532,1.0,0.8127793350176077
binary,SW,322,0.805,H2O,3.592721298598732e-06,0.8163835665449785,0.0,0.8134273166728404
binary,SW,322,0.805,Heavy_squalane,8.080548142810367e-07,0.18361643345502163,1.0,0.8134273166728404
binary,SW,323,0.8075,H2O,3.59516811937397e-06,0.8170027845535729,0.0,0.814070904388097
binary,SW,323,0.8075,Heavy_squalane,8.052674572788612e-07,0.1829972154464272,1.0,0.814070904388097
binary,SW,324,0.81,H2O,3.597598397345918e-06,0.8176179108771761,0.0,0.8147101407116868
binary,SW,324,0.81,Heavy_squalane,8.024989457837822e-07,0.18238208912282403,1.0,0.8147101407116868
binary,SW,325,0.8125,H2O,3.60001229265536e-06,0.8182289841320316,0.0,0.8153450677492656
binary,SW,325,0.8125,Heavy_squalane,7.997490974574747e-07,0.1817710158679684,1.0,0.8153450677492656
binary,SW,326,0.815,H2O,3.602409966116132e-06,0.8188360425482607,0.0,0.8159757271670866
binary,SW,326,0.815,Heavy_squalane,7.970177323828782e-07,0.18116395745173933,1.0,0.8159757271670866
binary,SW,327,0.8175,H2O,3.604791571678495e-06,0.8194391239688356,0.0,0.8166021601916397
binary,SW,327,0.8175,Heavy_squalane,7.943046713947006e-07,0.18056087603116447,1.0,0.8166021601916397
binary,SW,328,0.82,H2O,3.607157263935197e-06,0.8200382658527072,0.0,0.8172244076136498
binary,SW,328,0.82,Heavy_squalane,7.916097377294593e-07,0.17996173414729286,1.0,0.8172244076136498
binary,SW,329,0.8225,H2O,3.609507198136957e-06,0.8206335052754011,0.0,0.8178425097894036
binary,SW,329,0.8225,Heavy_squalane,7.889327570116225e-07,0.1793664947245988,1.0,0.8178425097894036
binary,SW,330,0.825,H2O,3.611841525145522e-06,0.8212248789291974,0.0,0.8184565066416195
binary,SW,330,0.825,Heavy_squalane,7.862735561401727e-07,0.17877512107080254,1.0,0.8184565066416195
binary,SW,331,0.8275,H2O,3.614160393971483e-06,0.821812423127068,0.0,0.8190664376642629
binary,SW,331,0.8275,Heavy_squalane,7.836319638262821e-07,0.178187576872932,1.0,0.8190664376642629
binary,SW,332,0.83,H2O,3.616463954282237e-06,0.822396173802147,0.0,0.8196723419226347
binary,SW,332,0.83,Heavy_squalane,7.810078111351558e-07,0.17760382619785287,1.0,0.8196723419226347
binary,SW,333,0.8325,H2O,3.61875235645537e-06,0.8229761665108027,0.0,0.8202742580572664
binary,SW,333,0.8325,Heavy_squalane,7.784009314677843e-07,0.17702383348919717,1.0,0.8202742580572664
binary,SW,334,0.835,H2O,3.621025738833225e-06,0.8235524364335798,0.0,0.8208722242855302
binary,SW,334,0.835,Heavy_squalane,7.75811157811988e-07,0.17644756356642022,1.0,0.8208722242855302
binary,SW,335,0.8375,H2O,3.623284248122001e-06,0.8241250183799096,0.0,0.8214662784071914
binary,SW,335,0.8375,Heavy_squalane,7.732383271115056e-07,0.17587498162009044,1.0,0.8214662784071914
binary,SW,336,0.84,H2O,3.625528029203449e-06,0.8246939467864407,0.0,0.822056457803286
binary,SW,336,0.84,Heavy_squalane,7.706822780637876e-07,0.1753060532135592,1.0,0.822056457803286
binary,SW,337,0.8425,H2O,3.627757220040221e-06,0.8252592557218118,0.0,0.8226427994417288
binary,SW,337,0.8425,Heavy_squalane,7.681428500137747e-07,0.17474074427818814,1.0,0.8226427994417288
binary,SW,338,0.845,H2O,3.629971961936017e-06,0.8258209788888244,0.0,0.8232253398801597
binary,SW,338,0.845,Heavy_squalane,7.656198851254268e-07,0.17417902111117567,1.0,0.8232253398801597
binary,SW,339,0.8475,H2O,3.63217238668204e-06,0.8263791496263841,0.0,0.8238041152685716
binary,SW,339,0.8475,Heavy_squalane,7.631132256475889e-07,0.17362085037361583,1.0,0.8238041152685716
binary,SW,340,0.85,H2O,3.634358637229909e-06,0.8269338009136619,0.0,0.824379161354204
binary,SW,340,0.85,Heavy_squalane,7.606227182478598e-07,0.17306619908633816,1.0,0.824379161354204
binary,SW,341,0.8525,H2O,3.636530841852239e-06,0.8274849653698702,0.0,0.8249505134819213
binary,SW,341,0.8525,Heavy_squalane,7.581482085722945e-07,0.17251503463012985,1.0,0.8249505134819213
binary,SW,342,0.855,H2O,3.638689134884829e-06,0.8280326752604437,0.0,0.8255182066011596
binary,SW,342,0.855,Heavy_squalane,7.556895455704329e-07,0.17196732473955628,1.0,0.8255182066011596
binary,SW,343,0.8575,H2O,3.6408336541955e-06,0.8285769624975596,0.0,0.8260822752670459
binary,SW,343,0.8575,Heavy_squalane,7.532465809356128e-07,0.1714230375024404,1.0,0.8260822752670459
binary,SW,344,0.86,H2O,3.642964517731517e-06,0.8291178586429486,0.0,0.8266427536438717
binary,SW,344,0.86,Heavy_squalane,7.50819164233924e-07,0.17088214135705132,1.0,0.8266427536438717
binary,SW,345,0.8625,H2O,3.64508186794919e-06,0.829655394914623,0.0,0.8271996755125827
binary,SW,345,0.8625,Heavy_squalane,7.484071520604885e-07,0.17034460508537697,1.0,0.8271996755125827
binary,SW,346,0.865,H2O,3.647185819498884e-06,0.8301896021834764,0.0,0.8277530742678127
binary,SW,346,0.865,Heavy_squalane,7.460103972526191e-07,0.16981039781652357,1.0,0.8277530742678127
binary,SW,347,0.8675,H2O,3.649276503829651e-06,0.8307205109836517,0.0,0.8283029829291346
binary,SW,347,0.8675,Heavy_squalane,7.436287580237756e-07,0.16927948901634826,1.0,0.8283029829291346
binary,SW,348,0.87,H2O,3.65135404294169e-06,0.8312481515096628,0.0,0.8288494341385956
binary,SW,348,0.87,Heavy_squalane,7.41262092577313e-07,0.16875184849033714,1.0,0.8288494341385956
binary,SW,349,0.8725,H2O,3.653418562607876e-06,0.8317725536230518,0.0,0.8293924601681111
binary,SW,349,0.8725,Heavy_squalane,7.389102617735501e-07,0.16822744637694814,1.0,0.8293924601681111
binary,SW,350,0.875,H2O,3.655470179175903e-06,0.8322937468536123,0.0,0.8299320929212318
binary,SW,350,0.875,Heavy_squalane,7.365731264418231e-07,0.16770625314638754,1.0,0.8299320929212318
binary,SW,351,0.8775,H2O,3.657509020807013e-06,0.8328117604049257,0.0,0.8304683639393685
binary,SW,351,0.8775,Heavy_squalane,7.342505516426807e-07,0.16718823959507437,1.0,0.8304683639393685
binary,SW,352,0.88,H2O,3.659535195638627e-06,0.833326623153993,0.0,0.8310013044018638
binary,SW,352,0.88,Heavy_squalane,7.319424002504104e-07,0.166673376846007,1.0,0.8310013044018638
binary,SW,353,0.8825,H2O,3.661548826387005e-06,0.8338383636592113,0.0,0.8315309451347456
binary,SW,353,0.8825,Heavy_squalane,7.296485398731486e-07,0.16616163634078865,1.0,0.8315309451347456
binary,SW,354,0.885,H2O,3.663550031760052e-06,0.8343470101591033,0.0,0.8320573166098523
binary,SW,354,0.885,Heavy_squalane,7.273688391081283e-07,0.16565298984089669,1.0,0.8320573166098523
binary,SW,355,0.8875,H2O,3.665538918446163e-06,0.8348525905774011,0.0,0.8325804489505518
binary,SW,355,0.8875,Heavy_squalane,7.251031659378614e-07,0.1651474094225989,1.0,0.8325804489505518
binary,SW,356,0.89,H2O,3.667515607933247e-06,0.8353551325280706,0.0,0.8331003719373801
binary,SW,356,0.89,Heavy_squalane,7.228513930260806e-07,0.1646448674719294,1.0,0.8331003719373801
binary,SW,357,0.8925,H2O,3.669480207030697e-06,0.8358546633145735,0.0,0.8336171150077102
binary,SW,357,0.8925,Heavy_squalane,7.206133918725017e-07,0.1641453366854266,1.0,0.8336171150077102
binary,SW,358,0.895,H2O,3.671432829418259e-06,0.8363512099372336,0.0,0.8341307072638088
binary,SW,358,0.895,Heavy_squalane,7.183890370363756e-07,0.16364879006276634,1.0,0.8341307072638088
binary,SW,359,0.8975,H2O,3.673373579488468e-06,0.8368447990933267,0.0,0.8346411774733338
binary,SW,359,0.8975,Heavy_squalane,7.161782029547738e-07,0.1631552009066735,1.0,0.8346411774733338
binary,SW,360,0.9,H2O,3.675302571315115e-06,0.8373354571829053,0.0,0.8351485540757791
binary,SW,360,0.9,Heavy_squalane,7.139807676230716e-07,0.16266454281709483,1.0,0.8351485540757791
binary,SW,361,0.9025,H2O,3.677219907028622e-06,0.8378232103093668,0.0,0.8356528651834565
binary,SW,361,0.9025,Heavy_squalane,7.117966083658445e-07,0.1621767896906333,1.0,0.8356528651834565
binary,SW,362,0.905,H2O,3.679125693111838e-06,0.8383080842850213,0.0,0.8361541385876471
binary,SW,362,0.905,Heavy_squalane,7.096256049860468e-07,0.16169191571497876,1.0,0.8361541385876471
binary,SW,363,0.9075,H2O,3.681020040461813e-06,0.8387901046321544,0.0,0.8366524017601028
binary,SW,363,0.9075,Heavy_squalane,7.074676397500309e-07,0.16120989536784563,1.0,0.8366524017601028
binary,SW,364,0.91,H2O,3.682903042617944e-06,0.8392692965867852,0.0,0.8371476818572949
binary,SW,364,0.91,Heavy_squalane,7.053225931772657e-07,0.16073070341321477,1.0,0.8371476818572949
binary,SW,365,0.9125,H2O,3.684774808534083e-06,0.8397456851032012,0.0,0.8376400057254819
binary,SW,365,0.9125,Heavy_squalane,7.031903503237912e-07,0.16025431489679873,1.0,0.8376400057254819
binary,SW,366,0.915,H2O,3.686635435280489e-06,0.8402192948542073,0.0,0.8381293999013298
binary,SW,366,0.915,Heavy_squalane,7.01070795531771e-07,0.15978070514579265,1.0,0.8381293999013298
binary,SW,367,0.9175,H2O,3.688485024510492e-06,0.8406901502361515,0.0,0.8386158906174677
binary,SW,367,0.9175,Heavy_squalane,6.989638155578606e-07,0.1593098497638485,1.0,0.8386158906174677
binary,SW,368,0.92,H2O,3.690323671503953e-06,0.8411582753707434,0.0,0.8390995038047243
binary,SW,368,0.92,Heavy_squalane,6.968692974737705e-07,0.15884172462925666,1.0,0.8390995038047243
binary,SW,369,0.9225,H2O,3.692151478983157e-06,0.841623694109066,0.0,0.8395802650966123
binary,SW,369,0.9225,Heavy_squalane,6.947871312607357e-07,0.15837630589093402,1.0,0.8395802650966123
binary,SW,370,0.925,H2O,3.693968540595079e-06,0.8420864300331178,0.0,0.840058199831263
binary,SW,370,0.925,Heavy_squalane,6.927172066741193e-07,0.15791356996688213,1.0,0.840058199831263
binary,SW,371,0.9275,H2O,3.695774954768631e-06,0.8425465064604899,0.0,0.8405333330565888
binary,SW,371,0.9275,Heavy_squalane,6.906594158330107e-07,0.15745349353951013,1.0,0.8405333330565888
binary,SW,372,0.93,H2O,3.69757080810584e-06,0.8430039464462847,0.0,0.8410056895326019
binary,SW,372,0.93,Heavy_squalane,6.886136500963915e-07,0.15699605355371538,1.0,0.8410056895326019
binary,SW,373,0.9325,H2O,3.699356200420438e-06,0.8434587727879616,0.0,0.8414752937367294
binary,SW,373,0.9325,Heavy_squalane,6.86579804717806e-07,0.15654122721203842,1.0,0.8414752937367294
binary,SW,374,0.935,H2O,3.701131222542059e-06,0.8439110080260894,0.0,0.8419421698649031
binary,SW,374,0.935,Heavy_squalane,6.845577746888425e-07,0.15608899197391066,1.0,0.8419421698649031
binary,SW,375,0.9375,H2O,3.702895961904051e-06,0.8443606744495161,0.0,0.842406341837224
binary,SW,375,0.9375,Heavy_squalane,6.825474557659715e-07,0.15563932555048393,1.0,0.842406341837224
binary,SW,376,0.94,H2O,3.704650510973632e-06,0.8448077940986323,0.0,0.8428678333016038
binary,SW,376,0.94,Heavy_squalane,6.805487460080219e-07,0.1551922059013678,1.0,0.8428678333016038
binary,SW,377,0.9425,H2O,3.706394956095925e-06,0.8452523887674727,0.0,0.8433266676362615
binary,SW,377,0.9425,Heavy_squalane,6.785615437023232e-07,0.15474761123252734,1.0,0.8433266676362615
binary,SW,378,0.945,H2O,3.708129391590249e-06,0.8456944800086287,0.0,0.8437828679550627
binary,SW,378,0.945,Heavy_squalane,6.765857499256499e-07,0.15430551999137126,1.0,0.8437828679550627
binary,SW,379,0.9475,H2O,3.709853897278017e-06,0.8461340891345253,0.0,0.8442364571091401
binary,SW,379,0.9475,Heavy_squalane,6.746212644220271e-07,0.15386591086547477,1.0,0.8442364571091401
binary,SW,380,0.95,H2O,3.711568563887609e-06,0.8465712372239095,0.0,0.8446874576938536
binary,SW,380,0.95,Heavy_squalane,6.726679902134335e-07,0.15342876277609055,1.0,0.8446874576938536
binary,SW,381,0.9525,H2O,3.713273473328274e-06,0.8470059451216605,0.0,0.8451358920488767
binary,SW,381,0.9525,Heavy_squalane,6.707258300000091e-07,0.1529940548783394,1.0,0.8451358920488767
binary,SW,382,0.955,H2O,3.714968712889228e-06,0.8474382334445539,0.0,0.8455817822644053
binary,SW,382,0.955,Heavy_squalane,6.687946887089256e-07,0.15256176655544604,1.0,0.8455817822644053
binary,SW,383,0.9575,H2O,3.716654361097723e-06,0.8478681225828756,0.0,0.8460251501830981
binary,SW,383,0.9575,Heavy_squalane,6.668744709281979e-07,0.15213187741712442,1.0,0.8460251501830981
binary,SW,384,0.96,H2O,3.718330501952615e-06,0.8482956327048152,0.0,0.846466017404856
binary,SW,384,0.96,Heavy_squalane,6.649650834515091e-07,0.15170436729518474,1.0,0.846466017404856
binary,SW,385,0.9625,H2O,3.719997219295115e-06,0.8487207837582187,0.0,0.8469044052888809
binary,SW,385,0.9625,Heavy_squalane,6.630664342454561e-07,0.1512792162417813,1.0,0.8469044052888809
binary,SW,386,0.965,H2O,3.721654588280789e-06,0.849143595474053,0.0,0.8473403349575115
binary,SW,386,0.965,Heavy_squalane,6.611784309132068e-07,0.15085640452594692,1.0,0.8473403349575115
binary,SW,387,0.9675,H2O,3.723302695418993e-06,0.8495640873699765,0.0,0.8477738273001324
binary,SW,387,0.9675,Heavy_squalane,6.593009842461205e-07,0.15043591263002348,1.0,0.8477738273001324
binary,SW,388,0.97,H2O,3.724941612844625e-06,0.8499822787511339,0.0,0.8482049029742382
binary,SW,388,0.97,Heavy_squalane,6.574340036419036e-07,0.15001772124886606,1.0,0.8482049029742382
binary,SW,389,0.9725,H2O,3.72657141840908e-06,0.8503981887153185,0.0,0.8486335824109971
binary,SW,389,0.9725,Heavy_squalane,6.555774006503136e-07,0.14960181128468159,1.0,0.8486335824109971
binary,SW,390,0.975,H2O,3.728192192871247e-06,0.8508118361542144,0.0,0.8490598858167513
binary,SW,390,0.975,Heavy_squalane,6.537310884540157e-07,0.1491881638457856,1.0,0.8490598858167513
binary,SW,391,0.9775,H2O,3.729804011284794e-06,0.851223239755085,0.0,0.8494838331749844
binary,SW,391,0.9775,Heavy_squalane,6.518949803427582e-07,0.148776760244915,1.0,0.8494838331749844
binary,SW,392,0.98,H2O,3.731406948804168e-06,0.8516324180050721,0.0,0.849905444250982
binary,SW,392,0.98,Heavy_squalane,6.500689907154863e-07,0.14836758199492794,1.0,0.849905444250982
binary,SW,393,0.9825,H2O,3.733001077806286e-06,0.85203938919257,0.0,0.8503247385934576
binary,SW,393,0.9825,Heavy_squalane,6.482530345697181e-07,0.14796061080742998,1.0,0.8503247385934576
binary,SW,394,0.985,H2O,3.734586470814292e-06,0.852444171409951,0.0,0.8507417355375739
binary,SW,394,0.985,Heavy_squalane,6.464470279980106e-07,0.14755582859004895,1.0,0.8507417355375739
binary,SW,395,0.9875,H2O,3.736163203440683e-06,0.8528467825554615,0.0,0.8511564542071078
binary,SW,395,0.9875,Heavy_squalane,6.446508886822672e-07,0.14715321744453858,1.0,0.8511564542071078
binary,SW,396,0.99,H2O,3.737731345709301e-06,0.8532472403358201,0.0,0.8515689135173342
binary,SW,396,0.99,Heavy_squalane,6.428645343760637e-07,0.14675275966417978,1.0,0.8515689135173342
binary,SW,397,0.9925,H2O,3.739290970796795e-06,0.8536455622679854,0.0,0.8519791321770578
binary,SW,397,0.9925,Heavy_squalane,6.410878844064819e-07,0.14635443773201473,1.0,0.8519791321770578
binary,SW,398,0.995,H2O,3.740842149253056e-06,0.8540417656819298,0.0,0.852387128691637
binary,SW,398,0.995,Heavy_squalane,6.393208586603713e-07,0.14595823431807023,1.0,0.852387128691637
binary,SW,399,0.9975,H2O,3.742384949004395e-06,0.8544358677223881,0.0,0.8527929213650282
binary,SW,399,0.9975,Heavy_squalane,6.375633775800415e-07,0.1455641322776118,1.0,0.8527929213650282
binary,SW,400,1.0,H2O,3.743919438308985e-06,0.8548278853513616,0.0,0.8531965283025068
binary,SW,400,1.0,Heavy_squalane,6.358153626563743e-07,0.14517211464863833,1.0,0.8531965283025068
binary,CPA,1,0.0025,H2O,1.286707085627008e-06,0.23484509092309974,0.0,0.20246587708064115
binary,CPA,1,0.0025,Heavy_squalane,4.192253877829288e-06,0.7651549090769003,1.0,0.20246587708064115
binary,CPA,2,0.005,H2O,1.286709509757215e-06,0.23484548336969094,0.0,0.20246621764461809
binary,CPA,2,0.005,Heavy_squalane,4.192252620128385e-06,0.7651545166303091,1.0,0.20246621764461809
binary,CPA,3,0.0075,H2O,1.286711628921469e-06,0.23484581023627368,0.0,0.20246647603124046
binary,CPA,3,0.0075,Heavy_squalane,4.192251898794585e-06,0.7651541897637263,1.0,0.20246647603124046
binary,CPA,4,0.01,H2O,1.286713641491853e-06,0.23484611651881251,0.0,0.20246671138714367
binary,CPA,4,0.01,Heavy_squalane,4.192251310388796e-06,0.7651538834811874,1.0,0.20246671138714367
binary,CPA,5,0.0125,H2O,1.286715634655479e-06,0.23484641816715957,0.0,0.20246694040960023
binary,CPA,5,0.0125,Heavy_squalane,4.19225076686578e-06,0.7651535818328405,1.0,0.20246694040960023
binary,CPA,6,0.015,H2O,1.286717636912239e-06,0.23484672041285842,0.0,0.20246716859302305
binary,CPA,6,0.015,Heavy_squalane,4.192250239029145e-06,0.7651532795871415,1.0,0.20246716859302305
binary,CPA,7,0.0175,H2O,1.286719657733893e-06,0.23484702501139065,0.0,0.20246739780248765
binary,CPA,7,0.0175,Heavy_squalane,4.192249716783344e-06,0.7651529749886095,1.0,0.20246739780248765
binary,CPA,8,0.02,H2O,1.286721699431855e-06,0.23484733244366388,0.0,0.20246762857268485
binary,CPA,8,0.02,Heavy_squalane,4.192249196439483e-06,0.765152667556336,1.0,0.20246762857268485
binary,CPA,9,0.0225,H2O,1.286723762245883e-06,0.23484764270295755,0.0,0.2024678609272943
binary,CPA,9,0.0225,Heavy_squalane,4.192248678935357e-06,0.7651523572970425,1.0,0.2024678609272943
binary,CPA,10,0.025,H2O,1.286725844808968e-06,0.23484795560462265,0.0,0.20246809470269453
binary,CPA,10,0.025,Heavy_squalane,4.192248164124838e-06,0.7651520443953773,1.0,0.20246809470269453
binary,CPA,11,0.0275,H2O,1.286727945719516e-06,0.23484827091523489,0.0,0.2024683296828553
binary,CPA,11,0.0275,Heavy_squalane,4.19224765288705e-06,0.765151729084765,1.0,0.2024683296828553
binary,CPA,12,0.03,H2O,1.28673006368531e-06,0.2348485884062589,0.0,0.2024685656554804
binary,CPA,12,0.03,Heavy_squalane,4.19224714634342e-06,0.7651514115937411,1.0,0.2024685656554804
binary,CPA,13,0.0325,H2O,1.286732197554781e-06,0.23484890787446652,0.0,0.20246880243343657
binary,CPA,13,0.0325,Heavy_squalane,4.192246645483214e-06,0.7651510921255336,1.0,0.20246880243343657
binary,CPA,14,0.035,H2O,1.286734346148106e-06,0.2348492291476211,0.0,0.20246903986081585
binary,CPA,14,0.035,Heavy_squalane,4.192246150480618e-06,0.7651507708523789,1.0,0.20246903986081585
binary,CPA,15,0.0375,H2O,1.28673650867311e-06,0.23484955208407154,0.0,0.2024692778126033
binary,CPA,15,0.0375,Heavy_squalane,4.192245662059255e-06,0.7651504479159285,1.0,0.2024692778126033
binary,CPA,16,0.04,H2O,1.286738684402162e-06,0.23484987657084938,0.0,0.20246951619278653
binary,CPA,16,0.04,Heavy_squalane,4.192245180483879e-06,0.7651501234291507,1.0,0.20246951619278653
binary,CPA,17,0.0425,H2O,1.286740872776212e-06,0.23485020252339414,0.0,0.20246975493415725
binary,CPA,17,0.0425,Heavy_squalane,4.192244705905738e-06,0.7651497974766058,1.0,0.20246975493415725
binary,CPA,18,0.045,H2O,1.286743073543227e-06,0.23485052989059385,0.0,0.20246999400364027
binary,CPA,18,0.045,Heavy_squalane,4.192244238696016e-06,0.765149470109406,1.0,0.20246999400364027
binary,CPA,19,0.0475,H2O,1.286745286554252e-06,0.23485085867120328,0.0,0.2024702334195049
binary,CPA,19,0.0475,Heavy_squalane,4.192243778398352e-06,0.7651491413287967,1.0,0.2024702334195049
binary,CPA,20,0.05,H2O,1.286747512019991e-06,0.23485118895294826,0.0,0.20247047329228113
binary,CPA,20,0.05,Heavy_squalane,4.192243323652495e-06,0.7651488110470517,1.0,0.20247047329228113
binary,CPA,21,0.0525,H2O,1.286749751573324e-06,0.23485152099534015,0.0,0.2024707139113099
binary,CPA,21,0.0525,Heavy_squalane,4.192242873723981e-06,0.7651484790046599,1.0,0.2024707139113099
binary,CPA,22,0.055,H2O,1.286752008407229e-06,0.2348518553941192,0.0,0.20247095591654868
binary,CPA,22,0.055,Heavy_squalane,4.192242425117054e-06,0.7651481446058809,1.0,0.20247095591654868
binary,CPA,23,0.0575,H2O,1.286754289002334e-06,0.2348521933934254,0.0,0.20247120062472246
binary,CPA,23,0.0575,Heavy_squalane,4.19224196992022e-06,0.7651478066065746,1.0,0.20247120062472246
binary,CPA,24,0.06,H2O,1.286756606962339e-06,0.23485253745689494,0.0,0.20247145062588898
binary,CPA,24,0.06,Heavy_squalane,4.192241494978593e-06,0.7651474625431051,1.0,0.20247145062588898
binary,CPA,25,0.0625,H2O,1.286758987952878e-06,0.23485289227868586,0.0,0.2024717108395876
binary,CPA,25,0.0625,Heavy_squalane,4.192240974397845e-06,0.7651471077213142,1.0,0.2024717108395876
binary,CPA,26,0.065,H2O,1.286761479274054e-06,0.23485326651976768,0.0,0.20247199032854177
binary,CPA,26,0.065,Heavy_squalane,4.192240360224511e-06,0.7651467334802323,1.0,0.20247199032854177
binary,CPA,27,0.0675,H2O,1.286764165769295e-06,0.23485367570551546,0.0,0.20247230532546204
binary,CPA,27,0.0675,Heavy_squalane,4.192239566677188e-06,0.7651463242944845,1.0,0.20247230532546204
binary,CPA,28,0.07,H2O,1.286767195983278e-06,0.23485414693136197,0.0,0.20247268414849284
binary,CPA,28,0.07,Heavy_squalane,4.192238445587727e-06,0.765145853068638,1.0,0.20247268414849284
binary,CPA,29,0.0725,H2O,1.286770822259568e-06,0.2348547263081112,0.0,0.20247317497840775
binary,CPA,29,0.0725,Heavy_squalane,4.192236743342601e-06,0.7651452736918888,1.0,0.20247317497840775
binary,CPA,30,0.075,H2O,1.286775463818373e-06,0.23485549045113938,0.0,0.2024738578599985
binary,CPA,30,0.075,Heavy_squalane,4.19223403835071e-06,0.7651445095488606,1.0,0.2024738578599985
binary,CPA,31,0.0775,H2O,1.286781802116843e-06,0.23485656378818043,0.0,0.2024748627813518
binary,CPA,31,0.0775,Heavy_squalane,4.192229647941691e-06,0.7651434362118196,1.0,0.2024748627813518
binary,CPA,32,0.08,H2O,1.286790919562545e-06,0.23485814403386654,0.0,0.20247639628390013
binary,CPA,32,0.08,Heavy_squalane,4.192222485980632e-06,0.7651418559661335,1.0,0.20247639628390013
binary,CPA,33,0.0825,H2O,1.286804500789786e-06,0.23486053885126995,0.0,0.20247877975807685
binary,CPA,33,0.0825,Heavy_squalane,4.192210863322446e-06,0.76513946114873,1.0,0.20247877975807685
binary,CPA,34,0.085,H2O,1.286825114907145e-06,0.23486421747444286,0.0,0.20248250336674128
binary,CPA,34,0.085,Heavy_squalane,4.192192203033903e-06,0.7651357825255571,1.0,0.20248250336674128
binary,CPA,35,0.0875,H2O,1.28685660539065e-06,0.2348698818687286,0.0,0.20248830037711685
binary,CPA,35,0.0875,Heavy_squalane,4.1921626505133e-06,0.7651301181312714,1.0,0.20248830037711685
binary,CPA,36,0.09,H2O,1.286904616085292e-06,0.2348785628044181,0.0,0.20249724751627038
binary,CPA,36,0.09,Heavy_squalane,4.192116545828447e-06,0.7651214371955819,1.0,0.20249724751627038
binary,CPA,37,0.0925,H2O,1.286977287004711e-06,0.23489174693804493,0.0,0.2025108977159363
binary,CPA,37,0.0925,Heavy_squalane,4.192045725856461e-06,0.7651082530619551,1.0,0.2025108977159363
binary,CPA,38,0.095,H2O,1.287086156409989e-06,0.23491154153097224,0.0,0.20253145217157653
binary,CPA,38,0.095,Heavy_squalane,4.191938620413467e-06,0.7650884584690278,1.0,0.20253145217157653
binary,CPA,39,0.0975,H2O,1.287247305546455e-06,0.23494088365194143,0.0,0.20256197886704572
binary,CPA,39,0.0975,Heavy_squalane,4.191779101170722e-06,0.7650591163480586,1.0,0.20256197886704572
binary,CPA,40,0.1,H2O,1.287482784784983e-06,0.2349838004392407,0.0,0.20260668443292548
binary,CPA,40,0.1,Heavy_squalane,4.191545056191166e-06,0.7650161995607594,1.0,0.20260668443292548
binary,CPA,41,0.1025,H2O,1.287822348225275e-06,0.23504572601763501,0.0,0.2026712451818294
binary,CPA,41,0.1025,Heavy_squalane,4.191206647726994e-06,0.7649542739823649,1.0,0.2026712451818294
binary,CPA,42,0.105,H2O,1.288305518876756e-06,0.2351338786954032,0.0,0.20276320110579696
binary,CPA,42,0.105,Heavy_squalane,4.190724240784764e-06,0.7648661213045967,1.0,0.20276320110579696
binary,CPA,43,0.1075,H2O,1.288983986320325e-06,0.2352576987752559,0.0,0.2028924131811878
binary,CPA,43,0.1075,Heavy_squalane,4.190046000926573e-06,0.7647423012247441,1.0,0.2028924131811878
binary,CPA,44,0.11,H2O,1.289924309516832e-06,0.23542934229304407,0.0,0.20307157908149112
binary,CPA,44,0.11,Heavy_squalane,4.189105181680722e-06,0.7645706577069559,1.0,0.20307157908149112
binary,CPA,45,0.1125,H2O,1.291210860704361e-06,0.23566421869414197,0.0,0.20331679476604866
binary,CPA,45,0.1125,Heavy_squalane,4.187817172737431e-06,0.7643357813058581,1.0,0.20331679476604866
binary,CPA,46,0.115,H2O,1.292948889230048e-06,0.2359815503412037,0.0,0.2036481388423525
binary,CPA,46,0.115,Heavy_squalane,4.186076430167101e-06,0.7640184496587963,1.0,0.2036481388423525
binary,CPA,47,0.1175,H2O,1.295267509952039e-06,0.23640491855468182,0.0,0.20409024281480032
binary,CPA,47,0.1175,Heavy_squalane,4.18375347603661e-06,0.7635950814453183,1.0,0.20409024281480032
binary,CPA,48,0.12,H2O,1.298322336773158e-06,0.2369627446396012,0.0,0.20467279335553099
binary,CPA,48,0.12,Heavy_squalane,4.180692260005708e-06,0.7630372553603988,1.0,0.20467279335553099
binary,CPA,49,0.1225,H2O,1.302297370311287e-06,0.23768863492559772,0.0,0.2054308924356156
binary,CPA,49,0.1225,Heavy_squalane,4.176708265439608e-06,0.7623113650744023,1.0,0.2054308924356156
binary,CPA,50,0.125,H2O,1.307405635370791e-06,0.23862149749896572,0.0,0.2064051788518666
binary,CPA,50,0.125,Heavy_squalane,4.171587871391766e-06,0.7613785025010342,1.0,0.2064051788518666
binary,CPA,51,0.1275,H2O,1.313887987383341e-06,0.23980532481434463,0.0,0.20764160059305545
binary,CPA,51,0.1275,Heavy_squalane,4.165089547417201e-06,0.7601946751856554,1.0,0.20764160059305545
binary,CPA,52,0.13,H2O,1.322009461650582e-06,0.24128852748010585,0.0,0.2091907182089674
binary,CPA,52,0.13,Heavy_squalane,4.156947517601493e-06,0.7587114725198941,1.0,0.2091907182089674
binary,CPA,53,0.1325,H2O,1.332052590558184e-06,0.24312271467695504,0.0,0.21110642998596485
binary,CPA,53,0.1325,Heavy_squalane,4.146878460076575e-06,0.7568772853230449,1.0,0.21110642998596485
binary,CPA,54,0.135,H2O,1.344307337222507e-06,0.24536085664790708,0.0,0.21344405153083026
binary,CPA,54,0.135,Heavy_squalane,4.134591602030825e-06,0.7546391433520929,1.0,0.21344405153083026
binary,CPA,55,0.1375,H2O,1.35905768195487e-06,0.24805483584880436,0.0,0.21625775673911513
binary,CPA,55,0.1375,Heavy_squalane,4.119802172981599e-06,0.7519451641511956,1.0,0.21625775673911513
binary,CPA,56,0.14,H2O,1.37656537566789e-06,0.2512524808052843,0.0,0.21959747854009304
binary,CPA,56,0.14,Heavy_squalane,4.102247694180765e-06,0.7487475191947156,1.0,0.21959747854009304
binary,CPA,57,0.1425,H2O,1.397052346909054e-06,0.2549943536830818,0.0,0.22350555270481762
binary,CPA,57,0.1425,Heavy_squalane,4.081705620592344e-06,0.7450056463169182,1.0,0.22350555270481762
binary,CPA,58,0.145,H2O,1.420683345275743e-06,0.259310580350463,0.0,0.22801340659356278
binary,CPA,58,0.145,Heavy_squalane,4.058010749487622e-06,0.7406894196495369,1.0,0.22801340659356278
binary,CPA,59,0.1475,H2O,1.447551099237259e-06,0.26421813927167503,0.0,0.2331387279276104
binary,CPA,59,0.1475,Heavy_squalane,4.031070100758607e-06,0.735781860728325,1.0,0.2331387279276104
binary,CPA,60,0.15,H2O,1.477666161731745e-06,0.2697190056105669,0.0,0.23888352772375343
binary,CPA,60,0.15,Heavy_squalane,4.000873099477269e-06,0.7302809943894332,1.0,0.23888352772375343
binary,CPA,61,0.1525,H2O,1.51095300284624e-06,0.2757994354577969,0.0,0.2452333949500104
binary,CPA,61,0.1525,Heavy_squalane,3.967495494839127e-06,0.724200564542203,1.0,0.2452333949500104
binary,CPA,62,0.155,H2O,1.547252952109806e-06,0.28243050052420254,0.0,0.25215805794969104
binary,CPA,62,0.155,Heavy_squalane,3.931096409018122e-06,0.7175694994757974,1.0,0.25215805794969104
binary,CPA,63,0.1575,H2O,1.586333506981854e-06,0.2895697853250364,0.0,0.2596131603974929
binary,CPA,63,0.1575,Heavy_squalane,3.891909000955311e-06,0.7104302146749636,1.0,0.2596131603974929
binary,CPA,64,0.16,H2O,1.627902613235969e-06,0.2971639923387741,0.0,0.2675429855319002
binary,CPA,64,0.16,Heavy_squalane,3.850226148004123e-06,0.7028360076612258,1.0,0.2675429855319002
binary,CPA,65,0.1625,H2O,1.67162592302741e-06,0.3051520917181163,0.0,0.2758837486813931
binary,CPA,65,0.1625,Heavy_squalane,3.80638313670262e-06,0.6948479082818838,1.0,0.2758837486813931
binary,CPA,66,0.165,H2O,1.717144901847844e-06,0.3134686265516241,0.0,0.2845670514896704
binary,CPA,66,0.165,Heavy_squalane,3.760739506354815e-06,0.6865313734483758,1.0,0.2845670514896704
binary,CPA,67,0.1675,H2O,1.764093916193306e-06,0.3220468328461777,0.0,0.2935231417082685
binary,CPA,67,0.1675,Heavy_squalane,3.713661913921959e-06,0.6779531671538224,1.0,0.2935231417082685
binary,CPA,68,0.17,H2O,1.812114948211759e-06,0.3308213269059926,0.0,0.3026837202406152
binary,CPA,68,0.17,Heavy_squalane,3.665509378972856e-06,0.6691786730940075,1.0,0.3026837202406152
binary,CPA,69,0.1725,H2O,1.860869161333966e-06,0.3397302185602713,0.0,0.31198414772311434
binary,CPA,69,0.1725,Heavy_squalane,3.616621681900606e-06,0.6602697814397287,1.0,0.31198414772311434
binary,CPA,70,0.175,H2O,1.910045128697542e-06,0.34871661480213395,0.0,0.3213650138264129
binary,CPA,70,0.175,Heavy_squalane,3.567311118813994e-06,0.6512833851978661,1.0,0.3213650138264129
binary,CPA,71,0.1775,H2O,1.959363919226131e-06,0.35772955048355387,0.0,0.3307731077701582
binary,CPA,71,0.1775,Heavy_squalane,3.51785739664671e-06,0.6422704495164461,1.0,0.3307731077701582
binary,CPA,72,0.18,H2O,2.008581490054724e-06,0.3667244267950305,0.0,0.34016187457414476
binary,CPA,72,0.18,Heavy_squalane,3.468505235824487e-06,0.6332755732049694,1.0,0.34016187457414476
binary,CPA,73,0.1825,H2O,2.057488910556549e-06,0.3756630536654453,0.0,0.3494914576267801
binary,CPA,73,0.1825,Heavy_squalane,3.419464147459344e-06,0.6243369463345547,1.0,0.3494914576267801
binary,CPA,74,0.185,H2O,2.105911054660097e-06,0.38451341266746814,0.0,0.3587284494520671
binary,CPA,74,0.185,Heavy_squalane,3.370909740876922e-06,0.6154865873325318,1.0,0.3587284494520671
binary,CPA,75,0.1875,H2O,2.153704335070202e-06,0.3932492441213,0.0,0.367845459041774
binary,CPA,75,0.1875,Heavy_squalane,3.322986001315745e-06,0.6067507558786999,1.0,0.367845459041774
binary,CPA,76,0.19,H2O,2.200753662881331e-06,0.40184949331353625,0.0,0.37682053229043855
binary,CPA,76,0.19,Heavy_squalane,3.275808332343658e-06,0.5981505066864637,1.0,0.37682053229043855
binary,CPA,77,0.1925,H2O,2.246994856268128e-06,0.41029930186606833,0.0,0.38563818439418107
binary,CPA,77,0.1925,Heavy_squalane,3.229482549490661e-06,0.5897006981339317,1.0,0.38563818439418107
binary,CPA,78,0.195,H2O,2.292305326507072e-06,0.41858387623879406,0.0,0.39428300227928514
binary,CPA,78,0.195,Heavy_squalane,3.184029182850273e-06,0.5814161237612059,1.0,0.39428300227928514
binary,CPA,79,0.1975,H2O,2.336663381543289e-06,0.426694583131201,0.0,0.40274600180195697
binary,CPA,79,0.1975,Heavy_squalane,3.139533115717625e-06,0.5733054168687989,1.0,0.40274600180195697
binary,CPA,80,0.2,H2O,2.380035996015112e-06,0.43462539903931235,0.0,0.4110209232057722
binary,CPA,80,0.2,Heavy_squalane,3.096026841720321e-06,0.5653746009606876,1.0,0.4110209232057722
binary,CPA,81,0.2025,H2O,2.422403334104485e-06,0.4423726670194763,0.0,0.41910397637011965
binary,CPA,81,0.2025,Heavy_squalane,3.05353022758149e-06,0.5576273329805236,1.0,0.41910397637011965
binary,CPA,82,0.205,H2O,2.463756318348351e-06,0.4499347008791525,0.0,0.42699342728330614
binary,CPA,82,0.205,Heavy_squalane,3.012052312402467e-06,0.5500652991208475,1.0,0.42699342728330614
binary,CPA,83,0.2075,H2O,2.504094641132505e-06,0.4573114210174432,0.0,0.43468921767195534
binary,CPA,83,0.2075,Heavy_squalane,2.971593316892474e-06,0.5426885789825568,1.0,0.43468921767195534
binary,CPA,84,0.21,H2O,2.54345027606371e-06,0.464503644832556,0.0,0.4421922250017283
binary,CPA,84,0.21,Heavy_squalane,2.932180118570914e-06,0.535496355167444,1.0,0.4421922250017283
binary,CPA,85,0.2125,H2O,2.581789102676827e-06,0.47151430452711235,0.0,0.4495055305371137
binary,CPA,85,0.2125,Heavy_squalane,2.893737467542788e-06,0.5284856954728876,1.0,0.4495055305371137
binary,CPA,86,0.215,H2O,2.619149161792121e-06,0.4783462344309307,0.0,0.45663211358780814
binary,CPA,86,0.215,Heavy_squalane,2.856276321400022e-06,0.5216537655690693,1.0,0.45663211358780814
binary,CPA,87,0.2175,H2O,2.655549935368727e-06,0.48500297748079285,0.0,0.46357569124843834
binary,CPA,87,0.2175,Heavy_squalane,2.819777142337497e-06,0.5149970225192072,1.0,0.46357569124843834
binary,CPA,88,0.22,H2O,2.691013634995695e-06,0.4914885768851914,0.0,0.47034050130322974
binary,CPA,88,0.22,Heavy_squalane,2.784217655322368e-06,0.5085114231148086,1.0,0.47034050130322974
binary,CPA,89,0.2225,H2O,2.725564348418073e-06,0.49780742026170005,0.0,0.4769311396057378
binary,CPA,89,0.2225,Heavy_squalane,2.749573701925228e-06,0.5021925797382999,1.0,0.4769311396057378
binary,CPA,90,0.225,H2O,2.759227382473646e-06,0.5039641190946209,0.0,0.4833524343363787
binary,CPA,90,0.225,Heavy_squalane,2.715819903493139e-06,0.49603588090537903,1.0,0.4833524343363787
binary,CPA,91,0.2275,H2O,2.792028746901185e-06,0.5099634144464935,0.0,0.489609347670176
binary,CPA,91,0.2275,Heavy_squalane,2.68293017722401e-06,0.49003658555350654,1.0,0.489609347670176
binary,CPA,92,0.23,H2O,2.823994757979527e-06,0.5158101047594114,0.0,0.49570690050302296
binary,CPA,92,0.23,Heavy_squalane,2.650878130167399e-06,0.48418989524058864,1.0,0.49570690050302296
binary,CPA,93,0.2325,H2O,2.855151749040448e-06,0.5215089922759701,0.0,0.5016501166106819
binary,CPA,93,0.2325,Heavy_squalane,2.619637355899031e-06,0.4784910077240299,1.0,0.5016501166106819
binary,CPA,94,0.235,H2O,2.885525858110629e-06,0.527064844744036,0.0,0.5074439827560071
binary,CPA,94,0.235,Heavy_squalane,2.589181641138267e-06,0.47293515525596397,1.0,0.5074439827560071
binary,CPA,95,0.2375,H2O,2.915142876644991e-06,0.532482367366442,0.0,0.5130934194855201
binary,CPA,95,0.2375,Heavy_squalane,2.559485121015741e-06,0.46751763263355794,1.0,0.5130934194855201
binary,CPA,96,0.24,H2O,2.944028131436653e-06,0.5377661810638076,0.0,0.5186032585124222
binary,CPA,96,0.24,Heavy_squalane,2.530522398335942e-06,0.4622338189361925,1.0,0.5186032585124222
binary,CPA,97,0.2425,H2O,2.972206385144734e-06,0.5429208045942825,0.0,0.5239782241231353
binary,CPA,97,0.2425,Heavy_squalane,2.502268639561354e-06,0.4570791954057175,1.0,0.5239782241231353
binary,CPA,98,0.245,H2O,2.999701759168503e-06,0.5479506400055392,0.0,0.5292229180592242
binary,CPA,98,0.245,Heavy_squalane,2.474699656145437e-06,0.4520493599944608,1.0,0.5292229180592242
binary,CPA,99,0.2475,H2O,3.026537669152556e-06,0.5528599611643963,0.0,0.5343418076084326
binary,CPA,99,0.2475,Heavy_squalane,2.447791965386844e-06,0.44714003883560377,1.0,0.5343418076084326
binary,CPA,100,0.25,H2O,3.052736778948531e-06,0.5576529049129709,0.0,0.5393392164336782
binary,CPA,100,0.25,Heavy_squalane,2.421522840348083e-06,0.44234709508702913,1.0,0.5393392164336782
binary,CPA,101,0.2525,H2O,3.078320974842596e-06,0.5623334667049278,0.0,0.5442193200721671
binary,CPA,101,0.2525,Heavy_squalane,2.395870331750717e-06,0.4376665332950722,1.0,0.5442193200721671
binary,CPA,102,0.255,H2O,3.103311359790502e-06,0.5669054989580762,0.0,0.5489861442648083
binary,CPA,102,0.255,Heavy_squalane,2.370813279138072e-06,0.43309450104192376,1.0,0.5489861442648083
binary,CPA,103,0.2575,H2O,3.127728250679375e-06,0.5713727110772248,0.0,0.5536435650249761
binary,CPA,103,0.2575,Heavy_squalane,2.346331308067459e-06,0.4286272889227753,1.0,0.5536435650249761
binary,CPA,104,0.26,H2O,3.151591182180536e-06,0.5757386698687545,0.0,0.5581953091133236
binary,CPA,104,0.26,Heavy_squalane,2.322404828716167e-06,0.42426133013124545,1.0,0.5581953091133236
binary,CPA,105,0.2625,H2O,3.174918912502574e-06,0.580006800705383,0.0,0.5626449552924945
binary,CPA,105,0.2625,Heavy_squalane,2.299015028688037e-06,0.4199931992946171,1.0,0.5626449552924945
binary,CPA,106,0.265,H2O,3.197729441661207e-06,0.5841803902872253,0.0,0.5669959372438168
binary,CPA,106,0.265,Heavy_squalane,2.276143859852683e-06,0.4158196097127747,1.0,0.5669959372438168
binary,CPA,107,0.2675,H2O,3.220040031847579e-06,0.588262591074066,0.0,0.5712515482239393
binary,CPA,107,0.2675,Heavy_squalane,2.253774010905576e-06,0.4117374089259341,1.0,0.5712515482239393
binary,CPA,108,0.27,H2O,3.24186724059919e-06,0.5922564270216697,0.0,0.5754149470784238
binary,CPA,108,0.27,Heavy_squalane,2.231888877003186e-06,0.40774357297833025,1.0,0.5754149470784238
binary,CPA,109,0.2725,H2O,3.263226955757596e-06,0.5961647997798699,0.0,0.5794891647342654
binary,CPA,109,0.2725,Heavy_squalane,2.210472526269055e-06,0.4038352002201301,1.0,0.5794891647342654
binary,CPA,110,0.275,H2O,3.284134428497498e-06,0.599990494858265,0.0,0.5834771106563678
binary,CPA,110,0.275,Heavy_squalane,2.189509665269862e-06,0.40000950514173494,1.0,0.5834771106563678
binary,CPA,111,0.2775,H2O,3.304604304470144e-06,0.6037361873464367,0.0,0.5873815788373358
binary,CPA,111,0.2775,Heavy_squalane,2.16898560736645e-06,0.3962638126535633,1.0,0.5873815788373358
binary,CPA,112,0.28,H2O,3.324650651257659e-06,0.6074044470050405,0.0,0.5912052531294717
binary,CPA,112,0.28,Heavy_squalane,2.148886244381944e-06,0.3925955529949595,1.0,0.5912052531294717
binary,CPA,113,0.2825,H2O,3.344286984781322e-06,0.6109977427092506,0.0,0.5949507118998998
binary,CPA,113,0.2825,Heavy_squalane,2.129198023448463e-06,0.3890022572907495,1.0,0.5949507118998998
binary,CPA,114,0.285,H2O,3.363526289019411e-06,0.6145184463214768,0.0,0.5986204320890472
binary,CPA,114,0.285,Heavy_squalane,2.109907924637748e-06,0.38548155367852327,1.0,0.5986204320890472
binary,CPA,115,0.2875,H2O,3.382381035514669e-06,0.6179688361644153,0.0,0.6022167928511508
binary,CPA,115,0.2875,Heavy_squalane,2.091003442104459e-06,0.38203116383558466,1.0,0.6022167928511508
binary,CPA,116,0.29,H2O,3.400863199590252e-06,0.6213511002465231,0.0,0.6057420789353133
binary,CPA,116,0.29,Heavy_squalane,2.072472565391815e-06,0.37864889975347704,1.0,0.6057420789353133
binary,CPA,117,0.2925,H2O,3.418984280345806e-06,0.6246673393925892,0.0,0.6091984839663641
binary,CPA,117,0.2925,Heavy_squalane,2.054303763928031e-06,0.3753326606074107,1.0,0.6091984839663641
binary,CPA,118,0.295,H2O,3.436755316675671e-06,0.6279195703776415,0.0,0.6125881137280773
binary,CPA,118,0.295,Heavy_squalane,2.036485969001646e-06,0.3720804296223585,1.0,0.6125881137280773
binary,CPA,119,0.2975,H2O,3.454186902754913e-06,0.6311097291102505,0.0,0.6159129894967285
binary,CPA,119,0.2975,Heavy_squalane,2.019008555069332e-06,0.3688902708897494,1.0,0.6159129894967285
binary,CPA,120,0.3,H2O,3.47128921007145e-06,0.6342396738723239,0.0,0.6191750514324791
binary,CPA,120,0.3,Heavy_squalane,2.001861324453832e-06,0.3657603261276761,1.0,0.6191750514324791
binary,CPA,121,0.3025,H2O,3.488072000343968e-06,0.6373111885876306,0.0,0.6223761619997296
binary,CPA,121,0.3025,Heavy_squalane,1.985034486416474e-06,0.36268881141236947,1.0,0.6223761619997296
binary,CPA,122,0.305,H2O,3.504544647019024e-06,0.6403259860506153,0.0,0.6255181093450617
binary,CPA,122,0.305,Heavy_squalane,1.968518641625962e-06,0.3596740139493847,1.0,0.6255181093450617
binary,CPA,123,0.3075,H2O,3.520716151902656e-06,0.6432857110821685,0.0,0.6286026105982441
binary,CPA,123,0.3075,Heavy_squalane,1.952304764386508e-06,0.3567142889178316,1.0,0.6286026105982441
binary,CPA,124,0.31,H2O,3.536595160210473e-06,0.6461919436302868,0.0,0.6316313151149235
binary,CPA,124,0.31,Heavy_squalane,1.936384184505569e-06,0.35380805636971313,1.0,0.6316313151149235
binary,CPA,125,0.3125,H2O,3.552189979452738e-06,0.6490462018205378,0.0,0.6346058076662213
binary,CPA,125,0.3125,Heavy_squalane,1.920748571746e-06,0.35095379817946215,1.0,0.6346058076662213
binary,CPA,126,0.315,H2O,3.567508594365075e-06,0.651849944956286,0.0,0.6375276115752158
binary,CPA,126,0.315,Heavy_squalane,1.905389918504044e-06,0.3481500550437139,1.0,0.6375276115752158
binary,CPA,127,0.3175,H2O,3.582558684440566e-06,0.6546045764487712,0.0,0.6403981917796605
binary,CPA,127,0.3175,Heavy_squalane,1.890300524512633e-06,0.3453954235512288,1.0,0.6403981917796605
binary,CPA,128,0.32,H2O,3.59734763865173e-06,0.6573114466421197,0.0,0.6432189577845095
binary,CPA,128,0.32,Heavy_squalane,1.87547298090207e-06,0.34268855335788034,1.0,0.6432189577845095
binary,CPA,129,0.3225,H2O,3.61188256865775e-06,0.6599718554889387,0.0,0.6459912664581795
binary,CPA,129,0.3225,Heavy_squalane,1.860900154753834e-06,0.3400281445110614,1.0,0.6459912664581795
binary,CPA,130,0.325,H2O,3.626170325403968e-06,0.6625870550580317,0.0,0.6487164246532343
binary,CPA,130,0.325,Heavy_squalane,1.846575176824981e-06,0.33741294494196833,1.0,0.6487164246532343
binary,CPA,131,0.3275,H2O,3.640217510589336e-06,0.6651582518498318,0.0,0.6513956916262251
binary,CPA,131,0.3275,Heavy_squalane,1.832491428171846e-06,0.3348417481501682,1.0,0.6513956916262251
binary,CPA,132,0.33,H2O,3.654030486022968e-06,0.6676866089300865,0.0,0.654030281267658
binary,CPA,132,0.33,Heavy_squalane,1.818642527261296e-06,0.3323133910699136,1.0,0.654030281267658
binary,CPA,133,0.3325,H2O,3.667615388518555e-06,0.6701732478978989,0.0,0.6566213641588937
binary,CPA,133,0.3325,Heavy_squalane,1.805022321241709e-06,0.3298267521021011,1.0,0.6566213641588937
binary,CPA,134,0.335,H2O,3.6809781368977e-06,0.6726192507104927,0.0,0.6591700694793599
binary,CPA,134,0.335,Heavy_squalane,1.791624874403947e-06,0.3273807492895073,1.0,0.6591700694793599
binary,CPA,135,0.3375,H2O,3.694124443493842e-06,0.6750256613853877,0.0,0.661677486785633
binary,CPA,135,0.3375,Heavy_squalane,1.778444459904901e-06,0.3249743386146124,1.0,0.661677486785633
binary,CPA,136,0.34,H2O,3.707059820248496e-06,0.6773934876008613,0.0,0.664144667684216
binary,CPA,136,0.34,Heavy_squalane,1.765475549670497e-06,0.3226065123991388,1.0,0.664144667684216
binary,CPA,137,0.3425,H2O,3.719789588768317e-06,0.679723702210494,0.0,0.6665726274144357
binary,CPA,137,0.3425,Heavy_squalane,1.752712806942444e-06,0.32027629778950584,1.0,0.6665726274144357
binary,CPA,138,0.345,H2O,3.732318888587325e-06,0.6820172446841437,0.0,0.6689623463544297
binary,CPA,138,0.345,Heavy_squalane,1.740151078525954e-06,0.3179827553158563,1.0,0.6689623463544297
binary,CPA,139,0.3475,H2O,3.744652683972576e-06,0.6842750225072176,0.0,0.6713147714833647
binary,CPA,139,0.3475,Heavy_squalane,1.727785386690858e-06,0.31572497749278233,1.0,0.6713147714833647
binary,CPA,140,0.35,H2O,3.756795771036232e-06,0.6864979125072823,0.0,0.6736308177676803
binary,CPA,140,0.35,Heavy_squalane,1.715610921819342e-06,0.3135020874927177,1.0,0.6736308177676803
binary,CPA,141,0.3525,H2O,3.768752784543624e-06,0.6886867621036377,0.0,0.6759113694668126
binary,CPA,141,0.3525,Heavy_squalane,1.703623035534184e-06,0.3113132378963624,1.0,0.6759113694668126
binary,CPA,142,0.355,H2O,3.780528205638187e-06,0.6908423904845747,0.0,0.6781572813634141
binary,CPA,142,0.355,Heavy_squalane,1.691817234812314e-06,0.3091576095154253,1.0,0.6781572813634141
binary,CPA,143,0.3575,H2O,3.792126366492065e-06,0.6929655897159244,0.0,0.6803693799216578
binary,CPA,143,0.3575,Heavy_squalane,1.680189175245897e-06,0.30703441028407563,1.0,0.6803693799216578
binary,CPA,144,0.36,H2O,3.80355145722672e-06,0.6950571257946303,0.0,0.6825484643881613
binary,CPA,144,0.36,Heavy_squalane,1.668734655771942e-06,0.3049428742053696,1.0,0.6825484643881613
binary,CPA,145,0.3625,H2O,3.814807530108378e-06,0.6971177396629555,0.0,0.6846953078516537
binary,CPA,145,0.3625,Heavy_squalane,1.657449612498223e-06,0.30288226033704435,1.0,0.6846953078516537
binary,CPA,146,0.365,H2O,3.825898506615343e-06,0.6991481482073465,0.0,0.6868106582864876
binary,CPA,146,0.365,Heavy_squalane,1.646330113921167e-06,0.30085185179265356,1.0,0.6868106582864876
binary,CPA,147,0.3675,H2O,3.836828180882218e-06,0.7011490452416687,0.0,0.6888952395797439
binary,CPA,147,0.3675,Heavy_squalane,1.635372354682598e-06,0.29885095475833146,1.0,0.6888952395797439
binary,CPA,148,0.37,H2O,3.847600226129804e-06,0.7031211024823911,0.0,0.6909497525497246
binary,CPA,148,0.37,Heavy_squalane,1.62457265069857e-06,0.2968788975176089,1.0,0.6909497525497246
binary,CPA,149,0.3725,H2O,3.858218201071972e-06,0.705064970508915,0.0,0.6929748759488447
binary,CPA,149,0.3725,Heavy_squalane,1.613927434368e-06,0.2949350294910849,1.0,0.6929748759488447
binary,CPA,150,0.375,H2O,3.868685553044596e-06,0.7069812796984917,0.0,0.6949712674399565
binary,CPA,150,0.375,Heavy_squalane,1.60343324859395e-06,0.29301872030150833,1.0,0.6949712674399565
binary,CPA,151,0.3775,H2O,3.879005624341968e-06,0.7088706411230489,0.0,0.69693956453276
binary,CPA,151,0.3775,Heavy_squalane,1.593086742463548e-06,0.2911293588769511,1.0,0.69693956453276
binary,CPA,152,0.38,H2O,3.889181656113554e-06,0.7107336473963145,0.0,0.6988803854683769
binary,CPA,152,0.38,Heavy_squalane,1.582884666285975e-06,0.28926635260368555,1.0,0.6988803854683769
binary,CPA,153,0.3825,H2O,3.899216790833015e-06,0.7125708734628033,0.0,0.7007943300431956
binary,CPA,153,0.3825,Heavy_squalane,1.572823866518603e-06,0.28742912653719666,1.0,0.7007943300431956
binary,CPA,154,0.385,H2O,3.909114081487498e-06,0.7143828773247656,0.0,0.7026819803680288
binary,CPA,154,0.385,Heavy_squalane,1.562901283895309e-06,0.2856171226752344,1.0,0.7026819803680288
binary,CPA,155,0.3875,H2O,3.918876489902102e-06,0.7161702007077061,0.0,0.7045439015631
binary,CPA,155,0.3875,Heavy_squalane,1.553113947607782e-06,0.2838297992922939,1.0,0.7045439015631
binary,CPA,156,0.39,H2O,3.928506893729862e-06,0.7179333696689615,0.0,0.7063806423936732
binary,CPA,156,0.39,Heavy_squalane,1.543458973438693e-06,0.2820666303310384,1.0,0.7063806423936732
binary,CPA,157,0.3925,H2O,3.938008085118736e-06,0.7196728951563923,0.0,0.7081927358536199
binary,CPA,157,0.3925,Heavy_squalane,1.533933558956891e-06,0.2803271048436076,1.0,0.7081927358536199
binary,CPA,158,0.395,H2O,3.947382779745355e-06,0.7213892735254454,0.0,0.7099806997054805
binary,CPA,158,0.395,Heavy_squalane,1.524534983121298e-06,0.2786107264745546,1.0,0.7099806997054805
binary,CPA,159,0.3975,H2O,3.956633613815817e-06,0.7230829870231341,0.0,0.7117450369860812
binary,CPA,159,0.3975,Heavy_squalane,1.515260601404087e-06,0.2769170129768658,1.0,0.7117450369860812
binary,CPA,160,0.4,H2O,3.965763150443676e-06,0.7247545042464767,0.0,0.7134862364853987
binary,CPA,160,0.4,Heavy_squalane,1.506107844779539e-06,0.27524549575352336,1.0,0.7134862364853987
binary,CPA,161,0.4025,H2O,3.974773878602552e-06,0.7264042805810051,0.0,0.7152047732046056
binary,CPA,161,0.4025,Heavy_squalane,1.497074215992073e-06,0.2735957194189949,1.0,0.7152047732046056
binary,CPA,162,0.405,H2O,3.983668219180675e-06,0.7280327586260505,0.0,0.7169011088003439
binary,CPA,162,0.405,Heavy_squalane,1.488157288642196e-06,0.2719672413739494,1.0,0.7169011088003439
binary,CPA,163,0.4075,H2O,3.992448524290124e-06,0.7296403686075525,0.0,0.7185756920158278
binary,CPA,163,0.4075,Heavy_squalane,1.479354703797876e-06,0.27035963139244745,1.0,0.7185756920158278
binary,CPA,164,0.41,H2O,4.001077246424975e-06,0.7312274834327345,0.0,0.7202289117446828
binary,CPA,164,0.41,Heavy_squalane,1.470649865966902e-06,0.26877251656726564,1.0,0.7202289117446828
binary,CPA,165,0.4125,H2O,4.009636621512996e-06,0.7327945620527361,0.0,0.7218612467838034
binary,CPA,165,0.4125,Heavy_squalane,1.462069678109407e-06,0.2672054379472639,1.0,0.7218612467838034
binary,CPA,166,0.415,H2O,4.01808848199966e-06,0.7343419970329578,0.0,0.7234731065233713
binary,CPA,166,0.415,Heavy_squalane,1.453597051763058e-06,0.2656580029670422,1.0,0.7234731065233713
binary,CPA,167,0.4175,H2O,4.026435094650258e-06,0.735870171926822,0.0,0.7250648910021494
binary,CPA,167,0.4175,Heavy_squalane,1.445229946626429e-06,0.26412982807317786,1.0,0.7250648910021494
binary,CPA,168,0.42,H2O,4.034678501752868e-06,0.7373794603811006,0.0,0.7266369899198463
binary,CPA,168,0.42,Heavy_squalane,1.436966314157276e-06,0.26262053961889953,1.0,0.7266369899198463
binary,CPA,169,0.4225,H2O,4.042820692438377e-06,0.7388702261908964,0.0,0.728189782695418
binary,CPA,169,0.4225,Heavy_squalane,1.428804160115722e-06,0.2611297738091036,1.0,0.728189782695418
binary,CPA,170,0.425,H2O,4.050863603591336e-06,0.7403428235391836,0.0,0.7297236387174025
binary,CPA,170,0.425,Heavy_squalane,1.420741543097763e-06,0.2596571764608165,1.0,0.7297236387174025
binary,CPA,171,0.4275,H2O,4.058809120956203e-06,0.741797597289356,0.0,0.7312389176494045
binary,CPA,171,0.4275,Heavy_squalane,1.412776572752868e-06,0.25820240271064404,1.0,0.7312389176494045
binary,CPA,172,0.43,H2O,4.066659079076296e-06,0.7432348832919233,0.0,0.7327359697503103
binary,CPA,172,0.43,Heavy_squalane,1.404907407502373e-06,0.25676511670807667,1.0,0.7327359697503103
binary,CPA,173,0.4325,H2O,4.074415266940252e-06,0.7446550086900741,0.0,0.7342151361932674
binary,CPA,173,0.4325,Heavy_squalane,1.39713225425023e-06,0.25534499130992583,1.0,0.7342151361932674
binary,CPA,174,0.435,H2O,4.082079429310211e-06,0.7460582922153848,0.0,0.7356767493743921
binary,CPA,174,0.435,Heavy_squalane,1.389449366635035e-06,0.25394170778461517,1.0,0.7356767493743921
binary,CPA,175,0.4375,H2O,4.089653261365101e-06,0.7474450444733534,0.0,0.737121133210799
binary,CPA,175,0.4375,Heavy_squalane,1.381857041103562e-06,0.25255495552664664,1.0,0.737121133210799
binary,CPA,176,0.44,H2O,4.097138419781327e-06,0.748815568219135,0.0,0.738548603428445
binary,CPA,176,0.44,Heavy_squalane,1.374353618672569e-06,0.2511844317808651,1.0,0.738548603428445
binary,CPA,177,0.4425,H2O,4.10453651696301e-06,0.7501701586147291,0.0,0.7399594678305906
binary,CPA,177,0.4425,Heavy_squalane,1.36693748107296e-06,0.2498298413852708,1.0,0.7399594678305906
binary,CPA,178,0.445,H2O,4.111849128262865e-06,0.75150910348053,0.0,0.7413540265603676
binary,CPA,178,0.445,Heavy_squalane,1.359607051335356e-06,0.24849089651946993,1.0,0.7413540265603676
binary,CPA,179,0.4475,H2O,4.119077786526222e-06,0.7528326835308478,0.0,0.7427325723466425
binary,CPA,179,0.4475,Heavy_squalane,1.352360790246781e-06,0.24716731646915227,1.0,0.7427325723466425
binary,CPA,180,0.45,H2O,4.126223989747544e-06,0.7541411726013691,0.0,0.7440953907414454
binary,CPA,180,0.45,Heavy_squalane,1.345197197235734e-06,0.24585882739863094,1.0,0.7440953907414454
binary,CPA,181,0.4525,H2O,4.133289198945672e-06,0.7554348378617065,0.0,0.7454427603418207
binary,CPA,181,0.4525,Heavy_squalane,1.338114808109575e-06,0.24456516213829343,1.0,0.7454427603418207
binary,CPA,182,0.455,H2O,4.140274837370023e-06,0.7567139400223585,0.0,0.7467749530058906
binary,CPA,182,0.455,Heavy_squalane,1.331112193305916e-06,0.2432860599776414,1.0,0.7467749530058906
binary,CPA,183,0.4575,H2O,4.147182297087534e-06,0.75797873353153,0.0,0.7480922340582941
binary,CPA,183,0.4575,Heavy_squalane,1.324187958599226e-06,0.24202126646846991,1.0,0.7480922340582941
binary,CPA,184,0.46,H2O,4.154012935681849e-06,0.7592294667624312,0.0,0.7493948624856925
binary,CPA,184,0.46,Heavy_squalane,1.317340742667508e-06,0.24077053323756872,1.0,0.7493948624856925
binary,CPA,185,0.4625,H2O,4.160768079682459e-06,0.7604663821971253,0.0,0.7506830911286575
binary,CPA,185,0.4625,Heavy_squalane,1.310569216860809e-06,0.23953361780287474,1.0,0.7506830911286575
binary,CPA,186,0.465,H2O,4.167449021022261e-06,0.7616897166030768,0.0,0.7519571668659749
binary,CPA,186,0.465,Heavy_squalane,1.30387208280978e-06,0.23831028339692314,1.0,0.7519571668659749
binary,CPA,187,0.4675,H2O,4.174057025720064e-06,0.762899701206134,0.0,0.7532173307951867
binary,CPA,187,0.4675,Heavy_squalane,1.297248073916149e-06,0.23710029879386602,1.0,0.7532173307951867
binary,CPA,188,0.47,H2O,4.180593327108792e-06,0.7640965618562924,0.0,0.7544638184055665
binary,CPA,188,0.47,Heavy_squalane,1.290695952026923e-06,0.23590343814370765,1.0,0.7544638184055665
binary,CPA,189,0.4725,H2O,4.187059132916926e-06,0.7652805191917663,0.0,0.7556968597494049
binary,CPA,189,0.4725,Heavy_squalane,1.284214508464921e-06,0.2347194808082336,1.0,0.7556968597494049
binary,CPA,190,0.475,H2O,4.193455619824749e-06,0.7664517887954243,0.0,0.7569166796052315
binary,CPA,190,0.475,Heavy_squalane,1.277802561221829e-06,0.23354821120457572,1.0,0.7569166796052315
binary,CPA,191,0.4775,H2O,4.199783938871098e-06,0.7676105813481411,0.0,0.7581234976378676
binary,CPA,191,0.4775,Heavy_squalane,1.271458955533889e-06,0.23238941865185894,1.0,0.7581234976378676
binary,CPA,192,0.48,H2O,4.206045217701007e-06,0.7687571027746485,0.0,0.7593175285506535
binary,CPA,192,0.48,Heavy_squalane,1.265182563506182e-06,0.2312428972253515,1.0,0.7593175285506535
binary,CPA,193,0.4825,H2O,4.212240556383949e-06,0.7698915543841987,0.0,0.7604989822322064
binary,CPA,193,0.4825,Heavy_squalane,1.258972281836012e-06,0.23010844561580135,1.0,0.7604989822322064
binary,CPA,194,0.485,H2O,4.218371028652078e-06,0.7710141330073136,0.0,0.761668063899176
binary,CPA,194,0.485,Heavy_squalane,1.25282703123104e-06,0.22898586699268653,1.0,0.761668063899176
binary,CPA,195,0.4875,H2O,4.224437688676037e-06,0.7721250311246628,0.0,0.762824974230698
binary,CPA,195,0.4875,Heavy_squalane,1.24674575751117e-06,0.22787496887533717,1.0,0.762824974230698
binary,CPA,196,0.49,H2O,4.230441564110185e-06,0.7732244369885636,0.0,0.763969909495222
binary,CPA,196,0.49,Heavy_squalane,1.240727428667983e-06,0.22677556301143648,1.0,0.763969909495222
binary,CPA,197,0.4925,H2O,4.236383661925177e-06,0.7743125347421349,0.0,0.7651030616748485
binary,CPA,197,0.4925,Heavy_squalane,1.234771035752547e-06,0.22568746525786512,1.0,0.7651030616748485
binary,CPA,198,0.495,H2O,4.242264966875568e-06,0.7753895045298345,0.0,0.7662246185806897
binary,CPA,198,0.495,Heavy_squalane,1.228875591633681e-06,0.22461049547016562,1.0,0.7662246185806897
binary,CPA,199,0.4975,H2O,4.248086442315974e-06,0.7764555226041966,0.0,0.767334763964283
binary,CPA,199,0.4975,Heavy_squalane,1.223040130482536e-06,0.2235444773958034,1.0,0.767334763964283
binary,CPA,200,0.5,H2O,4.253849031775117e-06,0.7775107614278591,0.0,0.7684336776240475
binary,CPA,200,0.5,Heavy_squalane,1.217263707504708e-06,0.22248923857214084,1.0,0.7684336776240475
binary,CPA,201,0.5025,H2O,4.259553654673968e-06,0.7785553897711306,0.0,0.7695215355071351
binary,CPA,201,0.5025,Heavy_squalane,1.211545397027588e-06,0.2214446102288694,1.0,0.7695215355071351
binary,CPA,202,0.505,H2O,4.265201216917357e-06,0.7795895728084472,0.0,0.7705985098100695
binary,CPA,202,0.505,Heavy_squalane,1.205884294850203e-06,0.22041042719155277,1.0,0.7705985098100695
binary,CPA,203,0.5075,H2O,4.270792600712844e-06,0.7806134722089104,0.0,0.7716647690732591
binary,CPA,203,0.5075,Heavy_squalane,1.200279514693691e-06,0.21938652779108953,1.0,0.7716647690732591
binary,CPA,204,0.51,H2O,4.276328670998002e-06,0.7816272462297096,0.0,0.7727204782784732
binary,CPA,204,0.51,Heavy_squalane,1.194730189380117e-06,0.21837275377029045,1.0,0.7727204782784732
binary,CPA,205,0.5125,H2O,4.281810273494491e-06,0.7826310498048021,0.0,0.7737657989413761
binary,CPA,205,0.5125,Heavy_squalane,1.189235469659231e-06,0.21736895019519792,1.0,0.7737657989413761
binary,CPA,206,0.515,H2O,4.287238239510683e-06,0.7836250346339653,0.0,0.7748008892044633
binary,CPA,206,0.515,Heavy_squalane,1.183794524920166e-06,0.2163749653660347,1.0,0.7748008892044633
binary,CPA,207,0.5175,H2O,4.292613379719706e-06,0.7846093492688554,0.0,0.7758259039268415
binary,CPA,207,0.5175,Heavy_squalane,1.178406540855817e-06,0.2153906507311446,1.0,0.7758259039268415
binary,CPA,208,0.52,H2O,4.297936488931704e-06,0.7855841392001587,0.0,0.7768409947751691
binary,CPA,208,0.52,Heavy_squalane,1.173070720184867e-06,0.2144158607998413,1.0,0.7768409947751691
binary,CPA,209,0.5225,H2O,4.303208347462119e-06,0.786549546940314,0.0,0.7778463103099414
binary,CPA,209,0.5225,Heavy_squalane,1.16778628243964e-06,0.2134504530596861,1.0,0.7778463103099414
binary,CPA,210,0.525,H2O,4.30842971645308e-06,0.7875057121047995,0.0,0.7788419960703322
binary,CPA,210,0.525,Heavy_squalane,1.162552462124088e-06,0.2124942878952005,1.0,0.7788419960703322
binary,CPA,211,0.5275,H2O,4.313601344331508e-06,0.7884527714920502,0.0,0.7798281946575424
binary,CPA,211,0.5275,Heavy_squalane,1.157368509916764e-06,0.2115472285079498,1.0,0.7798281946575424
binary,CPA,212,0.53,H2O,4.318723963736798e-06,0.7893908591580817,0.0,0.7808050458126632
binary,CPA,212,0.53,Heavy_squalane,1.152233691312435e-06,0.21060914084191829,1.0,0.7808050458126632
binary,CPA,213,0.5325,H2O,4.323798292730164e-06,0.7903201064903458,0.0,0.7817726864937227
binary,CPA,213,0.5325,Heavy_squalane,1.147147286436854e-06,0.20967989350965427,1.0,0.7817726864937227
binary,CPA,214,0.535,H2O,4.328825035080429e-06,0.7912406422778763,0.0,0.7827312509488826
binary,CPA,214,0.535,Heavy_squalane,1.142108589636218e-06,0.2087593577221238,1.0,0.7827312509488826
binary,CPA,215,0.5375,H2O,4.33380488048276e-06,0.7921525927777986,0.0,0.7836808707858066
binary,CPA,215,0.5375,Heavy_squalane,1.137116909075033e-06,0.2078474072222013,1.0,0.7836808707858066
binary,CPA,216,0.54,H2O,4.338738505624055e-06,0.7930560817796146,0.0,0.7846216750387465
binary,CPA,216,0.54,Heavy_squalane,1.132171566571525e-06,0.20694391822038544,1.0,0.7846216750387465
binary,CPA,217,0.5425,H2O,4.343626575213845e-06,0.7939512306664885,0.0,0.7855537902324787
binary,CPA,217,0.5425,Heavy_squalane,1.12727189743863e-06,0.20604876933351146,1.0,0.7855537902324787
binary,CPA,218,0.545,H2O,4.348469735824343e-06,0.7948381584735806,0.0,0.7864773404431656
binary,CPA,218,0.545,Heavy_squalane,1.12241724848352e-06,0.20516184152641936,1.0,0.7864773404431656
binary,CPA,219,0.5475,H2O,4.35326863022064e-06,0.795716981945791,0.0,0.7873924473585985
binary,CPA,219,0.5475,Heavy_squalane,1.117606981325892e-06,0.20428301805420906,1.0,0.7873924473585985
binary,CPA,220,0.55,H2O,4.358023881261527e-06,0.7965878155894105,0.0,0.7882992303320943
binary,CPA,220,0.55,Heavy_squalane,1.112840467871082e-06,0.20341218441058953,1.0,0.7882992303320943
binary,CPA,221,0.5525,H2O,4.362736102637526e-06,0.7974507717273653,0.0,0.7891978064401247
binary,CPA,221,0.5525,Heavy_squalane,1.108117092710651e-06,0.20254922827263477,1.0,0.7891978064401247
binary,CPA,222,0.555,H2O,4.367405897930904e-06,0.7983059605484061,0.0,0.7900882905336538
binary,CPA,222,0.555,Heavy_squalane,1.103436252528127e-06,0.20169403945159398,1.0,0.7900882905336538
binary,CPA,223,0.5575,H2O,4.372033856907416e-06,0.7991534901560271,0.0,0.790970795289158
binary,CPA,223,0.5575,Heavy_squalane,1.098797354821157e-06,0.2008465098439729,1.0,0.790970795289158
binary,CPA,224,0.56,H2O,4.37662055905148e-06,0.799993466617538,0.0,0.7918454312598356
binary,CPA,224,0.56,Heavy_squalane,1.094199818465254e-06,0.20000653338246202,1.0,0.7918454312598356
binary,CPA,225,0.5625,H2O,4.381166573435711e-06,0.8008259940097061,0.0,0.7927123069232299
binary,CPA,225,0.5625,Heavy_squalane,1.089643073363305e-06,0.19917400599029395,1.0,0.7927123069232299
binary,CPA,226,0.565,H2O,4.385672458591766e-06,0.801651174464674,0.0,0.7935715287291131
binary,CPA,226,0.565,Heavy_squalane,1.085126560096664e-06,0.19834882553532598,1.0,0.7935715287291131
binary,CPA,227,0.5675,H2O,4.390138761417582e-06,0.8024691082142907,0.0,0.7944232011457472
binary,CPA,227,0.5675,Heavy_squalane,1.080649729352885e-06,0.19753089178570932,1.0,0.7944232011457472
binary,CPA,228,0.57,H2O,4.39456601977286e-06,0.8032798936340216,0.0,0.7952674267057089
binary,CPA,228,0.57,Heavy_squalane,1.076212042269667e-06,0.1967201063659784,1.0,0.7952674267057089
binary,CPA,229,0.5725,H2O,4.39895476229383e-06,0.8040836272850576,0.0,0.7961043060497802
binary,CPA,229,0.5725,Heavy_squalane,1.07181297009571e-06,0.1959163727149425,1.0,0.7961043060497802
binary,CPA,230,0.575,H2O,4.403305504433817e-06,0.8048804039555773,0.0,0.7969339379700308
binary,CPA,230,0.575,Heavy_squalane,1.067451992945686e-06,0.19511959604442283,1.0,0.7969339379700308
binary,CPA,231,0.5775,H2O,4.407618757608301e-06,0.80567031670274,0.0,0.7977564194535978
binary,CPA,231,0.5775,Heavy_squalane,1.063128601741833e-06,0.19432968329726,1.0,0.7977564194535978
binary,CPA,232,0.58,H2O,4.41189501766727e-06,0.8064534568903697,0.0,0.7985718457219997
binary,CPA,232,0.58,Heavy_squalane,1.058842295158247e-06,0.19354654310963035,1.0,0.7985718457219997
binary,CPA,233,0.5825,H2O,4.416134778792582e-06,0.8072299142302305,0.0,0.7993803102741988
binary,CPA,233,0.5825,Heavy_squalane,1.05459258269746e-06,0.19277008576976948,1.0,0.7993803102741988
binary,CPA,234,0.585,H2O,4.420338519018541e-06,0.8079997768173324,0.0,0.8001819049234337
binary,CPA,234,0.585,Heavy_squalane,1.050378980966442e-06,0.1920002231826676,1.0,0.8001819049234337
binary,CPA,235,0.5875,H2O,4.424506712281967e-06,0.8087631311697951,0.0,0.8009767198387747
binary,CPA,235,0.5875,Heavy_squalane,1.046201016299033e-06,0.19123686883020494,1.0,0.8009767198387747
binary,CPA,236,0.59,H2O,4.428639823347072e-06,0.809520062262654,0.0,0.8017648435804109
binary,CPA,236,0.59,Heavy_squalane,1.042058223306367e-06,0.19047993773734592,1.0,0.8017648435804109
binary,CPA,237,0.5925,H2O,4.432738307487768e-06,0.8102706535643499,0.0,0.8025463631377046
binary,CPA,237,0.5925,Heavy_squalane,1.0379501445601e-06,0.18972934643565,1.0,0.8025463631377046
binary,CPA,238,0.595,H2O,4.436802613976971e-06,0.8110149870708885,0.0,0.8033213639648011
binary,CPA,238,0.595,Heavy_squalane,1.03387633118186e-06,0.18898501292911157,1.0,0.8033213639648011
binary,CPA,239,0.5975,H2O,4.440833181866907e-06,0.8117531433386896,0.0,0.8040899300149243
binary,CPA,239,0.5975,Heavy_squalane,1.029836341631381e-06,0.1882468566613103,1.0,0.8040899300149243
binary,CPA,240,0.6,H2O,4.44483044347308e-06,0.8124852015179379,0.0,0.804852143775139
binary,CPA,240,0.6,Heavy_squalane,1.025829742298867e-06,0.18751479848206207,1.0,0.804852143775139
binary,CPA,241,0.6025,H2O,4.448794822999324e-06,0.8132112393835798,0.0,0.8056080862986832
binary,CPA,241,0.6025,Heavy_squalane,1.021856106974964e-06,0.18678876061642025,1.0,0.8056080862986832
binary,CPA,242,0.605,H2O,4.452726741014301e-06,0.813931333366332,0.0,0.806357837237308
binary,CPA,242,0.605,Heavy_squalane,1.01791501766859e-06,0.18606866663366797,1.0,0.806357837237308
binary,CPA,243,0.6075,H2O,4.456626605208026e-06,0.8146455585816871,0.0,0.8071014748715467
binary,CPA,243,0.6075,Heavy_squalane,1.014006062288615e-06,0.18535444141831292,1.0,0.8071014748715467
binary,CPA,244,0.61,H2O,4.46049481974419e-06,0.8153539888606207,0.0,0.8078390761427219
binary,CPA,244,0.61,Heavy_squalane,1.010128836586118e-06,0.1846460111393793,1.0,0.8078390761427219
binary,CPA,245,0.6125,H2O,4.464331780852857e-06,0.8160566967762181,0.0,0.8085707166807161
binary,CPA,245,0.6125,Heavy_squalane,1.006282942963425e-06,0.18394330322378202,1.0,0.8085707166807161
binary,CPA,246,0.615,H2O,4.468137879321548e-06,0.8167537536718116,0.0,0.8092964708333321
binary,CPA,246,0.615,Heavy_squalane,1.002467990849864e-06,0.18324624632818842,1.0,0.8092964708333321
binary,CPA,247,0.6175,H2O,4.471913497009209e-06,0.8174452296871285,0.0,0.8100164116935576
binary,CPA,247,0.6175,Heavy_squalane,9.986835957413384e-07,0.18255477031287146,1.0,0.8100164116935576
binary,CPA,248,0.62,H2O,4.475659012304253e-06,0.8181311937848273,0.0,0.8107306111272412
binary,CPA,248,0.62,Heavy_squalane,9.949293802480717e-07,0.18186880621517268,1.0,0.8107306111272412
binary,CPA,249,0.6225,H2O,4.479374794602468e-06,0.8188117137749912,0.0,0.8114391397986286
binary,CPA,249,0.6225,Heavy_squalane,9.912049726935783e-07,0.18118828622500885,1.0,0.8114391397986286
binary,CPA,250,0.625,H2O,4.483061207749218e-06,0.8194868563399984,0.0,0.8121420671963129
binary,CPA,250,0.625,Heavy_squalane,9.87510007720323e-07,0.18051314366000165,1.0,0.8121420671963129
binary,CPA,251,0.6275,H2O,4.486718611505575e-06,0.8201566870583101,0.0,0.8128394616580394
binary,CPA,251,0.6275,Heavy_squalane,9.838441264491362e-07,0.17984331294168973,1.0,0.8128394616580394
binary,CPA,252,0.63,H2O,4.4903473569322e-06,0.8208212704271672,0.0,0.8135313903943696
binary,CPA,252,0.63,Heavy_squalane,9.802069753103827e-07,0.17917872957283282,1.0,0.8135313903943696
binary,CPA,253,0.6325,H2O,4.493947790857785e-06,0.8214806698860136,0.0,0.8142179195131329
binary,CPA,253,0.6325,Heavy_squalane,9.765982068725724e-07,0.17851933011398632,1.0,0.8142179195131329
binary,CPA,254,0.635,H2O,4.497520254255604e-06,0.822134947837553,0.0,0.8148991140413472
binary,CPA,254,0.635,Heavy_squalane,9.730174793431822e-07,0.1778650521624469,1.0,0.8148991140413472
binary,CPA,255,0.6375,H2O,4.501065083682089e-06,0.8227841656696887,0.0,0.8155750379481385
binary,CPA,255,0.6375,Heavy_squalane,9.694644567333336e-07,0.17721583433031132,1.0,0.8155750379481385
binary,CPA,256,0.64,H2O,4.504582606542673e-06,0.8234283837760465,0.0,0.8162457541661233
binary,CPA,256,0.64,Heavy_squalane,9.659388077006993e-07,0.17657161622395337,1.0,0.8162457541661233
binary,CPA,257,0.6425,H2O,4.508073150715764e-06,0.8240676615769775,0.0,0.8169113246133074
binary,CPA,257,0.6425,Heavy_squalane,9.62440207482139e-07,0.17593233842302253,1.0,0.8169113246133074
binary,CPA,258,0.645,H2O,4.511537032574699e-06,0.8247020575379348,0.0,0.8175718102122738
binary,CPA,258,0.645,Heavy_squalane,9.58968335198288e-07,0.17529794246206523,1.0,0.8175718102122738
binary,CPA,259,0.6475,H2O,4.514974567676839e-06,0.8253316291905565,0.0,0.8182272709121418
binary,CPA,259,0.6475,Heavy_squalane,9.555228760051599e-07,0.17466837080944345,1.0,0.8182272709121418
binary,CPA,260,0.65,H2O,4.518386066997573e-06,0.825956433150146,0.0,0.8188777657068175
binary,CPA,260,0.65,Heavy_squalane,9.521035201647088e-07,0.174043566849854,1.0,0.8188777657068175
binary,CPA,261,0.6525,H2O,4.521771832071593e-06,0.8265765251343132,0.0,0.8195233526544182
binary,CPA,261,0.6525,Heavy_squalane,9.487099619000357e-07,0.17342347486568674,1.0,0.8195233526544182
binary,CPA,262,0.655,H2O,4.525132163671414e-06,0.8271919599817331,0.0,0.8201640888968429
binary,CPA,262,0.655,Heavy_squalane,9.453419011047267e-07,0.1728080400182669,1.0,0.8201640888968429
binary,CPA,263,0.6575,H2O,4.528467357975546e-06,0.827802791668403,0.0,0.820800030676726
binary,CPA,263,0.6575,Heavy_squalane,9.419990424198954e-07,0.17219720833159702,1.0,0.820800030676726
binary,CPA,264,0.66,H2O,4.531777702693359e-06,0.828409073325205,0.0,0.8214312333557541
binary,CPA,264,0.66,Heavy_squalane,9.386810943149377e-07,0.17159092667479495,1.0,0.8214312333557541
binary,CPA,265,0.6625,H2O,4.535063484751351e-06,0.8290108572552278,0.0,0.8220577514327133
binary,CPA,265,0.6625,Heavy_squalane,9.353877705753806e-07,0.17098914274477214,1.0,0.8220577514327133
binary,CPA,266,0.665,H2O,4.538324986394719e-06,0.8296081949488092,0.0,0.8226796385591877
binary,CPA,266,0.665,Heavy_squalane,9.321187893863954e-07,0.17039180505119073,1.0,0.8226796385591877
binary,CPA,267,0.6675,H2O,4.541562483378685e-06,0.8302011370999924,0.0,0.8232969475567345
binary,CPA,267,0.6675,Heavy_squalane,9.288738728554101e-07,0.1697988629000076,1.0,0.8232969475567345
binary,CPA,268,0.67,H2O,4.54477624845309e-06,0.8307897336224476,0.0,0.8239097304334484
binary,CPA,268,0.67,Heavy_squalane,9.256527476260353e-07,0.16921026637755238,1.0,0.8239097304334484
binary,CPA,269,0.6725,H2O,4.54796655059121e-06,0.8313740336638504,0.0,0.8245180383989991
binary,CPA,269,0.6725,Heavy_squalane,9.224551446214764e-07,0.1686259663361495,1.0,0.8245180383989991
binary,CPA,270,0.675,H2O,4.551133654222117e-06,0.8319540856210639,0.0,0.8251219218804218
binary,CPA,270,0.675,Heavy_squalane,9.192807987877987e-07,0.16804591437893607,1.0,0.8251219218804218
binary,CPA,271,0.6775,H2O,4.554277819505518e-06,0.8325299371543818,0.0,0.8257214305370003
binary,CPA,271,0.6775,Heavy_squalane,9.161294490573502e-07,0.16747006284561822,1.0,0.8257214305370003
binary,CPA,272,0.68,H2O,4.557399301530499e-06,0.8331016352017925,0.0,0.8263166132751215
binary,CPA,272,0.68,Heavy_squalane,9.130008380954584e-07,0.16689836479820752,1.0,0.8263166132751215
binary,CPA,273,0.6825,H2O,4.560498354916135e-06,0.8336692259929765,0.0,0.8269075182628909
binary,CPA,273,0.6825,Heavy_squalane,9.098947131309225e-07,0.1663307740070234,1.0,0.8269075182628909
binary,CPA,274,0.685,H2O,4.563575227583449e-06,0.8342327550618738,0.0,0.8274941929432
binary,CPA,274,0.685,Heavy_squalane,9.068108246220596e-07,0.16576724493812617,1.0,0.8274941929432
binary,CPA,275,0.6875,H2O,4.566630165364607e-06,0.8347922672608742,0.0,0.8280766840485756
binary,CPA,275,0.6875,Heavy_squalane,9.037489270875358e-07,0.16520773273912595,1.0,0.8280766840485756
binary,CPA,276,0.69,H2O,4.569663407891654e-06,0.8353478067729936,0.0,0.8286550376138233
binary,CPA,276,0.69,Heavy_squalane,9.007087782095819e-07,0.16465219322700633,1.0,0.8286550376138233
binary,CPA,277,0.6925,H2O,4.57267519431172e-06,0.8358994171249541,0.0,0.8292292989896987
binary,CPA,277,0.6925,Heavy_squalane,8.976901398803669e-07,0.16410058287504595,1.0,0.8292292989896987
binary,CPA,278,0.695,H2O,4.575665756961739e-06,0.8364471411988371,0.0,0.82979951285505
binary,CPA,278,0.695,Heavy_squalane,8.946927768765978e-07,0.16355285880116285,1.0,0.82979951285505
binary,CPA,279,0.6975,H2O,4.578635329305604e-06,0.8369910212447179,0.0,0.8303657232299946
binary,CPA,279,0.6975,Heavy_squalane,8.917164583355097e-07,0.1630089787552821,1.0,0.8303657232299946
binary,CPA,280,0.7,H2O,4.581584137362036e-06,0.8375310988915562,0.0,0.8309279734872684
binary,CPA,280,0.7,Heavy_squalane,8.887609560029817e-07,0.16246890110844378,1.0,0.8309279734872684
binary,CPA,281,0.7025,H2O,4.584512404345592e-06,0.8380674151597086,0.0,0.8314863063652619
binary,CPA,281,0.7025,Heavy_squalane,8.858260450641516e-07,0.16193258484029144,1.0,0.8314863063652619
binary,CPA,282,0.705,H2O,4.587420354228249e-06,0.8386000104715001,0.0,0.832040763979075
binary,CPA,282,0.705,Heavy_squalane,8.829115047577617e-07,0.16139998952849993,1.0,0.832040763979075
binary,CPA,283,0.7075,H2O,4.590308200847348e-06,0.8391289246618945,0.0,0.8325913878316034
binary,CPA,283,0.7075,Heavy_squalane,8.800171162031817e-07,0.16087107533810552,1.0,0.8325913878316034
binary,CPA,284,0.71,H2O,4.593176159252111e-06,0.839654196990305,0.0,0.8331382188258916
binary,CPA,284,0.71,Heavy_squalane,8.771426645161761e-07,0.16034580300969498,1.0,0.8331382188258916
binary,CPA,285,0.7125,H2O,4.596024443709839e-06,0.8401758661500419,0.0,0.833681297274948
binary,CPA,285,0.7125,Heavy_squalane,8.742879383516843e-07,0.15982413384995814,1.0,0.833681297274948
binary,CPA,286,0.715,H2O,4.598853260064671e-06,0.8406939702784869,0.0,0.8342206629123735
binary,CPA,286,0.715,Heavy_squalane,8.714527283811158e-07,0.15930602972151314,1.0,0.8342206629123735
binary,CPA,287,0.7175,H2O,4.601662813801591e-06,0.8412085469682088,0.0,0.8347563549039464
binary,CPA,287,0.7175,Heavy_squalane,8.686368287619533e-07,0.15879145303179118,1.0,0.8347563549039464
binary,CPA,288,0.72,H2O,4.604453307997087e-06,0.8417196332757826,0.0,0.8352884118568159
binary,CPA,288,0.72,Heavy_squalane,8.658400366853878e-07,0.1582803667242174,1.0,0.8352884118568159
binary,CPA,289,0.7225,H2O,4.607224942396676e-06,0.8422272657316482,0.0,0.8358168718297772
binary,CPA,289,0.7225,Heavy_squalane,8.630621521375417e-07,0.15777273426835187,1.0,0.8358168718297772
binary,CPA,290,0.725,H2O,4.609977912463965e-06,0.842731480349434,0.0,0.8363417723430111
binary,CPA,290,0.725,Heavy_squalane,8.603029776630572e-07,0.15726851965056599,1.0,0.8363417723430111
binary,CPA,291,0.7275,H2O,4.612712412991308e-06,0.8432323126356592,0.0,0.8368631503881642
binary,CPA,291,0.7275,Heavy_squalane,8.575623189784951e-07,0.15676768736434077,1.0,0.8368631503881642
binary,CPA,292,0.73,H2O,4.615428636006305e-06,0.8437297975978963,0.0,0.837381042436896
binary,CPA,292,0.73,Heavy_squalane,8.548399845241745e-07,0.15627020240210368,1.0,0.837381042436896
binary,CPA,293,0.7325,H2O,4.618126768671621e-06,0.8442239697540597,0.0,0.8378954844505346
binary,CPA,293,0.7325,Heavy_squalane,8.521357850165658e-07,0.15577603024594033,1.0,0.8378954844505346
binary,CPA,294,0.735,H2O,4.620806996896654e-06,0.8447148631412352,0.0,0.8384065118893103
binary,CPA,294,0.735,Heavy_squalane,8.494495340625521e-07,0.15528513685876477,1.0,0.8384065118893103
binary,CPA,295,0.7375,H2O,4.623469506679534e-06,0.8452025113237579,0.0,0.8389141597207386
binary,CPA,295,0.7375,Heavy_squalane,8.467810483480967e-07,0.1547974886762421,1.0,0.8389141597207386
binary,CPA,296,0.74,H2O,4.626114475052168e-06,0.8456869474012718,0.0,0.8394184624280573
binary,CPA,296,0.74,Heavy_squalane,8.441301459247156e-07,0.15431305259872816,1.0,0.8394184624280573
binary,CPA,297,0.7425,H2O,4.628742081800135e-06,0.8461682040178825,0.0,0.839919454019758
binary,CPA,297,0.7425,Heavy_squalane,8.414966483026496e-07,0.1538317959821176,1.0,0.839919454019758
binary,CPA,298,0.745,H2O,4.63135250152429e-06,0.8466463133688888,0.0,0.8404171680365933
binary,CPA,298,0.745,Heavy_squalane,8.388803789517184e-07,0.15335368663111118,1.0,0.8404171680365933
binary,CPA,299,0.7475,H2O,4.633945911957041e-06,0.8471213072092473,0.0,0.8409116375604195
binary,CPA,299,0.7475,Heavy_squalane,8.362811647565553e-07,0.15287869279075272,1.0,0.8409116375604195
binary,CPA,300,0.75,H2O,4.636522478969743e-06,0.847593216860489,0.0,0.8414028952213934
binary,CPA,300,0.75,Heavy_squalane,8.336988332577935e-07,0.15240678313951103,1.0,0.8414028952213934
binary,CPA,301,0.7525,H2O,4.639082375412925e-06,0.8480620732195341,0.0,0.841890973207153
binary,CPA,301,0.7525,Heavy_squalane,8.311332160017217e-07,0.15193792678046592,1.0,0.841890973207153
binary,CPA,302,0.755,H2O,4.641625766063671e-06,0.8485279067643988,0.0,0.842375903268803
binary,CPA,302,0.755,Heavy_squalane,8.285841457860035e-07,0.15147209323560115,1.0,0.842375903268803
binary,CPA,303,0.7575,H2O,4.644152813624839e-06,0.8489907475622933,0.0,0.8428577167293163
binary,CPA,303,0.7575,Heavy_squalane,8.260514576933027e-07,0.15100925243770671,1.0,0.8428577167293163
binary,CPA,304,0.76,H2O,4.646663682426214e-06,0.8494506252766147,0.0,0.8433364444908503
binary,CPA,304,0.76,Heavy_squalane,8.23534989701523e-07,0.1505493747233852,1.0,0.8433364444908503
binary,CPA,305,0.7625,H2O,4.649158531491276e-06,0.8499075691730917,0.0,0.8438121170411359
binary,CPA,305,0.7625,Heavy_squalane,8.210345814076051e-07,0.15009243082690824,1.0,0.8438121170411359
binary,CPA,306,0.765,H2O,4.651637518225466e-06,0.8503616081271511,0.0,0.8442847644611682
binary,CPA,306,0.765,Heavy_squalane,8.185500746390577e-07,0.1496383918728489,1.0,0.8442847644611682
binary,CPA,307,0.7675,H2O,4.654100797368334e-06,0.8508127706302673,0.0,0.8447544164318219
binary,CPA,307,0.7675,Heavy_squalane,8.160813132276996e-07,0.1491872293697328,1.0,0.8447544164318219
binary,CPA,308,0.77,H2O,4.656548525907562e-06,0.8512610847964732,0.0,0.8452211022406378
binary,CPA,308,0.77,Heavy_squalane,8.136281438281272e-07,0.14873891520352678,1.0,0.8452211022406378
binary,CPA,309,0.7725,H2O,4.658980851278174e-06,0.8517065783680259,0.0,0.845684850787731
binary,CPA,309,0.7725,Heavy_squalane,8.111904138133229e-07,0.14829342163197418,1.0,0.845684850787731
binary,CPA,310,0.775,H2O,4.661397925844037e-06,0.8521492787228343,0.0,0.8461456905935314
binary,CPA,310,0.775,Heavy_squalane,8.087679737625973e-07,0.14785072127716578,1.0,0.8461456905935314
binary,CPA,311,0.7775,H2O,4.663799896247405e-06,0.8525892128790915,0.0,0.8466036498036198
binary,CPA,311,0.7775,Heavy_squalane,8.063606755692523e-07,0.1474107871209085,1.0,0.8466036498036198
binary,CPA,312,0.78,H2O,4.66618690714108e-06,0.8530264075022905,0.0,0.8470587561960197
binary,CPA,312,0.78,Heavy_squalane,8.039683730499972e-07,0.1469735924977095,1.0,0.8470587561960197
binary,CPA,313,0.7825,H2O,4.668559104931359e-06,0.8534608889104861,0.0,0.8475110371867123
binary,CPA,313,0.7825,Heavy_squalane,8.015909225539814e-07,0.14653911108951384,1.0,0.8475110371867123
binary,CPA,314,0.785,H2O,4.670916627028539e-06,0.8538926830797878,0.0,0.8479605198353443
binary,CPA,314,0.785,Heavy_squalane,7.992281810773849e-07,0.14610731692021206,1.0,0.8479605198353443
binary,CPA,315,0.7875,H2O,4.673259618927319e-06,0.8543218156508056,0.0,0.8484072308519508
binary,CPA,315,0.7875,Heavy_squalane,7.968800091557143e-07,0.1456781843491945,1.0,0.8484072308519508
binary,CPA,316,0.79,H2O,4.675588213692815e-06,0.8547483119327021,0.0,0.8488511966011795
binary,CPA,316,0.79,Heavy_squalane,7.945462673226251e-07,0.14525168806729788,1.0,0.8488511966011795
binary,CPA,317,0.7925,H2O,4.677902552766165e-06,0.8551721969102472,0.0,0.849292443109642
binary,CPA,317,0.7925,Heavy_squalane,7.922268196193182e-07,0.14482780308975288,1.0,0.849292443109642
binary,CPA,318,0.795,H2O,4.680202765336787e-06,0.8555934952473164,0.0,0.849730996069562
binary,CPA,318,0.795,Heavy_squalane,7.899215300611521e-07,0.14440650475268352,1.0,0.849730996069562
binary,CPA,319,0.7975,H2O,4.682488990480122e-06,0.8560122312938673,0.0,0.8501668808460537
binary,CPA,319,0.7975,Heavy_squalane,7.876302663469837e-07,0.1439877687061327,1.0,0.8501668808460537
binary,CPA,320,0.8,H2O,4.684761353971927e-06,0.8564284290889804,0.0,0.8506001224802838
binary,CPA,320,0.8,Heavy_squalane,7.853528959196929e-07,0.1435715709110195,1.0,0.8506001224802838
binary,CPA,321,0.8025,H2O,4.687019988056433e-06,0.8568421123678858,0.0,0.8510307456967925
binary,CPA,321,0.8025,Heavy_squalane,7.830892892570264e-07,0.14315788763211434,1.0,0.8510307456967925
binary,CPA,322,0.805,H2O,4.689265021711826e-06,0.8572533045650506,0.0,0.8514587749067267
binary,CPA,322,0.805,Heavy_squalane,7.80839318207919e-07,0.14274669543494942,1.0,0.8514587749067267
binary,CPA,323,0.8075,H2O,4.691496579526191e-06,0.8576620288199591,0.0,0.8518842342138517
binary,CPA,323,0.8075,Heavy_squalane,7.786028557736689e-07,0.1423379711800408,1.0,0.8518842342138517
binary,CPA,324,0.81,H2O,4.693714786737372e-06,0.858068307981649,0.0,0.8523071474192825
binary,CPA,324,0.81,Heavy_squalane,7.763797769203194e-07,0.14193169201835096,1.0,0.8523071474192825
binary,CPA,325,0.8125,H2O,4.695919765621751e-06,0.8584721646131148,0.0,0.8527275380260652
binary,CPA,325,0.8125,Heavy_squalane,7.74169957949016e-07,0.14152783538688524,1.0,0.8527275380260652
binary,CPA,326,0.815,H2O,4.698111640577947e-06,0.8588736209959031,0.0,0.8531454292439993
binary,CPA,326,0.815,Heavy_squalane,7.71973277305865e-07,0.14112637900409686,1.0,0.8531454292439993
binary,CPA,327,0.8175,H2O,4.700290529499813e-06,0.8592726991342026,0.0,0.8535608439938573
binary,CPA,327,0.8175,Heavy_squalane,7.697896141330455e-07,0.14072730086579738,1.0,0.8535608439938573
binary,CPA,328,0.82,H2O,4.702456551365623e-06,0.8596694207599345,0.0,0.853973804912717
binary,CPA,328,0.82,Heavy_squalane,7.676188494887248e-07,0.14033057924006562,1.0,0.853973804912717
binary,CPA,329,0.8225,H2O,4.704609825091193e-06,0.8600638073363864,0.0,0.8543843343577487
binary,CPA,329,0.8225,Heavy_squalane,7.654608661303657e-07,0.13993619266361354,1.0,0.8543843343577487
binary,CPA,330,0.825,H2O,4.706750464600538e-06,0.8604558800624001,0.0,0.8547924544105676
binary,CPA,330,0.825,Heavy_squalane,7.633155476849552e-07,0.1395441199375998,1.0,0.8547924544105676
binary,CPA,331,0.8275,H2O,4.708878583944758e-06,0.8608456598768996,0.0,0.8551981868819664
binary,CPA,331,0.8275,Heavy_squalane,7.611827794570442e-07,0.1391543401231003,1.0,0.8551981868819664
binary,CPA,332,0.83,H2O,4.710994297401735e-06,0.8612331674625159,0.0,0.8556015533156804
binary,CPA,332,0.83,Heavy_squalane,7.590624484176541e-07,0.13876683253748404,1.0,0.8556015533156804
binary,CPA,333,0.8325,H2O,4.713097715779995e-06,0.8616184232495765,0.0,0.8560025749925577
binary,CPA,333,0.8325,Heavy_squalane,7.569544425810594e-07,0.1383815767504234,1.0,0.8560025749925577
binary,CPA,334,0.835,H2O,4.715188949034216e-06,0.8620014474201781,0.0,0.8564012729347967
binary,CPA,334,0.835,Heavy_squalane,7.548586514030737e-07,0.13799855257982185,1.0,0.8564012729347967
binary,CPA,335,0.8375,H2O,4.717268107630934e-06,0.8623822599118551,0.0,0.8567976679097816
binary,CPA,335,0.8375,Heavy_squalane,7.527749659743719e-07,0.13761774008814484,1.0,0.8567976679097816
binary,CPA,336,0.84,H2O,4.719335297540714e-06,0.8627608804211843,0.0,0.857191780433817
binary,CPA,336,0.84,Heavy_squalane,7.50703278196308e-07,0.13723911957881574,1.0,0.857191780433817
binary,CPA,337,0.8425,H2O,4.72139062670216e-06,0.8631373284077938,0.0,0.8575836307763253
binary,CPA,337,0.8425,Heavy_squalane,7.486434817885272e-07,0.1368626715922062,1.0,0.8575836307763253
binary,CPA,338,0.845,H2O,4.723434197429956e-06,0.8635116230975992,0.0,0.8579732389632184
binary,CPA,338,0.845,Heavy_squalane,7.465954710601986e-07,0.13648837690240076,1.0,0.8579732389632184
binary,CPA,339,0.8475,H2O,4.725466116753696e-06,0.8638837834867453,0.0,0.8583606247809875
binary,CPA,339,0.8475,Heavy_squalane,7.445591425249437e-07,0.13611621651325476,1.0,0.8583606247809875
binary,CPA,340,0.85,H2O,4.727486482363322e-06,0.8642538283444305,0.0,0.85874580777968
binary,CPA,340,0.85,Heavy_squalane,7.425343926605371e-07,0.13574617165556946,1.0,0.85874580777968
binary,CPA,341,0.8525,H2O,4.729495402011772e-06,0.8646217762172436,0.0,0.859128807277385
binary,CPA,341,0.8525,Heavy_squalane,7.405211209394683e-07,0.13537822378275643,1.0,0.859128807277385
binary,CPA,342,0.855,H2O,4.731492971661719e-06,0.8649876454311961,0.0,0.8595096423623734
binary,CPA,342,0.855,Heavy_squalane,7.385192263773297e-07,0.13501235456880378,1.0,0.8595096423623734
binary,CPA,343,0.8575,H2O,4.733479288467843e-06,0.8653514540964159,0.0,0.8598883318979806
binary,CPA,343,0.8575,Heavy_squalane,7.365286095491021e-07,0.13464854590358408,1.0,0.8598883318979806
binary,CPA,344,0.86,H2O,4.735454454765987e-06,0.8657132201097608,0.0,0.8602648945253344
binary,CPA,344,0.86,Heavy_squalane,7.345491731855355e-07,0.1342867798902391,1.0,0.8602648945253344
binary,CPA,345,0.8625,H2O,4.737418566463304e-06,0.8660729611573192,0.0,0.8606393486659609
binary,CPA,345,0.8625,Heavy_squalane,7.325808203467497e-07,0.13392703884268073,1.0,0.8606393486659609
binary,CPA,346,0.865,H2O,4.739371715697617e-06,0.8664306947185589,0.0,0.8610117125261053
binary,CPA,346,0.865,Heavy_squalane,7.306234548187027e-07,0.1335693052814411,1.0,0.8610117125261053
binary,CPA,347,0.8675,H2O,4.741313998734647e-06,0.8667864380691958,0.0,0.8613820040997245
binary,CPA,347,0.8675,Heavy_squalane,7.286769823149972e-07,0.1332135619308042,1.0,0.8613820040997245
binary,CPA,348,0.87,H2O,4.743245508202729e-06,0.867140208283544,0.0,0.8617502411709357
binary,CPA,348,0.87,Heavy_squalane,7.26741309259837e-07,0.1328597917164561,1.0,0.8617502411709357
binary,CPA,349,0.8725,H2O,4.745166338415966e-06,0.8674920222380905,0.0,0.8621164413177438
binary,CPA,349,0.8725,Heavy_squalane,7.24816343584555e-07,0.13250797776190948,1.0,0.8621164413177438
binary,CPA,350,0.875,H2O,4.747076577552582e-06,0.867841896614003,0.0,0.8624806219146505
binary,CPA,350,0.875,Heavy_squalane,7.229019935142362e-07,0.1321581033859969,1.0,0.8624806219146505
binary,CPA,351,0.8775,H2O,4.748976316928732e-06,0.8681898479003916,0.0,0.8628428001360521
binary,CPA,351,0.8775,Heavy_squalane,7.209981689668774e-07,0.1318101520996084,1.0,0.8628428001360521
binary,CPA,352,0.88,H2O,4.750865647126903e-06,0.8685358923966723,0.0,0.8632029929587226
binary,CPA,352,0.88,Heavy_squalane,7.191047809427727e-07,0.13146410760332777,1.0,0.8632029929587226
binary,CPA,353,0.8825,H2O,4.752744654086093e-06,0.8688800462153681,0.0,0.8635612171646976
binary,CPA,353,0.8825,Heavy_squalane,7.172217409161889e-07,0.13111995378463193,1.0,0.8635612171646976
binary,CPA,354,0.885,H2O,4.754613425788534e-06,0.8692223252851905,0.0,0.8639174893445191
binary,CPA,354,0.885,Heavy_squalane,7.153489618302525e-07,0.13077767471480953,1.0,0.8639174893445191
binary,CPA,355,0.8875,H2O,4.756472045681784e-06,0.8695627453532785,0.0,0.8642718258995513
binary,CPA,355,0.8875,Heavy_squalane,7.134863570892149e-07,0.1304372546467215,1.0,0.8642718258995513
binary,CPA,356,0.89,H2O,4.75832060339516e-06,0.869901321988091,0.0,0.8646242430449934
binary,CPA,356,0.89,Heavy_squalane,7.116338421509082e-07,0.13009867801190902,1.0,0.8646242430449934
binary,CPA,357,0.8925,H2O,4.760159178803466e-06,0.8702380705813616,0.0,0.8649747568119378
binary,CPA,357,0.8925,Heavy_squalane,7.097913321221783e-07,0.12976192941863834,1.0,0.8649747568119378
binary,CPA,358,0.895,H2O,4.761987858112374e-06,0.8705730063515121,0.0,0.8653233830508921
binary,CPA,358,0.895,Heavy_squalane,7.07958744148369e-07,0.12942699364848786,1.0,0.8653233830508921
binary,CPA,359,0.8975,H2O,4.763806720536488e-06,0.8709061443453697,0.0,0.865670137433599
binary,CPA,359,0.8975,Heavy_squalane,7.061359954117131e-07,0.12909385565463022,1.0,0.865670137433599
binary,CPA,360,0.9,H2O,4.765615850427655e-06,0.8712374994410479,0.0,0.8660150354560371
binary,CPA,360,0.9,Heavy_squalane,7.043230049190091e-07,0.1287625005589522,1.0,0.8660150354560371
binary,CPA,361,0.9025,H2O,4.767415325241129e-06,0.8715670863499483,0.0,0.8663580924404796
binary,CPA,361,0.9025,Heavy_squalane,7.02519691702517e-07,0.1284329136500516,1.0,0.8663580924404796
binary,CPA,362,0.905,H2O,4.769205226362925e-06,0.8718949196195962,0.0,0.8666993235384777
binary,CPA,362,0.905,Heavy_squalane,7.007259764059906e-07,0.12810508038040377,1.0,0.8666993235384777
binary,CPA,363,0.9075,H2O,4.770985632425502e-06,0.8722210136353789,0.0,0.8670387437326712
binary,CPA,363,0.9075,Heavy_squalane,6.989417802840862e-07,0.1277789863646212,1.0,0.8670387437326712
binary,CPA,364,0.91,H2O,4.77275661935733e-06,0.8725453826232643,0.0,0.8673763678395913
binary,CPA,364,0.91,Heavy_squalane,6.97167025196578e-07,0.12745461737673572,1.0,0.8673763678395913
binary,CPA,365,0.9125,H2O,4.774518264497467e-06,0.8728680406518943,0.0,0.867712210511889
binary,CPA,365,0.9125,Heavy_squalane,6.954016341983975e-07,0.12713195934810578,1.0,0.867712210511889
binary,CPA,366,0.915,H2O,4.776270645306633e-06,0.8731890016346814,0.0,0.8680462862404736
binary,CPA,366,0.915,Heavy_squalane,6.936455313344639e-07,0.1268109983653186,1.0,0.8680462862404736
binary,CPA,367,0.9175,H2O,4.778013836700603e-06,0.8735082793320221,0.0,0.8683786093568496
binary,CPA,367,0.9175,Heavy_squalane,6.918986412376528e-07,0.12649172066797795,1.0,0.8683786093568496
binary,CPA,368,0.92,H2O,4.779747911086382e-06,0.8738258873534387,0.0,0.8687091940353436
binary,CPA,368,0.92,Heavy_squalane,6.901608891241849e-07,0.12617411264656125,1.0,0.8687091940353436
binary,CPA,369,0.9225,H2O,4.781472945260249e-06,0.8741418391598426,0.0,0.869038054295449
binary,CPA,369,0.9225,Heavy_squalane,6.884322017761067e-07,0.12585816084015744,1.0,0.869038054295449
binary,CPA,370,0.925,H2O,4.783189008130683e-06,0.8744561480651767,0.0,0.8693652040035584
binary,CPA,370,0.925,Heavy_squalane,6.867125057576651e-07,0.1255438519348234,1.0,0.8693652040035584
binary,CPA,371,0.9275,H2O,4.784896173107583e-06,0.8747688272389753,0.0,0.8696906568756144
binary,CPA,371,0.9275,Heavy_squalane,6.850017291874794e-07,0.1252311727610247,1.0,0.8696906568756144
binary,CPA,372,0.93,H2O,4.786594511291808e-06,0.8750798897078798,0.0,0.8700144264786857
binary,CPA,372,0.93,Heavy_squalane,6.832998007460046e-07,0.1249201102921202,1.0,0.8700144264786857
binary,CPA,373,0.9325,H2O,4.788284092896149e-06,0.875389348357723,0.0,0.8703365262331675
binary,CPA,373,0.9325,Heavy_squalane,6.816066498678849e-07,0.12461065164227703,1.0,0.8703365262331675
binary,CPA,374,0.935,H2O,4.789964990069206e-06,0.875697215935655,0.0,0.8706569694149663
binary,CPA,374,0.935,Heavy_squalane,6.799222071297463e-07,0.12430278406434493,1.0,0.8706569694149663
binary,CPA,375,0.9375,H2O,4.791637268625667e-06,0.8760035050515218,0.0,0.8709757691569463
binary,CPA,375,0.9375,Heavy_squalane,6.782464030656335e-07,0.12399649494847816,1.0,0.8709757691569463
binary,CPA,376,0.94,H2O,4.793300997801023e-06,0.8763082281806018,0.0,0.8712929384517855
binary,CPA,376,0.94,Heavy_squalane,6.765791695379426e-07,0.12369177181939814,1.0,0.8712929384517855
binary,CPA,377,0.9425,H2O,4.794956243344798e-06,0.8766113976645722,0.0,0.8716084901529804
binary,CPA,377,0.9425,Heavy_squalane,6.749204387509402e-07,0.1233886023354278,1.0,0.8716084901529804
binary,CPA,378,0.945,H2O,4.796603075931848e-06,0.8769130257137933,0.0,0.8719224369772286
binary,CPA,378,0.945,Heavy_squalane,6.732701444225754e-07,0.12308697428620667,1.0,0.8719224369772286
binary,CPA,379,0.9475,H2O,4.798241557260056e-06,0.8772131244086723,0.0,0.8722347915058408
binary,CPA,379,0.9475,Heavy_squalane,6.716282198189656e-07,0.12278687559132778,1.0,0.8722347915058408
binary,CPA,380,0.95,H2O,4.799871754050588e-06,0.8775117057020224,0.0,0.8725455661872126
binary,CPA,380,0.95,Heavy_squalane,6.699945997100367e-07,0.12248829429797753,1.0,0.8725455661872126
binary,CPA,381,0.9525,H2O,4.801493729700775e-06,0.8778087814201356,0.0,0.8728547733379222
binary,CPA,381,0.9525,Heavy_squalane,6.683692191897887e-07,0.12219121857986444,1.0,0.8728547733379222
binary,CPA,382,0.955,H2O,4.803107552757119e-06,0.8781043632648513,0.0,0.8731624251449175
binary,CPA,382,0.955,Heavy_squalane,6.667520148446643e-07,0.12189563673514867,1.0,0.8731624251449175
binary,CPA,383,0.9575,H2O,4.804713281491028e-06,0.8783984628147656,0.0,0.8734685336667434
binary,CPA,383,0.9575,Heavy_squalane,6.651429225996132e-07,0.1216015371852344,1.0,0.8734685336667434
binary,CPA,384,0.96,H2O,4.806310980822597e-06,0.8786910915275994,0.0,0.8737731108360338
binary,CPA,384,0.96,Heavy_squalane,6.635418800580717e-07,0.12130890847240061,1.0,0.8737731108360338
binary,CPA,385,0.9625,H2O,4.807900712504428e-06,0.8789822607411449,0.0,0.8740761684604735
binary,CPA,385,0.9625,Heavy_squalane,6.619488251306959e-07,0.12101773925885496,1.0,0.8740761684604735
binary,CPA,386,0.965,H2O,4.809482536562128e-06,0.879271981675018,0.0,0.874377718224657
binary,CPA,386,0.965,Heavy_squalane,6.603636962269999e-07,0.12072801832498206,1.0,0.874377718224657
binary,CPA,387,0.9675,H2O,4.811056514171502e-06,0.8795602654324134,0.0,0.874677771691886
binary,CPA,387,0.9675,Heavy_squalane,6.587864326404134e-07,0.12043973456758672,1.0,0.874677771691886
binary,CPA,388,0.97,H2O,4.812622706283403e-06,0.8798471230013566,0.0,0.8749763403054905
binary,CPA,388,0.97,Heavy_squalane,6.572169743493681e-07,0.12015287699864338,1.0,0.8749763403054905
binary,CPA,389,0.9725,H2O,4.81418117081522e-06,0.880132565256234,0.0,0.8752734353904208
binary,CPA,389,0.9725,Heavy_squalane,6.556552616245475e-07,0.11986743474376597,1.0,0.8752734353904208
binary,CPA,390,0.975,H2O,4.81573196695773e-06,0.8804166029594277,0.0,0.8755690681549482
binary,CPA,390,0.975,Heavy_squalane,6.541012356081394e-07,0.11958339704057229,1.0,0.8755690681549482
binary,CPA,391,0.9775,H2O,4.817275155227326e-06,0.8806992467626606,0.0,0.8758632496920703
binary,CPA,391,0.9775,Heavy_squalane,6.525548383090854e-07,0.11930075323733944,1.0,0.8758632496920703
binary,CPA,392,0.98,H2O,4.818810788912239e-06,0.8809805072082827,0.0,0.876155990980847
binary,CPA,392,0.98,Heavy_squalane,6.51016011435988e-07,0.11901949279171731,1.0,0.876155990980847
binary,CPA,393,0.9825,H2O,4.820338928430631e-06,0.8812603947311625,0.0,0.8764473028883811
binary,CPA,393,0.9825,Heavy_squalane,6.4948469833195e-07,0.11873960526883749,1.0,0.8764473028883811
binary,CPA,394,0.985,H2O,4.821859629902657e-06,0.8815389196594401,0.0,0.8767371961705792
binary,CPA,394,0.985,Heavy_squalane,6.479608424202885e-07,0.11846108034056003,1.0,0.8767371961705792
binary,CPA,395,0.9875,H2O,4.823372948049239e-06,0.8818160922162841,0.0,0.877025681474014
binary,CPA,395,0.9875,Heavy_squalane,6.464443875888188e-07,0.1181839077837159,1.0,0.877025681474014
binary,CPA,396,0.99,H2O,4.824878936217815e-06,0.8820919225211896,0.0,0.8773127693372603
binary,CPA,396,0.99,Heavy_squalane,6.449352781867067e-07,0.11790807747881038,1.0,0.8773127693372603
binary,CPA,397,0.9925,H2O,4.826377652201818e-06,0.8823664205913758,0.0,0.8775984701923399
binary,CPA,397,0.9925,Heavy_squalane,6.434334597930193e-07,0.11763357940862412,1.0,0.8775984701923399
binary,CPA,398,0.995,H2O,4.827869149606052e-06,0.8826395963426206,0.0,0.8778827943656161
binary,CPA,398,0.995,Heavy_squalane,6.419388780546319e-07,0.11736040365737935,1.0,0.8778827943656161
binary,CPA,399,0.9975,H2O,4.829353480770658e-06,0.8829114595911085,0.0,0.8781657520797089
binary,CPA,399,0.9975,Heavy_squalane,6.404514790689328e-07,0.11708854040889144,1.0,0.8781657520797089
binary,CPA,400,1.0,H2O,4.83083070261457e-06,0.8831820200545525,0.0,0.8784473534546464
binary,CPA,400,1.0,Heavy_squalane,6.389712101510214e-07,0.11681797994544753,1.0,0.8784473534546464
lmh,PR,1,0.0025,H2O,6.325376838014802e-07,0.14093992768907448,0.0,0.00038738099940769483
lmh,PR,1,0.0025,Light_nC4,7.474266931860796e-08,0.01665391118793666,0.019386200947666667,0.00038738099940769483
lmh,PR,1,0.0025,Middle_nC10,4.582231725153519e-07,0.10209975224186141,0.1188505385510546,0.00038738099940769483
lmh,PR,1,0.0025,Heavy_squalane,3.322491424928976e-06,0.7403064088811274,0.8617632605012787,0.00038738099940769483
lmh,PR,2,0.005,H2O,6.325333155561524e-07,0.14093830400235036,0.0,0.00038756494217042026
lmh,PR,2,0.005,Light_nC4,7.474312617609825e-08,0.01665393613272502,0.019386193343639183,0.00038756494217042026
lmh,PR,2,0.005,Middle_nC10,4.582261522830576e-07,0.1020999450369088,0.11885053834036637,0.00038756494217042026
lmh,PR,2,0.005,Heavy_squalane,3.322513066692543e-06,0.7403078148280158,0.8617632683159945,0.00038756494217042026
lmh,PR,3,0.0075,H2O,6.325224257410794e-07,0.14093424535309243,0.0,0.00038804804411910236
lmh,PR,3,0.0075,Light_nC4,7.474427161354683e-08,0.016653998475990563,0.019386174324729864,0.00038804804411910236
lmh,PR,3,0.0075,Middle_nC10,4.58233622090823e-07,0.10210042695185037,0.11885053780756935,0.00038804804411910236
lmh,PR,3,0.0075,Heavy_squalane,3.32256731916415e-06,0.7403113292190665,0.8617632878677008,0.00038804804411910236
lmh,PR,4,0.01,H2O,6.325084151738029e-07,0.1409290204768721,0.0,0.0003886754974471196
lmh,PR,4,0.01,Light_nC4,7.474574725435924e-08,0.01665407873265081,0.019386149840488767,0.0003886754974471196
lmh,PR,4,0.01,Middle_nC10,4.582432448839757e-07,0.10210104734163367,0.11885053712128675,0.0003886754974471196
lmh,PR,4,0.01,Heavy_squalane,3.322637208493298e-06,0.7403158534488433,0.8617633130382245,0.0003886754974471196
lmh,PR,5,0.0125,H2O,6.324929972675704e-07,0.14092326992280352,0.0,0.0003893690557836747
lmh,PR,5,0.0125,Light_nC4,7.474737174194041e-08,0.016654167065115258,0.01938612289453902,0.0003893690557836747
lmh,PR,5,0.0125,Middle_nC10,4.58253838162983e-07,0.10210173014972271,0.11885053636658027,0.0003893690557836747
lmh,PR,5,0.0125,Heavy_squalane,3.322714146309825e-06,0.7403208328623585,0.8617633407388806,0.0003893690557836747
lmh,PR,6,0.015,H2O,6.324769108299458e-07,0.14091726864187776,0.0,0.0003900950360158113
lmh,PR,6,0.015,Light_nC4,7.474906762347808e-08,0.016654259250674326,0.019386094776163924,0.0003900950360158113
lmh,PR,6,0.015,Middle_nC10,4.582648967587119e-07,0.1021024427294117,0.11885053557996465,0.0003900950360158113
lmh,PR,6,0.015,Heavy_squalane,3.322794463594002e-06,0.7403260293780362,0.8617633696438715,0.0003900950360158113
lmh,PR,7,0.0175,H2O,6.324604316766239e-07,0.1409111204879633,0.0,0.00039084064420407696
lmh,PR,7,0.0175,Light_nC4,7.475080526207448e-08,0.016654353694401675,0.019386065972430425,0.00039084064420407696
lmh,PR,7,0.0175,Middle_nC10,4.58276227518993e-07,0.10210317274949438,0.11885053477527154,0.00039084064420407696
lmh,PR,7,0.0175,Heavy_squalane,3.322876757517599e-06,0.7403313530681406,0.861763399252298,0.00039084064420407696
lmh,PR,8,0.02,H2O,6.324436516759877e-07,0.1409048592540359,0.0,0.0003916016661438768
lmh,PR,8,0.02,Light_nC4,7.475257526881923e-08,0.01665444987741919,0.0193860366419462,0.0003916016661438768
lmh,PR,8,0.02,Middle_nC10,4.582877691534336e-07,0.10210391619757071,0.1188505339570568,0.0003916016661438768
lmh,PR,8,0.02,Heavy_squalane,3.322960582919164e-06,0.7403367746709743,0.861763429400997,0.0003916016661438768
lmh,PR,9,0.0225,H2O,6.3242659304307e-07,0.14089849357653267,0.0,0.0003923769866058788
lmh,PR,9,0.0225,Light_nC4,7.47543751000881e-08,0.01665454766722652,0.01938600682538808,0.0003923769866058788
lmh,PR,9,0.0225,Middle_nC10,4.58299505112733e-07,0.10210467204824965,0.11885053312654807,0.0003923769866058788
lmh,PR,9,0.0225,Heavy_squalane,3.323045819607213e-06,0.7403422867079912,0.8617634600480639,0.0003923769866058788
lmh,PR,10,0.025,H2O,6.324092598546157e-07,0.14089202488320077,0.0,0.00039316639246786753
lmh,PR,10,0.025,Light_nC4,7.475620438933078e-08,0.016654647042038187,0.01938597652963694,0.00039316639246786753
lmh,PR,10,0.025,Middle_nC10,4.583114329898104e-07,0.1021054401320757,0.1188505322840171,0.00039316639246786753
lmh,PR,10,0.025,Heavy_squalane,3.323132450093615e-06,0.7403478879426854,0.8617634911863459,0.00039316639246786753
lmh,PR,11,0.0275,H2O,6.323916543029251e-07,0.14088545388050885,0.0,0.00039396977446601983
lmh,PR,11,0.0275,Light_nC4,7.475806297964432e-08,0.016654747991139227,0.019385945758183896,0.00039396977446601983
lmh,PR,11,0.0275,Middle_nC10,4.583235517426342e-07,0.1021062203652317,0.11885053142963561,0.00039396977446601983
lmh,PR,11,0.0275,Heavy_squalane,3.323220466804219e-06,0.7403535777631202,0.8617635228121806,0.00039396977446601983
lmh,PR,12,0.03,H2O,6.323737808793453e-07,0.14087878256521214,0.0,0.0003947868764806216
lmh,PR,12,0.03,Light_nC4,7.475995021225685e-08,0.01665485048398631,0.01938591452055543,0.0003947868764806216
lmh,PR,12,0.03,Middle_nC10,4.58335857110283e-07,0.10210701251069007,0.1188505305637392,0.0003947868764806216
lmh,PR,12,0.03,Heavy_squalane,3.3233098387968e-06,0.7403593544401114,0.8617635549157054,0.0003947868764806216
lmh,PR,13,0.0325,H2O,6.32355649758301e-07,0.14087201459936674,0.0,0.0003956172458331495
lmh,PR,13,0.0325,Light_nC4,7.476186510153676e-08,0.016654954464445853,0.019385882834068342,0.0003956172458331495
lmh,PR,13,0.0325,Middle_nC10,4.583483426445392e-07,0.10210781613368432,0.11885052968687644,0.0003956172458331495
lmh,PR,13,0.0325,Heavy_squalane,3.323400519232622e-06,0.7403652148025032,0.8617635874790552,0.0003956172458331495
lmh,PR,14,0.035,H2O,6.323372753746508e-07,0.14086515513455378,0.0,0.00039646025181242547
lmh,PR,14,0.035,Light_nC4,7.476380627202871e-08,0.016655059853492298,0.019385850723003483,0.00039646025181242547
lmh,PR,14,0.035,Middle_nC10,4.583609993432645e-07,0.10210863062257872,0.11885052879978404,0.00039646025181242547
lmh,PR,14,0.035,Heavy_squalane,3.323492442722077e-06,0.7403711543893752,0.8617636204772124,0.00039646025181242547
lmh,PR,15,0.0375,H2O,6.323186732156851e-07,0.14085821047620012,0.0,0.0003973151245128968
lmh,PR,15,0.0375,Light_nC4,7.476577178027248e-08,0.016655166554363155,0.019385818217031073,0.0003973151245128968
lmh,PR,15,0.0375,Middle_nC10,4.583738145950233e-07,0.10210945522872615,0.11885052790334269,0.0003973151245128968
lmh,PR,15,0.0375,Heavy_squalane,3.323585517679807e-06,0.7403771677407105,0.8617636538796262,0.0003973151245128968
lmh,PR,16,0.04,H2O,6.322998636463637e-07,0.14085118770209237,0.0,0.00039818099990542754
lmh,PR,16,0.04,Light_nC4,7.476775979571352e-08,0.016655274458418846,0.01938578534942288,0.00039818099990542754
lmh,PR,16,0.04,Middle_nC10,4.583867763956432e-07,0.10211028911176498,0.11885052699852713,0.00039818099990542754
lmh,PR,16,0.04,Heavy_squalane,3.3236796569067e-06,0.7403832487277238,0.86176368765205,0.00039818099990542754
lmh,PR,17,0.0425,H2O,6.322808660292476e-07,0.14084409435693637,0.0,0.0003990569560984577
lmh,PR,17,0.0425,Light_nC4,7.476976808854961e-08,0.016655383449833513,0.019385752155619815,0.0003990569560984577
lmh,PR,17,0.0425,Middle_nC10,4.583998702419971e-07,0.10211113137588561,0.11885052608636515,0.0003990569560984577
lmh,PR,17,0.0425,Heavy_squalane,3.323774755074086e-06,0.7403893908173446,0.8617637217580151,0.0003990569560984577
lmh,PR,18,0.045,H2O,6.322617012771436e-07,0.14083693812705647,0.0,0.00039994205251209496
lmh,PR,18,0.045,Light_nC4,7.477179452659982e-08,0.016655493410592897,0.019385718671708883,0.00039994205251209496
lmh,PR,18,0.045,Middle_nC10,4.584130822140397e-07,0.10211198110845604,0.11885052516789504,0.00039994205251209496
lmh,PR,18,0.045,Heavy_squalane,3.323870711078255e-06,0.7403955873538947,0.8617637561603961,0.00039994205251209496
lmh,PR,19,0.0475,H2O,6.322423890188416e-07,0.14082972660555154,0.0,0.00040083535827171085
lmh,PR,19,0.0475,Light_nC4,7.47738368809957e-08,0.016655604224102272,0.019385684933323592,0.00040083535827171085
lmh,PR,19,0.0475,Middle_nC10,4.584263978094204e-07,0.1021128374079083,0.11885052424413652,0.00040083535827171085
lmh,PR,19,0.0475,Heavy_squalane,3.323967419595609e-06,0.7404018317624379,0.8617637908225398,0.00040083535827171085
lmh,PR,20,0.05,H2O,6.322229494876985e-07,0.1408224671010954,0.0,0.00040173597552342464
lmh,PR,20,0.05,Light_nC4,7.477589316423014e-08,0.016655715778124743,0.019385650974749757,0.00040173597552342464
lmh,PR,20,0.05,Middle_nC10,4.584398040370497e-07,0.10211369940644048,0.11885052331606502,0.00040173597552342464
lmh,PR,20,0.05,Heavy_squalane,3.324064786267003e-06,0.7404081177143393,0.8617638257091852,0.00040173597552342464
lmh,PR,21,0.0525,H2O,6.322034014951558e-07,0.14081516649625145,0.0,0.0004026430568669324
lmh,PR,21,0.0525,Light_nC4,7.477796147554803e-08,0.016655827966958917,0.019385616828263355,0.0004026430568669324
lmh,PR,21,0.0525,Middle_nC10,4.584532884848183e-07,0.10211456628684139,0.11885052238459454,0.0004026430568669324
lmh,PR,21,0.0525,Heavy_squalane,3.324162720941046e-06,0.7404144392499482,0.8617638607871422,0.0004026430568669324
lmh,PR,22,0.055,H2O,6.32183761513942e-07,0.14080783114769302,0.0,0.00040355581778496626
lmh,PR,22,0.055,Light_nC4,7.47800399524112e-08,0.016655940692973076,0.019385582523664964,0.00040355581778496626
lmh,PR,22,0.055,Middle_nC10,4.584668390330064e-07,0.10211543729433871,0.11885052145056517,0.00040355581778496626
lmh,PR,22,0.055,Heavy_squalane,3.324261135598277e-06,0.7404207908649951,0.86176389602577,0.00040355581778496626
lmh,PR,23,0.0575,H2O,6.321640445323095e-07,0.14080046683867556,0.0,0.0004044735427129824
lmh,PR,23,0.0575,Light_nC4,7.478212690010293e-08,0.01665605386733668,0.01938554808805898,0.0004044735427129824
lmh,PR,23,0.0575,Middle_nC10,4.584804446540843e-07,0.10211631174224318,0.11885052051473786,0.0004044735427129824
lmh,PR,23,0.0575,Heavy_squalane,3.324359950151396e-06,0.7404271675517445,0.8617639313972031,0.0004044735427129824
lmh,PR,24,0.06,H2O,6.321442651767083e-07,0.1407930787504723,0.0,0.00040539558883747305
lmh,PR,24,0.06,Light_nC4,7.478422094175878e-08,0.01665616741046046,0.019385513545721586,0.00040539558883747305
lmh,PR,24,0.06,Middle_nC10,4.584940963356633e-07,0.10211718901534085,0.11885051957779139,0.00040539558883747305
lmh,PR,24,0.06,Heavy_squalane,3.324459099138032e-06,0.7404335648237265,0.861763966876487,0.00040539558883747305
lmh,PR,25,0.0625,H2O,6.321244357449689e-07,0.14078567146876356,0.0,0.00040632138559632973
lmh,PR,25,0.0625,Light_nC4,7.478632078195958e-08,0.016656281251899576,0.019385478918132408,0.00040632138559632973
lmh,PR,25,0.0625,Middle_nC10,4.585077856303908e-07,0.10211806856913493,0.1188505186403237,0.00040632138559632973
lmh,PR,25,0.0625,Heavy_squalane,3.32455852120612e-06,0.740439978710202,0.8617640024415438,0.00040632138559632973
lmh,PR,26,0.065,H2O,6.321045660000685e-07,0.1407782490055078,0.0,0.0004072504322626654
lmh,PR,26,0.065,Light_nC4,7.478842516925404e-08,0.016656395330018694,0.019385444224078386,0.0004072504322626654
lmh,PR,26,0.065,Middle_nC10,4.585215044237504e-07,0.10211894992724953,0.11885051770285567,0.0004072504322626654
lmh,PR,26,0.065,Heavy_squalane,3.324658157429753e-06,0.740446405737224,0.861764038073066,0.0004072504322626654
lmh,PR,27,0.0675,H2O,6.320846672207163e-07,0.1407708148318426,0.0,0.0004081822941568444
lmh,PR,27,0.0675,Light_nC4,7.479053335572948e-08,0.016656509591487654,0.019385409479809337,0.0004081822941568444
lmh,PR,27,0.0675,Middle_nC10,4.585352477480073e-07,0.10211983267752371,0.11885051676583602,0.0004081822941568444
lmh,PR,27,0.0675,Heavy_squalane,3.324757971711841e-06,0.7404528428991461,0.8617640737543547,0.0004081822941568444
lmh,PR,28,0.07,H2O,6.320647451230581e-07,0.14076337192104713,0.0,0.00040911659758099354
lmh,PR,28,0.07,Light_nC4,7.479264423381636e-08,0.01665662399062223,0.01938537469924024,0.00040911659758099354
lmh,PR,28,0.07,Middle_nC10,4.585490084852853e-07,0.1021207164669101,0.118850515829647,0.00040911659758099354
lmh,PR,28,0.07,Heavy_squalane,3.324857912376107e-06,0.7404592876214204,0.8617641094711127,0.00040911659758099354
lmh,PR,29,0.0725,H2O,6.320448076983734e-07,0.14075592279537794,0.0,0.00041005302424533226
lmh,PR,29,0.0725,Light_nC4,7.479475723558197e-08,0.01665673848866539,0.01938533989417156,0.00041005302424533226
lmh,PR,29,0.0725,Middle_nC10,4.58562782875894e-07,0.1021216009959148,0.11885051489461168,0.00041005302424533226
lmh,PR,29,0.0725,Heavy_squalane,3.324957952105915e-06,0.740465737720042,0.8617641452112168,0.00041005302424533226
lmh,PR,30,0.075,H2O,6.320248602967061e-07,0.14074846957672832,0.0,0.0004109913051790204
lmh,PR,30,0.075,Light_nC4,7.479687172066987e-08,0.0166568530530096,0.019385305074527303,0.0004109913051790204
lmh,PR,30,0.075,Middle_nC10,4.585765667602399e-07,0.1021224860125815,0.11885051396099981,0.0004109913051790204
lmh,PR,30,0.075,Heavy_squalane,3.325058060693923e-06,0.7404721913576805,0.8617641809644728,0.0004109913051790204
lmh,PR,31,0.0775,H2O,6.32004907860378e-07,0.140741014035615,0.0,0.0004119312148133545
lmh,PR,31,0.0775,Light_nC4,7.479898721122369e-08,0.016656967656444685,0.01938527024858497,0.0004119312148133545
lmh,PR,31,0.0775,Middle_nC10,4.585903570137281e-07,0.10212337130667579,0.11885051302903525,0.0004119312148133545
lmh,PR,31,0.0775,Heavy_squalane,3.325158215445187e-06,0.7404786470012646,0.8617642167223797,0.0004119312148133545
lmh,PR,32,0.08,H2O,6.319849540269197e-07,0.14073355763612883,0.0,0.0004128725655406491
lmh,PR,32,0.08,Light_nC4,7.480110325878394e-08,0.016657082276467755,0.01938523542318673,0.0004128725655406491
lmh,PR,32,0.08,Middle_nC10,4.586041507257529e-07,0.1021242567043479,0.11885051209890216,0.0004128725655406491
lmh,PR,32,0.08,Heavy_squalane,3.325258395223156e-06,0.7404851033830556,0.8617642524779111,0.0004128725655406491
lmh,PR,33,0.0825,H2O,6.319650017380533e-07,0.14072610157870075,0.0,0.0004138152025078065
lmh,PR,33,0.0825,Light_nC4,7.480321949071072e-08,0.016657196894626296,0.019385200603939823,0.0004138152025078065
lmh,PR,33,0.0825,Middle_nC10,4.586179454795996e-07,0.10212514206305448,0.11885051117074995,0.0004138152025078065
lmh,PR,33,0.0825,Heavy_squalane,3.325358582478257e-06,0.7404915594636186,0.8617642882253103,0.0004138152025078065
lmh,PR,34,0.085,H2O,6.319450542944211e-07,0.14071864683824664,0.0,0.0004147589989629107
lmh,PR,34,0.085,Light_nC4,7.480533571216201e-08,0.016657311495932588,0.019385165795395738,0.0004147589989629107
lmh,PR,34,0.085,Middle_nC10,4.586317399734643e-07,0.10212602726702949,0.11885051024469864,0.0004147589989629107
lmh,PR,34,0.085,Heavy_squalane,3.325458767749944e-06,0.7404980143987913,0.8617643239599057,0.0004147589989629107
lmh,PR,35,0.0875,H2O,6.319251138034221e-07,0.140711194198933,0.0,0.00041570385199615815
lmh,PR,35,0.0875,Light_nC4,7.480745170152963e-08,0.016657426068329543,0.019385131001212978,0.00041570385199615815
lmh,PR,35,0.0875,Middle_nC10,4.586455327624521e-07,0.10212691222315683,0.11885050932084425,0.00041570385199615815
lmh,PR,35,0.0875,Heavy_squalane,3.325558940544352e-06,0.7405044675095807,0.8617643596779428,0.00041570385199615815
lmh,PR,36,0.09,H2O,6.319051816085255e-07,0.1407037442842681,0.0,0.0004166496788480722
lmh,PR,36,0.09,Light_nC4,7.480956724319096e-08,0.01665754060222868,0.019385096224298272,0.0004166496788480722
lmh,PR,36,0.09,Middle_nC10,4.586593224560506e-07,0.10212779685739662,0.11885050839926156,0.0004166496788480722
lmh,PR,36,0.09,Heavy_squalane,3.325659090765504e-06,0.7405109182561066,0.8617643953764401,0.0004166496788480722
lmh,PR,37,0.0925,H2O,6.318852581849543e-07,0.14069629758562707,0.0,0.0004175964133850033
lmh,PR,37,0.0925,Light_nC4,7.481168209803134e-08,0.016657655090071815,0.01938506146694009,0.0004175964133850033
lmh,PR,37,0.0925,Middle_nC10,4.586731075342631e-07,0.10212868111139865,0.11885050748000876,0.0004175964133850033
lmh,PR,37,0.0925,Heavy_squalane,3.325759207381468e-06,0.7405173662129025,0.8617644310530512,0.0004175964133850033
lmh,PR,38,0.095,H2O,6.318653464843519e-07,0.14068885448162255,0.0,0.0004185440037219412
lmh,PR,38,0.095,Light_nC4,7.481379638781988e-08,0.01665776952603365,0.019385026730899542,0.0004185440037219412
lmh,PR,38,0.095,Middle_nC10,4.58686888702093e-07,0.10212956494020217,0.11885050656312941,0.0004185440037219412
lmh,PR,38,0.095,Heavy_squalane,3.325859295495899e-06,0.7405238110521416,0.8617644667059712,0.0004185440037219412
lmh,PR,39,0.0975,H2O,6.318454456381797e-07,0.14068141526278655,0.0,0.0004194924091453059
lmh,PR,39,0.0975,Light_nC4,7.481590983492092e-08,0.016657883905642434,0.01938499201752578,0.0004194924091453059
lmh,PR,39,0.0975,Middle_nC10,4.587006642254751e-07,0.10213044830930529,0.11885050564865601,0.0004194924091453059
lmh,PR,39,0.0975,Heavy_squalane,3.325959342529128e-06,0.7405302525222658,0.8617645023338182,0.0004194924091453059
lmh,PR,40,0.1,H2O,6.3182555679714e-07,0.1406739801465058,0.0,0.00042044159826342716
lmh,PR,40,0.1,Light_nC4,7.481802244468375e-08,0.016657998225550582,0.019384957327826045,0.00042044159826342716
lmh,PR,40,0.1,Middle_nC10,4.587144341133829e-07,0.1021313311928913,0.1188505047366116,0.00042044159826342716
lmh,PR,40,0.1,Heavy_squalane,3.32605934854158e-06,0.7405366904350523,0.8617645379355623,0.00042044159826342716
lmh,PR,41,0.1025,H2O,6.318056802478755e-07,0.14066654929000422,0.0,0.00042139154739005604
lmh,PR,41,0.1025,Light_nC4,7.482013415628122e-08,0.01665811248333526,0.01938492266252646,0.00042139154739005604
lmh,PR,41,0.1025,Middle_nC10,4.587281979756787e-07,0.10213221357228786,0.11885050382701208,0.00042139154739005604
lmh,PR,41,0.1025,Heavy_squalane,3.326159310701103e-06,0.7405431246543727,0.8617645735104615,0.00042139154739005604
lmh,PR,42,0.105,H2O,6.317858160699241e-07,0.1406591228005228,0.0,0.0004223422392793864
lmh,PR,42,0.105,Light_nC4,7.482224491437756e-08,0.016658226677341893,0.019384888022119597,0.0004223422392793864
lmh,PR,42,0.105,Middle_nC10,4.587419554613892e-07,0.1021330954347572,0.11885050291986661,0.0004223422392793864
lmh,PR,42,0.105,Heavy_squalane,3.326259226460634e-06,0.740549555087378,0.8617646090580137,0.0004223422392793864
lmh,PR,43,0.1075,H2O,6.317659653263982e-07,0.14065170074711608,0.0,0.00042329366164157165
lmh,PR,43,0.1075,Light_nC4,7.482435480306304e-08,0.016658340806502938,0.019384853406919724,0.00042329366164157165
lmh,PR,43,0.1075,Middle_nC10,4.587557070785752e-07,0.10213397677209636,0.11885050201517997,0.00042329366164157165
lmh,PR,43,0.1075,Heavy_squalane,3.326359099502648e-06,0.7405559816742847,0.8617646445779003,0.00042329366164157165
lmh,PR,44,0.11,H2O,6.317461276327419e-07,0.14064428316932076,0.0,0.0004242458060512923
lmh,PR,44,0.11,Light_nC4,7.482646375272084e-08,0.01665845487020466,0.019384818817103314,0.0004242458060512923
lmh,PR,44,0.11,Middle_nC10,4.587694523961505e-07,0.10213485757960712,0.11885050111295294,0.0004242458060512923
lmh,PR,44,0.11,Heavy_squalane,3.326458926700684e-06,0.7405624043808675,0.8617646800699437,0.0004242458060512923
lmh,PR,45,0.1125,H2O,6.317263022480497e-07,0.14063687008195577,0.0,0.00042519866734492975
lmh,PR,45,0.1125,Light_nC4,7.482857166636534e-08,0.016658568868213413,0.019384784252731563,0.00042519866734492975
lmh,PR,45,0.1125,Middle_nC10,4.587831908179423e-07,0.10213573785552676,0.11885050021318375,0.00042519866734492975
lmh,PR,45,0.1125,Heavy_squalane,3.326558703731793e-06,0.7405688231943041,0.8617647155340846,0.00042519866734492975
lmh,PR,46,0.115,H2O,6.317064902293529e-07,0.1406294614828877,0.0,0.00042615224263319116
lmh,PR,46,0.115,Light_nC4,7.483067867015881e-08,0.016658682800556202,0.019384749713786568,0.00042615224263319116
lmh,PR,46,0.115,Middle_nC10,4.587969231177856e-07,0.10213661760010523,0.11885049931586807,0.00042615224263319116
lmh,PR,46,0.115,Heavy_squalane,3.326658436207104e-06,0.7405752381164509,0.8617647509703453,0.00042615224263319116
lmh,PR,47,0.1175,H2O,6.316866908482483e-07,0.14062205735251762,0.0,0.00042710653137467263
lmh,PR,47,0.1175,Light_nC4,7.483278468928339e-08,0.01665879666752867,0.019384715200169062,0.00042710653137467263
lmh,PR,47,0.1175,Middle_nC10,4.588106488392006e-07,0.10213749681566654,0.11885049842099964,0.00042710653137467263
lmh,PR,47,0.1175,Heavy_squalane,3.32675812081732e-06,0.7405816491642873,0.8617647863788312,0.00042710653137467263
lmh,PR,48,0.12,H2O,6.316669048188108e-07,0.14061465766515618,0.0,0.00042806153391381364
lmh,PR,48,0.12,Light_nC4,7.483488982346002e-08,0.016658910469520206,0.019384680711751503,0.00042806153391381364
lmh,PR,48,0.12,Middle_nC10,4.588243685964976e-07,0.1021383755052583,0.11885049752857194,0.00042806153391381364
lmh,PR,48,0.12,Heavy_squalane,3.326857762017379e-06,0.7405880563600653,0.8617648217596766,0.00042806153391381364
lmh,PR,49,0.1225,H2O,6.31647131103727e-07,0.1406072623799798,0.0,0.00042901725265052
lmh,PR,49,0.1225,Light_nC4,7.48369939740324e-08,0.01665902420715301,0.019384646248335868,0.00042901725265052
lmh,PR,49,0.1225,Middle_nC10,4.588380817893669e-07,0.10213925367372491,0.11885049663857611,0.00042901725265052
lmh,PR,49,0.1225,Heavy_squalane,3.326957355455561e-06,0.7405944597391422,0.8617648571130881,0.00042901725265052
lmh,PR,50,0.125,H2O,6.316273702286902e-07,0.14059987145848818,0.0,0.00042997368978397267
lmh,PR,50,0.125,Light_nC4,7.483909722612016e-08,0.01665913788101363,0.019384611809735074,0.00042997368978397267
lmh,PR,50,0.125,Middle_nC10,4.588517889440008e-07,0.10214013132563493,0.11885049575100365,0.00042997368978397267
lmh,PR,50,0.125,Heavy_squalane,3.327056904948167e-06,0.7406008593348632,0.8617648924392612,0.00042997368978397267
lmh,PR,51,0.1275,H2O,6.31607622011119e-07,0.1405924848485797,0.0,0.0004309308493756767
lmh,PR,51,0.1275,Light_nC4,7.484119958911962e-08,0.016659251491897915,0.01938457739569882,0.0004309308493756767
lmh,PR,51,0.1275,Middle_nC10,4.588654901238128e-07,0.10214100846717226,0.11885049486584474,0.0004309308493756767
lmh,PR,51,0.1275,Heavy_squalane,3.327156410956256e-06,0.7406072551923502,0.8617649277384564,0.0004309308493756767
lmh,PR,52,0.13,H2O,6.315878857946397e-07,0.14058510250082254,0.0,0.0004318887352371783
lmh,PR,52,0.13,Light_nC4,7.484330101468138e-08,0.01665936504056075,0.01938454300598937,0.0004318887352371783
lmh,PR,52,0.13,Middle_nC10,4.588791850378719e-07,0.10214188510420387,0.11885049398308997,0.0004318887352371783
lmh,PR,52,0.13,Heavy_squalane,3.327255871371533e-06,0.7406136473544129,0.8617649630109208,0.0004318887352371783
lmh,PR,53,0.1325,H2O,6.31568161898881e-07,0.14057772436282606,0.0,0.0004328473516606937
lmh,PR,53,0.1325,Light_nC4,7.484540157189011e-08,0.01665947852780265,0.019384508640355343,0.0004328473516606937
lmh,PR,53,0.1325,Middle_nC10,4.588928741155795e-07,0.10214276124294805,0.11885049310272952,0.0004328473516606937
lmh,PR,53,0.1325,Heavy_squalane,3.327355289308775e-06,0.7406200358664232,0.8617649982569151,0.0004328473516606937
lmh,PR,54,0.135,H2O,6.315484501505169e-07,0.14057035038353913,0.0,0.0004338067028547897
lmh,PR,54,0.135,Light_nC4,7.484750127062128e-08,0.016659591954403613,0.01938447429855174,0.0004338067028547897
lmh,PR,54,0.135,Middle_nC10,4.589065574231657e-07,0.10214363688946394,0.11885049222475366,0.0004338067028547897
lmh,PR,54,0.135,Heavy_squalane,3.327454665249442e-06,0.7406264207725933,0.8617650334766946,0.0004338067028547897
lmh,PR,55,0.1375,H2O,6.315287508781572e-07,0.14056298051148022,0.0,0.00043476679317085815
lmh,PR,55,0.1375,Light_nC4,7.484960018050409e-08,0.01665970532115037,0.01938443998033169,0.00043476679317085815
lmh,PR,55,0.1375,Middle_nC10,4.589202353932706e-07,0.10214451204986197,0.11885049134915279,0.00043476679317085815
lmh,PR,55,0.1375,Heavy_squalane,3.327554002331772e-06,0.7406328021175075,0.8617650686705156,0.00043476679317085815
lmh,PR,56,0.14,H2O,6.315090624173327e-07,0.1405556146985281,0.0,0.0004357276266066606
lmh,PR,56,0.14,Light_nC4,7.485169813292872e-08,0.01665981862877809,0.01938440568546414,0.0004357276266066606
lmh,PR,56,0.14,Middle_nC10,4.589339069974646e-07,0.10214538672985368,0.11885049047591786,0.0004357276266066606
lmh,PR,56,0.14,Heavy_squalane,3.327653293099953e-06,0.7406391799428402,0.8617651038386179,0.0004357276266066606
lmh,PR,57,0.1425,H2O,6.314893856612541e-07,0.14054825289722422,0.0,0.00043668920715095604
lmh,PR,57,0.1425,Light_nC4,7.485379526202427e-08,0.01665993187801183,0.019384371413721242,0.00043668920715095604
lmh,PR,57,0.1425,Middle_nC10,4.589475730634046e-07,0.10214626093507186,0.11885048960503992,0.00043668920715095604
lmh,PR,57,0.1425,Heavy_squalane,3.327752543556333e-06,0.7406455542896921,0.8617651389812389,0.00043668920715095604
lmh,PR,58,0.145,H2O,6.314697214869647e-07,0.14054089505914663,0.0,0.000437651538995829
lmh,PR,58,0.145,Light_nC4,7.485589170061702e-08,0.01666004506959156,0.01938433716487078,0.000437651538995829
lmh,PR,58,0.145,Middle_nC10,4.589612344108693e-07,0.10214713467126373,0.11885048873650984,0.000437651538995829
lmh,PR,58,0.145,Heavy_squalane,3.327851759646157e-06,0.740651925199998,0.8617651740986193,0.000437651538995829
lmh,PR,59,0.1475,H2O,6.314500682577216e-07,0.1405335411383956,0.0,0.0004386146260753044
lmh,PR,59,0.1475,Light_nC4,7.48579872820413e-08,0.016660158204218553,0.019384302938692404,0.0004386146260753044
lmh,PR,59,0.1475,Middle_nC10,4.589748900230969e-07,0.1021480079438771,0.11885048787031895,0.0004386146260753044
lmh,PR,59,0.1475,Heavy_squalane,3.327950933998161e-06,0.7406582927135088,0.8617652091909885,0.0004386146260753044
lmh,PR,60,0.15,H2O,6.31430425842104e-07,0.14052619108749584,0.0,0.00043957847260075387
lmh,PR,60,0.15,Light_nC4,7.486008201900798e-08,0.01666027128261842,0.019384268734958583,0.00043957847260075387
lmh,PR,60,0.15,Middle_nC10,4.589885399832975e-07,0.10214888075854692,0.11885048700645845,0.00043957847260075387
lmh,PR,60,0.15,Heavy_squalane,3.328050067216828e-06,0.7406646568713388,0.861765244258583,0.00043957847260075387
lmh,PR,61,0.1525,H2O,6.314107945896074e-07,0.14051884485709354,0.0,0.0004405430830995904
lmh,PR,61,0.1525,Light_nC4,7.486217598238276e-08,0.016660384305545766,0.01938423455343315,0.0004405430830995904
lmh,PR,61,0.1525,Middle_nC10,4.590021847314509e-07,0.10214975312113128,0.11885048614491935,0.0004405430830995904
lmh,PR,61,0.1525,Heavy_squalane,3.328149162493555e-06,0.7406710177162293,0.8617652793016474,0.0004405430830995904
lmh,PR,62,0.155,H2O,6.313911749335622e-07,0.1405115024037776,0.0,0.0004415084613836617
lmh,PR,62,0.155,Light_nC4,7.486426924941361e-08,0.016660497273663862,0.019384200393907737,0.0004415084613836617
lmh,PR,62,0.155,Middle_nC10,4.590158247460167e-07,0.10215062503678254,0.11885048528569339,0.0004415084613836617
lmh,PR,62,0.155,Heavy_squalane,3.328248223298623e-06,0.7406773752857759,0.8617653143203988,0.0004415084613836617
lmh,PR,63,0.1575,H2O,6.313715663003981e-07,0.14050416368505592,0.0,0.00044247461120524906
lmh,PR,63,0.1575,Light_nC4,7.486636177741993e-08,0.016660610187621924,0.01938416625617834,0.00044247461120524906
lmh,PR,63,0.1575,Middle_nC10,4.590294597700355e-07,0.10215149651054405,0.11885048442877248,0.00044247461120524906
lmh,PR,63,0.1575,Heavy_squalane,3.328347247769889e-06,0.7406837296167782,0.8617653493150491,0.00044247461120524906
lmh,PR,64,0.16,H2O,6.313519676647498e-07,0.14049682866248267,0.0,0.0004434415358414248
lmh,PR,64,0.16,Light_nC4,7.486845346770111e-08,0.016660723048006986,0.019384132140059906,0.0004434415358414248
lmh,PR,64,0.16,Middle_nC10,4.590430892026234e-07,0.10215236754697869,0.11885048357414912,0.0004434415358414248
lmh,PR,64,0.16,Heavy_squalane,3.328446231551376e-06,0.7406900807425317,0.8617653842857909,0.0004434415358414248
lmh,PR,65,0.1625,H2O,6.313323805524273e-07,0.14048949729805488,0.0,0.00044440923856522676
lmh,PR,65,0.1625,Light_nC4,7.487054452381592e-08,0.01666083585539939,0.01938409804536957,0.00044440923856522676
lmh,PR,65,0.1625,Middle_nC10,4.590567142960963e-07,0.10215323815059688,0.11885048272181598,0.00044440923856522676
lmh,PR,65,0.1625,Heavy_squalane,3.328545183724343e-06,0.7406964286959489,0.8617654192328146,0.00044440923856522676
lmh,PR,66,0.165,H2O,6.313128039797221e-07,0.1404821695563799,0.0,0.00044537772235840866
lmh,PR,66,0.165,Light_nC4,7.487263485017625e-08,0.016660948610339336,0.019384063971936656,0.00044537772235840866
lmh,PR,66,0.165,Middle_nC10,4.590703344683168e-07,0.10215410832559889,0.11885048187176576,0.00044537772235840866
lmh,PR,66,0.165,Heavy_squalane,3.328644100068678e-06,0.7407027735076818,0.8617654541562976,0.00044537772235840866
lmh,PR,67,0.1675,H2O,6.312932374791294e-07,0.1404748454026012,0.0,0.0004463469901789093
lmh,PR,67,0.1675,Light_nC4,7.487472441207481e-08,0.01666106131335884,0.019384029919593076,0.0004463469901789093
lmh,PR,67,0.1675,Middle_nC10,4.590839495103658e-07,0.10215497807612148,0.11885048102399146,0.0004463469901789093
lmh,PR,67,0.1675,Heavy_squalane,3.328742979070398e-06,0.7407091152079185,0.8617654890564155,0.0004463469901789093
lmh,PR,68,0.17,H2O,6.312736816423898e-07,0.14046752480480396,0.0,0.00044731704464425246
lmh,PR,68,0.17,Light_nC4,7.487681329866592e-08,0.01666117396494479,0.019383995888184572,0.00044731704464425246
lmh,PR,68,0.17,Middle_nC10,4.590975599724394e-07,0.10215584740595218,0.11885048017848661,0.00044731704464425246
lmh,PR,68,0.17,Heavy_squalane,3.328841824719668e-06,0.740715453824299,0.8617655239333287,0.00044731704464425246
lmh,PR,69,0.1725,H2O,6.312541365405382e-07,0.14046020773033824,0.0,0.00044828788851271003
lmh,PR,69,0.1725,Light_nC4,7.487890153780316e-08,0.016661286565595373,0.019383961877553493,0.00044828788851271003
lmh,PR,69,0.1725,Middle_nC10,4.591111660289585e-07,0.10215671631896557,0.11885047933524424,0.00044828788851271003
lmh,PR,69,0.1725,Heavy_squalane,3.328940638281998e-06,0.7407217893851008,0.8617655587872022,0.00044828788851271003
lmh,PR,70,0.175,H2O,6.31234601281526e-07,0.1404528941503846,0.0,0.0004492595240766016
lmh,PR,70,0.175,Light_nC4,7.488098904079423e-08,0.016661399115749934,0.0193839278875601,0.0004492595240766016
lmh,PR,70,0.175,Middle_nC10,4.591247671393364e-07,0.10215758481858185,0.1188504784942585,0.0004492595240766016
lmh,PR,70,0.175,Heavy_squalane,3.329039415838391e-06,0.7407281219152836,0.8617655936181814,0.0004492595240766016
lmh,PR,71,0.1775,H2O,6.312150759671941e-07,0.14044558403453378,0.0,0.0004502319538803776
lmh,PR,71,0.1775,Light_nC4,7.488307583779322e-08,0.01666151161587235,0.019383893918057362,0.0004502319538803776
lmh,PR,71,0.1775,Middle_nC10,4.591383634918495e-07,0.10215845290840972,0.11885047765552292,0.0004502319538803776
lmh,PR,71,0.1775,Heavy_squalane,3.329138158754762e-06,0.7407344514411842,0.8617656284264197,0.0004502319538803776
lmh,PR,72,0.18,H2O,6.311955612233541e-07,0.14043827735351894,0.0,0.00045120518035655834
lmh,PR,72,0.18,Light_nC4,7.488516202043847e-08,0.016661624066408948,0.01938385996890361,0.00045120518035655834
lmh,PR,72,0.18,Middle_nC10,4.591519556516352e-07,0.10215932059192231,0.11885047681903144,0.00045120518035655834
lmh,PR,72,0.18,Heavy_squalane,3.329236871129556e-06,0.7407407779881497,0.861765663212065,0.00045120518035655834
lmh,PR,73,0.1825,H2O,6.311760566986164e-07,0.14043097408090457,0.0,0.00045217920559673027
lmh,PR,73,0.1825,Light_nC4,7.488724756274333e-08,0.01666173646776254,0.019383826039970388,0.00045217920559673027
lmh,PR,73,0.1825,Middle_nC10,4.591655434623139e-07,0.10216018787225649,0.11885047598477805,0.00045217920559673027
lmh,PR,73,0.1825,Heavy_squalane,3.329335551829558e-06,0.7407471015790763,0.8617656979752516,0.00045217920559673027
lmh,PR,74,0.185,H2O,6.311565615383502e-07,0.14042367419064497,0.0,0.00045315403167575446
lmh,PR,74,0.185,Light_nC4,7.488933237876998e-08,0.016661848820330023,0.019383792131131176,0.00045315403167575446
lmh,PR,74,0.185,Middle_nC10,4.591791263998742e-07,0.102161054752503,0.1188504751527571,0.00045315403167575446
lmh,PR,74,0.185,Heavy_squalane,3.329434197055897e-06,0.7407534222365221,0.8617657327161117,0.00045315403167575446
lmh,PR,75,0.1875,H2O,6.311370769371473e-07,0.14041637765784123,0.0,0.0004541296605492959
lmh,PR,75,0.1875,Light_nC4,7.48914166250334e-08,0.01666196112449066,0.019383758242264806,0.0004541296605492959
lmh,PR,75,0.1875,Middle_nC10,4.59192705426761e-07,0.10216192123561625,0.11885047432296297,0.0004541296605492959
lmh,PR,75,0.1875,Heavy_squalane,3.329532813787736e-06,0.7407597399820518,0.8617657674347722,0.0004541296605492959
lmh,PR,76,0.19,H2O,6.311176020598348e-07,0.14040908445789188,0.0,0.0004551060941651957
lmh,PR,76,0.19,Light_nC4,7.489350021703922e-08,0.016662073380619213,0.019383724373251598,0.0004551060941651957
lmh,PR,76,0.19,Middle_nC10,4.592062800276539e-07,0.10216278732451566,0.11885047349539037,0.0004551060941651957
lmh,PR,76,0.19,Heavy_squalane,3.329631398289184e-06,0.7407660548369732,0.8617658021313581,0.0004551060941651957
lmh,PR,77,0.1925,H2O,6.310981365987322e-07,0.14040179456755425,0.0,0.00045608333432089587
lmh,PR,77,0.1925,Light_nC4,7.489558313205546e-08,0.016662185589069532,0.019383690523978165,0.00045608333432089587
lmh,PR,77,0.1925,Middle_nC10,4.592198500657727e-07,0.10216365302195886,0.11885047267003365,0.00045608333432089587
lmh,PR,77,0.1925,Heavy_squalane,3.329729949569068e-06,0.7407723668214173,0.8617658368059882,0.00045608333432089587
lmh,PR,78,0.195,H2O,6.31078681234276e-07,0.1403945079616901,0.0,0.0004570613830977083
lmh,PR,78,0.195,Light_nC4,7.489766546576023e-08,0.016662297750224746,0.01938365669432247,0.0004570613830977083
lmh,PR,78,0.195,Middle_nC10,4.592334161305714e-07,0.10216451833092893,0.1188504718468874,0.0004570613830977083
lmh,PR,78,0.195,Heavy_squalane,3.329828471902053e-06,0.7407786759571562,0.8617658714587901,0.0004570613830977083
lmh,PR,79,0.1975,H2O,6.310592351503471e-07,0.14038722461711703,0.0,0.000458040242344877
lmh,PR,79,0.1975,Light_nC4,7.48997471350518e-08,0.01666240986443791,0.019383622884171597,0.000458040242344877
lmh,PR,79,0.1975,Middle_nC10,4.592469777151069e-07,0.10216538325417675,0.11885047102594645,0.000458040242344877
lmh,PR,79,0.1975,Heavy_squalane,3.329926961612959e-06,0.7407849822642683,0.8617659060898819,0.000458040242344877
lmh,PR,80,0.2,H2O,6.310397985776853e-07,0.14037994451282512,0.0,0.00045901991364637933
lmh,PR,80,0.2,Light_nC4,7.490182817975829e-08,0.016662521932028662,0.01938358909342275,0.00045901991364637933
lmh,PR,80,0.2,Middle_nC10,4.592605350659376e-07,0.102166247794195,0.11885047020720571,0.00045901991364637933
lmh,PR,80,0.2,Heavy_squalane,3.330025420490084e-06,0.7407912857609513,0.8617659406993716,0.00045901991364637933
lmh,PR,81,0.2025,H2O,6.31020372222998e-07,0.14037266762565778,0.0,0.00046000039890244765
lmh,PR,81,0.2025,Light_nC4,7.49039086975109e-08,0.016662633953349736,0.019383555321963227,0.00046000039890244765
lmh,PR,81,0.2025,Middle_nC10,4.592740887842785e-07,0.10216711195373152,0.11885046939066005,0.00046000039890244765
lmh,PR,81,0.2025,Heavy_squalane,3.330123852893325e-06,0.7407975864672609,0.8617659752873766,0.00046000039890244765
lmh,PR,82,0.205,H2O,6.310009547602222e-07,0.14036539393237701,0.0,0.00046098170005203333
lmh,PR,82,0.205,Light_nC4,7.490598854470413e-08,0.016662745928755166,0.01938352156968003,0.00046098170005203333
lmh,PR,82,0.205,Middle_nC10,4.592876379922078e-07,0.10216797573554358,0.1188504685763041,0.00046098170005203333
lmh,PR,82,0.205,Heavy_squalane,3.3302222524576e-06,0.7408038844033242,0.861766009854016,0.00046098170005203333
lmh,PR,83,0.2075,H2O,6.30981546930473e-07,0.14035812341228837,0.0,0.0004619638187155794
lmh,PR,83,0.2075,Light_nC4,7.490806782157511e-08,0.016662857858559886,0.019383487836472015,0.0004619638187155794
lmh,PR,83,0.2075,Middle_nC10,4.59301183306648e-07,0.10216883914208678,0.11885046776413317,0.0004619638187155794
lmh,PR,83,0.2075,Heavy_squalane,3.33032062365664e-06,0.7408101795870651,0.8617660443993949,0.0004619638187155794
lmh,PR,84,0.21,H2O,6.309621484653424e-07,0.14035085604514277,0.0,0.00046294675647816326
lmh,PR,84,0.21,Light_nC4,7.491014650826248e-08,0.016662969743071996,0.019383454122240153,0.00046294675647816326
lmh,PR,84,0.21,Middle_nC10,4.593147246080864e-07,0.10216970217576354,0.11885046695414238,0.00046294675647816326
lmh,PR,84,0.21,Heavy_squalane,3.3304189656244e-06,0.7408164720360216,0.8617660789236173,0.00046294675647816326
lmh,PR,85,0.2125,H2O,6.309427590834843e-07,0.14034359180982045,0.0,0.00046393051506585025
lmh,PR,85,0.2125,Light_nC4,7.491222458389018e-08,0.016663081582613065,0.019383420426881452,0.00046393051506585025
lmh,PR,85,0.2125,Middle_nC10,4.593282617708828e-07,0.10217056483907995,0.11885046614632694,0.00046393051506585025
lmh,PR,85,0.2125,Heavy_squalane,3.330517277450416e-06,0.7408227617684866,0.8617661134267917,0.00046393051506585025
lmh,PR,86,0.215,H2O,6.309233790389177e-07,0.1403363306871699,0.0,0.000464915095962238
lmh,PR,86,0.215,Light_nC4,7.491430208995906e-08,0.016663193377474357,0.019383386750302052,0.000464915095962238
lmh,PR,86,0.215,Middle_nC10,4.593417950516475e-07,0.10217142713430809,0.11885046534068205,0.000464915095962238
lmh,PR,86,0.215,Heavy_squalane,3.330615560995827e-06,0.7408290488010476,0.8617661479090157,0.000464915095962238
lmh,PR,87,0.2175,H2O,6.309040085971256e-07,0.14032907265887817,0.0,0.00046590050055729846
lmh,PR,87,0.2175,Light_nC4,7.491637906883627e-08,0.016663305127934295,0.01938335309241208,0.00046590050055729846
lmh,PR,87,0.2175,Middle_nC10,4.593553247122112e-07,0.10217228906362057,0.11885046453720317,0.00046590050055729846
lmh,PR,87,0.2175,Heavy_squalane,3.330713818159605e-06,0.7408353331495668,0.8617661823703846,0.00046590050055729846
lmh,PR,88,0.22,H2O,6.308846470042005e-07,0.14032181770632216,0.0,0.0004668867303055187
lmh,PR,88,0.22,Light_nC4,7.49184554420327e-08,0.016663416834276103,0.01938331945312025,0.0004668867303055187
lmh,PR,88,0.22,Middle_nC10,4.593688502734006e-07,0.10217315062922705,0.11885046373588588,0.0004668867303055187
lmh,PR,88,0.22,Heavy_squalane,3.330812045467814e-06,0.7408416148301746,0.8617662168109939,0.0004668867303055187
lmh,PR,89,0.2225,H2O,6.308652940116797e-07,0.14031456581076618,0.0,0.0004678737866962882
lmh,PR,89,0.2225,Light_nC4,7.492053119113539e-08,0.016663528496784766,0.0193832858323348,0.0004678737866962882
lmh,PR,89,0.2225,Middle_nC10,4.593823716244123e-07,0.1021740118333504,0.1188504629367256,0.0004678737866962882
lmh,PR,89,0.2225,Heavy_squalane,3.330910242117521e-06,0.7408478938590987,0.8617662512309395,0.0004678737866962882
lmh,PR,90,0.225,H2O,6.308459504047592e-07,0.14030731695486193,0.0,0.00046886167105043624
lmh,PR,90,0.225,Light_nC4,7.4922606419654e-08,0.016663640115723983,0.019383252229970484,0.00046886167105043624
lmh,PR,90,0.225,Middle_nC10,4.593958894018706e-07,0.10217487267804878,0.118850462139718,0.00046886167105043624
lmh,PR,90,0.225,Heavy_squalane,3.331008412725241e-06,0.7408541702513654,0.8617662856303115,0.00046886167105043624
lmh,PR,91,0.2275,H2O,6.308266159516421e-07,0.14030007112110235,0.0,0.0004698503847297048
lmh,PR,91,0.2275,Light_nC4,7.492468111042823e-08,0.016663751691359863,0.019383218645941305,0.0004698503847297048
lmh,PR,91,0.2275,Middle_nC10,4.594094035025196e-07,0.10217573316539916,0.11885046134485865,0.0004698503847297048
lmh,PR,91,0.2275,Heavy_squalane,3.331106556542739e-06,0.7408604440221387,0.8617663200092001,0.0004698503847297048
lmh,PR,92,0.23,H2O,6.308072904120202e-07,0.14029282829141151,0.0,0.00047083992919256986
lmh,PR,92,0.23,Light_nC4,7.4926755245627e-08,0.016663863223967366,0.019383185080158728,0.00047083992919256986
lmh,PR,92,0.23,Middle_nC10,4.594229138190515e-07,0.10217659329754626,0.1188504605521433,0.00047083992919256986
lmh,PR,92,0.23,Heavy_squalane,3.331204672792405e-06,0.7408667151870748,0.861766354367698,0.00047083992919256986
lmh,PR,93,0.2325,H2O,6.307879735655253e-07,0.14028558844911035,0.0,0.00047183030572443753
lmh,PR,93,0.2325,Light_nC4,7.492882880894155e-08,0.016663974713799937,0.019383151532540683,0.00047183030572443753
lmh,PR,93,0.2325,Middle_nC10,4.594364202533379e-07,0.10217745307646875,0.11885045976156755,0.00047183030572443753
lmh,PR,93,0.2325,Heavy_squalane,3.331302760763165e-06,0.740872983760621,0.8617663887058918,0.00047183030572443753
lmh,PR,94,0.235,H2O,6.307686662163323e-07,0.14027835157832114,0.0,0.0004728215155194384
lmh,PR,94,0.235,Light_nC4,7.493090190528516e-08,0.016664086161098726,0.01938311800300889,0.0004728215155194384
lmh,PR,94,0.235,Middle_nC10,4.594499234504523e-07,0.10217831250405011,0.1188504589731273,0.0004728215155194384
lmh,PR,94,0.235,Heavy_squalane,3.331400825132767e-06,0.7408792497565301,0.8617664230238637,0.0004728215155194384
lmh,PR,95,0.2375,H2O,6.307493670677278e-07,0.14027111765806016,0.0,0.0004738135604887808
lmh,PR,95,0.2375,Light_nC4,7.493297439309235e-08,0.016664197566183585,0.019383084491461505,0.0004738135604887808
lmh,PR,95,0.2375,Middle_nC10,4.594634225447069e-07,0.10217917158278056,0.1188504581868181,0.0004738135604887808
lmh,PR,95,0.2375,Heavy_squalane,3.331498859624761e-06,0.7408855131929757,0.8617664573217205,0.0004738135604887808
lmh,PR,96,0.24,H2O,6.307300768985322e-07,0.14026388667075693,0.0,0.0004748064420959192
lmh,PR,96,0.24,Light_nC4,7.493504637529299e-08,0.01666430892932176,0.019383050997812422,0.0004748064420959192
lmh,PR,96,0.24,Middle_nC10,4.594769181691991e-07,0.10218003031474458,0.11885045740263545,0.0004748064420959192
lmh,PR,96,0.24,Heavy_squalane,3.331596868830098e-06,0.7408917740851768,0.8617664915995521,0.0004748064420959192
lmh,PR,97,0.2425,H2O,6.307107955125467e-07,0.14025665860150857,0.0,0.0004758001614524606
lmh,PR,97,0.2425,Light_nC4,7.493711783738635e-08,0.016664420250739522,0.01938301752198806,0.0004758001614524606
lmh,PR,97,0.2425,Middle_nC10,4.594904102366899e-07,0.10218088870171005,0.11885045662057551,0.0004758001614524606
lmh,PR,97,0.2425,Heavy_squalane,3.331694852116615e-06,0.7408980324460419,0.8617665258574364,0.0004758001614524606
lmh,PR,98,0.245,H2O,6.306915227080534e-07,0.14024943343504798,0.0,0.0004767947197371814
lmh,PR,98,0.245,Light_nC4,7.493918876443288e-08,0.01666453153066872,0.0193829840639131,0.0004767947197371814
lmh,PR,98,0.245,Middle_nC10,4.595038986572896e-07,0.10218174674548809,0.11885045584063424,0.0004767947197371814
lmh,PR,98,0.245,Heavy_squalane,3.331792808832939e-06,0.7409042882887952,0.8617665600954526,0.0004767947197371814
lmh,PR,99,0.2475,H2O,6.306722587810606e-07,0.140242211155538,0.0,0.0004777901182224398
lmh,PR,99,0.2475,Light_nC4,7.494125920097816e-08,0.01666464276935008,0.019382950623509695,0.0004777901182224398
lmh,PR,99,0.2475,Middle_nC10,4.595173837059138e-07,0.10218260444795771,0.11885045506280778,0.0004777901182224398
lmh,PR,99,0.2475,Heavy_squalane,3.33189074097285e-06,0.7409105416271543,0.8617665943136826,0.0004777901182224398
lmh,PR,100,0.25,H2O,6.306530030368222e-07,0.14023499174866208,0.0,0.0004787863579855408
lmh,PR,100,0.25,Light_nC4,7.494332907292483e-08,0.01666475396700085,0.019382917200706992,0.0004787863579855408
lmh,PR,100,0.25,Middle_nC10,4.595308649298293e-07,0.10218346181081699,0.11885045428709208,0.0004787863579855408
lmh,PR,100,0.25,Heavy_squalane,3.331988645254035e-06,0.74091679247352,0.8617666285122009,0.0004787863579855408
lmh,PR,101,0.2525,H2O,6.306337563095913e-07,0.1402277752008502,0.0,0.00047978344001521514
lmh,PR,101,0.2525,Light_nC4,7.494539848741696e-08,0.016664865123826877,0.019382883795437723,0.00047978344001521514
lmh,PR,101,0.2525,Middle_nC10,4.59544342987539e-07,0.10218431883567561,0.11885045351348347,0.00047978344001521514
lmh,PR,101,0.2525,Heavy_squalane,3.332086526451562e-06,0.7409230408396473,0.8617666626910789,0.00047978344001521514
lmh,PR,102,0.255,H2O,6.306145174004143e-07,0.1402205614979406,0.0,0.0004807813653962922
lmh,PR,102,0.255,Light_nC4,7.494746731033813e-08,0.01666497624004312,0.01938285040763184,0.0004807813653962922
lmh,PR,102,0.255,Middle_nC10,4.595578170582707e-07,0.1021851755242136,0.11885045274197824,0.0004807813653962922
lmh,PR,102,0.255,Heavy_squalane,3.332184378614508e-06,0.7409292867378027,0.8617666968503899,0.0004807813653962922
lmh,PR,103,0.2575,H2O,6.305952881441685e-07,0.14021335062564674,0.0,0.0004817801352440994
lmh,PR,103,0.2575,Light_nC4,7.494953576820342e-08,0.01666508731586649,0.01938281703721881,0.0004817801352440994
lmh,PR,103,0.2575,Middle_nC10,4.595712885325579e-07,0.10218603187812561,0.11885045197257252,0.0004817801352440994
lmh,PR,103,0.2575,Heavy_squalane,3.332282211825804e-06,0.7409355301803612,0.8617667309902087,0.0004817801352440994
lmh,PR,104,0.26,H2O,6.305760663381962e-07,0.14020614257038697,0.0,0.0004827797505895812
lmh,PR,104,0.26,Light_nC4,7.495160360724551e-08,0.016665198351503065,0.019382783684131356,0.0004827797505895812
lmh,PR,104,0.26,Middle_nC10,4.595847558558943e-07,0.10218688789902278,0.11885045120526266,0.0004827797505895812
lmh,PR,104,0.26,Heavy_squalane,3.332380014814319e-06,0.7409417711790872,0.861766765110606,0.0004827797505895812
lmh,PR,105,0.2625,H2O,6.305568528185938e-07,0.14019893731881813,0.0,0.00048378021244457095
lmh,PR,105,0.2625,Light_nC4,7.495367093470856e-08,0.01666530934715528,0.019382750348303363,0.00048378021244457095
lmh,PR,105,0.2625,Middle_nC10,4.595982196873723e-07,0.10218774358848781,0.11885045044004498,0.00048378021244457095
lmh,PR,105,0.2625,Heavy_squalane,3.332477792359391e-06,0.7409480097455388,0.8617667992116517,0.00048378021244457095
lmh,PR,106,0.265,H2O,6.305376489201809e-07,0.14019173485717992,0.0,0.00048478152189066745
lmh,PR,106,0.265,Light_nC4,7.495573791740029e-08,0.016665420303032003,0.019382717029666794,0.00048478152189066745
lmh,PR,106,0.265,Middle_nC10,4.596116810513648e-07,0.102188598948153,0.11885044967691578,0.00048478152189066745
lmh,PR,106,0.265,Heavy_squalane,3.332575551888961e-06,0.7409542458916352,0.8617668332934174,0.00048478152189066745
lmh,PR,107,0.2675,H2O,6.305184524486406e-07,0.14018453517245266,0.0,0.0004857836799201833
lmh,PR,107,0.2675,Light_nC4,7.495780430216678e-08,0.016665531219330735,0.0193826837281571,0.0004857836799201833
lmh,PR,107,0.2675,Middle_nC10,4.596251383970558e-07,0.10218945397956275,0.11885044891587151,0.0004857836799201833
lmh,PR,107,0.2675,Heavy_squalane,3.332673282158642e-06,0.740960479628654,0.8617668673559713,0.0004857836799201833
lmh,PR,108,0.27,H2O,6.304992637582644e-07,0.14017733825301318,0.0,0.00048678668734230814
lmh,PR,108,0.27,Light_nC4,7.495987013795576e-08,0.016665642096227482,0.019382650443716207,0.00048678668734230814
lmh,PR,108,0.27,Middle_nC10,4.596385920258905e-07,0.10219030868409548,0.11885044815690869,0.00048678668734230814
lmh,PR,108,0.27,Heavy_squalane,3.332770985354489e-06,0.7409667109666638,0.8617669013993751,0.00048678668734230814
lmh,PR,109,0.2725,H2O,6.304800841906111e-07,0.1401701440856544,0.0,0.0004877905451986064
lmh,PR,109,0.2725,Light_nC4,7.496193559206642e-08,0.016665752933922678,0.019382617176278746,0.0004877905451986064
lmh,PR,109,0.2725,Middle_nC10,4.596520429651979e-07,0.10219116306331799,0.1188504474000238,0.0004877905451986064
lmh,PR,109,0.2725,Heavy_squalane,3.33286866892586e-06,0.740972939917105,0.8617669354236973,0.0004877905451986064
lmh,PR,110,0.275,H2O,6.304609130614206e-07,0.14016295265692347,0.0,0.0004887952545770286
lmh,PR,110,0.275,Light_nC4,7.496400059110886e-08,0.01666586373262056,0.01938258392577826,0.0004887952545770286
lmh,PR,110,0.275,Middle_nC10,4.596654907664782e-07,0.10219201711882601,0.11885044664521323,0.0004887952545770286
lmh,PR,110,0.275,Heavy_squalane,3.332966329621109e-06,0.7409791664916301,0.8617669694290085,0.0004887952545770286
lmh,PR,111,0.2775,H2O,6.304417491448686e-07,0.14015576395084742,0.0,0.0004898008169309707
lmh,PR,111,0.2775,Light_nC4,7.496606499880177e-08,0.01666597449256421,0.019382550692136652,0.0004898008169309707
lmh,PR,111,0.2775,Middle_nC10,4.596789345958644e-07,0.10219287085251465,0.11885044589247307,0.0004898008169309707
lmh,PR,111,0.2775,Heavy_squalane,3.333063961394401e-06,0.7409853907040737,0.8617670034153903,0.0004898008169309707
lmh,PR,112,0.28,H2O,6.30422594311834e-07,0.14014857795597682,0.0,0.0004908072330934034
lmh,PR,112,0.28,Light_nC4,7.49681290443512e-08,0.016666085213927047,0.019382517475296762,0.0004908072330934034
lmh,PR,112,0.28,Middle_nC10,4.596923758600987e-07,0.10219372426574191,0.11885044514180004,0.0004908072330934034
lmh,PR,112,0.28,Heavy_squalane,3.333161574446127e-06,0.7409916125643541,0.8617670373829033,0.0004908072330934034
lmh,PR,113,0.2825,H2O,6.304034468830819e-07,0.14014139465993297,0.0,0.0004918145040376823
lmh,PR,113,0.2825,Light_nC4,7.497019253538418e-08,0.016666195896896826,0.019382484275197176,0.0004918145040376823
lmh,PR,113,0.2825,Middle_nC10,4.597058133809753e-07,0.1021945773599762,0.11885044439319076,0.0004918145040376823
lmh,PR,113,0.2825,Heavy_squalane,3.333259160233621e-06,0.740997832083194,0.8617670713316121,0.0004918145040376823
lmh,PR,114,0.285,H2O,6.303843082199242e-07,0.14013421405103116,0.0,0.0004928226306513464
lmh,PR,114,0.285,Light_nC4,7.497225564067967e-08,0.016666306541650633,0.01938245109177974,0.0004928226306513464
lmh,PR,114,0.285,Middle_nC10,4.597192481947357e-07,0.1021954301366032,0.11885044364664171,0.0004928226306513464
lmh,PR,114,0.285,Heavy_squalane,3.33335672627084e-06,0.7410040492707151,0.8617671052615786,0.0004928226306513464
lmh,PR,115,0.2875,H2O,6.303651776596156e-07,0.1401270361173462,0.0,0.0004938316138659003
lmh,PR,115,0.2875,Light_nC4,7.497431828846429e-08,0.01666641714836925,0.019382417924985143,0.0004938316138659003
lmh,PR,115,0.2875,Middle_nC10,4.597326798626206e-07,0.10219628259703746,0.11885044290214958,0.0004938316138659003
lmh,PR,115,0.2875,Heavy_squalane,3.333454269376726e-06,0.741010264137247,0.8617671391728653,0.0004938316138659003
lmh,PR,116,0.29,H2O,6.303460545534441e-07,0.14011986084790706,0.0,0.0004948414544884979
lmh,PR,116,0.29,Light_nC4,7.49763804080414e-08,0.016666527717218826,0.019382384774758597,0.0004948414544884979
lmh,PR,116,0.29,Middle_nC10,4.597461079523647e-07,0.10219713474258031,0.1188504421597113,0.0004948414544884979
lmh,PR,116,0.29,Heavy_squalane,3.333551786417282e-06,0.7410164766922938,0.8617671730655302,0.0004948414544884979
lmh,PR,117,0.2925,H2O,6.303269397703421e-07,0.14011268823197595,0.0,0.0004958521533041791
lmh,PR,117,0.2925,Light_nC4,7.497844210908356e-08,0.016666638248361888,0.019382351641046347,0.0004958521533041791
lmh,PR,117,0.2925,Middle_nC10,4.597595331376777e-07,0.10219798657450503,0.11885044141932344,0.0004958521533041791
lmh,PR,117,0.2925,Heavy_squalane,3.33364928227778e-06,0.741022686945157,0.8617672069396303,0.0004958521533041791
lmh,PR,118,0.295,H2O,6.303078331855919e-07,0.14010551825994252,0.0,0.0004968637109475251
lmh,PR,118,0.295,Light_nC4,7.498050338240451e-08,0.016666748741943595,0.019382318523799857,0.0004968637109475251
lmh,PR,118,0.295,Middle_nC10,4.597729553633216e-07,0.10219883809395135,0.11885044068098301,0.0004968637109475251
lmh,PR,118,0.295,Heavy_squalane,3.333746756557967e-06,0.7410288949041626,0.861767240795217,0.0004968637109475251
lmh,PR,119,0.2975,H2O,6.30288734168086e-07,0.14009835092207623,0.0,0.0004978761280791173
lmh,PR,119,0.2975,Light_nC4,7.498256415864614e-08,0.016666859198111,0.019382285422970113,0.0004978761280791173
lmh,PR,119,0.2975,Middle_nC10,4.597863742051007e-07,0.10219968930207297,0.11885043994468689,0.0004978761280791173
lmh,PR,119,0.2975,Heavy_squalane,3.333844206182338e-06,0.7410351005777397,0.861767274632343,0.0004978761280791173
lmh,PR,120,0.3,H2O,6.302696430840555e-07,0.14009118620783637,0.0,0.0004988894054824397
lmh,PR,120,0.3,Light_nC4,7.498462448758016e-08,0.016666969617023627,0.019382252338504304,0.0004988894054824397
lmh,PR,120,0.3,Middle_nC10,4.597997899694014e-07,0.10220054020012026,0.11885043921043202,0.0004988894054824397
lmh,PR,120,0.3,Heavy_squalane,3.333941633372741e-06,0.7410413039750198,0.8617673084510636,0.0004988894054824397
lmh,PR,121,0.3025,H2O,6.302505603107852e-07,0.1400840241074756,0.0,0.0004999035438386253
lmh,PR,121,0.3025,Light_nC4,7.498668441982561e-08,0.016667079998828774,0.019382219270353326,0.0004999035438386253
lmh,PR,121,0.3025,Middle_nC10,4.598132029677202e-07,0.10220139078924899,0.11885043847821535,0.0004999035438386253
lmh,PR,121,0.3025,Heavy_squalane,3.334039040388068e-06,0.7410475051044467,0.8617673422514313,0.0004999035438386253
lmh,PR,122,0.305,H2O,6.30231485227842e-07,0.1400768646120235,0.0,0.000500918543726133
lmh,PR,122,0.305,Light_nC4,7.498874388682937e-08,0.016667190343661768,0.01938218621847165,0.000500918543726133
lmh,PR,122,0.305,Middle_nC10,4.598266127807143e-07,0.1022022410705227,0.11885043774803375,0.000500918543726133
lmh,PR,122,0.305,Heavy_squalane,3.334136424187985e-06,0.7410537039737921,0.8617673760334946,0.000500918543726133
lmh,PR,123,0.3075,H2O,6.30212417708705e-07,0.14006970771178673,0.0,0.0005019344058348078
lmh,PR,123,0.3075,Light_nC4,7.499080287923215e-08,0.016667300651669107,0.01938215318281044,0.0005019344058348078
lmh,PR,123,0.3075,Middle_nC10,4.598400193520906e-07,0.10220309104509098,0.11885043701988429,0.0005019344058348078
lmh,PR,123,0.3075,Heavy_squalane,3.334233784364587e-06,0.7410599005914531,0.8617674097973052,0.0005019344058348078
lmh,PR,124,0.31,H2O,6.30193358633382e-07,0.14006255339696266,0.0,0.0005029511308775362
lmh,PR,124,0.31,Light_nC4,7.49928615075155e-08,0.016667410922998935,0.019382120163320336,0.0005029511308775362
lmh,PR,124,0.31,Middle_nC10,4.598534233604282e-07,0.10220394071411638,0.11885043629376402,0.0005029511308775362
lmh,PR,124,0.31,Heavy_squalane,3.334331125838426e-06,0.741066094965922,0.8617674435429157,0.0005029511308775362
lmh,PR,125,0.3125,H2O,6.301743068552267e-07,0.1400554016570762,0.0,0.000503968719672652
lmh,PR,125,0.3125,Light_nC4,7.499491964140817e-08,0.01666752115780973,0.01938208715994882,0.000503968719672652
lmh,PR,125,0.3125,Middle_nC10,4.598668240080951e-07,0.10220479007884124,0.11885043556966979,0.000503968719672652
lmh,PR,125,0.3125,Heavy_squalane,3.334428442826275e-06,0.7410722871062728,0.8617674772703813,0.000503968719672652
lmh,PR,126,0.315,H2O,6.301552627601152e-07,0.14004825248303965,0.0,0.000504987172848498
lmh,PR,126,0.315,Light_nC4,7.499697733216109e-08,0.01666763135623864,0.019382054172649862,0.000504987172848498
lmh,PR,126,0.315,Middle_nC10,4.598802216103924e-07,0.10220563914034315,0.11885043484759872,0.000504987172848498
lmh,PR,126,0.315,Heavy_squalane,3.334525737614594e-06,0.7410784770203785,0.8617675109797515,0.000504987172848498
lmh,PR,127,0.3175,H2O,6.301362272290048e-07,0.14004110586519078,0.0,0.0005060064911235739
lmh,PR,127,0.3175,Light_nC4,7.499903469030945e-08,0.016667741518431613,0.0193820212013747,0.0005060064911235739
lmh,PR,127,0.3175,Middle_nC10,4.598936168462188e-07,0.1022064878997681,0.11885043412754794,0.0005060064911235739
lmh,PR,127,0.3175,Heavy_squalane,3.334623015126246e-06,0.7410846647166095,0.8617675446710773,0.0005060064911235739
lmh,PR,128,0.32,H2O,6.301171986081429e-07,0.14003396179283123,0.0,0.000507026675372488
lmh,PR,128,0.32,Light_nC4,7.500109152534148e-08,0.01666785164455053,0.01938198824606977,0.000507026675372488
lmh,PR,128,0.32,Middle_nC10,4.599070085485696e-07,0.10220733635838494,0.11885043340951432,0.000507026675372488
lmh,PR,128,0.32,Heavy_squalane,3.334720266899741e-06,0.7410908502042333,0.861767578344416,0.000507026675372488
lmh,PR,129,0.3225,H2O,6.300981778047301e-07,0.14002682025812616,0.0,0.0005080477260689854
lmh,PR,129,0.3225,Light_nC4,7.500314794981016e-08,0.01666796173471313,0.019381955306694704,0.0005080477260689854
lmh,PR,129,0.3225,Middle_nC10,4.599203974085184e-07,0.10220818451712257,0.11885043269349514,0.0005080477260689854
lmh,PR,129,0.3225,Heavy_squalane,3.334817497946182e-06,0.7410970334900382,0.8617676119998102,0.0005080477260689854
lmh,PR,130,0.325,H2O,6.300791647119266e-07,0.14001968125282296,0.0,0.0005090696437527417
lmh,PR,130,0.325,Light_nC4,7.500520395583498e-08,0.016668071789043552,0.019381922383207177,0.0005090696437527417
lmh,PR,130,0.325,Middle_nC10,4.599337833786886e-07,0.1022090323769595,0.11885043197948768,0.0005090696437527417
lmh,PR,130,0.325,Heavy_squalane,3.334914707922287e-06,0.741103214581174,0.8617676456373051,0.0005090696437527417
lmh,PR,131,0.3275,H2O,6.300601597244444e-07,0.14001254476854028,0.0,0.0005100924289896112
lmh,PR,131,0.3275,Light_nC4,7.500725959532022e-08,0.016668181807667867,0.019381889475564195,0.0005100924289896112
lmh,PR,131,0.3275,Middle_nC10,4.599471667783222e-07,0.10220987993888965,0.1188504312674893,0.0005100924289896112
lmh,PR,131,0.3275,Heavy_squalane,3.33501189914307e-06,0.7411093934849022,0.8617676792569464,0.0005100924289896112
lmh,PR,132,0.33,H2O,6.30041161744026e-07,0.14000541079811973,0.0,0.0005111160821759339
lmh,PR,132,0.33,Light_nC4,7.500931474169738e-08,0.01666829179069327,0.019381856583728405,0.0005111160821759339
lmh,PR,132,0.33,Middle_nC10,4.599605468321266e-07,0.10221072720376159,0.11885043055749742,0.0005111160821759339
lmh,PR,132,0.33,Heavy_squalane,3.335109065987209e-06,0.7411155702074255,0.8617677128587742,0.0005111160821759339
lmh,PR,133,0.3325,H2O,6.300221721872315e-07,0.1399982793342273,0.0,0.0005121406037402768
lmh,PR,133,0.3325,Light_nC4,7.501136956789299e-08,0.0166684017382296,0.019381823707661547,0.0005121406037402768
lmh,PR,133,0.3325,Middle_nC10,4.599739246013468e-07,0.10221157417244503,0.11885042984950966,0.0005121406037402768
lmh,PR,133,0.3325,Heavy_squalane,3.33520621614985e-06,0.7411217447550982,0.8617677464428287,0.0005121406037402768
lmh,PR,134,0.335,H2O,6.300031894408143e-07,0.13999115036890494,0.0,0.000513165994206813
lmh,PR,134,0.335,Light_nC4,7.501342388649708e-08,0.016668511650396265,0.019381790847322444,0.000513165994206813
lmh,PR,134,0.335,Middle_nC10,4.599872989376955e-07,0.10221242084588347,0.11885042914352331,0.000513165994206813
lmh,PR,134,0.335,Heavy_squalane,3.335303341305156e-06,0.7411279171348153,0.8617677800091541,0.000513165994206813
lmh,PR,135,0.3375,H2O,6.299842144194702e-07,0.13998402389495668,0.0,0.0005141922539970184
lmh,PR,135,0.3375,Light_nC4,7.501547781061073e-08,0.016668621527300895,0.0193817580026734,0.0005141922539970184
lmh,PR,135,0.3375,Middle_nC10,4.600006705355544e-07,0.10221326722493038,0.11885042843953626,0.0005141922539970184
lmh,PR,135,0.3375,Heavy_squalane,3.335400446488192e-06,0.7411340873528119,0.8617678135577903,0.0005141922539970184
lmh,PR,136,0.34,H2O,6.299652470442696e-07,0.13997689990610218,0.0,0.0005152193834050017
lmh,PR,136,0.34,Light_nC4,7.501753133448391e-08,0.016668731369036963,0.01938172517368087,0.0005152193834050017
lmh,PR,136,0.34,Middle_nC10,4.600140393604056e-07,0.10221411331033038,0.11885042773754631,0.0005152193834050017
lmh,PR,136,0.34,Heavy_squalane,3.335497531448859e-06,0.7411402554145305,0.8617678470887727,0.0005152193834050017
lmh,PR,137,0.3425,H2O,6.29946287224717e-07,0.13996977839527233,0.0,0.000516247382845587
lmh,PR,137,0.3425,Light_nC4,7.501958445146546e-08,0.016668841175710058,0.019381692360307665,0.000516247382845587
lmh,PR,137,0.3425,Middle_nC10,4.60027405372292e-07,0.10221495910292171,0.11885042703755122,0.000516247382845587
lmh,PR,137,0.3425,Heavy_squalane,3.335594595897635e-06,0.7411464213260959,0.861767880602141,0.000516247382845587
lmh,PR,138,0.345,H2O,6.299273348630136e-07,0.13996265935490093,0.0,0.0005172762528103927
lmh,PR,138,0.345,Light_nC4,7.502163715433428e-08,0.016668950947433463,0.019381659562514312,0.0005172762528103927
lmh,PR,138,0.345,Middle_nC10,4.600407685278168e-07,0.10221580460360213,0.11885042633954922,0.0005172762528103927
lmh,PR,138,0.345,Heavy_squalane,3.335691639520054e-06,0.7411525850940635,0.8617679140979365,0.0005172762528103927
lmh,PR,139,0.3475,H2O,6.299083903815328e-07,0.1399555427786169,0.0,0.000518305993624603
lmh,PR,139,0.3475,Light_nC4,7.502368949709827e-08,0.016669060684302073,0.019381626780266902,0.000518305993624603
lmh,PR,139,0.3475,Middle_nC10,4.600541291589152e-07,0.10221664981312743,0.1188504256435385,0.000518305993624603
lmh,PR,139,0.3475,Heavy_squalane,3.335788664723104e-06,0.7411587467239537,0.8617679475761945,0.000518305993624603
lmh,PR,140,0.35,H2O,6.298894531801007e-07,0.13994842865890972,0.0,0.0005193366057837761
lmh,PR,140,0.35,Light_nC4,7.502574141267356e-08,0.016669170386428466,0.01938159401352642,0.0005193366057837761
lmh,PR,140,0.35,Middle_nC10,4.600674868550964e-07,0.10221749473238902,0.1188504249495177,0.0005193366057837761
lmh,PR,140,0.35,Heavy_squalane,3.335885668530557e-06,0.7411649062222728,0.8617679810369558,0.0005193366057837761
lmh,PR,141,0.3525,H2O,6.298705231646238e-07,0.1399413169884848,0.0,0.0005203680897588523
lmh,PR,141,0.3525,Light_nC4,7.502779289411349e-08,0.01666928005392207,0.01938156126225504,0.0005203680897588523
lmh,PR,141,0.3525,Middle_nC10,4.600808415746102e-07,0.10221833936225305,0.11885042425748577,0.0005203680897588523
lmh,PR,141,0.3525,Heavy_squalane,3.335982650639854e-06,0.7411710635953401,0.8617680144802593,0.0005203680897588523
lmh,PR,142,0.355,H2O,6.298516007492876e-07,0.13993420776044047,0.0,0.0005214004459684132
lmh,PR,142,0.355,Light_nC4,7.502984399478138e-08,0.01666938968688657,0.01938152852641713,0.0005214004459684132
lmh,PR,142,0.355,Middle_nC10,4.600941936454851e-07,0.10221918370353916,0.11885042356744194,0.0005214004459684132
lmh,PR,142,0.355,Heavy_squalane,3.336079613429632e-06,0.7411772188491338,0.8617680479061409,0.0005214004459684132
lmh,PR,143,0.3575,H2O,6.298326858273143e-07,0.13992710096663769,0.0,0.0005224336750179123
lmh,PR,143,0.3575,Light_nC4,7.503189470674237e-08,0.01666949928544523,0.01938149580597193,0.0005224336750179123
lmh,PR,143,0.3575,Middle_nC10,4.601075430199854e-07,0.1022200277572146,0.11885042287938603,0.0005224336750179123
lmh,PR,143,0.3575,Heavy_squalane,3.336176556553917e-06,0.7411833719907026,0.8617680813146421,0.0005224336750179123
lmh,PR,144,0.36,H2O,6.298137782434077e-07,0.13991999659561166,0.0,0.0005234677780050135
lmh,PR,144,0.36,Light_nC4,7.503394501829741e-08,0.01666960884977333,0.019381463100864228,0.0005234677780050135
lmh,PR,144,0.36,Middle_nC10,4.601208896276382e-07,0.10222087152464232,0.11885042219331844,0.0005234677780050135
lmh,PR,144,0.36,Heavy_squalane,3.336273479501907e-06,0.7411895230299727,0.8617681147058173,0.0005234677780050135
lmh,PR,145,0.3625,H2O,6.297948778914771e-07,0.13991289463928258,0.0,0.0005245027555398503
lmh,PR,145,0.3625,Light_nC4,7.50359949215621e-08,0.016669718379994997,0.019381430411055608,0.0005245027555398503
lmh,PR,145,0.3625,Middle_nC10,4.601342334209679e-07,0.10222171500678406,0.11885042150924079,0.0005245027555398503
lmh,PR,145,0.3625,Heavy_squalane,3.336370381929448e-06,0.7411956719739384,0.8617681480797036,0.0005245027555398503
lmh,PR,146,0.365,H2O,6.297759857066437e-07,0.13990579509209336,0.0,0.000525538607872711
lmh,PR,146,0.365,Light_nC4,7.503804453118974e-08,0.01666982787619693,0.019381397736520995,0.000525538607872711
lmh,PR,146,0.365,Middle_nC10,4.601475751036129e-07,0.10222255820430304,0.1188504208271562,0.000525538607872711
lmh,PR,146,0.365,Heavy_squalane,3.336467268938508e-06,0.7412018188274068,0.8617681814363227,0.000525538607872711
lmh,PR,147,0.3675,H2O,6.297570996127147e-07,0.13989869794866744,0.0,0.000526575335230803
lmh,PR,147,0.3675,Light_nC4,7.50400936029402e-08,0.016669937338465075,0.01938136507723852,0.000526575335230803
lmh,PR,147,0.3675,Middle_nC10,4.60160913178339e-07,0.10222340111784219,0.11885042014706924,0.000526575335230803
lmh,PR,147,0.3675,Heavy_squalane,3.336564129672773e-06,0.7412079635950253,0.8617682147756922,0.000526575335230803
lmh,PR,148,0.37,H2O,6.297382220405011e-07,0.1398916032027114,0.0,0.0005276129379811253
lmh,PR,148,0.37,Light_nC4,7.504214243015862e-08,0.016670046766902372,0.01938133243318538,0.0005276129379811253
lmh,PR,148,0.37,Middle_nC10,4.601742494445192e-07,0.10222424374815545,0.11885041946898675,0.0005276129379811253
lmh,PR,148,0.37,Heavy_squalane,3.336660977179107e-06,0.7412141062822307,0.8617682480978278,0.0005276129379811253
lmh,PR,149,0.3725,H2O,6.297193509075965e-07,0.13988451084840445,0.0,0.0005286514164278683
lmh,PR,149,0.3725,Light_nC4,7.504419076814449e-08,0.016670156161608288,0.019381299804345425,0.0005286514164278683
lmh,PR,149,0.3725,Middle_nC10,4.601875824019769e-07,0.10222508609594294,0.11885041879291834,0.0005286514164278683
lmh,PR,149,0.3725,Heavy_squalane,3.336757800579677e-06,0.7412202468940443,0.8617682814027362,0.0005286514164278683
lmh,PR,150,0.375,H2O,6.297004876624207e-07,0.13987742088101338,0.0,0.0005296907707200421
lmh,PR,150,0.375,Light_nC4,7.504623879230174e-08,0.01667026552267077,0.019381267190713595,0.0005296907707200421
lmh,PR,150,0.375,Middle_nC10,4.60200913126453e-07,0.10222592816177854,0.11885041811887716,0.0005296907707200421
lmh,PR,150,0.375,Heavy_squalane,3.336854607674119e-06,0.7412263854345372,0.8617683146904093,0.0005296907707200421
lmh,PR,151,0.3775,H2O,6.296816307288684e-07,0.13987033329496762,0.0,0.000530731001135537
lmh,PR,151,0.3775,Light_nC4,7.504828631813703e-08,0.01667037485019767,0.0193812345922891,0.000530731001135537
lmh,PR,151,0.3775,Middle_nC10,4.602142404866352e-07,0.10222676994633968,0.11885041744688095,0.000530731001135537
lmh,PR,151,0.3775,Heavy_squalane,3.336951390258864e-06,0.7412325219084951,0.8617683479608299,0.000530731001135537
lmh,PR,152,0.38,H2O,6.296627820312272e-07,0.13986324808379846,0.0,0.0005317721080901378
lmh,PR,152,0.38,Light_nC4,7.505033357891775e-08,0.016670484144320017,0.019381202009077888,0.0005317721080901378
lmh,PR,152,0.38,Middle_nC10,4.602275659128808e-07,0.1022276114504155,0.11885041677695336,0.0005317721080901378
lmh,PR,152,0.38,Heavy_squalane,3.337048158704447e-06,0.741238656321466,0.8617683812139687,0.0005317721080901378
lmh,PR,153,0.3825,H2O,6.296439399835767e-07,0.13985616524125527,0.0,0.0005328140919754138
lmh,PR,153,0.3825,Light_nC4,7.505238038947874e-08,0.016670593405177965,0.01938116944110141,0.0005328140919754138
lmh,PR,153,0.3825,Middle_nC10,4.602408882692811e-07,0.10222845267477616,0.11885041610912604,0.0005328140919754138
lmh,PR,153,0.3825,Heavy_squalane,3.337144904773441e-06,0.7412447886787906,0.8617684144497725,0.0005328140919754138
lmh,PR,154,0.385,H2O,6.296251055341226e-07,0.13984908476280855,0.0,0.0005338569529367476
lmh,PR,154,0.385,Light_nC4,7.50544268657239e-08,0.016670702632901588,0.01938113688840818,0.0005338569529367476
lmh,PR,154,0.385,Middle_nC10,4.602542082655527e-07,0.10222929361999575,0.11885041544344047,0.0005338569529367476
lmh,PR,154,0.385,Heavy_squalane,3.337241633610378e-06,0.7412509189842941,0.8617684476681513,0.0005338569529367476
lmh,PR,155,0.3875,H2O,6.296062786002506e-07,0.1398420066420774,0.0,0.0005349006914008749
lmh,PR,155,0.3875,Light_nC4,7.505647300191841e-08,0.016670811827671314,0.019381104351063536,0.0005349006914008749
lmh,PR,155,0.3875,Middle_nC10,4.602675258651469e-07,0.10223013428688,0.11885041477995166,0.0005349006914008749
lmh,PR,155,0.3875,Heavy_squalane,3.337338344948224e-06,0.7412570472433713,0.8617684808689848,0.0005349006914008749
lmh,PR,156,0.39,H2O,6.295874581018147e-07,0.13983493087305832,0.0,0.0005359453077486335
lmh,PR,156,0.39,Light_nC4,7.50585186733022e-08,0.0166709209896904,0.01938107182916787,0.0005359453077486335
lmh,PR,156,0.39,Middle_nC10,4.602808403008478e-07,0.10223097467620396,0.11885041411873108,0.0005359453077486335
lmh,PR,156,0.39,Heavy_squalane,3.337435033221313e-06,0.7412631734610473,0.8617685140521011,0.0005359453077486335
lmh,PR,157,0.3925,H2O,6.295686454990265e-07,0.13982785745200463,0.0,0.0005369908020384569
lmh,PR,157,0.3925,Light_nC4,7.506056405676332e-08,0.016671030119164966,0.01938103932287573,0.0005369908020384569
lmh,PR,157,0.3925,Middle_nC10,4.60294152654033e-07,0.10223181478849379,0.11885041345987267,0.0005369908020384569
lmh,PR,157,0.3925,Heavy_squalane,3.337531706266955e-06,0.7412692976403367,0.8617685472172516,0.0005369908020384569
lmh,PR,158,0.395,H2O,6.295498402378763e-07,0.13982078637462747,0.0,0.0005380371744222156
lmh,PR,158,0.395,Light_nC4,7.506260908962162e-08,0.016671139216358925,0.019381006832396654,0.0005380371744222156
lmh,PR,158,0.395,Middle_nC10,4.603074625357852e-07,0.10223265462436483,0.11885041280349919,0.0005380371744222156
lmh,PR,158,0.395,Heavy_squalane,3.337628361260414e-06,0.7412754197846487,0.8617685803641042,0.0005380371744222156
lmh,PR,159,0.3975,H2O,6.295310417507735e-07,0.13981371763569425,0.0,0.0005390844252063226
lmh,PR,159,0.3975,Light_nC4,7.506465370842628e-08,0.016671248281615314,0.019380974358010877,0.0005390844252063226
lmh,PR,159,0.3975,Middle_nC10,4.60320769550921e-07,0.10223349418457628,0.11885041214977013,0.0005390844252063226
lmh,PR,159,0.3975,Heavy_squalane,3.33772499533007e-06,0.7412815398981141,0.8617686134922189,0.0005390844252063226
lmh,PR,160,0.4,H2O,6.295122499914751e-07,0.1398066512313484,0.0,0.0005401325545132665
lmh,PR,160,0.4,Light_nC4,7.506669791142633e-08,0.016671357315340397,0.01938094190010314,0.0005401325545132665
lmh,PR,160,0.4,Middle_nC10,4.603340736803236e-07,0.10223433346976549,0.11885041149889351,0.0005401325545132665
lmh,PR,160,0.4,Heavy_squalane,3.337821608329158e-06,0.7412876579835458,0.8617686466010033,0.0005401325545132665
lmh,PR,161,0.4025,H2O,6.294934659277918e-07,0.1397995871585683,0.0,0.0005411815623662208
lmh,PR,161,0.4025,Light_nC4,7.506874181778864e-08,0.016671466318037717,0.01938090945919008,0.0005411815623662208
lmh,PR,161,0.4025,Middle_nC10,4.603473756434936e-07,0.10223517248052419,0.11885041085113975,0.0005411815623662208
lmh,PR,161,0.4025,Heavy_squalane,3.337918205464022e-06,0.7412937740428699,0.8617686796896702,0.0005411815623662208
lmh,PR,162,0.405,H2O,6.294746890055688e-07,0.13979252541309362,0.0,0.0005422314490048206
lmh,PR,162,0.405,Light_nC4,7.507078536659616e-08,0.01667157529037351,0.01938087703594953,0.0005422314490048206
lmh,PR,162,0.405,Middle_nC10,4.603606750520814e-07,0.10223601121766104,0.11885041020686014,0.0005422314490048206
lmh,PR,162,0.405,Heavy_squalane,3.33801478390492e-06,0.7412998880788718,0.8617687127571904,0.0005422314490048206
lmh,PR,163,0.4075,H2O,6.294559191706213e-07,0.13978546599060843,0.0,0.0005432822147203611
lmh,PR,163,0.4075,Light_nC4,7.507282855742253e-08,0.016671684233201756,0.019380844631276296,0.0005432822147203611
lmh,PR,163,0.4075,Middle_nC10,4.603739718839366e-07,0.10223684968208165,0.11885040956651106,0.0005432822147203611
lmh,PR,163,0.4075,Heavy_squalane,3.338111343473173e-06,0.7413060000941081,0.8617687458022126,0.0005432822147203611
lmh,PR,164,0.41,H2O,6.294371558968661e-07,0.13977840888883028,0.0,0.0005443338595694418
lmh,PR,164,0.41,Light_nC4,7.507487133341775e-08,0.01667179314758822,0.019380812246357182,0.0005443338595694418
lmh,PR,164,0.41,Middle_nC10,4.603872657644864e-07,0.102237687874567,0.11885040893068496,0.0005443338595694418
lmh,PR,164,0.41,Heavy_squalane,3.338207881429251e-06,0.7413121100890144,0.8617687788229578,0.0005443338595694418
lmh,PR,165,0.4125,H2O,6.294184001593796e-07,0.13977135410548264,0.0,0.000545386383720849
lmh,PR,165,0.4125,Light_nC4,7.507691381819582e-08,0.016671902034914598,0.01938077988274635,0.000545386383720849
lmh,PR,165,0.4125,Middle_nC10,4.604005574177837e-07,0.10223852579604902,0.11885040830015055,0.000545386383720849
lmh,PR,165,0.4125,Heavy_squalane,3.338304402992554e-06,0.7413182180635537,0.861768811817103,0.000545386383720849
lmh,PR,166,0.415,H2O,6.293996519205507e-07,0.13976430163777687,0.0,0.0005464397876469676
lmh,PR,166,0.415,Light_nC4,7.50789560167575e-08,0.01667201089698101,0.01938074754247278,0.0005464397876469676
lmh,PR,166,0.415,Middle_nC10,4.604138468301028e-07,0.10223936344771688,0.1188504076759048,0.0005464397876469676
lmh,PR,166,0.415,Heavy_squalane,3.33840090802381e-06,0.7413243240175252,0.8617688447816225,0.0005464397876469676
lmh,PR,167,0.4175,H2O,6.293809101618487e-07,0.1397572514848708,0.0,0.0005474940720547365
lmh,PR,167,0.4175,Light_nC4,7.508099781830596e-08,0.016672119736090597,0.019380715228193967,0.0005474940720547365
lmh,PR,167,0.4175,Middle_nC10,4.604271332638097e-07,0.10224020083078296,0.11885040705924048,0.0005474940720547365
lmh,PR,167,0.4175,Heavy_squalane,3.338497391122884e-06,0.7413304279482557,0.8617688777125655,0.0005474940720547365
lmh,PR,168,0.42,H2O,6.293621763871291e-07,0.1397502036487554,0.0,0.0005485492385662982
lmh,PR,168,0.42,Light_nC4,7.508303941433542e-08,0.016672228555194582,0.01938068294338453,0.0005485492385662982
lmh,PR,168,0.42,Middle_nC10,4.604404178171056e-07,0.10224103794645271,0.11885040645183385,0.0005485492385662982
lmh,PR,168,0.42,Heavy_squalane,3.338593860185618e-06,0.7413365298495974,0.8617689106047817,0.0005485492385662982
lmh,PR,169,0.4225,H2O,6.293434490302549e-07,0.13974315813104266,0.0,0.0005496052924787701
lmh,PR,169,0.4225,Light_nC4,7.508508063438305e-08,0.01667233735814776,0.019380650692560782,0.0005496052924787701
lmh,PR,169,0.4225,Middle_nC10,4.604536993456875e-07,0.10224187479640336,0.11885040585585697,0.0005496052924787701
lmh,PR,169,0.4225,Heavy_squalane,3.33869030682785e-06,0.7413426297144062,0.8617689434515823,0.0005496052924787701
lmh,PR,170,0.425,H2O,6.293247290257502e-07,0.13973611494501578,0.0,0.0005506622474262362
lmh,PR,170,0.425,Light_nC4,7.508712160447238e-08,0.016672446149789882,0.019380618481646773,0.0005506622474262362
lmh,PR,170,0.425,Middle_nC10,4.604669784924651e-07,0.10224271138147893,0.1188504052741259,0.0005506622474262362
lmh,PR,170,0.425,Heavy_squalane,3.33878673559822e-06,0.7413487275237154,0.8617689762442272,0.0005506622474262362
lmh,PR,171,0.4275,H2O,6.293060166668824e-07,0.13972907412784805,0.0,0.000551720141940953
lmh,PR,171,0.4275,Light_nC4,7.508916236645465e-08,0.01667255493610556,0.019380586318435377,0.000551720141940953
lmh,PR,171,0.4275,Middle_nC10,4.604802553429928e-07,0.10224354770040368,0.11885040471029296,0.000551720141940953
lmh,PR,171,0.4275,Heavy_squalane,3.338883146970067e-06,0.7413548232356427,0.8617690089712716,0.000551720141940953
lmh,PR,172,0.43,H2O,6.292873117496057e-07,0.13972203577773956,0.0,0.000552779086049191
lmh,PR,172,0.43,Light_nC4,7.509120287467457e-08,0.0166726637241075,0.019380554213289103,0.000552779086049191
lmh,PR,172,0.43,Middle_nC10,4.604935293893406e-07,0.10224438374558617,0.11885040416909998,0.000552779086049191
lmh,PR,172,0.43,Heavy_squalane,3.338979537068649e-06,0.7413609167525669,0.861769041617611,0.000552779086049191
lmh,PR,173,0.4325,H2O,6.292686155868531e-07,0.13971500016212993,0.0,0.0005538393939944164
lmh,PR,173,0.4325,Light_nC4,7.509324317335827e-08,0.01667277252077182,0.01938052218034022,0.0005538393939944164
lmh,PR,173,0.4325,Middle_nC10,4.605068005907196e-07,0.10224521949055315,0.11885040365672117,0.0005538393939944164
lmh,PR,173,0.4325,Heavy_squalane,3.33907590534598e-06,0.7413670078265451,0.8617690741629386,0.0005538393939944164
lmh,PR,174,0.435,H2O,6.292499317254073e-07,0.13970796803062657,0.0,0.0005549019641010957
lmh,PR,174,0.435,Light_nC4,7.509528329593812e-08,0.0166728813290329,0.01938049023988456,0.0005549019641010957
lmh,PR,174,0.435,Middle_nC10,4.605200687010708e-07,0.10224605485317267,0.11885040318124515,0.0005549019641010957
lmh,PR,174,0.435,Heavy_squalane,3.339172249680575e-06,0.7413730957871678,0.8617691065788703,0.0005549019641010957
lmh,PR,175,0.4375,H2O,6.292312701234759e-07,0.13970094150619408,0.0,0.0005559693552188041
lmh,PR,175,0.4375,Light_nC4,7.509732322792359e-08,0.016672990135212434,0.019380458423845264,0.0005559693552188041
lmh,PR,175,0.4375,Middle_nC10,4.605333329143713e-07,0.1022468895903698,0.11885040275341177,0.0005559693552188041
lmh,PR,175,0.4375,Heavy_squalane,3.339268563760862e-06,0.7413791787682238,0.861769138822743,0.0005559693552188041
lmh,PR,176,0.44,H2O,6.292126571266658e-07,0.139693926596612,0.0,0.0005570488498914526
lmh,PR,176,0.44,Light_nC4,7.509936258111712e-08,0.016673098872114732,0.019380426789451365,0.0005570488498914526
lmh,PR,176,0.44,Middle_nC10,4.60546589546587e-07,0.10224772300073047,0.1188504023878809,0.0005570488498914526
lmh,PR,176,0.44,Heavy_squalane,3.339364820183729e-06,0.7413852515305428,0.8617691708226677,0.0005570488498914526
lmh,PR,177,0.4425,H2O,6.291941687743977e-07,0.13968694045052119,0.0,0.0005581612875830918
lmh,PR,177,0.4425,Light_nC4,7.510140017831495e-08,0.016673207310382045,0.019380395456409003,0.0005581612875830918
lmh,PR,177,0.4425,Middle_nC10,4.605598286153257e-07,0.10224855306432243,0.11885040210579514,0.0005581612875830918
lmh,PR,177,0.4425,Heavy_squalane,3.339460945428005e-06,0.7413912991747743,0.8617692024377959,0.0005581612875830918
lmh,PR,178,0.445,H2O,6.291760259234428e-07,0.1396800321182611,0.0,0.000559366344578783
lmh,PR,178,0.445,Light_nC4,7.510343283276211e-08,0.016673314745066812,0.01938036471025947,0.000559366344578783
lmh,PR,178,0.445,Middle_nC10,4.605730239212337e-07,0.10224937398035965,0.11885040194070567,0.000559366344578783
lmh,PR,178,0.445,Heavy_squalane,3.339556747345836e-06,0.7413972791563124,0.8617692333490349,0.000559366344578783
lmh,PR,179,0.4475,H2O,6.291588521981044e-07,0.13967334147935895,0.0,0.0005608343008053407
lmh,PR,179,0.4475,Light_nC4,7.510545042999761e-08,0.016673419102695937,0.019380335291906924,0.0005608343008053407
lmh,PR,179,0.4475,Middle_nC10,4.605860960640076e-07,0.10225016917657029,0.11885040195359364,0.0005608343008053407
lmh,PR,179,0.4475,Heavy_squalane,3.339651645393963e-06,0.7414030702413749,0.8617692627544995,0.0005608343008053407
lmh,PR,180,0.45,H2O,6.291444489757295e-07,0.13966727081206548,0.0,0.0005630549953312163
lmh,PR,180,0.45,Light_nC4,7.510742444529625e-08,0.01667351433693189,0.01938030923532337,0.0005630549953312163
lmh,PR,180,0.45,Middle_nC10,4.605988222741145e-07,0.1022508909535954,0.11885040227414073,0.0005630549953312163
lmh,PR,180,0.45,Heavy_squalane,3.339744012268319e-06,0.7414083238974073,0.8617692884905359,0.0005630549953312163
lmh,PR,181,0.4525,H2O,6.29138034359454e-07,0.1396629870971836,0.0,0.0005674495827876198
lmh,PR,181,0.4525,Light_nC4,7.510927071766279e-08,0.016673582797771883,0.019380292313025634,0.0005674495827876198
lmh,PR,181,0.4525,Middle_nC10,4.606105504519448e-07,0.10225140088707771,0.11885040321824215,0.0005674495827876198
lmh,PR,181,0.4525,Heavy_squalane,3.339829087201672e-06,0.7414120292179667,0.8617693044687322,0.0005674495827876198
lmh,PR,182,0.455,H2O,6.291547221768913e-07,0.13966386886899204,0.0,0.0005781326493948546
lmh,PR,182,0.455,Light_nC4,7.51107457268138e-08,0.016673573243709227,0.01938030107115222,0.0005781326493948546
lmh,PR,182,0.455,Middle_nC10,4.606193971624027e-07,0.10225129815638039,0.11885040562223004,0.0005781326493948546
lmh,PR,182,0.455,Heavy_squalane,3.339893122768764e-06,0.7414112597309184,0.8617692933066179,0.0005781326493948546
lmh,PR,183,0.4575,H2O,6.292386256599533e-07,0.13967977725689323,0.0,0.0006071138701457187
lmh,PR,183,0.4575,Light_nC4,7.511113768776461e-08,0.016673335923609547,0.019380383586064136,0.0006071138701457187
lmh,PR,183,0.4575,Middle_nC10,4.606198637445913e-07,0.102249412773199,0.11885041182361103,0.0006071138701457187
lmh,PR,183,0.4575,Heavy_squalane,3.339895987796837e-06,0.7413974740462982,0.8617692045903248,0.0006071138701457187
lmh,PR,184,0.46,H2O,6.295191736614604e-07,0.13973964203226302,0.0,0.000689626070772339
lmh,PR,184,0.46,Light_nC4,7.510835863245851e-08,0.016672431258741714,0.01938068063269631,0.000689626070772339
lmh,PR,184,0.46,Middle_nC10,4.605958263214433e-07,0.10224231220370415,0.11885042854379514,0.000689626070772339
lmh,PR,184,0.46,Heavy_squalane,3.339720009681783e-06,0.7413456145052911,0.8617688908235085,0.000689626070772339
lmh,PR,185,0.4625,H2O,6.303629030213836e-07,0.1399253844530976,0.0,0.0009254361509647604
lmh,PR,185,0.4625,Light_nC4,7.509649817628813e-08,0.016669614166749284,0.019381590696232145,0.0009254361509647604
lmh,PR,185,0.4625,Middle_nC10,4.605016478256779e-07,0.10222027629552163,0.11885047465390201,0.0009254361509647604
lmh,PR,185,0.4625,Heavy_squalane,3.33903213348728e-06,0.7411847250846314,0.8617679346498659,0.0009254361509647604
lmh,PR,186,0.465,H2O,6.327254662027848e-07,0.1404506391183034,0.0,0.0015746957789590087
lmh,PR,186,0.465,Light_nC4,7.506012301850478e-08,0.016661637334617327,0.019384154177633717,0.0015746957789590087
lmh,PR,186,0.465,Middle_nC10,4.602182028518042e-07,0.10215795661320327,0.11885059923540996,0.0015746957789590087
lmh,PR,186,0.465,Heavy_squalane,3.336963007471562e-06,0.7407297669338759,0.8617652465869564,0.0015746957789590087
lmh,PR,187,0.4675,H2O,6.387061808284291e-07,0.14178488863997796,0.0,0.003208988538348824
lmh,PR,187,0.4675,Light_nC4,7.496526722675768e-08,0.01664136403349947,0.019390667693007336,0.003208988538348824
lmh,PR,187,0.4675,Middle_nC10,4.594834174893717e-07,0.10199964731223923,0.11885091040939538,0.003208988538348824
lmh,PR,187,0.4675,Heavy_squalane,3.331600097801642e-06,0.7395741000142833,0.8617584218975973,0.003208988538348824
lmh,PR,188,0.47,H2O,6.517410271098261e-07,0.14469683580545942,0.0,0.0067636201295031275
lmh,PR,188,0.47,Light_nC4,7.47564137958049e-08,0.016597108487070536,0.019404942226187636,0.0067636201295031275
lmh,PR,188,0.47,Middle_nC10,4.578688428277595e-07,0.10165413870733621,0.1188515873235034,0.0067636201295031275
lmh,PR,188,0.47,Heavy_squalane,3.319816710192423e-06,0.7370519170001338,0.861743470450309,0.0067636201295031275
lmh,PR,189,0.4725,H2O,6.758960836225045e-07,0.15009747422803393,0.0,0.013345173479503881
lmh,PR,189,0.4725,Light_nC4,7.436792771746002e-08,0.01651502114665025,0.019431664980227775,0.013345173479503881
lmh,PR,189,0.4725,Middle_nC10,4.548678748986056e-07,0.10101333738144,0.1188528499661648,0.013345173479503881
lmh,PR,189,0.4725,Heavy_squalane,3.297915797266462e-06,0.7323741672438758,0.8617154850536074,0.013345173479503881
lmh,PR,190,0.475,H2O,7.148383187389496e-07,0.15881193295179966,0.0,0.02395158318690235
lmh,PR,190,0.475,Light_nC4,7.374055114850152e-08,0.016382556947260197,0.019475498510990494,0.02395158318690235
lmh,PR,190,0.475,Middle_nC10,4.500232464391804e-07,0.09997933765824042,0.1188549167240048,0.02395158318690235
lmh,PR,190,0.475,Heavy_squalane,3.262560393646137e-06,0.7248261724426998,0.8616695847650048,0.02395158318690235
lmh,PR,191,0.4775,H2O,7.705714282533962e-07,0.17129803238272187,0.0,0.03912790131056092
lmh,PR,191,0.4775,Light_nC4,7.284189658484928e-08,0.016192753977775576,0.01953990048356434,0.03912790131056092
lmh,PR,191,0.4775,Middle_nC10,4.430850828821721e-07,0.09849781615688499,0.11885794894404608,0.03912790131056092
lmh,PR,191,0.4775,Heavy_squalane,3.211927041392451e-06,0.7140113974826177,0.8616021505723895,0.03912790131056092
lmh,PR,192,0.48,H2O,8.423100595102407e-07,0.18739337220187982,0.0,0.05865991819241969
lmh,PR,192,0.48,Light_nC4,7.16846440674764e-08,0.015948078780759902,0.019625829073008697,0.05865991819241969
lmh,PR,192,0.48,Middle_nC10,4.341513133352405e-07,0.09658804110575453,0.11886199029347615,0.05865991819241969
lmh,PR,192,0.48,Heavy_squalane,3.146730453973194e-06,0.7000705079116056,0.8615121806335152,0.05865991819241969
lmh,PR,193,0.4825,H2O,9.268480354379212e-07,0.2063937786778805,0.0,0.0816745392216214
lmh,PR,193,0.4825,Light_nC4,7.032058204505268e-08,0.015659234407557256,0.01973174351061605,0.0816745392216214
lmh,PR,193,0.4825,Middle_nC10,4.236216787236613e-07,0.094333564574405,0.11886696706743134,0.0816745392216214
lmh,PR,193,0.4825,Heavy_squalane,3.069887869458698e-06,0.6836134223401573,0.8614012894219527,0.0816745392216214
lmh,PR,194,0.485,H2O,1.02000684607922e-06,0.22737342365260227,0.0,0.10703412953120478
lmh,PR,194,0.485,Light_nC4,6.881721224203935e-08,0.015340294247873117,0.01985473282629567,0.10703412953120478
lmh,PR,194,0.485,Middle_nC10,4.120171622076594e-07,0.09184423921749756,0.1188727414111127,0.10703412953120478
lmh,PR,194,0.485,Heavy_squalane,2.985201297956712e-06,0.6654420428820271,0.8612725257625916,0.10703412953120478
lmh,PR,195,0.4875,H2O,1.117827838398723e-06,0.24944996975661476,0.0,0.1336610314997624
lmh,PR,195,0.4875,Light_nC4,6.723848965160983e-08,0.015004671232827017,0.019991567021803148,0.1336610314997624
lmh,PR,195,0.4875,Middle_nC10,3.998313494654746e-07,0.08922475770041892,0.11887916075559346,0.1336610314997624
lmh,PR,195,0.4875,Heavy_squalane,2.896272793217758e-06,0.6463206013101394,0.8611292722226035,0.1336610314997624
lmh,PR,196,0.49,H2O,1.217104184547164e-06,0.27190416872470835,0.0,0.16068234256206318
lmh,PR,196,0.49,Light_nC4,6.563622497796071e-08,0.014663299508332901,0.02013924387212806,0.16068234256206318
lmh,PR,196,0.49,Middle_nC10,3.874640861172614e-07,0.08656046177804447,0.11888608347946458,0.16068234256206318
lmh,PR,196,0.49,Heavy_squalane,2.806020309058682e-06,0.6268720699889142,0.8609746726484073,0.16068234256206318
lmh,PR,197,0.4925,H2O,1.315472213345917e-06,0.2942018445434202,0.0,0.1874547384857857
lmh,PR,197,0.4925,Light_nC4,6.404860828655699e-08,0.01432430005527531,0.02029517921594587,0.1874547384857857
lmh,PR,197,0.4925,Middle_nC10,3.752100901399146e-07,0.08391473380474841,0.1188933877993264,0.1874547384857857
lmh,PR,197,0.4925,Heavy_squalane,2.716594600776433e-06,0.6075591215965561,0.8608114329847277,0.1874547384857857
lmh,PR,198,0.495,H2O,1.411308541127789e-06,0.31597249995188664,0.0,0.21353644509507633
lmh,PR,198,0.495,Light_nC4,6.250186947081769e-08,0.013993305767553333,0.02045722689010174,0.21353644509507633
lmh,PR,198,0.495,Middle_nC10,3.632717725145973e-07,0.0813315350813831,0.11890097265923137,0.21353644509507633
lmh,PR,198,0.495,Heavy_squalane,2.629472790318629e-06,0.5887026591991769,0.8606418004506668,0.21353644509507633
lmh,PR,199,0.4975,H2O,1.503573152633331e-06,0.33697548674669003,0.0,0.23864449979695643
lmh,PR,199,0.4975,Light_nC4,6.101281387208322e-08,0.01367397563352494,0.020623635114831368,0.23864449979695643
lmh,PR,199,0.4975,Middle_nC10,3.517788079277899e-07,0.07883941983203617,0.11890875564342128,0.23864449979695643
lmh,PR,199,0.4975,Heavy_squalane,2.545601189766416e-06,0.5705111177877489,0.8604676092417474,0.23864449979695643
lmh,PR,200,0.5,H2O,1.591656660604982e-06,0.3570666843802539,0.0,0.2626131641912249
lmh,PR,200,0.5,Light_nC4,5.959128911770066e-08,0.013368501228848424,0.020792982575435607,0.2626131641912249
lmh,PR,200,0.5,Middle_nC10,3.408071753959891e-07,0.07645548889004194,0.1189166699447575,0.2626131641912249
lmh,PR,200,0.5,Heavy_squalane,2.465534255888844e-06,0.5531093255008558,0.8602903474798068,0.2626131641912249
lmh,PR,201,0.5025,H2O,1.675253501042566e-06,0.37617060850130185,0.0,0.2853593967974528
lmh,PR,201,0.5025,Light_nC4,5.824223425594628e-08,0.013078030690220895,0.020964114337097862,0.2853593967974528
lmh,PR,201,0.5025,Middle_nC10,3.303949727051399e-07,0.0741886991138457,0.11892466133346732,0.2853593967974528
lmh,PR,201,0.5025,Heavy_squalane,2.389549999969066e-06,0.5365626616946316,0.8601112243294348,0.2853593967974528
lmh,PR,202,0.505,H2O,1.754263203293033e-06,0.3942585317623264,0.0,0.30685597459543085
lmh,PR,202,0.505,Light_nC4,5.69672747147696e-08,0.012803001308689287,0.021136081942578506,0.30685597459543085
lmh,PR,202,0.505,Middle_nC10,3.205547260904858e-07,0.07204245943292399,0.11893268532947265,0.30685597459543085
lmh,PR,202,0.505,Heavy_squalane,2.317739820639966e-06,0.5208960074960604,0.8599312327279488,0.30685597459543085
lmh,PR,203,0.5075,H2O,1.828719044817319e-06,0.41133256973244015,0.0,0.3271120722324204
lmh,PR,203,0.5075,Light_nC4,5.576587470548741e-08,0.01254338145107296,0.0213080948700895,0.3271120722324204
lmh,PR,203,0.5075,Middle_nC10,3.112822844083111e-07,0.0700165191152398,0.11894070491281647,0.3271120722324204
lmh,PR,203,0.5075,Heavy_squalane,2.250073411138211e-06,0.5061075297012472,0.8597512002170941,0.3271120722324204
lmh,PR,204,0.51,H2O,1.898740400065561e-06,0.4274149895918486,0.0,0.3461602891349766
lmh,PR,204,0.51,Light_nC4,5.463610735846857e-08,0.012298833088058084,0.02147948839822265,0.3461602891349766
lmh,PR,204,0.51,Middle_nC10,3.02562762306032e-07,0.06810823633259627,0.11894868900610443,0.3461602891349766
lmh,PR,204,0.51,Heavy_squalane,2.186442130788262e-06,0.49217794098749706,0.859571822595673,0.3461602891349766
lmh,PR,205,0.5125,H2O,1.964502895093674e-06,0.44254147896608625,0.0,0.3640485257575516
lmh,PR,205,0.5125,Light_nC4,5.357513681033555e-08,0.012068814120391394,0.021649707852716044,0.3640485257575516
lmh,PR,205,0.5125,Middle_nC10,2.943742608925487e-07,0.06631337683965348,0.11895661172541162,0.3640485257575516
lmh,PR,205,0.5125,Heavy_squalane,2.126686157419137e-06,0.4790763300738688,0.8593936804218724,0.3640485257575516
lmh,PR,206,0.515,H2O,2.02622100564422e-06,0.45675719884562843,0.0,0.3808352461832835
lmh,PR,206,0.515,Light_nC4,5.257949938955146e-08,0.011852638380007935,0.021818307310877385,0.3808352461832835
lmh,PR,206,0.515,Middle_nC10,2.866900377906018e-07,0.06462658230934139,0.11896445230753579,0.3808352461832835
lmh,PR,206,0.515,Heavy_squalane,2.070610323817967e-06,0.4667635804650223,0.8592172403815869,0.3808352461832835
lmh,PR,207,0.5175,H2O,2.084138364007541e-06,0.4701145705054517,0.0,0.39658684104737457
lmh,PR,207,0.5175,Light_nC4,5.164525992921535e-08,0.011649509269422785,0.02198495867405737,0.39658684104737457
lmh,PR,207,0.5175,Middle_nC10,2.79479713977159e-07,0.06304163292149023,0.11897219552087879,0.39658684104737457
lmh,PR,207,0.5175,Heavy_squalane,2.017992925057777e-06,0.45519428730363526,0.8590428458050638,0.39658684104737457
lmh,PR,208,0.52,H2O,2.138521439238538e-06,0.48267181187586317,0.0,0.4113759036529987
lmh,PR,208,0.52,Light_nC4,5.076811436675366e-08,0.011458542008186402,0.022149463863037823,0.4113759036529987
lmh,PR,208,0.52,Middle_nC10,2.727100649877942e-07,0.06155162102621344,0.11897983222101878,0.4113759036529987
lmh,PR,208,0.52,Heavy_squalane,1.968591492429858e-06,0.444318025089737,0.8588707039159434,0.4113759036529987
lmh,PR,209,0.5225,H2O,2.189653108678025e-06,0.4944914387182405,0.0,0.4252794836059545
lmh,PR,209,0.5225,Light_nC4,4.994349306591616e-08,0.011278786417310466,0.022311761424400323,0.4252794836059545
lmh,PR,209,0.5225,Middle_nC10,2.663458190647893e-07,0.060149128984842475,0.11898735964496686,0.4252794836059545
lmh,PR,209,0.5225,Heavy_squalane,1.922148618247017e-06,0.43408064587960654,0.858700878930633,0.4252794836059545
lmh,PR,210,0.525,H2O,2.237820367635591e-06,0.5056373888955663,0.0,0.438375739042461
lmh,PR,210,0.525,Light_nC4,4.916675994305909e-08,0.011109270644600657,0.0224719070477072,0.438375739042461
lmh,PR,210,0.525,Middle_nC10,2.603511929111787e-07,0.058826570391145534,0.11899478049062748,0.438375739042461
lmh,PR,210,0.525,Heavy_squalane,1.878403162994075e-06,0.42442677006868756,0.8585333124616654,0.438375739042461
lmh,PR,211,0.5275,H2O,2.28329781104045e-06,0.5161711544983546,0.0,0.450739446799473
lmh,PR,211,0.5275,Light_nC4,4.84334788419406e-08,0.010949059982159821,0.02263002729985553,0.450739446799473
lmh,PR,211,0.5275,Middle_nC10,2.546919476763276e-07,0.05757664901961208,0.11900210075303637,0.450739446799473
lmh,PR,211,0.5275,Heavy_squalane,1.837105259029769e-06,0.41530313649987355,0.8583678719471082,0.450739446799473
lmh,PR,212,0.53,H2O,2.326331390318048e-06,0.5261479534462851,0.0,0.4624375821723503
lmh,PR,212,0.53,Light_nC4,4.773967637541006e-08,0.010797315089178203,0.022786258216475255,0.4624375821723503
lmh,PR,212,0.53,Middle_nC10,2.493374162657924e-07,0.05639281309267615,0.11900932686229006,0.4624375821723503
lmh,PR,212,0.53,Heavy_squalane,1.79803110467101e-06,0.40666191837186055,0.8582044149212346,0.4624375821723503
lmh,PR,213,0.5325,H2O,2.367125471256202e-06,0.5356136541812773,0.0,0.4735257981091739
lmh,PR,213,0.5325,Light_nC4,4.708205131084828e-08,0.010653338766859323,0.022940680454498003,0.4735257981091739
lmh,PR,213,0.5325,Middle_nC10,2.442621182631592e-07,0.05526962019109202,0.11901646266892395,0.4735257981091739
lmh,PR,213,0.5325,Heavy_squalane,1.760994748804364e-06,0.39846338686077143,0.8580428568765781,0.4735257981091739
lmh,PR,214,0.535,H2O,2.405837368011358e-06,0.5446034365385312,0.0,0.48404694414241395
lmh,PR,214,0.535,Light_nC4,4.645806240992611e-08,0.010516596333475802,0.023093271177848082,0.48404694414241395
lmh,PR,214,0.535,Middle_nC10,2.394464380477752e-07,0.05420289615649251,0.11902350721423181,0.48404694414241395
lmh,PR,214,0.535,Heavy_squalane,1.725853039309571e-06,0.39067707097150045,0.8578832216079201,0.48404694414241395
lmh,PR,215,0.5375,H2O,2.44257982011878e-06,0.5531422987961124,0.0,0.4940317394446759
lmh,PR,215,0.5375,Light_nC4,4.586588880817562e-08,0.010386707923611443,0.023243882550593665,0.4940317394446759
lmh,PR,215,0.5375,Middle_nC10,2.348763182832034e-07,0.05318967493214638,0.11903045374141943,0.4940317394446759
lmh,PR,215,0.5375,Heavy_squalane,1.692503385951947e-06,0.38328131834812984,0.8577256637079869,0.4940317394446759
lmh,PR,216,0.54,H2O,2.477429749858812e-06,0.5612470412574737,0.0,0.5035011563273479
lmh,PR,216,0.54,Light_nC4,4.530428855389315e-08,0.010263418330467872,0.02339224870387886,0.5035011563273479
lmh,PR,216,0.54,Middle_nC10,2.305421682404574e-07,0.05222796320154524,0.11903729003043426,0.5035011563273479
lmh,PR,216,0.54,Heavy_squalane,1.660875793699715e-06,0.37626157721051307,0.8575704612656869,0.5035011563273479
lmh,PR,217,0.5425,H2O,2.510440401513189e-06,0.568929056898236,0.0,0.5124697257062031
lmh,PR,217,0.5425,Light_nC4,4.477240215070351e-08,0.010146554570789511,0.023538015570662554,0.5124697257062031
lmh,PR,217,0.5425,Middle_nC10,2.264373483964896e-07,0.05131640926114028,0.1190439997924562,0.5124697257062031
lmh,PR,217,0.5425,Heavy_squalane,1.630921804098696e-06,0.36960797926983413,0.8574179846368812,0.5124697257062031
lmh,PR,218,0.545,H2O,2.541654460279016e-06,0.5761973643559809,0.0,0.5209491042625476
lmh,PR,218,0.545,Light_nC4,4.426954078409425e-08,0.01003597976030326,0.0236807865648414,0.5209491042625476
lmh,PR,218,0.545,Middle_nC10,2.225565362509655e-07,0.05045394313510467,0.11905056479517606,0.5209491042625476
lmh,PR,218,0.545,Heavy_squalane,1.602602569808147e-06,0.36331271274861104,0.8572686486399825,0.5209491042625476
lmh,PR,219,0.5475,H2O,2.571115751599594e-06,0.5830613269503384,0.0,0.5289512571400788
lmh,PR,219,0.5475,Light_nC4,4.379499717970476e-08,0.009931551760553188,0.02382017405080157,0.5289512571400788
lmh,PR,219,0.5475,Middle_nC10,2.188942672652073e-07,0.04963945394293151,0.11905696725095816,0.5289512571400788
lmh,PR,219,0.5475,Heavy_squalane,1.575878207241174e-06,0.35736766734617686,0.8571228586982402,0.5289512571400788
lmh,PR,220,0.55,H2O,2.598878561790012e-06,0.5895328269825206,0.0,0.536490992401823
lmh,PR,220,0.55,Light_nC4,4.334789498839487e-08,0.009833090107391751,0.023955850196510153,0.536490992401823
lmh,PR,220,0.55,Middle_nC10,2.154437729759661e-07,0.048871531900598335,0.11906319217034485,0.536490992401823
lmh,PR,220,0.55,Heavy_squalane,1.550699317862129e-06,0.35176255100948933,0.8569809576331451,0.536490992401823
lmh,PR,221,0.5525,H2O,2.625013905398832e-06,0.5956277366213036,0.0,0.5435876679883329
lmh,PR,221,0.5525,Light_nC4,4.292708711386366e-08,0.00974035363576155,0.02408759086089856,0.5435876679883329
lmh,PR,221,0.5525,Middle_nC10,2.121961972867536e-07,0.048148293786029896,0.11906922938712743,0.5435876679883329
lmh,PR,221,0.5525,Heavy_squalane,1.52700126934823e-06,0.34648361595690486,0.856843179751974,0.5435876679883329
lmh,PR,222,0.555,H2O,2.649612568670817e-06,0.6013666297443981,0.0,0.5502660117034998
lmh,PR,222,0.555,Light_nC4,4.253110734143816e-08,0.0096530296480472,0.0242153075189308,0.5502660117034998
lmh,PR,222,0.555,Middle_nC10,2.091402222999449e-07,0.04746729847058538,0.11907507502482689,0.5502660117034998
lmh,PR,222,0.555,Heavy_squalane,1.504701465054229e-06,0.34151304213696926,0.8567096174562423,0.5502660117034998
lmh,PR,223,0.5575,H2O,2.672785014272832e-06,0.6067747732570098,0.0,0.5565561033841402
lmh,PR,223,0.5575,Light_nC4,4.215817078870903e-08,0.009570734041326832,0.024339064206534766,0.5565561033841402
lmh,PR,223,0.5575,Middle_nC10,2.062620734285356e-07,0.04682554794635079,0.11908073226684335,0.5565561033841402
lmh,PR,223,0.5575,Heavy_squalane,1.483699381704529e-06,0.3368289447553126,0.8565802035266219,0.5565561033841402
lmh,PR,224,0.56,H2O,2.694658783057848e-06,0.6118815160247201,0.0,0.5624926596731893
lmh,PR,224,0.56,Light_nC4,4.180621682656503e-08,0.00949302059760923,0.024459078836899358,0.5624926596731893
lmh,PR,224,0.56,Middle_nC10,2.035458492994931e-07,0.04621955983183172,0.11908621140232925,0.5624926596731893
lmh,PR,224,0.56,Heavy_squalane,1.463878976683923e-06,0.33240590354583893,0.8564547097607713,0.5624926596731893
lmh,PR,225,0.5625,H2O,2.71537398931691e-06,0.6167192398949211,0.0,0.5681138142232652
lmh,PR,225,0.5625,Light_nC4,4.147298119003139e-08,0.009419396936230805,0.024575710332155505,0.5681138142232652
lmh,PR,225,0.5625,Middle_nC10,2.009740790538716e-07,0.04564549184028438,0.1190915292167819,0.5681138142232652
lmh,PR,225,0.5625,Heavy_squalane,1.44511275509812e-06,0.3282158713285637,0.8563327604510627,0.5681138142232652
lmh,PR,226,0.565,H2O,2.735077729244829e-06,0.6213220442088844,0.0,0.5734595929623157
lmh,PR,226,0.565,Light_nC4,4.115608680387808e-08,0.009349344521804203,0.024689434330213405,0.5734595929623157
lmh,PR,226,0.565,Middle_nC10,1.985284223628438e-07,0.04509929787264386,0.11909670785674492,0.5734595929623157
lmh,PR,226,0.565,Heavy_squalane,1.427266877950066e-06,0.3242293133966675,0.8562138578130416,0.5734595929623157
lmh,PR,227,0.5675,H2O,2.753917978589771e-06,0.6257243112434429,0.0,0.5785702553476858
lmh,PR,227,0.5675,Light_nC4,4.085314232900098e-08,0.009282340485330904,0.024800810643537383,0.5785702553476858
lmh,PR,227,0.5675,Middle_nC10,1.96190429695382e-07,0.044576898240288786,0.1191017733168431,0.5785702553476858
lmh,PR,227,0.5675,Heavy_squalane,1.410206710080671e-06,0.3204164500309374,0.8560974160396195,0.5785702553476858
lmh,PR,228,0.57,H2O,2.772037507608193e-06,0.6299592744947399,0.0,0.5834846424263589
lmh,PR,228,0.57,Light_nC4,4.056184023824022e-08,0.009217879404056384,0.02491044571234728,0.5834846424263589
lmh,PR,228,0.57,Middle_nC10,1.939422991726365e-07,0.04407434955166,0.11910675369982618,0.5834846424263589
lmh,PR,228,0.57,Heavy_squalane,1.393802343203967e-06,0.31674849654954373,0.8559828005878265,0.5834846424263589
lmh,PR,229,0.5725,H2O,2.789568305316204e-06,0.6340576988591481,0.0,0.5882386573841317
lmh,PR,229,0.5725,Light_nC4,4.028004738553186e-08,0.00915549338101358,0.025018953404595923,0.5882386573841317
lmh,PR,229,0.5725,Middle_nC10,1.91767574464418e-07,0.043588001322278615,0.11911167740485272,0.5882386573841317
lmh,PR,229,0.5725,Heavy_squalane,1.377933688484659e-06,0.31319880643755965,0.8558693691905513,0.5882386573841317
lmh,PR,230,0.575,H2O,2.806626913999908e-06,0.6380467784165336,0.0,0.5928640002823156
lmh,PR,230,0.575,Light_nC4,4.000588013116118e-08,0.009094768815933274,0.02512691771645419,0.5928640002823156
lmh,PR,230,0.575,Middle_nC10,1.896517245432674e-07,0.043114626765093284,0.11911657140797417,0.5928640002823156
lmh,PR,230,0.575,Heavy_squalane,1.362494707145481e-06,0.30974382600243994,0.8557565108755716,0.5928640002823156
lmh,PR,231,0.5775,H2O,2.823311082453387e-06,0.6419493399697603,0.0,0.5973872582599015
lmh,PR,231,0.5775,Light_nC4,3.973775853053399e-08,0.009035358526056142,0.02523486069064374,0.5973872582599015
lmh,PR,231,0.5775,Middle_nC10,1.875825613965885e-07,0.042651517300649824,0.11912145978741565,0.5973872582599015
lmh,PR,231,0.5775,Heavy_squalane,1.347396458488359e-06,0.3063637842035337,0.8556436795219406,0.5973872582599015
lmh,PR,232,0.58,H2O,2.839698086139474e-06,0.6457834364909455,0.0,0.6018294477642218
lmh,PR,232,0.58,Light_nC4,3.947443372045439e-08,0.008976987936131263,0.025343218982197005,0.6018294477642218
lmh,PR,232,0.58,Middle_nC10,1.855504507978205e-07,0.04219653080147032,0.11912636265071685,0.6018294477642218
lmh,PR,232,0.58,Heavy_squalane,1.332568637764124e-06,0.303043044771453,0.8555304183670861,0.6018294477642218
lmh,PR,233,0.5825,H2O,2.855844701405951e-06,0.6495623334313583,0.0,0.6062060112665775
lmh,PR,233,0.5825,Light_nC4,3.921498803741125e-08,0.00891945529199236,0.025452330451028345,0.6062060112665775
lmh,PR,233,0.5825,Middle_nC10,1.835483135001166e-07,0.04174809321943537,0.11913129552601329,0.6062060112665775
lmh,PR,233,0.5825,Heavy_squalane,1.317959584834822e-06,0.2997701180572141,0.8554163740229583,0.6062060112665775
lmh,PR,234,0.585,H2O,2.871788552720201e-06,0.6532948153465369,0.0,0.6105271836309135
lmh,PR,234,0.585,Light_nC4,3.89588133412351e-08,0.00886262700078467,0.025562429963783193,0.6105271836309135
lmh,PR,234,0.585,Middle_nC10,1.815714577868643e-07,0.041305162204478,0.11913626917856195,0.6105271836309135
lmh,PR,234,0.585,Heavy_squalane,1.303535062114158e-06,0.29653739544820046,0.8553013008576549,0.6105271836309135
lmh,PR,235,0.5875,H2O,2.887550522548677e-06,0.656985741776626,0.0,0.6147986452648
lmh,PR,235,0.5875,Light_nC4,3.870557237256407e-08,0.008806429178469629,0.025673653404619707,0.6147986452648
lmh,PR,235,0.5875,Middle_nC10,1.79617280892515e-07,0.04086716114629654,0.11914128980517037,0.6147986452648
lmh,PR,235,0.5875,Heavy_squalane,1.289276075588553e-06,0.2933406678986078,0.85518505679021,0.6147986452648
lmh,PR,236,0.59,H2O,2.903137683941125e-06,0.6606367345711834,0.0,0.6190223253397171
lmh,PR,236,0.59,Light_nC4,3.845515076936558e-08,0.008750837196680272,0.025786047248286554,0.6190223253397171
lmh,PR,236,0.59,Middle_nC10,1.776848996456262e-07,0.04043389761836575,0.11914635948376391,0.6190223253397171
lmh,PR,236,0.59,Heavy_squalane,1.275176179602421e-06,0.29017853061377047,0.8550675932679496,0.6190223253397171
lmh,PR,237,0.5925,H2O,2.918546376924948e-06,0.6642468893258537,0.0,0.6231972308221672
lmh,PR,237,0.5925,Light_nC4,3.820760818666423e-08,0.008695864861778545,0.02589958092813627,0.6231972308221672
lmh,PR,237,0.5925,Middle_nC10,1.75774772231511e-07,0.040005478960303716,0.11915147675021741,0.6231972308221672
lmh,PR,237,0.5925,Heavy_squalane,1.261238716505328e-06,0.287051766852064,0.8549489423216463,0.6231972308221672
lmh,PR,238,0.595,H2O,2.933764993602722e-06,0.6678134355499854,0.0,0.6273202142791654
lmh,PR,238,0.595,Light_nC4,3.796313215672172e-08,0.00864155437299882,0.02601415980596997,0.6273202142791654
lmh,PR,238,0.595,Middle_nC10,1.738883438544419e-07,0.03958223394332899,0.11915663720133719,0.6273202142791654
lmh,PR,238,0.595,Heavy_squalane,1.247474231214237e-06,0.2839627761336867,0.8548292029926928,0.6273202142791654
lmh,PR,239,0.5975,H2O,2.948776461139603e-06,0.6713323086937191,0.0,0.6313866381033136
lmh,PR,239,0.5975,Light_nC4,3.772199913706672e-08,0.008587967620795035,0.026129637466531595,0.6313866381033136
lmh,PR,239,0.5975,Middle_nC10,1.720277446459213e-07,0.03916464489406829,0.11916183406531221,0.6313866381033136
lmh,PR,239,0.5975,Heavy_squalane,1.233898266465272e-06,0.2809150787914175,0.8547085284681563,0.6313866381033136
lmh,PR,240,0.6,H2O,2.963560250430693e-06,0.6747986286162082,0.0,0.6353909292091383
lmh,PR,240,0.6,Light_nC4,3.748454111985332e-08,0.008535178907973558,0.02624582692150036,0.6353909292091383
lmh,PR,240,0.6,Middle_nC10,1.701955334121236e-07,0.03875329091973557,0.1191670587206726,0.6353909292091383
lmh,PR,240,0.6,Heavy_squalane,1.220529493105852e-06,0.2779129015560826,0.854587114357827,0.6353909292091383
lmh,PR,241,0.6025,H2O,2.978094091957097e-06,0.6782070985032493,0.0,0.6393270406740406
lmh,PR,241,0.6025,Light_nC4,3.725111841142169e-08,0.008483268880604338,0.02636251092285203,0.6393270406740406
lmh,PR,241,0.6025,Middle_nC10,1.683944869800057e-07,0.038348800572516675,0.11917230117303848,0.6393270406740406
lmh,PR,241,0.6025,Heavy_squalane,1.207388172780704e-06,0.2749608320436297,0.8544651879041095,0.6393270406740406
lmh,PR,242,0.605,H2O,2.992355414176756e-06,0.6815523452499823,0.0,0.6431888448288566
lmh,PR,242,0.605,Light_nC4,3.702209615168369e-08,0.008432319349067772,0.026479451876281417,0.6431888448288566
lmh,PR,242,0.605,Middle_nC10,1.66627419434591e-07,0.03795181145948252,0.11917755051226489,0.6431888448288566
lmh,PR,242,0.605,Heavy_squalane,1.194494838936626e-06,0.2720635239414674,0.8543429976114537,0.6431888448288566
lmh,PR,243,0.6075,H2O,3.006322619627307e-06,0.6848292196500472,0.0,0.6469704791522919
lmh,PR,243,0.6075,Light_nC4,3.679782377790741e-08,0.008382408720248511,0.026596401833130043,0.6469704791522919
lmh,PR,243,0.6075,Middle_nC10,1.648970236264201e-07,0.037562934621666155,0.11918279537194978,0.6469704791522919
lmh,PR,243,0.6075,Heavy_squalane,1.181869140265233e-06,0.26922543700803814,0.8542208027949202,0.6469704791522919
lmh,PR,244,0.61,H2O,3.019976058332845e-06,0.6880330276944184,0.0,0.6506666120490397
lmh,PR,244,0.61,Light_nC4,3.657861914864546e-08,0.008333608477550972,0.02671311137830301,0.6506666120490397
lmh,PR,244,0.61,Middle_nC10,1.632057489510672e-07,0.037182727087554227,0.11918802433718066,0.6506666120490397
lmh,PR,244,0.61,Heavy_squalane,1.169528948893958e-06,0.26645063674047637,0.8540988642845163,0.6506666120490397
lmh,PR,245,0.6125,H2O,3.033298898445074e-06,0.6911597337363199,0.0,0.6542726757036984
lmh,PR,245,0.6125,Light_nC4,3.636475484478477e-08,0.00828598008880433,0.026829338638537384,0.6542726757036984
lmh,PR,245,0.6125,Middle_nC10,1.615556952044133e-07,0.03681166776485752,0.119193226356788,0.6542726757036984
lmh,PR,245,0.6125,Heavy_squalane,1.157489585759542e-06,0.2637426184100184,0.8539774350046746,0.6542726757036984
lmh,PR,246,0.615,H2O,3.046277736974084e-06,0.6942061115840901,0.0,0.6577850385576871
lmh,PR,246,0.615,Light_nC4,3.61564476003536e-08,0.008239572706285026,0.026944857364442788,0.6577850385576871
lmh,PR,246,0.615,Middle_nC10,1.59948532070523e-07,0.03645013951109919,0.11919839111213172,0.6577850385576871
lmh,PR,246,0.615,Heavy_squalane,1.14576323329902e-06,0.26110417619852566,0.8538567515234254,0.6577850385576871
lmh,PR,247,0.6175,H2O,3.058903024059488e-06,0.6971698392260444,0.0,0.6612011126352384
lmh,PR,247,0.6175,Light_nC4,3.595385225044748e-08,0.008194421724339684,0.027059463639278407,0.6612011126352384
lmh,PR,247,0.6175,Middle_nC10,1.583854513539956e-07,0.03609841789285248,0.11920350932217011,0.6612011126352384
lmh,PR,247,0.6175,Heavy_squalane,1.134358586706226e-06,0.25853732115676337,0.8537370270385515,0.6612011126352384
lmh,PR,248,0.62,H2O,3.071169185821636e-06,0.7000495353775795,0.0,0.6645193938051478
lmh,PR,248,0.62,Light_nC4,3.57570590119927e-08,0.008150548222278219,0.027172980820477078,0.6645193938051478
lmh,PR,248,0.62,Middle_nC10,1.568671470561067e-07,0.035756666848444876,0.11920857296705839,0.6645193938051478
lmh,PR,248,0.62,Heavy_squalane,1.123280708752538e-06,0.2560432495516974,0.8536184462124646,0.6645193938051478
lmh,PR,249,0.6225,H2O,3.083074622406881e-06,0.7028447568689951,0.0,0.6677394570267701
lmh,PR,249,0.6225,Light_nC4,3.556609393191744e-08,0.00810795900322499,0.027285263143246932,0.6677394570267701
lmh,PR,249,0.6225,Middle_nC10,1.553938182732142e-07,0.03542493899739554,0.11921357545011574,0.6677394570267701
lmh,PR,249,0.6225,Heavy_squalane,1.112531050854171e-06,0.2536223451303844,0.8535011614066373,0.6677394570267701
lmh,PR,250,0.625,H2O,3.09462148080015e-06,0.7055559445259981,0.0,0.6708618924715094
lmh,PR,250,0.625,Light_nC4,3.538092275717307e-08,0.008066647416822071,0.027396197229508427,0.6708618924715094
lmh,PR,250,0.625,Middle_nC10,1.539651987852154e-07,0.03510318206184877,0.11921851166374878,0.6708618924715094
lmh,PR,250,0.625,Heavy_squalane,1.102107668951728e-06,0.25127422599533095,0.8533852911067429,0.6708618924715094
lmh,PR,251,0.6275,H2O,3.105815224718293e-06,0.7081843289185581,0.0,0.673888195716843
lmh,PR,251,0.6275,Light_nC4,3.520145715177291e-08,0.008026594792755202,0.02750570167465435,0.673888195716843
lmh,PR,251,0.6275,Middle_nC10,1.52580606037773e-07,0.03479125005018549,0.11922337796751054,0.673888195716843
lmh,PR,251,0.6275,Heavy_squalane,1.092005581137665e-06,0.24899782623850128,0.8532709203578351,0.673888195716843
lmh,PR,252,0.63,H2O,3.116664097444592e-06,0.7107317991928698,0.0,0.676820615779054
lmh,PR,252,0.63,Light_nC4,3.502756398251618e-08,0.007987772436256159,0.027613724612550867,0.676820615779054
lmh,PR,252,0.63,Middle_nC10,1.51239011920383e-07,0.03448891882139591,0.11922817207409335,0.676820615779054
lmh,PR,252,0.63,Heavy_squalane,1.082217283988845e-06,0.24679150954947812,0.8531581033133557,0.676820615779054
lmh,PR,253,0.6325,H2O,3.127178530294109e-06,0.7132007634385555,0.0,0.6796619937489529
lmh,PR,253,0.6325,Light_nC4,3.485907493436967e-08,0.007950143752622929,0.027720240290526978,0.6796619937489529
lmh,PR,253,0.6325,Middle_nC10,1.499391168456642e-07,0.03419590265400459,0.11923289289048854,0.6796619937489529
lmh,PR,253,0.6325,Heavy_squalane,1.072733293121354e-06,0.2446531901548169,0.8530468668189845,0.6796619937489529
lmh,PR,254,0.635,H2O,3.137370527861879e-06,0.7155940073420327,0.0,0.6824155997761441
lmh,PR,254,0.635,Light_nC4,3.469579603764412e-08,0.007913666398026615,0.02782524490453954,0.6824155997761441
lmh,PR,254,0.635,Middle_nC10,1.486794237883755e-07,0.033911871018478534,0.11923754032588785,0.6824155997761441
lmh,PR,254,0.635,Heavy_squalane,1.063542683562629e-06,0.24258045524146216,0.8529372147695726,0.6824155997761441
lmh,PR,255,0.6375,H2O,3.14725310306387e-06,0.7179145590556383,0.0,0.6850849774875942
lmh,PR,255,0.6375,Light_nC4,3.453751701047951e-08,0.007878294335881959,0.02792875204585928,0.6850849774875942
lmh,PR,255,0.6375,Middle_nC10,1.474583100333352e-07,0.03363646461214501,0.11924211508235708,0.6850849774875942
lmh,PR,255,0.6375,Heavy_squalane,1.054633613246556e-06,0.2405706819963347,0.8528291328717835,0.6850849774875942
lmh,PR,256,0.64,H2O,3.156839759047006e-06,0.720165567300269,0.0,0.6876738038616236
lmh,PR,256,0.64,Light_nC4,3.438401957149406e-08,0.007843979691970123,0.028030788121013336,0.6876738038616236
lmh,PR,256,0.64,Middle_nC10,1.462740913577004e-07,0.033369309823869694,0.11924661844482792,0.6876738038616236
lmh,PR,256,0.64,Heavy_squalane,1.045993791366696e-06,0.23862114318389113,0.8527225934341588,0.6876738038616236
lmh,PR,257,0.6425,H2O,3.166144059946082e-06,0.7223501968895119,0.0,0.6901857693177044
lmh,PR,257,0.6425,Light_nC4,3.423508470914116e-08,0.007810674344552209,0.028131388018467367,0.6901857693177044
lmh,PR,257,0.6425,Middle_nC10,1.451250776190281e-07,0.03311003113152592,0.11925105208286459,0.6901857693177044
lmh,PR,257,0.6425,Heavy_squalane,1.037610883916222e-06,0.23672909763441002,0.852617559898668,0.6901857693177044
lmh,PR,258,0.645,H2O,3.175179266269157e-06,0.7244715466566288,0.0,0.6926244836913228
lmh,PR,258,0.645,Light_nC4,3.409049807768906e-08,0.007778331173615264,0.02823059135718987,0.6926244836913228
lmh,PR,258,0.645,Middle_nC10,1.440096150495748e-07,0.03285826084112101,0.1192554178793729,0.6926244836913228
lmh,PR,258,0.645,Heavy_squalane,1.029472822428929e-06,0.2348918613286348,0.8525139907634373,0.6926244836913228
lmh,PR,259,0.6475,H2O,3.183958107659726e-06,0.7265325936743925,0.0,0.6949934125064178
lmh,PR,259,0.6475,Light_nC4,3.395005387535839e-08,0.0077469049099956186,0.028328439626811208,0.6949934125064178
lmh,PR,259,0.6475,Middle_nC10,1.429261158685477e-07,0.03261364570594416,0.1192597178001985,0.6949934125064178
lmh,PR,259,0.6475,Heavy_squalane,1.02156802000337e-06,0.23310685570966763,0.8524118425729903,0.6949934125064178
lmh,PR,260,0.65,H2O,3.192492598871723e-06,0.7285361472502594,0.0,0.6972958245291281
lmh,PR,260,0.65,Light_nC4,3.381355806633295e-08,0.007716352835767049,0.028424973555800325,0.6972958245291281
lmh,PR,260,0.65,Middle_nC10,1.418730827754742e-07,0.03237585238577845,0.11926395377444736,0.6972958245291281
lmh,PR,260,0.65,Heavy_squalane,1.013885549962678e-06,0.23137164752819508,0.8523110726697524,0.6972958245291281
lmh,PR,261,0.6525,H2O,3.200793932328679e-06,0.7304848264126661,0.0,0.699534766322112
lmh,PR,261,0.6525,Light_nC4,3.368082975221192e-08,0.007686635127141527,0.028520231439402598,0.699534766322112
lmh,PR,261,0.6525,Middle_nC10,1.408491200264347e-07,0.032144570118586964,0.11926812761868794,0.699534766322112
lmh,PR,261,0.6525,Heavy_squalane,1.00641522676293e-06,0.22968396834160537,0.8522116409419095,0.699534766322112
lmh,PR,262,0.655,H2O,3.208872388231553e-06,0.7323810371628265,0.0,0.701713036535352
lmh,PR,262,0.655,Light_nC4,3.355170275873986e-08,0.007657715200873734,0.02861424736009046,0.701713036535352
lmh,PR,262,0.655,Middle_nC10,1.398529454777766e-07,0.03191951342002049,0.11927224095641231,0.701713036535352
lmh,PR,262,0.655,Heavy_squalane,9.991476938368203e-07,0.22804173421627913,0.8521135116834972,0.701713036535352
lmh,PR,263,0.6575,H2O,3.216737296929076e-06,0.7342269621347092,0.0,0.7038331744361636
lmh,PR,263,0.6575,Light_nC4,3.342602637137511e-08,0.007629559871836355,0.028707049944259055,0.7038331744361636
lmh,PR,263,0.6575,Middle_nC10,1.388833960754603e-07,0.03170042331053469,0.11927629516204839,0.7038331744361636
lmh,PR,263,0.6575,Heavy_squalane,9.920744636117797e-07,0.2264430546829197,0.8520166548936926,0.7038331744361636
lmh,PR,264,0.66,H2O,3.224397017349827e-06,0.7360245560969286,0.0,0.705897455127892
lmh,PR,264,0.66,Light_nC4,3.330366558243196e-08,0.0076021394216699255,0.02879866138026589,0.705897455127892
lmh,PR,264,0.66,Middle_nC10,1.379394298971621e-07,0.03148706784928375,0.11928029131696594,0.705897455127892
lmh,PR,264,0.66,Heavy_squalane,9.851879324310677e-07,0.22488623663211768,0.8519210473027683,0.705897455127892
lmh,PR,265,0.6625,H2O,3.231858938197262e-06,0.7377755469724102,0.0,0.7079078910781832
lmh,PR,265,0.6625,Light_nC4,3.318450095915911e-08,0.007575427583422498,0.02888909671069257,0.7079078910781832
lmh,PR,265,0.6625,Middle_nC10,1.370201252879303e-07,0.03127924201324184,0.119284230177995,0.7079078910781832
lmh,PR,265,0.6625,Heavy_squalane,9.784813742700782e-07,0.2233697834309253,0.8518266731113124,0.7079078910781832
lmh,PR,266,0.665,H2O,3.239129521846234e-06,0.7394814440302363,0.0,0.7098662418460399
lmh,PR,266,0.665,Light_nC4,3.306842815274433e-08,0.007549401417039827,0.02897836351402172,0.7098662418460399
lmh,PR,266,0.665,Middle_nC10,1.361246767663006e-07,0.0310767667252522,0.11928811216372252,0.7098662418460399
lmh,PR,266,0.665,Heavy_squalane,9.719489108039464e-07,0.22189238782747173,0.8517335243222558,0.7098662418460399
lmh,PR,267,0.6675,H2O,3.246214359124447e-06,0.7411435521300148,0.0,0.7117740307177434
lmh,PR,267,0.6675,Light_nC4,3.295535684478206e-08,0.007524041092665756,0.02906646195054344,0.7117740307177434
lmh,PR,267,0.6675,Middle_nC10,1.352523871327174e-07,0.030879487163824486,0.11929193735724214,0.7117740307177434
lmh,PR,267,0.6675,Heavy_squalane,9.655854538618374e-07,0.22045291961349492,0.8516416006922144,0.7117740307177434
lmh,PR,268,0.67,H2O,3.253118260629293e-06,0.7427629929952301,0.0,0.7136325693638889
lmh,PR,268,0.67,Light_nC4,3.284520928841403e-08,0.007499329566917699,0.02915338525447328,0.7136325693638889
lmh,PR,268,0.67,Middle_nC10,1.344026561961656e-07,0.030687270238820515,0.11929570552907064,0.7136325693638889
lmh,PR,268,0.67,Heavy_squalane,9.59386623159386e-07,0.2190504071990317,0.851550909216456,0.7136325693638889
lmh,PR,269,0.6725,H2O,3.259845384818724e-06,0.7443407337654167,0.0,0.7154429907975501
lmh,PR,269,0.6725,Light_nC4,3.273791841641272e-08,0.007475252148310118,0.029239120718789455,0.7154429907975501
lmh,PR,269,0.6725,Middle_nC10,1.335749659390593e-07,0.030500001203369605,0.1192994161822554,0.7154429907975501
lmh,PR,269,0.6725,Heavy_squalane,9.533486380026503e-07,0.2176840128829037,0.8514614630989551,0.7154429907975501
lmh,PR,270,0.675,H2O,3.266399380125789e-06,0.7458776226960298,0.0,0.7172062904767932
lmh,PR,270,0.675,Light_nC4,3.263342530159396e-08,0.007451795953819957,0.029323651198597287,0.7172062904767932
lmh,PR,270,0.675,Middle_nC10,1.32768861275816e-07,0.030317579417569865,0.11930306862077436,0.7172062904767932
lmh,PR,270,0.675,Heavy_squalane,9.474681769464161e-07,0.21635300193258034,0.8513732801806284,0.7172062904767932
lmh,PR,271,0.6775,H2O,3.272783569963075e-06,0.7473744313352546,0.0,0.718923374777888
lmh,PR,271,0.6775,Light_nC4,3.253167633657053e-08,0.007428949266786155,0.029406957126517044,0.718923374777888
lmh,PR,271,0.6775,Middle_nC10,1.319839280756281e-07,0.030139913343560514,0.11930666204084284,0.718923374777888
lmh,PR,271,0.6775,Heavy_squalane,9.417422173886107e-07,0.2150567060543987,0.8512863808326401,0.718923374777888
lmh,PR,272,0.68,H2O,3.279001149905065e-06,0.7488319019332716,0.0,0.7205951154095427
lmh,PR,272,0.68,Light_nC4,3.243261996046183e-08,0.007406700815086562,0.029489018996030337,0.7205951154095427
lmh,PR,272,0.68,Middle_nC10,1.312197680506418e-07,0.029966914919639407,0.11931019564307102,0.7205951154095427
lmh,PR,272,0.68,Heavy_squalane,9.361678523579553e-07,0.21379448233200238,0.8512007853608987,0.7205951154095427
lmh,PR,273,0.6825,H2O,3.285055397267493e-06,0.7502507981562893,0.0,0.7222224075584726
lmh,PR,273,0.6825,Light_nC4,3.233620314978417e-08,0.007385038998931087,0.029569820221297578,0.7222224075584726
lmh,PR,273,0.6825,Middle_nC10,1.304759718772897e-07,0.02979849354217245,0.11931366876127156,0.7222224075584726
lmh,PR,273,0.6825,Heavy_squalane,9.307420944200605e-07,0.21256566930260717,0.8511165110174309,0.7222224075584726
lmh,PR,274,0.685,H2O,3.290949901988876e-06,0.7516319567397441,0.0,0.7238062290575638
lmh,PR,274,0.685,Light_nC4,3.224236802020638e-08,0.007363951104301127,0.029649350245050294,0.7238062290575638
lmh,PR,274,0.685,Middle_nC10,1.297520925406782e-07,0.029634549936019043,0.11931708100210814,0.7238062290575638
lmh,PR,274,0.685,Heavy_squalane,9.254616810990483e-07,0.21136954221993565,0.8510335687528415,0.7238062290575638
lmh,PR,275,0.6875,H2O,3.296688747000742e-06,0.7529763338987773,0.0,0.725347693502044
lmh,PR,275,0.6875,Light_nC4,3.215104850876921e-08,0.00734342259613062,0.02972760752859003,0.725347693502044
lmh,PR,275,0.6875,Middle_nC10,1.290476203245777e-07,0.029474970647066667,0.11932043237909326,0.725347693502044
lmh,PR,275,0.6875,Heavy_squalane,9.203228924913739e-07,0.2102052728580255,0.8509519600923168,0.725347693502044
lmh,PR,276,0.69,H2O,3.302276734917235e-06,0.754285056261142,0.0,0.7268481085035553
lmh,PR,276,0.69,Light_nC4,3.206216701908979e-08,0.007323436342609972,0.02980460297275693,0.7268481085035553
lmh,PR,276,0.69,Middle_nC10,1.283619565269194e-07,0.029319621998040786,0.11932372346551787,0.7268481085035553
lmh,PR,276,0.69,Heavy_squalane,9.15321359404943e-07,0.2090718853982073,0.8508716735617251,0.7268481085035553
lmh,PR,277,0.6925,H2O,3.307719554194279e-06,0.755559460487481,0.0,0.7283090209540193
lmh,PR,277,0.6925,Light_nC4,3.197563171374378e-08,0.007303972011698436,0.029880362832877677,0.7283090209540193
lmh,PR,277,0.6925,Middle_nC10,1.276943926252007e-07,0.02916834538672816,0.11932695552422606,0.7283090209540193
lmh,PR,277,0.6925,Heavy_squalane,9.104519113478826e-07,0.20796822211409227,0.8507926816428963,0.7283090209540193
lmh,PR,278,0.695,H2O,3.313023881991016e-06,0.7568011205264463,0.0,0.729732248109884
lmh,PR,278,0.695,Light_nC4,3.18913345444935e-08,0.007285005655875891,0.029954931008093277,0.729732248109884
lmh,PR,278,0.695,Middle_nC10,1.270440955267125e-07,0.02902095405153063,0.11933013060895488,0.729732248109884
lmh,PR,278,0.695,Heavy_squalane,9.057084689875848e-07,0.20689291976614707,0.8507149383829518,0.729732248109884
lmh,PR,279,0.6975,H2O,3.318197472313397e-06,0.7580118648413626,0.0,0.731119897185587
lmh,PR,279,0.6975,Light_nC4,3.18091502343531e-08,0.007266509449587018,0.030028370791086084,0.731119897185587
lmh,PR,279,0.6975,Middle_nC10,1.264100991630938e-07,0.028877231027059337,0.11933325164115433,0.731119897185587
lmh,PR,279,0.6975,Heavy_squalane,9.010839827244782e-07,0.20584439468199103,0.8506383775677596,0.731119897185587
lmh,PR,280,0.7,H2O,3.323249162041977e-06,0.7591937819551249,0.0,0.7324743715748111
lmh,PR,280,0.7,Light_nC4,3.172893573889888e-08,0.007248451604581042,0.03010076593300539,0.7324743715748111
lmh,PR,280,0.7,Middle_nC10,1.257913009571165e-07,0.0287369284859786,0.11933632245585693,0.7324743715748111
lmh,PR,280,0.7,Heavy_squalane,8.965704070277117e-07,0.20482083795431538,0.8505629116111377,0.7324743715748111
lmh,PR,281,0.7025,H2O,3.32818885896784e-06,0.7603492132694707,0.0,0.7337983625162134
lmh,PR,281,0.7025,Light_nC4,3.165053091800162e-08,0.00723079647905766,0.030172220912373586,0.7337983625162134
lmh,PR,281,0.7025,Middle_nC10,1.251864663399226e-07,0.02859976859097616,0.11933934781167488,0.7337983625162134
lmh,PR,281,0.7025,Heavy_squalane,8.921587332824743e-07,0.20382022166049552,0.8504884312759515,0.7337983625162134
lmh,PR,282,0.705,H2O,3.333027436044372e-06,0.761480732996958,0.0,0.7350948260287885
lmh,PR,282,0.705,Light_nC4,3.157375970738322e-08,0.007213504883110694,0.03024286035148134,0.7350948260287885
lmh,PR,282,0.705,Middle_nC10,1.245942385314917e-07,0.02846544587606421,0.1193423333625336,0.7350948260287885
lmh,PR,282,0.705,Heavy_squalane,8.87839061293002e-07,0.2028403162438672,0.850414806285985,0.7350948260287885
lmh,PR,283,0.7075,H2O,3.337776617918297e-06,0.7625911159101538,0.0,0.7363669459322306
lmh,PR,283,0.7075,Light_nC4,3.149843253588703e-08,0.007196534569753153,0.03031282758158983,0.7363669459322306
lmh,PR,283,0.7075,Middle_nC10,1.240131563627845e-07,0.028333631073615233,0.11934528559130296,0.7363669459322306
lmh,PR,283,0.7075,Heavy_squalane,8.836007291820495e-07,0.20187871844647778,0.8503418868271071,0.7363669459322306
lmh,PR,284,0.71,H2O,3.342448787442505e-06,0.7636832943919991,0.0,0.7376180846573072
lmh,PR,284,0.71,Light_nC4,3.142434913726698e-08,0.007179840888941438,0.03038228241405525,0.7376180846573072
lmh,PR,284,0.71,Middle_nC10,1.23441676385905e-07,0.028203976211043313,0.11934821170801062,0.7376180846573072
lmh,PR,284,0.71,Heavy_squalane,8.794324748004791e-07,0.20093288850801616,0.8502695058779342,0.7376180846573072
lmh,PR,285,0.7125,H2O,3.347056764579545e-06,0.7647603070376863,0.0,0.7388517244259505
lmh,PR,285,0.7125,Light_nC4,3.135130201368317e-08,0.007163377570331543,0.030451398231841533,0.7388517244259505
lmh,PR,285,0.7125,Middle_nC10,1.228781997196835e-07,0.028076120710091405,0.11935111951786688,0.7388517244259505
lmh,PR,285,0.7125,Heavy_squalane,8.753226316363469e-07,0.2000001946818907,0.8501974822502916,0.7388517244259505
lmh,PR,286,0.715,H2O,3.351613574204542e-06,0.7658252417124821,0.0,0.7400714021261492
lmh,PR,286,0.715,Light_nC4,3.127908039054938e-08,0.00714709759054543,0.030520358568152252,0.7400714021261492
lmh,PR,286,0.715,Middle_nC10,1.223211022466399e-07,0.027949698144065744,0.11935401726666597,0.7400714021261492
lmh,PR,286,0.715,Heavy_squalane,8.712593490980914e-07,0.19907796255290675,0.8501256241651818,0.7400714021261492
lmh,PR,287,0.7175,H2O,3.356132197328757e-06,0.7668811764398968,0.0,0.7412806417416208
lmh,PR,287,0.7175,Light_nC4,3.120747424660469e-08,0.007130954073561971,0.030589353380652475,0.7412806417416208
lmh,PR,287,0.7175,Middle_nC10,1.217687656555126e-07,0.027824343252586772,0.11935691347298276,0.7412806417416208
lmh,PR,287,0.7175,Heavy_squalane,8.672308190134586e-07,0.19816352623395447,0.8500537331463648,0.7412806417416208
lmh,PR,288,0.72,H2O,3.360625329354129e-06,0.7679311216826008,0.0,0.7424828884092688
lmh,PR,288,0.72,Light_nC4,3.113627825785499e-08,0.00711490116994728,0.03065857525374976,0.7424828884092688
lmh,PR,288,0.72,Middle_nC10,1.212196077805446e-07,0.027699698791096405,0.11935981675755632,0.7424828884092688
lmh,PR,288,0.72,Heavy_squalane,8.632254969890718e-07,0.19725427835635553,0.8499816079886939,0.7424828884092688
lmh,PR,289,0.7225,H2O,3.365105146785061e-06,0.7689779673707663,0.0,0.7436814479365479
lmh,PR,289,0.7225,Light_nC4,3.106529530939173e-08,0.007098894863838406,0.03072821575953924,0.7436814479365479
lmh,PR,289,0.7225,Middle_nC10,1.206721100196487e-07,0.02757542181702828,0.11936273568021094,0.7436814479365479
lmh,PR,289,0.7225,Heavy_squalane,8.59232302528073e-07,0.19634771594836697,0.8499090485602498,0.7436814479365479
lmh,PR,290,0.725,H2O,3.369583125868946e-06,0.7700244374583686,0.0,0.7448794349528288
lmh,PR,290,0.725,Light_nC4,3.099433968061613e-08,0.007082893665312196,0.030798462180215386,0.7448794349528288
lmh,PR,290,0.725,Middle_nC10,1.201248415223185e-07,0.027451189082668904,0.11936567859334851,0.7448794349528288
lmh,PR,290,0.725,Heavy_squalane,8.552407954496195e-07,0.1954414797936504,0.849835859226436,0.7448794349528288
lmh,PR,291,0.7275,H2O,3.374069885587638e-06,0.7710730538568452,0.0,0.7460797318024246
lmh,PR,291,0.7275,Light_nC4,3.092323944932768e-08,0.007066859159968706,0.03086949474069161,0.7460797318024246
lmh,PR,291,0.7275,Middle_nC10,1.195764778953496e-07,0.027326701315243968,0.119368653518646,0.7460797318024246
lmh,PR,291,0.7275,Heavy_squalane,8.51241312402895e-07,0.19453338566794204,0.8497618517406624,0.7460797318024246
lmh,PR,292,0.73,H2O,3.378575087300665e-06,0.7721261104604454,0.0,0.74728495898936
lmh,PR,292,0.73,Light_nC4,3.085183833733087e-08,0.007050756404822157,0.030941484428378456,0.74728495898936
lmh,PR,292,0.73,Middle_nC10,1.190258151081816e-07,0.027201686299442543,0.11937166805028296,0.74728495898936
lmh,PR,292,0.73,Heavy_squalane,8.472250682660107e-07,0.19362144683528978,0.8496868475213386,0.74728495898936
lmh,PR,293,0.7325,H2O,3.383107355704766e-06,0.7731856567826718,0.0,0.7484974566177655
lmh,PR,293,0.7325,Light_nC4,3.077999672430933e-08,0.007034554177810264,0.031014591396761527,0.7484974566177655
lmh,PR,293,0.7325,Middle_nC10,1.184717776654641e-07,0.027075900819411143,0.11937472928450404,0.7484974566177655
lmh,PR,293,0.7325,Heavy_squalane,8.431842158365336e-07,0.1927038882201068,0.8496106793187345,0.7484974566177655
lmh,PR,294,0.735,H2O,3.387674250395703e-06,0.7742534896755282,0.0,0.7497192750753746
lmh,PR,294,0.735,Light_nC4,3.070759226278288e-08,0.00701822510420409,0.031088963874199425,0.7497192750753746
lmh,PR,294,0.735,Middle_nC10,1.179134231231588e-07,0.026949131641576512,0.11937784377194478,0.7497192750753746
lmh,PR,294,0.735,Heavy_squalane,8.391118787381678e-07,0.19177915357869119,0.8495331923538558,0.7497192750753746
lmh,PR,295,0.7375,H2O,3.392282254100584e-06,0.7753311508719302,0.0,0.7509521723738518
lmh,PR,295,0.7375,Light_nC4,3.063452002394286e-08,0.007001745694321738,0.031164737441328486,0.7509521723738518
lmh,PR,295,0.7375,Middle_nC10,1.173499432670013e-07,0.026821195806444837,0.11938101748656633,0.7509521723738518
lmh,PR,295,0.7375,Heavy_squalane,8.350021600238254e-07,0.19084590762730327,0.8494542450721052,0.7509521723738518
lmh,PR,296,0.74,H2O,3.396936774941345e-06,0.7764199278164534,0.0,0.7521976152472902
lmh,PR,296,0.74,Light_nC4,3.056069242135614e-08,0.006985096331155556,0.031242034511113258,0.7521976152472902
lmh,PR,296,0.74,Middle_nC10,1.167806635727587e-07,0.026691940530180893,0.11938425580374766,0.7521976152472902
lmh,PR,296,0.74,Heavy_squalane,8.308501382405275e-07,0.18990303532221012,0.849373709685139,0.7521976152472902
lmh,PR,297,0.7425,H2O,3.401642158348625e-06,0.7775208554200129,0.0,0.7534567813070268
lmh,PR,297,0.7425,Light_nC4,3.048603912359047e-08,0.006968261243930861,0.031320963846234076,0.7534567813070268
lmh,PR,297,0.7425,Middle_nC10,1.162050423797455e-07,0.02656124299655351,0.11938756348015371,0.7534567813070268
lmh,PR,297,0.7425,Heavy_squalane,8.26651861365774e-07,0.18894964033950273,0.8492914726736122,0.7534567813070268
lmh,PR,298,0.745,H2O,3.406401692409972e-06,0.7786347169225657,0.0,0.7547305601795062
lmh,PR,298,0.745,Light_nC4,3.041050700149867e-08,0.00695122849526045,0.031401619976827555,0.7547305601795062
lmh,PR,298,0.745,Middle_nC10,1.156226704304905e-07,0.026429010254742712,0.11939094462927934,0.7547305601795062
lmh,PR,298,0.745,Heavy_squalane,8.224043434328495e-07,0.1879850443274312,0.8492074353938931,0.7547305601795062
lmh,PR,299,0.7475,H2O,3.411217578954829e-06,0.7797620400707419,0.0,0.7560195492980005
lmh,PR,299,0.7475,Light_nC4,3.03340602646204e-08,0.00693399003965512,0.03148408222579961,0.7560195492980005
lmh,PR,299,0.7475,Middle_nC10,1.150332723745972e-07,0.02629517967315125,0.11939440267970809,0.7560195492980005
lmh,PR,299,0.7475,Heavy_squalane,8.181055755773408e-07,0.18700879021645167,0.8491215150944924,0.7560195492980005
lmh,PR,300,0.75,H2O,3.416090955170411e-06,0.7809030983576526,0.0,0.7573240554815136
lmh,PR,300,0.75,Light_nC4,3.025668051398271e-08,0.006916541704964076,0.031568414035606035,0.7573240554815136
lmh,PR,300,0.75,Middle_nC10,1.14436706608911e-07,0.02615971879246592,0.11939794034681923,0.7573240554815136
lmh,PR,300,0.75,Heavy_squalane,8.137545247632144e-07,0.18602064114491745,0.8490336456175748,0.7573240554815136
lmh,PR,301,0.7525,H2O,3.421021877543968e-06,0.7820579089041321,0.0,0.7586440926841918
lmh,PR,301,0.7525,Light_nC4,3.017836681217796e-08,0.006898883224978858,0.0316546619805726,0.7586440926841918
lmh,PR,301,0.7525,Middle_nC10,1.138329660725321e-07,0.026022625577288582,0.11940155959062453,0.7586440926841918
lmh,PR,301,0.7525,Heavy_squalane,8.093511396224776e-07,0.18502058229360038,0.8489437784288029,0.7586440926841918
lmh,PR,302,0.755,H2O,3.426009309013048e-06,0.7832262281761386,0.0,0.759979377282379
lmh,PR,302,0.755,Light_nC4,3.009913600983178e-08,0.006881018304977219,0.031742854530244384,0.759979377282379
lmh,PR,302,0.755,Middle_nC10,1.132221805900078e-07,0.025883928924564314,0.11940526156271432,0.759979377282379
lmh,PR,302,0.755,Heavy_squalane,8.048963675140297e-07,0.18400882459431978,0.8488518839070412,0.759979377282379
lmh,PR,303,0.7575,H2O,3.431051108586815e-06,0.7844075513014281,0.0,0.7613293274785553
lmh,PR,303,0.7575,Light_nC4,3.00190227142329e-08,0.006862954632416421,0.031833000987951034,0.7613293274785553
lmh,PR,303,0.7575,Middle_nC10,1.126046168993128e-07,0.02574368874487736,0.11940904656113722,0.7613293274785553
lmh,PR,303,0.7575,Heavy_squalane,8.003921547689967e-07,0.18298580532127812,0.8487579524509118,0.7613293274785553
lmh,PR,304,0.76,H2O,3.436144049914903e-06,0.7856011166953399,0.0,0.7626930687696712
lmh,PR,304,0.76,Light_nC4,2.993807895516177e-08,0.00684470380671928,0.03192509075242234,0.7626930687696712
lmh,PR,304,0.76,Middle_nC10,1.119806761181395e-07,0.025601995413692923,0.11941291399970856,0.7626930687696712
lmh,PR,304,0.76,Heavy_squalane,7.958414282048055e-07,0.18195218408424785,0.848661995247869,0.7626930687696712
lmh,PR,305,0.7625,H2O,3.441283894250091e-06,0.7868059172084859,0.0,0.764069446857769
lmh,PR,305,0.7625,Light_nC4,2.985637364055457e-08,0.00682628116966063,0.032019093026780486,0.764069446857769
lmh,PR,305,0.7625,Middle_nC10,1.113508886629562e-07,0.025458968448614193,0.11941686239721264,0.764069446857769
lmh,PR,305,0.7625,Heavy_squalane,7.912480578888182e-07,0.18090883317323925,0.8485640445760069,0.764069446857769
lmh,PR,306,0.765,H2O,3.446465425483101e-06,0.7880207185113796,0.0,0.765457048811231
lmh,PR,306,0.765,Light_nC4,2.977399092328399e-08,0.006807705525445315,0.03211495707334383,0.765457048811231
lmh,PR,306,0.765,Middle_nC10,1.107159031429264e-07,0.02531475432778949,0.11942088939077963,0.765457048811231
lmh,PR,306,0.765,Heavy_squalane,7.866167763642198e-07,0.17985682163538566,0.8484641535358766,0.765457048811231
lmh,PR,307,0.7675,H2O,3.451682600524985e-06,0.789244084723041,0.0,0.7668542324755337
lmh,PR,307,0.7675,Light_nC4,2.969102881515264e-08,0.006788998750388132,0.03221261306695262,0.7668542324755337
lmh,PR,307,0.7675,Middle_nC10,1.100764742274609e-07,0.025169523448644485,0.11942499177576416,0.7668542324755337
lmh,PR,307,0.7675,Heavy_squalane,7.819530898643024e-07,0.17879739307792647,0.8483623951572832,0.7668542324755337
lmh,PR,308,0.77,H2O,3.456928652325969e-06,0.7904744105652342,0.0,0.7682591633060429
lmh,PR,308,0.77,Light_nC4,2.960759670776637e-08,0.006770185303094858,0.032311973546327644,0.7682591633060429
lmh,PR,308,0.77,Middle_nC10,1.094334446742796e-07,0.025023466312161385,0.11942916557193246,0.7682591633060429
lmh,PR,308,0.77,Heavy_squalane,7.772631473830307e-07,0.17773193781950952,0.8482588608817399,0.7682591633060429
lmh,PR,309,0.7725,H2O,3.46219627293273e-06,0.7917099586621624,0.0,0.7696698570403065
lmh,PR,309,0.7725,Light_nC4,2.952381305021897e-08,0.006751291656188677,0.032412935408843546,0.7696698570403065
lmh,PR,309,0.7725,Middle_nC10,1.087877265532616e-07,0.024876789096499277,0.11943340611349826,0.7696698570403065
lmh,PR,309,0.7725,Heavy_squalane,7.725536035197089e-07,0.1766619605851495,0.8481536584776582,0.7696698570403065
lmh,PR,310,0.775,H2O,3.467477765654858e-06,0.7929489001573334,0.0,0.7710842261183183
lmh,PR,310,0.775,Light_nC4,2.943980241675699e-08,0.0067323456774373664,0.03251538235031411,0.7710842261183183
lmh,PR,310,0.775,Middle_nC10,1.081402793120045e-07,0.024729708836926413,0.1194377081586041,0.7710842261183183
lmh,PR,310,0.775,Heavy_squalane,7.678314585563427e-07,0.17558904532830283,0.8480469094910819,0.7710842261183183
lmh,PR,311,0.7775,H2O,3.472765220374158e-06,0.7941893565959313,0.0,0.7725001275071172
lmh,PR,311,0.7775,Light_nC4,2.935569264572181e-08,0.006713375991545392,0.03261918762075388,0.7725001275071172
lmh,PR,311,0.7775,Middle_nC10,1.074920877735415e-07,0.024582448455534974,0.11944206601245672,0.7725001275071172
lmh,PR,311,0.7775,Heavy_squalane,7.631038979310681e-07,0.17451481895698845,0.8479387463667895,0.7725001275071172
lmh,PR,312,0.78,H2O,3.478050715516928e-06,0.7954294410342067,0.0,0.7739154096036742
lmh,PR,312,0.78,Light_nC4,2.927161228575159e-08,0.0066944113536782845,0.03272421695243874,0.7739154096036742
lmh,PR,312,0.78,Middle_nC10,1.068441414776073e-07,0.024435231882661498,0.11944647365776302,0.7739154096036742
lmh,PR,312,0.78,Heavy_squalane,7.583781413325833e-07,0.1734409157294536,0.8478293093897982,0.7739154096036742
lmh,PR,313,0.7825,H2O,3.483326439996661e-06,0.7966672965427332,0.0,0.7753279561272914
lmh,PR,313,0.7825,Light_nC4,2.918768763675126e-08,0.006675480062651455,0.03283033151651573,0.7753279561272914
lmh,PR,313,0.7825,Middle_nC10,1.061974132591761e-07,0.02428827948755223,0.11945092488605376,0.7753279561272914
lmh,PR,313,0.7825,Heavy_squalane,7.536612866517589e-07,0.1723689439070632,0.8477187435974305,0.7753279561272914
lmh,PR,314,0.785,H2O,3.488584866217665e-06,0.7979011306149103,0.0,0.7767357253074124
lmh,PR,314,0.785,Light_nC4,2.910404065046155e-08,0.006656609436491395,0.032937390776825885,0.7767357253074124
lmh,PR,314,0.785,Middle_nC10,1.055528421109875e-07,0.024141803994949515,0.1194554134241516,0.7767357253074124
lmh,PR,314,0.785,Heavy_squalane,7.489601847731959e-07,0.17130045595364884,0.8476071957990224,0.7767357253074124
lmh,PR,315,0.7875,H2O,3.493818860958692e-06,0.7991292444243839,0.0,0.7781367831682305
lmh,PR,315,0.7875,Light_nC4,2.902078684128771e-08,0.006637825366457528,0.03304525513152051,0.7781367831682305
lmh,PR,315,0.7875,Middle_nC10,1.049113175052541e-07,0.0239960070129496,0.11945993305091399,0.7781367831682305
lmh,PR,315,0.7875,Heavy_squalane,7.442813252603604e-07,0.17023692319620892,0.8474948118175655,0.7781367831682305
lmh,PR,316,0.79,H2O,3.499021778083448e-06,0.8003500563136924,0.0,0.7795293302120581
lmh,PR,316,0.79,Light_nC4,2.893803364432701e-08,0.006619151958959968,0.033153788259314816,0.7795293302120581
lmh,PR,316,0.79,Middle_nC10,1.042736669476259e-07,0.02385107624545264,0.11946447770066863,0.7795293302120581
lmh,PR,316,0.79,Heavy_squalane,7.396307455860233e-07,0.16917971548189498,0.8473817340400165,0.7795293302120581
lmh,PR,317,0.7925,H2O,3.504187556654971e-06,0.8015621193183177,0.0,0.7809117212855373
lmh,PR,317,0.7925,Light_nC4,2.885587943273493e-08,0.00660061126835805,0.033262859115826826,0.7809117212855373
lmh,PR,317,0.7925,Middle_nC10,1.036406475743301e-07,0.02370718341243815,0.11946904155092883,0.7809117212855373
lmh,PR,317,0.7925,Heavy_squalane,7.350139696779596e-07,0.16813008600088603,0.8472680993332444,0.7809117212855373
lmh,PR,318,0.795,H2O,3.509310738088674e-06,0.8027641328835089,0.0,0.7822824788148864
lmh,PR,318,0.795,Light_nC4,2.877441246210893e-08,0.006582223118252014,0.03337234355232373,0.7822824788148864
lmh,PR,318,0.795,Middle_nC10,1.030129391045044e-07,0.02356448285940292,0.11947361909325192,0.7822824788148864
lmh,PR,318,0.795,Heavy_squalane,7.304359566944382e-07,0.16708916113883626,0.8471540373544244,0.7822824788148864
lmh,PR,319,0.7975,H2O,3.514386512538429e-06,0.8039549492076814,0.0,0.7836402999111843
lmh,PR,319,0.7975,Light_nC4,2.86937106107388e-08,0.00656400500466699,0.03348212555297102,0.7836402999111843
lmh,PR,319,0.7975,Middle_nC10,1.02391141162935e-07,0.023423110804481787,0.11947820518710872,0.7836402999111843
lmh,PR,319,0.7975,Heavy_squalane,7.259010813727562e-07,0.16605793498316979,0.8470396692599204,0.7836402999111843
lmh,PR,320,0.8,H2O,3.519410721454215e-06,0.8051335748375107,0.0,0.7849840580638258
lmh,PR,320,0.8,Light_nC4,2.86138412446716e-08,0.006545972071607545,0.03359209810591633,0.7849840580638258
lmh,PR,320,0.8,Middle_nC10,1.017757723739041e-07,0.023283185149072745,0.11948279509750366,0.7849840580638258
lmh,PR,320,0.8,Heavy_squalane,7.214131274442712e-07,0.16503726794180903,0.84692510679658,0.7849840580638258
lmh,PR,321,0.8025,H2O,3.524379846911205e-06,0.8062991682537882,0.0,0.7863128002693047
lmh,PR,321,0.8025,Light_nC4,2.85348613854014e-08,0.006528137147717028,0.0337021637381002,0.7863128002693047
lmh,PR,321,0.8025,Middle_nC10,1.011672716627877e-07,0.023144805764253908,0.11948738451767928,0.7863128002693047
lmh,PR,321,0.8025,Heavy_squalane,7.169752971354054e-07,0.16402788883424088,0.8468104517442205,0.7863128002693047
lmh,PR,322,0.805,H2O,3.529290980923663e-06,0.8074510342243452,0.0,0.787625740483494
lmh,PR,322,0.805,Light_nC4,2.845681804523663e-08,0.006510510832220133,0.033812234752825146,0.787625740483494
lmh,PR,322,0.805,Middle_nC10,1.005660010651535e-07,0.023008055160873446,0.11949196957869357,0.787625740483494
lmh,PR,322,0.805,Heavy_squalane,7.125902317057484e-07,0.16303039978256118,0.8466957956684813,0.787625740483494
lmh,PR,323,0.8075,H2O,3.534141806709731e-06,0.8085886156895563,0.0,0.7889222502724165
lmh,PR,323,0.8075,Light_nC4,2.837974891041925e-08,0.0064931016184823515,0.03392223321446445,0.7889222502724165
lmh,PR,323,0.8075,Middle_nC10,9.997225046368786e-08,0.022872999452464328,0.11949654684784777,0.7889222502724165
lmh,PR,323,0.8075,Heavy_squalane,7.082600459177141e-07,0.16204528323949702,0.8465812199376878,0.7889222502724165
lmh,PR,324,0.81,H2O,3.538930530195745e-06,0.8097114838918587,0.0,0.7902018474737138
lmh,PR,324,0.81,Light_nC4,2.830368280090262e-08,0.006475916044346795,0.034032090726202925,0.7902018474737138
lmh,PR,324,0.81,Middle_nC10,9.938624203020618e-08,0.022739689526559446,0.11950111331803348,0.7902018474737138
lmh,PR,324,0.81,Heavy_squalane,7.039863606082183e-07,0.16107291053723516,0.8464667959557636,0.7902018474737138
lmh,PR,325,0.8125,H2O,3.543655870375222e-06,0.8108193273832247,0.0,0.7914641835920972
lmh,PR,325,0.8125,Light_nC4,2.822864071721714e-08,0.00645895885958395,0.034141748045625725,0.7914641835920972
lmh,PR,325,0.8125,Middle_nC10,9.880813705512995e-08,0.022608162349169326,0.11950566638996385,0.7914641835920972
lmh,PR,325,0.8125,Heavy_squalane,6.997703522988334e-07,0.16011355140802208,0.8463525855644104,0.7914641835920972
lmh,PR,326,0.815,H2O,3.548316966601043e-06,0.8119119404518206,0.0,0.7927090305455057
lmh,PR,326,0.815,Light_nC4,2.815463627921159e-08,0.0064422332022008675,0.034251154579808214,0.7927090305455057
lmh,PR,326,0.815,Middle_nC10,9.823804079910221e-08,0.022478442338196028,0.11951020384916082,0.7927090305455057
lmh,PR,326,0.815,Heavy_squalane,6.956127888574053e-07,0.15916738400778258,0.846238641571031,0.7927090305455057
lmh,PR,327,0.8175,H2O,3.552913384424003e-06,0.8129892114055199,0.0,0.7939362672600921
lmh,PR,327,0.8175,Light_nC4,2.808167696570245e-08,0.0064257407769573865,0.03436026779658771,0.7939362672600921
lmh,PR,327,0.8175,Middle_nC10,9.767601019206206e-08,0.02235054275384648,0.11951472383933998,0.7939362672600921
lmh,PR,327,0.8175,Heavy_squalane,6.915140853425424e-07,0.15823450506367623,0.8461250083640723,0.7939362672600921
lmh,PR,328,0.82,H2O,3.557445000146429e-06,0.8140511110680305,0.0,0.795145866518856
lmh,PR,328,0.82,Light_nC4,2.800976436666775e-08,0.006409482030643082,0.03446905258459506,0.795145866518856
lmh,PR,328,0.82,Middle_nC10,9.712205801594614e-08,0.02222446706381697,0.11951922483359353,0.795145866518856
lmh,PR,328,0.82,Heavy_squalane,6.87474334921109e-07,0.1573149398375094,0.8460117225818113,0.795145866518856
lmh,PR,329,0.8225,H2O,3.561912015805434e-06,0.8150976817467757,0.0,0.7963378823579997
lmh,PR,329,0.8225,Light_nC4,2.793889542239273e-08,0.006393456320174829,0.034577480588528754,0.7963378823579997
lmh,PR,329,0.8225,Middle_nC10,9.657616039528716e-08,0.022100210252499194,0.11952370560456083,0.7963378823579997
lmh,PR,329,0.8225,Heavy_squalane,6.834933631549157e-07,0.1564086516805503,0.8458988138069105,0.7963378823579997
lmh,PR,330,0.825,H2O,3.566314881891493e-06,0.8161290268588406,0.0,0.7975124382221345
lmh,PR,330,0.825,Light_nC4,2.786906286357181e-08,0.00637766207067263,0.034685529541285676,0.7975124382221345
lmh,PR,330,0.825,Middle_nC10,9.603826131035301e-08,0.021977760052096878,0.11952816519453754,0.7975124382221345
lmh,PR,330,0.825,Heavy_squalane,6.795707611296215e-07,0.1555155510183899,0.8457863052641768,0.7975124382221345
lmh,PR,331,0.8275,H2O,3.570654259750725e-06,0.8171453013362792,0.0,0.7986697160153629
lmh,PR,331,0.8275,Light_nC4,2.78002558873376e-08,0.006362096921663332,0.034793182609781065,0.7986697160153629
lmh,PR,331,0.8275,Middle_nC10,9.550827771021252e-08,0.02185709808125446,0.11953260288624452,0.7986697160153629
lmh,PR,331,0.8275,Heavy_squalane,6.757059227437444e-07,0.15463550366080314,0.8456742145039745,0.7986697160153629
lmh,PR,332,0.83,H2O,3.5749309973616e-06,0.8181467028778673,0.0,0.7998099461233108
lmh,PR,332,0.83,Light_nC4,2.77324608509232e-08,0.006346757860394406,0.034900427766959445,0.7998099461233108
lmh,PR,332,0.83,Middle_nC10,9.498610443704724e-08,0.021738200883244185,0.11953701817484678,0.7998099461233108
lmh,PR,332,0.83,Heavy_squalane,6.718980805623641e-07,0.15376833837849407,0.8455625540581937,0.7998099461233108
lmh,PR,333,0.8325,H2O,3.57914608275403e-06,0.8191334640735668,0.0,0.8009333984351049
lmh,PR,333,0.8325,Light_nC4,2.766566170227853e-08,0.006331641341846906,0.035007257198878816,0.8009333984351049
lmh,PR,333,0.8325,Middle_nC10,9.447161799053861e-08,0.02162104086058415,0.11954141074155598,0.8009333984351049
lmh,PR,333,0.8325,Heavy_squalane,6.681463333622662e-07,0.1529138537240022,0.8454513320595652,0.8009333984351049
lmh,PR,334,0.835,H2O,3.583300619252284e-06,0.8201058453971612,0.0,0.8020403743589797
lmh,PR,334,0.835,Light_nC4,2.759984049360309e-08,0.006316743395522393,0.03511366675292023,0.8020403743589797
lmh,PR,334,0.835,Middle_nC10,9.39646803264202e-08,0.021505587106630454,0.11954578042910509,0.8020403743589797
lmh,PR,334,0.835,Heavy_squalane,6.644496738185286e-07,0.15207182410068598,0.8453405528179747,0.8020403743589797
lmh,PR,335,0.8375,H2O,3.58739581456756e-06,0.821064129034886,0.0,0.8031311997939784
lmh,PR,335,0.8375,Light_nC4,2.753497791629789e-08,0.006302059719486296,0.03521965543015672,0.8031311997939784
lmh,PR,335,0.8375,Middle_nC10,9.346514247987104e-08,0.02139180613795958,0.11955012721921039,0.8031311997939784
lmh,PR,335,0.8375,Heavy_squalane,6.608070148525522e-07,0.15124200510766803,0.8452302173506329,0.8031311997939784
lmh,PR,336,0.84,H2O,3.591432922219012e-06,0.822008613505528,0.0,0.804206219006137
lmh,PR,336,0.84,Light_nC4,2.747105338944818e-08,0.006287585762354822,0.03532522492345492,0.804206219006137
lmh,PR,336,0.84,Middle_nC10,9.297284643792582e-08,0.021279662532826017,0.11955445121209225,0.804206219006137
lmh,PR,336,0.84,Heavy_squalane,6.572172035052817e-07,0.15042413819929124,0.8451203238644528,0.804206219006137
lmh,PR,337,0.8425,H2O,3.595413260694087e-06,0.8229396090135946,0.0,0.8052657893419636
lmh,PR,337,0.8425,Light_nC4,2.740804567312877e-08,0.006273316794108142,0.03543037920090101,0.8052657893419636
lmh,PR,337,0.8425,Middle_nC10,9.248762858343673e-08,0.02116911948262514,0.11955875260803236,0.8052657893419636
lmh,PR,337,0.8425,Heavy_squalane,6.536790458365169e-07,0.1496179547096722,0.8450108681910666,0.8052657893419636
lmh,PR,338,0.845,H2O,3.599338179662543e-06,0.8238574334735838,0.0,0.8063102767080389
lmh,PR,338,0.845,Light_nC4,2.734593300620016e-08,0.006259247966675045,0.03553512413330447,0.8063102767080389
lmh,PR,338,0.845,Middle_nC10,9.200932132309519e-08,0.021060139263712748,0.11956303169089076,0.8063102767080389
lmh,PR,338,0.845,Heavy_squalane,6.501913189038855e-07,0.1488231792960285,0.8449018441758047,0.8063102767080389
lmh,PR,339,0.8475,H2O,3.603209033185436e-06,0.8247624091402672,0.0,0.8073400517420213
lmh,PR,339,0.8475,Light_nC4,2.728469323919872e-08,0.006245374365283619,0.03563946716365591,0.8073400517420213
lmh,PR,339,0.8475,Middle_nC10,9.153775452755011e-08,0.020952683637310156,0.11956728881351439,0.8073400517420213
lmh,PR,339,0.8475,Heavy_squalane,6.467527813439393e-07,0.1480395328571391,0.8447932440228296,0.8073400517420213
lmh,PR,340,0.85,H2O,3.607027196589526e-06,0.8256548597805462,0.0,0.808355486601334
lmh,PR,340,0.85,Light_nC4,2.722430424460906e-08,0.006231691051555875,0.035743417015879214,0.808355486601334
lmh,PR,340,0.85,Middle_nC10,9.10727577444412e-08,0.020846714185136013,0.1195715243848815,0.808355486601334
lmh,PR,340,0.85,Heavy_squalane,6.433621893498609e-07,0.147266734982762,0.8446850585992394,0.808355486601334
lmh,PR,341,0.8525,H2O,3.610794027449274e-06,0.8265351083246476,0.0,0.8093569522982282
lmh,PR,341,0.8525,Light_nC4,2.716474385459653e-08,0.00621819309929765,0.03584698343994179,0.8093569522982282
lmh,PR,341,0.8525,Middle_nC10,9.061416068015063e-08,0.020742192588155732,0.11957573885887941,0.8093569522982282
lmh,PR,341,0.8525,Heavy_squalane,6.400183003572203e-07,0.14650450598789894,0.8445772777011789,0.8093569522982282
lmh,PR,342,0.855,H2O,3.614510885452446e-06,0.8274034749384842,0.0,0.8103448165147836
lmh,PR,342,0.855,Light_nC4,2.710599020267986e-08,0.006204875623867004,0.03595017699026966,0.8103448165147836
lmh,PR,342,0.855,Middle_nC10,9.016179491261e-08,0.020639080855346877,0.11957993272454832,0.8103448165147836
lmh,PR,342,0.855,Heavy_squalane,6.367198853770257e-07,0.1457525685823019,0.844469890285182,0.8103448165147836
lmh,PR,343,0.8575,H2O,3.618179103003669e-06,0.8282602754619489,0.0,0.8113194418346802
lmh,PR,343,0.8575,Light_nC4,2.704802165672259e-08,0.006191733805963307,0.0360530088342575,0.8113194418346802
lmh,PR,343,0.8575,Middle_nC10,8.971549412750187e-08,0.020537341509037566,0.11958410649766273,0.8113194418346802
lmh,PR,343,0.8575,Heavy_squalane,6.334657308527888e-07,0.14501064922305024,0.8443628846680797,0.8113194418346802
lmh,PR,344,0.86,H2O,3.62179998457176e-06,0.8291058201626257,0.0,0.8122811843339532
lmh,PR,344,0.86,Light_nC4,2.699081693811347e-08,0.006178762910613865,0.03615549058776415,0.8122811843339532
lmh,PR,344,0.86,Middle_nC10,8.927509488583012e-08,0.02043693773281749,0.11958826071353396,0.8122811843339532
lmh,PR,344,0.86,Heavy_squalane,6.30254644233669e-07,0.14427847919394307,0.8442562486987019,0.8122811843339532
lmh,PR,345,0.8625,H2O,3.625374822226975e-06,0.82994041276257,0.0,0.8132303924825669
lmh,PR,345,0.8625,Light_nC4,2.693435533346353e-08,0.006165958301993451,0.03625763417492482,0.8132303924825669
lmh,PR,345,0.8625,Middle_nC10,8.884043761301153e-08,0.020337833487037427,0.11959239592086393,0.8132303924825669
lmh,PR,345,0.8625,Heavy_squalane,6.270854610766867e-07,0.1435557954483991,0.8441499699042112,0.8132303924825669
lmh,PR,346,0.865,H2O,3.628904859641198e-06,0.8307643496965228,0.0,0.8141674063091775
lmh,PR,346,0.865,Light_nC4,2.687861649897672e-08,0.006153315454713366,0.03635945170937154,0.8141674063091775
lmh,PR,346,0.865,Middle_nC10,8.841136617083618e-08,0.02023999359684454,0.11959651267655327,0.8141674063091775
lmh,PR,346,0.865,Heavy_squalane,6.2395704211546e-07,0.14284234125191922,0.8440440356140753,0.8141674063091775
lmh,PR,347,0.8675,H2O,3.632391317286272e-06,0.8315779195634226,0.0,0.8150925567855486
lmh,PR,347,0.8675,Light_nC4,2.682358070213733e-08,0.006140829962171992,0.03646095539405498,0.8150925567855486
lmh,PR,347,0.8675,Middle_nC10,8.798772881929431e-08,0.02014338381728184,0.11960061154135436,0.8150925567855486
lmh,PR,347,0.8675,Heavy_squalane,6.208682801173784e-07,0.14213786665712363,0.8439384330645906,0.8150925567855486
lmh,PR,348,0.87,H2O,3.635835373598082e-06,0.8323814027442971,0.0,0.8160061654000756
lmh,PR,348,0.87,Light_nC4,2.67692287190251e-08,0.006128497542361,0.036562157437768965,0.8160061654000756
lmh,PR,348,0.87,Middle_nC10,8.756937799078395e-08,0.020047970878637467,0.1196046930762354,0.8160061654000756
lmh,PR,348,0.87,Heavy_squalane,6.178180983366032e-07,0.14144212883470447,0.8438331494859956,0.8160061654000756
lmh,PR,349,0.8725,H2O,3.63923818172091e-06,0.833175071157254,0.0,0.8169085438869178
lmh,PR,349,0.8725,Light_nC4,2.671554198160515e-08,0.006116314041584069,0.036663069986077934,0.8169085438869178
lmh,PR,349,0.8725,Middle_nC10,8.715617084547284e-08,0.019953722515527152,0.11960875783940005,0.8169085438869178
lmh,PR,349,0.8725,Heavy_squalane,6.148054544627819e-07,0.14075489228563481,0.843728172174522,0.8169085438869178
lmh,PR,350,0.875,H2O,3.642600849655869e-06,0.8339591881258726,0.0,0.8177999940838232
lmh,PR,350,0.875,Light_nC4,2.66625024436699e-08,0.006104275436444735,0.03676370506470589,0.8177999940838232
lmh,PR,350,0.875,Middle_nC10,8.674796887012139e-08,0.019860607482516113,0.11961280638384307,0.8177999940838232
lmh,PR,350,0.875,Heavy_squalane,6.118293378061713e-07,0.14007592895516655,0.843623488551451,0.8177999940838232
lmh,PR,351,0.8775,H2O,3.645924455597948e-06,0.8347340083406299,0.0,0.8186808078954053
lmh,PR,351,0.8775,Light_nC4,2.661009269695206e-08,0.006092377834416646,0.0368640745336987,0.8186808078954053
lmh,PR,351,0.8775,Middle_nC10,8.634463826814852e-08,0.01976859555870111,0.11961683925538769,0.8186808078954053
lmh,PR,351,0.8775,Heavy_squalane,6.088887720537226e-07,0.13940501826625232,0.8435190862109136,0.8186808078954053
lmh,PR,352,0.88,H2O,3.649210025946308e-06,0.8354997778966848,0.0,0.8195512673428982
lmh,PR,352,0.88,Light_nC4,2.655829580611096e-08,0.006080617473247796,0.036964190050934,0.8195512673428982
lmh,PR,352,0.88,Middle_nC10,8.594604941089184e-08,0.019677657543231294,0.11962085699113917,0.8195512673428982
lmh,PR,352,0.88,Heavy_squalane,6.059828113936394e-07,0.13874194708683607,0.8434149529579268,0.8195512673428982
lmh,PR,353,0.8825,H2O,3.652458578370715e-06,0.836256734390764,0.0,0.8204116446807445
lmh,PR,353,0.8825,Light_nC4,2.650709561283548e-08,0.006068990719468106,0.037064063043370614,0.8204116446807445
lmh,PR,353,0.8825,Middle_nC10,8.555207779343654e-08,0.019587765243815,0.11962486011827855,0.8204116446807445
lmh,PR,353,0.8825,Heavy_squalane,6.031105472424903e-07,0.13808650964595298,0.8433110768383508,0.8204116446807445
lmh,PR,354,0.885,H2O,3.6556710669781e-06,0.837005107067235,0.0,0.821262202568781
lmh,PR,354,0.885,Light_nC4,2.645647632136273e-08,0.0060574940661412184,0.03716370468515181,0.821262202568781
lmh,PR,354,0.885,Middle_nC10,8.516260264647274e-08,0.019498891459389153,0.1196288491531596,0.821262202568781
lmh,PR,354,0.885,Heavy_squalane,6.002710984377828e-07,0.13743850740723468,0.8432074461616885,0.821262202568781
lmh,PR,355,0.8875,H2O,3.658848426681372e-06,0.8377451170013026,0.0,0.8221031942863195
lmh,PR,355,0.8875,Light_nC4,2.640642280307858e-08,0.006046124130049236,0.03726312588138119,0.8221031942863195
lmh,PR,355,0.8875,Middle_nC10,8.477750786628282e-08,0.019411009958380777,0.11963282460064155,0.8221031942863195
lmh,PR,355,0.8875,Heavy_squalane,5.974636177713547e-07,0.13679774891026736,0.8431040495179773,0.8221031942863195
lmh,PR,356,0.89,H2O,3.661991557940233e-06,0.8384769773098182,0.0,0.8229348639772289
lmh,PR,356,0.89,Light_nC4,2.635692046401174e-08,0.006034877648459216,0.037362337256619735,0.8229348639772289
lmh,PR,356,0.89,Middle_nC10,8.439668152046488e-08,0.019324095453694033,0.11963678695364487,0.8229348639772289
lmh,PR,356,0.89,Heavy_squalane,5.946872884764623e-07,0.1361640495880286,0.8430008757897354,0.8229348639772289
lmh,PR,357,0.8925,H2O,3.665101333317857e-06,0.839200893382057,0.0,0.8237574469173987
lmh,PR,357,0.8925,Light_nC4,2.630795526893054e-08,0.00602375147558492,0.037461349147276585,0.8237574469173987
lmh,PR,357,0.8925,Middle_nC10,8.402001585377928e-08,0.0192381235753274,0.11964073669287831,0.8237574469173987
lmh,PR,357,0.8925,Heavy_squalane,5.91941324238296e-07,0.13553723156703082,0.842897914159845,0.8237574469173987
lmh,PR,358,0.895,H2O,3.668178573822141e-06,0.8399170631254232,0.0,0.824571169798875
lmh,PR,358,0.895,Light_nC4,2.625951354703512e-08,0.0060127425788179265,0.03756017159735672,0.824571169798875
lmh,PR,358,0.895,Middle_nC10,8.364740659181494e-08,0.019153070841218516,0.11964467428670891,0.824571169798875
lmh,PR,358,0.895,Heavy_squalane,5.892249642554992e-07,0.1349171234545403,0.8427951541159343,0.824571169798875
lmh,PR,359,0.8975,H2O,3.671224090663566e-06,0.840625677220025,0.0,0.8253762510237798
lmh,PR,359,0.8975,Light_nC4,2.621158226669325e-08,0.006001848034823935,0.037658814356876145,0.8253762510237798
lmh,PR,359,0.8975,Middle_nC10,8.327875374101741e-08,0.019068914627036283,0.11964860019114854,0.8253762510237798
lmh,PR,359,0.8975,Heavy_squalane,5.865374788432171e-07,0.13430356011811476,0.8426925854519753,0.8253762510237798
lmh,PR,360,0.9,H2O,3.674238657578762e-06,0.8413269193786139,0.0,0.8261729010040403
lmh,PR,360,0.9,Light_nC4,2.616414881057329e-08,0.005991065025555266,0.03775728688252233,0.8261729010040403
lmh,PR,360,0.9,Middle_nC10,8.29139607894419e-08,0.018985633135336147,0.11965251484994018,0.8261729010040403
lmh,PR,360,0.9,Heavy_squalane,5.838781637673002e-07,0.13369638246049462,0.8425901982675374,0.8261729010040403
lmh,PR,361,0.9025,H2O,3.677223022347854e-06,0.8420209666072257,0.0,0.8269613224616318
lmh,PR,361,0.9025,Light_nC4,2.611720103238472e-08,0.005980390834255881,0.03785559833998463,0.8269613224616318
lmh,PR,361,0.9025,Middle_nC10,8.255293480764913e-08,0.018903205364633566,0.1196564186947239,0.8269613224616318
lmh,PR,361,0.9025,Heavy_squalane,5.812463409205162e-07,0.1330954371938848,0.8424879829652916,0.8269613224616318
lmh,PR,362,0.905,H2O,3.680177900875031e-06,0.8427079894661917,0.0,0.8277417107290149
lmh,PR,362,0.905,Light_nC4,2.607072718888064e-08,0.00596982284145541,0.03795375760787458,0.8277417107290149
lmh,PR,362,0.905,Middle_nC10,8.219558615266509e-08,0.018821611078431305,0.11966031214526188,0.8277417107290149
lmh,PR,362,0.905,Heavy_squalane,5.786413562029194e-07,0.13250057661392145,0.8423859302468636,0.8277417107290149
lmh,PR,363,0.9075,H2O,3.683103988847918e-06,0.8433881523277903,0.0,0.8285142540454695
lmh,PR,363,0.9075,Light_nC4,2.60247159971981e-08,0.005959358521016959,0.0380517732827593,0.8285142540454695
lmh,PR,363,0.9075,Middle_nC10,8.184182856958481e-08,0.01874083077464801,0.11966419560972659,0.8285142540454695
lmh,PR,363,0.9075,Heavy_squalane,5.760625802025354e-07,0.13191165837654475,0.842284031107514,0.8285142540454695
lmh,PR,364,0.91,H2O,3.686001946934265e-06,0.8440616136291342,0.0,0.8292791338478489
lmh,PR,364,0.91,Light_nC4,2.597915650500644e-08,0.005948995436255154,0.03814965368505709,0.8292791338478489
lmh,PR,364,0.91,Middle_nC10,8.149157870391862e-08,0.01866084565560915,0.11966806948501035,0.8292791338478489
lmh,PR,364,0.91,Heavy_squalane,5.735094047282891e-07,0.1313285452790014,0.8421822768299325,0.8292791338478489
lmh,PR,365,0.9125,H2O,3.688872425703749e-06,0.8447285261201966,0.0,0.8300365250555347
lmh,PR,365,0.9125,Light_nC4,2.593403824213014e-08,0.005938731236128349,0.03824740686576827,0.8300365250555347
lmh,PR,365,0.9125,Middle_nC10,8.114475650157929e-08,0.01858163759861782,0.1196719341570879,0.8300365250555347
lmh,PR,365,0.9125,Heavy_squalane,5.709812455917652e-07,0.1307511050450572,0.8420806589771439,0.8300365250555347
lmh,PR,366,0.915,H2O,3.691716046299588e-06,0.8453890371048938,0.0,0.8307865963473469
lmh,PR,366,0.915,Light_nC4,2.588935105999455e-08,0.005928563651534761,0.03834504061369127,0.8307865963473469
lmh,PR,366,0.915,Middle_nC10,8.080128462875701e-08,0.018503189127347094,0.11967579000138785,0.8307865963473469
lmh,PR,366,0.915,Heavy_squalane,5.684775384910051e-07,0.13017921011622433,0.8419791693849208,0.8307865963473469
lmh,PR,367,0.9175,H2O,3.694533407530083e-06,0.8460432886743096,0.0,0.831529510429283
lmh,PR,367,0.9175,Light_nC4,2.584508515883964e-08,0.005918490491731799,0.03844256246297328,0.831529510429283
lmh,PR,367,0.9175,Middle_nC10,8.046108848563447e-08,0.018425483384168453,0.11967963738319888,0.831529510429283
lmh,PR,367,0.9175,Heavy_squalane,5.659977390755182e-07,0.12961273744979013,0.8418778001538278,0.831529510429283
lmh,PR,368,0.92,H2O,3.697325079558283e-06,0.8466914179337706,0.0,0.8322654242951719
lmh,PR,368,0.92,Light_nC4,2.58012310213414e-08,0.005908509640841813,0.03853997970113202,0.8322654242951719
lmh,PR,368,0.92,Middle_nC10,8.012409592943656e-08,0.01834850410320451,0.11968347665806436,0.8322654242951719
lmh,PR,368,0.92,Heavy_squalane,5.635413209671386e-07,0.12905156832218306,0.8417765436408037,0.8322654242951719
lmh,PR,369,0.9225,H2O,3.700091633298407e-06,0.8473335572203435,0.0,0.8329944894761856
lmh,PR,369,0.9225,Light_nC4,2.575777959651029e-08,0.005898619054510443,0.038637299377073483,0.8329944894761856
lmh,PR,369,0.9225,Middle_nC10,7.979023777808011e-08,0.018272235584524805,0.1196873081722166,0.8329944894761856
lmh,PR,369,0.9225,Heavy_squalane,5.611077792723767e-07,0.12849558814062115,0.84167539245071,0.8329944894761856
lmh,PR,370,0.925,H2O,3.702833593668659e-06,0.847969834313293,0.0,0.8337168522822725
lmh,PR,370,0.925,Light_nC4,2.571472195257965e-08,0.005888816756665887,0.03873452830934316,0.8337168522822725
lmh,PR,370,0.925,Middle_nC10,7.945944666608719e-08,0.01819666266917238,0.11969113226299286,0.8337168522822725
lmh,PR,370,0.925,Heavy_squalane,5.586966225063926e-07,0.12794468626086886,0.841574339427664,0.8337168522822725
lmh,PR,371,0.9275,H2O,3.705551491270437e-06,0.8486003726356284,0.0,0.8344326540332923
lmh,PR,371,0.9275,Light_nC4,2.567204961747385e-08,0.0058791008364154785,0.03883167309432222,0.8344326540332923
lmh,PR,371,0.9275,Middle_nC10,7.91316580380358e-08,0.018121770715249116,0.11969494925925861,0.8344326540332923
lmh,PR,371,0.9275,Heavy_squalane,5.56307379551997e-07,0.127398755812707,0.8414733776464192,0.8344326540332923
lmh,PR,372,0.93,H2O,3.708245824306839e-06,0.8492252914477841,0.0,0.8351420312810954
lmh,PR,372,0.93,Light_nC4,2.562975429456921e-08,0.005869469445060084,0.03892874011444292,0.8351420312810954
lmh,PR,372,0.93,Middle_nC10,7.88068092074172e-08,0.01804754557493465,0.11969875948182969,0.8351420312810954
lmh,PR,372,0.93,Heavy_squalane,5.539395930143232e-07,0.1268576935322211,0.8413725004037274,0.8351420312810954
lmh,PR,373,0.9325,H2O,3.710917078745427e-06,0.8498447060318001,0.0,0.8358451160206309
lmh,PR,373,0.9325,Light_nC4,2.558782798487054e-08,0.005859920793257463,0.039025735546150526,0.8358451160206309
lmh,PR,373,0.9325,Middle_nC10,7.84848396774202e-08,0.017973973572634985,0.11970256324390088,0.8358451160206309
lmh,PR,373,0.9325,Heavy_squalane,5.515928214509441e-07,0.1263213996023075,0.8412717012099485,0.8358451160206309
lmh,PR,374,0.935,H2O,3.71356573050386e-06,0.8504587278682914,0.0,0.8365420358928055
lmh,PR,374,0.935,Light_nC4,2.554626298428594e-08,0.005850453148289052,0.03912266536783411,0.8365420358928055
lmh,PR,374,0.935,Middle_nC10,7.816569107577475e-08,0.017901041483983544,0.11970636085145235,0.8365420358928055
lmh,PR,374,0.935,Heavy_squalane,5.492666388885061e-07,0.125789777499436,0.8411709737807136,0.8365420358928055
lmh,PR,375,0.9375,H2O,3.716192220241293e-06,0.8510674648049465,0.0,0.8372329143776028
lmh,PR,375,0.9375,Light_nC4,2.550505169359406e-08,0.005841064831457184,0.039219535367522464,0.8372329143776028
lmh,PR,375,0.9375,Middle_nC10,7.78493065201506e-08,0.017828736515848424,0.11971015260365064,0.8372329143776028
lmh,PR,375,0.9375,Heavy_squalane,5.469606303395029e-07,0.12526273384774786,0.8410703120288269,0.8372329143776028
lmh,PR,376,0.94,H2O,3.718797005270788e-06,0.8516710212167089,0.0,0.8379178709775997
lmh,PR,376,0.94,Light_nC4,2.546418695977605e-08,0.005831754215609976,0.03931635115030475,0.8379178709775997
lmh,PR,376,0.94,Middle_nC10,7.753563161211717e-08,0.01775704628732914,0.11971393879325641,0.8379178709775997
lmh,PR,376,0.94,Heavy_squalane,5.446743987639816e-07,0.124740178280352,0.8409697100564388,0.8379178709775997
lmh,PR,377,0.9425,H2O,3.721380497744728e-06,0.8522694981584878,0.0,0.8385970213929805
lmh,PR,377,0.9425,Light_nC4,2.542366163624554e-08,0.005822519722776414,0.039413118145519586,0.8385970213929805
lmh,PR,377,0.9425,Middle_nC10,7.722461304522554e-08,0.017685958811635746,0.1197177197069943,0.8385970213929805
lmh,PR,377,0.9425,Heavy_squalane,5.424075552677676e-07,0.12422202330709989,0.8408691621474861,0.8385970213929805
lmh,PR,378,0.945,H2O,3.723943111918551e-06,0.8528629935104285,0.0,0.8392704776879325
lmh,PR,378,0.945,Light_nC4,2.538346889320258e-08,0.005813359821918001,0.039509841613707325,0.8392704776879325
lmh,PR,378,0.945,Middle_nC10,7.691619950747928e-08,0.017615462478855634,0.11972149562594328,0.8392704776879325
lmh,PR,378,0.945,Heavy_squalane,5.401597254227593e-07,0.12370818418879796,0.8407686627603493,0.8392704776879325
lmh,PR,379,0.9475,H2O,3.72648526143388e-06,0.8534516021165531,0.0,0.8399383484494699
lmh,PR,379,0.9475,Light_nC4,2.534360218433355e-08,0.005804273026777359,0.03960652665335601,0.8399383484494699
lmh,PR,379,0.9475,Middle_nC10,7.661034153298482e-08,0.01754554603950426,0.11972526682590291,0.8399383484494699
lmh,PR,379,0.9475,Heavy_squalane,5.379305482035628e-07,0.12319857881716521,0.840668206520741,0.8399383484494699
lmh,PR,380,0.95,H2O,3.729007315012341e-06,0.8540354159161977,0.0,0.8406007389380286
lmh,PR,380,0.95,Light_nC4,2.530405493232574e-08,0.005795257893835375,0.039703178207311986,0.8406007389380286
lmh,PR,380,0.95,Middle_nC10,7.630699050906851e-08,0.01747619858892929,0.1197290335777323,0.8406007389380286
lmh,PR,380,0.95,Heavy_squalane,5.357196689966148e-07,0.12269312760103758,0.8405677882149557,0.8406007389380286
lmh,PR,381,0.9525,H2O,3.731509657624273e-06,0.8546145240680282,0.0,0.841257751229471
lmh,PR,381,0.9525,Light_nC4,2.526482093333523e-08,0.0057863130203856805,0.03979980106880268,0.841257751229471
lmh,PR,381,0.9525,Middle_nC10,7.600609986190742e-08,0.017407409552600832,0.11973279614771169,0.841257751229471
lmh,PR,381,0.9525,Heavy_squalane,5.335267479081624e-07,0.12219175335898534,0.8404674027834856,0.841257751229471
lmh,PR,382,0.955,H2O,3.733992659883274e-06,0.8551890130684259,0.0,0.8419094843507077
lmh,PR,382,0.955,Light_nC4,2.522589413648146e-08,0.005777437042691067,0.039896399887261416,0.8419094843507077
lmh,PR,382,0.955,Middle_nC10,7.57076243503939e-08,0.017339168672064937,0.11973655479786226,0.8419094843507077
lmh,PR,382,0.955,Heavy_squalane,5.313514547880159e-07,0.12169438121681808,0.8403670453148763,0.8419094843507077
lmh,PR,383,0.9575,H2O,3.736456665492014e-06,0.8557589668642563,0.0,0.8425560344088199
lmh,PR,383,0.9575,Light_nC4,2.518726854838109e-08,0.00576862863422422,0.03999297917393193,0.8425560344088199
lmh,PR,383,0.9575,Middle_nC10,7.541151974542653e-08,0.01727146599156714,0.11974030978628085,0.8425560344088199
lmh,PR,383,0.9575,Heavy_squalane,5.291934669627989e-07,0.12120093850995224,0.8402667110397871,0.8425560344088199
lmh,PR,384,0.96,H2O,3.73890202027916e-06,0.8563244669603438,0.0,0.8431974947141724
lmh,PR,384,0.96,Light_nC4,2.514893841908568e-08,0.00575988650398871,0.040089543307272144,0.8431974947141724
lmh,PR,384,0.96,Middle_nC10,7.511774335515519e-08,0.01720429184530073,0.1197440613674433,0.8431974947141724
lmh,PR,384,0.96,Heavy_squalane,5.270524729072674e-07,0.12071135469036684,0.8401663953252845,0.8431974947141724
lmh,PR,385,0.9625,H2O,3.741329068949422e-06,0.8568855925214467,0.0,0.8438339558971781
lmh,PR,385,0.9625,Light_nC4,2.511089820932442e-08,0.005751209394923603,0.04018609653808239,0.8438339558971781
lmh,PR,385,0.9625,Middle_nC10,7.48262538920581e-08,0.01713763684530985,0.11974780979251197,0.8438339558971781
lmh,PR,385,0.9625,Heavy_squalane,5.24928171295431e-07,0.12022556123831983,0.8400660936694057,0.8438339558971781
lmh,PR,386,0.965,H2O,3.743738119046055e-06,0.8574424204690665,0.0,0.8444655060191321
lmh,PR,386,0.965,Light_nC4,2.507314233900623e-08,0.0057425960823886514,0.040282642994387864,0.8444655060191321
lmh,PR,386,0.965,Middle_nC10,7.453701069252968e-08,0.017071491870007352,0.1197515553096425,0.8444655060191321
lmh,PR,386,0.965,Heavy_squalane,5.228202655112442e-07,0.11974349157853754,0.8399658016959696,0.8444655060191321
lmh,PR,387,0.9675,H2O,3.746129497944971e-06,0.8579950255744355,0.0,0.8450922306786758
lmh,PR,387,0.9675,Light_nC4,2.503566556094899e-08,0.0057340453727035,0.040379186686232235,0.8450922306786758
lmh,PR,387,0.9675,Middle_nC10,7.424997480235963e-08,0.01700584805314372,0.11975529816427505,0.8450922306786758
lmh,PR,387,0.9675,Heavy_squalane,5.207284712504154e-07,0.11926508099971721,0.8398655151494928,0.8450922306786758
lmh,PR,388,0.97,H2O,3.748503512084442e-06,0.8585434805467351,0.0,0.8457142131128016
lmh,PR,388,0.97,Light_nC4,2.499846267823457e-08,0.005725556101761414,0.04047573151022602,0.8457142131128016
lmh,PR,388,0.97,Middle_nC10,7.396510810564373e-08,0.01694069677334329,0.11975903859942096,0.8457142131128016
lmh,PR,388,0.97,Heavy_squalane,5.186525103959965e-07,0.11879026657816019,0.8397652298903531,0.8457142131128016
lmh,PR,389,0.9725,H2O,3.750860452589683e-06,0.8590878561175963,0.0,0.8463315342935929
lmh,PR,389,0.9725,Light_nC4,2.496152857417951e-08,0.005717127133696603,0.04057228125396881,0.8463315342935929
lmh,PR,389,0.9725,Middle_nC10,7.368237338934779e-08,0.016876029644080054,0.11976277685593738,0.8463315342935929
lmh,PR,389,0.9725,Heavy_squalane,5.165921114597444e-07,0.11831898710462703,0.8396649418900938,0.8463315342935929
lmh,PR,390,0.975,H2O,3.753200610334382e-06,0.8596282211212735,0.0,0.8469442730199981
lmh,PR,390,0.975,Light_nC4,2.492485830493749e-08,0.005708757359619077,0.040668839600238475,0.8469442730199981
lmh,PR,390,0.975,Middle_nC10,7.340173459217742e-08,0.016811838504168775,0.1197665131728028,0.8469442730199981
lmh,PR,390,0.975,Heavy_squalane,5.145470113153676e-07,0.11785118301493878,0.8395646472269587,0.8469442730199981
lmh,PR,391,0.9775,H2O,3.75552428170939e-06,0.8601646425711881,0.0,0.8475525060054363
lmh,PR,391,0.9775,Light_nC4,2.488844712962739e-08,0.005700445696403158,0.04076541013101903,0.8475525060054363
lmh,PR,391,0.9775,Middle_nC10,7.312315686701728e-08,0.0167481154086869,0.1197702477873889,0.8475525060054363
lmh,PR,391,0.9775,Heavy_squalane,5.125169556237915e-07,0.11738679632372188,0.839464342081592,0.8475525060054363
lmh,PR,392,0.98,H2O,3.75783172712423e-06,0.8606971857327859,0.0,0.8481563079612269
lmh,PR,392,0.98,Light_nC4,2.485229022777694e-08,0.00569219108553098,0.04086199633133092,0.8481563079612269
lmh,PR,392,0.98,Middle_nC10,7.284660572660229e-08,0.016684852620331203,0.11977398093570378,0.8481563079612269
lmh,PR,392,0.98,Heavy_squalane,5.105016928338258e-07,0.11692577056135203,0.8393640227329652,0.8481563079612269
lmh,PR,393,0.9825,H2O,3.760123223703216e-06,0.8612259141924598,0.0,0.8487557516754308
lmh,PR,393,0.9825,Light_nC4,2.481638304225488e-08,0.005683992491997952,0.040958601592813476,0.8487557516754308
lmh,PR,393,0.9825,Middle_nC10,7.257204803101715e-08,0.016622042601246678,0.11977771285266522,0.8487557516754308
lmh,PR,393,0.9825,Heavy_squalane,5.085009810937956e-07,0.1164680507142956,0.8392636855545214,0.8487557516754308
lmh,PR,394,0.985,H2O,3.762399028380272e-06,0.8617508899231751,0.0,0.8493509080880032
lmh,PR,394,0.985,Light_nC4,2.478072102807657e-08,0.005675848903266449,0.04105522921711673,0.8493509080880032
lmh,PR,394,0.985,Middle_nC10,7.229945122861005e-08,0.016559678005241798,0.11978144377232952,0.8493509080880032
lmh,PR,394,0.985,Heavy_squalane,5.065145829211751e-07,0.11601358316831667,0.8391633270105537,0.8493509080880032
lmh,PR,395,0.9875,H2O,3.764659397583973e-06,0.8622721733469015,0.0,0.8499418463622238
lmh,PR,395,0.9875,Light_nC4,2.474529977650419e-08,0.0056677593282676055,0.04115188241910809,0.8499418463622238
lmh,PR,395,0.9875,Middle_nC10,7.202878370045646e-08,0.0164977516703863,0.11978517392814143,0.8499418463622238
lmh,PR,395,0.9875,Heavy_squalane,5.045422676072411e-07,0.11556231565444446,0.8390629436527505,0.8499418463622238
lmh,PR,396,0.99,H2O,3.766904588053909e-06,0.8627898233939942,0.0,0.8505286339527065
lmh,PR,396,0.99,Light_nC4,2.471011501409036e-08,0.005659722796447744,0.041248564329885266,0.8505286339527065
lmh,PR,396,0.99,Middle_nC10,7.1760014737422e-08,0.01643625661196723,0.11978890355314806,0.8505286339527065
lmh,PR,396,0.99,Heavy_squalane,5.025838110467975e-07,0.11511419719759074,0.8389625321169668,0.8505286339527065
lmh,PR,397,0.9925,H2O,3.769134824170371e-06,0.8633038975593634,0.0,0.8511113366696671
lmh,PR,397,0.9925,Light_nC4,2.467516238277251e-08,0.005651738356864574,0.04134527799956091,0.8511113366696671
lmh,PR,397,0.9925,Middle_nC10,7.149311388378963e-08,0.0163751860158296,0.11979263288023087,0.8511113366696671
lmh,PR,397,0.9925,Heavy_squalane,5.006389911325e-07,0.11466917806794234,0.8388620891202082,0.8511113366696671
lmh,PR,398,0.995,H2O,3.771350365394912e-06,0.863814451955093,0.0,0.8516900187391492
lmh,PR,398,0.995,Light_nC4,2.464043787699069e-08,0.005643805077340625,0.041442026399743884,0.8516900187391492
lmh,PR,398,0.995,Middle_nC10,7.12280521899321e-08,0.01631453323213903,0.11979636214232754,0.8516900187391492
lmh,PR,398,0.995,Heavy_squalane,4.987075965199767e-07,0.11422720973542738,0.8387616114579286,0.8516900187391492
lmh,PR,399,0.9975,H2O,3.773551425761861e-06,0.864321541361401,0.0,0.8522647428613955
lmh,PR,399,0.9975,Light_nC4,2.46059373109482e-08,0.005635922043634788,0.04153881242597956,0.8522647428613955
lmh,PR,399,0.9975,Middle_nC10,7.096480065082916e-08,0.01625429176933655,0.11980009157262339,0.8522647428613955
lmh,PR,399,0.9975,Heavy_squalane,4.967894156847661e-07,0.11378824482562762,0.838661096001397,0.8522647428613955
lmh,PR,400,1.0,H2O,3.775738241394491e-06,0.8648252192745267,0.0,0.8528355702656338
lmh,PR,400,1.0,Light_nC4,2.457165675578319e-08,0.005628088358665002,0.04163563889994462,0.8528355702656338
lmh,PR,400,1.0,Middle_nC10,7.070333145753809e-08,0.016194455288463507,0.11980382140476965,0.8528355702656338
lmh,PR,400,1.0,Heavy_squalane,4.948842456783885e-07,0.11335223707834481,0.8385605396952857,0.8528355702656338
lmh,CPA,1,0.0025,H2O,1.506167713326893e-06,0.41531296207537943,0.0,0.6066441958061087
lmh,CPA,1,0.0025,Light_nC4,8.092762650553211e-08,0.022315106067107595,0.03816589836900834,0.6066441958061087
lmh,CPA,1,0.0025,Middle_nC10,3.181685056910774e-07,0.08773226471956613,0.15004995669303142,0.6066441958061087
lmh,CPA,1,0.0025,Heavy_squalane,1.721321045543594e-06,0.47463966713794686,0.8117841449379603,0.6066441958061087
lmh,CPA,2,0.005,H2O,1.50982149821307e-06,0.41551616776829536,0.0,0.6057243073063523
lmh,CPA,2,0.005,Light_nC4,8.092607726145094e-08,0.022271568881484877,0.0381046791259332,0.6057243073063523
lmh,CPA,2,0.005,Middle_nC10,3.182004229209195e-07,0.08757155761183397,0.14982716849063896,0.6057243073063523
lmh,CPA,2,0.005,Heavy_squalane,1.724656696993917e-06,0.4746407057383858,0.8120681523834279,0.6057243073063523
lmh,CPA,3,0.0075,H2O,1.512986874013768e-06,0.4156821132978739,0.0,0.6049082972443377
lmh,CPA,3,0.0075,Light_nC4,8.092400490625844e-08,0.022233280376532147,0.03804997396539778,0.6049082972443377
lmh,CPA,3,0.0075,Middle_nC10,3.182326287313931e-07,0.08743209468861488,0.14963104275667344,0.6049082972443377
lmh,CPA,3,0.0075,Heavy_squalane,1.727625502398757e-06,0.47465251163697897,0.8123189832779287,0.6049082972443377
lmh,CPA,4,0.01,H2O,1.515953367253447e-06,0.41582886339713515,0.0,0.6041268896666088
lmh,CPA,4,0.01,Light_nC4,8.0921436429627e-08,0.02219690239941898,0.03799725972169869,0.6041268896666088
lmh,CPA,4,0.01,Middle_nC10,3.182668274494782e-07,0.08730119011187396,0.14944454568494647,0.6041268896666088
lmh,CPA,4,0.01,Heavy_squalane,1.730476796767783e-06,0.47467304409157196,0.8125581945933549,0.6041268896666088
lmh,CPA,5,0.0125,H2O,1.518698331406995e-06,0.4159568984803935,0.0,0.6033890181862548
lmh,CPA,5,0.0125,Light_nC4,8.091850735619112e-08,0.022162802614236896,0.03794720382206738,0.6033890181862548
lmh,CPA,5,0.0125,Middle_nC10,3.183020640501172e-07,0.08717988069397077,0.14926960093722488,0.6033890181862548
lmh,CPA,5,0.0125,Heavy_squalane,1.733176527879692e-06,0.47470041821139874,0.8127831952407076,0.6033890181862548
lmh,CPA,6,0.015,H2O,1.521359316360935e-06,0.41607370158270657,0.0,0.6026596778063289
lmh,CPA,6,0.015,Light_nC4,8.091515373832474e-08,0.02212933339808812,0.03789747688718372,0.6026596778063289
lmh,CPA,6,0.015,Middle_nC10,3.18339656087994e-07,0.08706211454761531,0.1490977796060793,0.6026596778063289
lmh,CPA,6,0.015,Heavy_squalane,1.735851808991592e-06,0.47473485047159003,0.813004743506737,0.6026596778063289
lmh,CPA,7,0.0175,H2O,1.523630408194887e-06,0.41616755289018376,0.0,0.6020259446027959
lmh,CPA,7,0.0175,Light_nC4,8.091188360792178e-08,0.02210043880703193,0.03785407768348123,0.6020259446027959
lmh,CPA,7,0.0175,Middle_nC10,3.183745075768642e-07,0.08696146979493284,0.14894936077195411,0.6020259446027959
lmh,CPA,7,0.0175,Heavy_squalane,1.738181711577367e-06,0.4747705385078515,0.8131965615445647,0.6020259446027959
lmh,CPA,8,0.02,H2O,1.525887383260465e-06,0.4162553810464231,0.0,0.6013856171367161
lmh,CPA,8,0.02,Light_nC4,8.09082534657158e-08,0.022071416439795863,0.03781005549886041,0.6013856171367161
lmh,CPA,8,0.02,Middle_nC10,3.184117434996774e-07,0.08686132612021856,0.14880021725241177,0.6013856171367161
lmh,CPA,8,0.02,Heavy_squalane,1.740540746379836e-06,0.4748118763935625,0.8133897272487278,0.6013856171367161
lmh,CPA,9,0.0225,H2O,1.527995043867631e-06,0.41633236877453683,0.0,0.6007778715981403
lmh,CPA,9,0.0225,Light_nC4,8.090452045716679e-08,0.02204403134793032,0.03776812378929918,0.6007778715981403
lmh,CPA,9,0.0225,Middle_nC10,3.18448954580017e-07,0.08676769478157988,0.1486594255696572,0.6007778715981403
lmh,CPA,9,0.0225,Heavy_squalane,1.742784188684661e-06,0.47485590509595293,0.8135724506410436,0.6007778715981403
lmh,CPA,10,0.025,H2O,1.529949171837186e-06,0.4163993332931733,0.0,0.6002057817851326
lmh,CPA,10,0.025,Light_nC4,8.09007544902168e-08,0.022018391756236638,0.037728523993098236,0.6002057817851326
lmh,CPA,10,0.025,Middle_nC10,3.184856036413085e-07,0.0866807835586237,0.14852756088808242,0.6002057817851326
lmh,CPA,10,0.025,Heavy_squalane,1.744899872228723e-06,0.4749014913919664,0.8137439151188193,0.6002057817851326
lmh,CPA,11,0.0275,H2O,1.531779852458611e-06,0.4164581199429002,0.0,0.5996621011447698
lmh,CPA,11,0.0275,Light_nC4,8.089695942550779e-08,0.02199414986257261,0.0376907821259041,0.5996621011447698
lmh,CPA,11,0.0275,Middle_nC10,3.185218815790773e-07,0.08659927453033392,0.14840284389161604,0.5996621011447698
lmh,CPA,11,0.0275,Heavy_squalane,1.746913892428107e-06,0.4749484556641933,0.8139063739824799,0.5996621011447698
lmh,CPA,12,0.03,H2O,1.533406859117467e-06,0.4165070890121673,0.0,0.599172467607633
lmh,CPA,12,0.03,Light_nC4,8.089336916906941e-08,0.021972421417488047,0.037656706711808235,0.599172467607633
lmh,CPA,12,0.03,Middle_nC10,3.185557544991877e-07,0.08652676176947194,0.148291024860928,0.599172467607633
lmh,CPA,12,0.03,Heavy_squalane,1.748730476533032e-06,0.47499372780087273,0.8140522684272639,0.599172467607633
lmh,CPA,13,0.0325,H2O,1.535051313582758e-06,0.41655340453948897,0.0,0.598671318339936
lmh,CPA,13,0.0325,Light_nC4,8.088952658754444e-08,0.021950281005907613,0.03762174837712848,0.598671318339936
lmh,CPA,13,0.0325,Middle_nC10,3.185915768567931e-07,0.08645340049744644,0.1481770588261112,0.598671318339936
lmh,CPA,13,0.0325,Heavy_squalane,1.750592459769431e-06,0.475042913957157,0.8142011927967603,0.598671318339936
lmh,CPA,14,0.035,H2O,1.536609652927375e-06,0.4165942912881804,0.0,0.5981904760471551
lmh,CPA,14,0.035,Light_nC4,8.088568451239849e-08,0.021929131025961737,0.03758813240683234,0.5981904760471551
lmh,CPA,14,0.035,Middle_nC10,3.186270321180596e-07,0.08638381411804975,0.14806816736296302,0.5981904760471551
lmh,CPA,14,0.035,Heavy_squalane,1.752381493939472e-06,0.47509276356780816,0.8143437002302046,0.5981904760471551
lmh,CPA,15,0.0375,H2O,1.538011947132368e-06,0.41662853324998045,0.0,0.5977527266172175
lmh,CPA,15,0.0375,Light_nC4,8.088206047268204e-08,0.02190995608571145,0.037557469527559326,0.5977527266172175
lmh,CPA,15,0.0375,Middle_nC10,3.186602314974374e-07,0.08632114015851038,0.14796942442078648,0.5977527266172175
lmh,CPA,15,0.0375,Heavy_squalane,1.754012286922144e-06,0.47514037050579777,0.8144731060516542,0.5977527266172175
lmh,CPA,16,0.04,H2O,1.539409752968114e-06,0.4166602267586304,0.0,0.5973115303755148
lmh,CPA,16,0.04,Light_nC4,8.087828733799243e-08,0.02189070549743074,0.03752650942313337,0.5973115303755148
lmh,CPA,16,0.04,Middle_nC10,3.186945660346362e-07,0.08625861301366282,0.14787027555889184,0.5973115303755148
lmh,CPA,16,0.04,Heavy_squalane,1.755657904331009e-06,0.47519045473027605,0.8146032150179747,0.5973115303755148
lmh,CPA,17,0.0425,H2O,1.540687673538331e-06,0.4166870424583877,0.0,0.5969038711780983
lmh,CPA,17,0.0425,Light_nC4,8.087469452680244e-08,0.021872984285455477,0.037497854286727555,0.5969038711780983
lmh,CPA,17,0.0425,Middle_nC10,3.187270580585316e-07,0.08620140048817505,0.14777899131792496,0.5969038711780983
lmh,CPA,17,0.0425,Heavy_squalane,1.757180177079058e-06,0.4752385727679818,0.8147231543953476,0.5969038711780983
lmh,CPA,18,0.045,H2O,1.542012925540326e-06,0.41671263434154104,0.0,0.5964766846605885
lmh,CPA,18,0.045,Light_nC4,8.087082325455872e-08,0.021854482048500195,0.03746777889459203,0.5964766846605885
lmh,CPA,18,0.045,Middle_nC10,3.187618931933731e-07,0.08614201997934788,0.14768367197891255,0.5964766846605885
lmh,CPA,18,0.045,Heavy_squalane,1.75877713971334e-06,0.47529086363061096,0.8148485491264954,0.5964766846605885
lmh,CPA,19,0.0475,H2O,1.543214197612617e-06,0.416733847968858,0.0,0.5960854892070037
lmh,CPA,19,0.0475,Light_nC4,8.086718593121586e-08,0.021837599485323163,0.03744019674256222,0.5960854892070037
lmh,CPA,19,0.0475,Middle_nC10,3.187944966997776e-07,0.08608815129261972,0.14759668633749773,0.5960854892070037
lmh,CPA,19,0.0475,Heavy_squalane,1.760241121493046e-06,0.4753404012531991,0.8149631169199401,0.5960854892070037
lmh,CPA,20,0.05,H2O,1.544319172314501e-06,0.4167516707631226,0.0,0.5957222610470727
lmh,CPA,20,0.05,Light_nC4,8.08637314048177e-08,0.02182197551597522,0.037414552982135606,0.5957222610470727
lmh,CPA,20,0.05,Middle_nC10,3.188253660625074e-07,0.08603856402888387,0.14751617744273146,0.5957222610470727
lmh,CPA,20,0.05,Heavy_squalane,1.761601762894627e-06,0.4753877896920184,0.815069269575133,0.5957222610470727
lmh,CPA,21,0.0525,H2O,1.545426160420557e-06,0.4167678764963854,0.0,0.5953550534782396
lmh,CPA,21,0.0525,Light_nC4,8.086016562309149e-08,0.021806230787960196,0.03738859693969695,0.5953550534782396
lmh,CPA,21,0.0525,Middle_nC10,3.188571551813282e-07,0.08598885076103369,0.1474350388049241,0.5953550534782396
lmh,CPA,21,0.0525,Heavy_squalane,1.762978587616767e-06,0.4754370419546207,0.815176364255379,0.5953550534782396
lmh,CPA,22,0.055,H2O,1.546405887202724e-06,0.4167808272630765,0.0,0.5950272555570542
lmh,CPA,22,0.055,Light_nC4,8.085692027932271e-08,0.021792217944099787,0.037365400458002004,0.5950272555570542
lmh,CPA,22,0.055,Middle_nC10,3.188860191380127e-07,0.08594482209284755,0.14736282020621305,0.5950272555570542
lmh,CPA,22,0.055,Heavy_squalane,1.764208718753821e-06,0.4754821326999761,0.815271779335785,0.5950272555570542
lmh,CPA,23,0.0575,H2O,1.547361889308028e-06,0.4167921855292537,0.0,0.5947048135296006
lmh,CPA,23,0.0575,Light_nC4,8.085367257486521e-08,0.021778472853312195,0.037342560083965755,0.5947048135296006
lmh,CPA,23,0.0575,Middle_nC10,3.189148588223495e-07,0.08590183196625199,0.14729197695028629,0.5947048135296006
lmh,CPA,23,0.0575,Heavy_squalane,1.765419725462078e-06,0.47552750965118207,0.815365462965748,0.5947048135296006
lmh,CPA,24,0.06,H2O,1.548257211006933e-06,0.41680166489680964,0.0,0.5944004959324584
lmh,CPA,24,0.06,Light_nC4,8.085055745525084e-08,0.02176553528419692,0.0373209832300803,0.5944004959324584
lmh,CPA,24,0.06,Middle_nC10,3.189424801742669e-07,0.0858615453542731,0.14722529229971285,0.5944004959324584
lmh,CPA,24,0.06,Heavy_squalane,1.766563538691499e-06,0.47557125446472037,0.8154537244702069,0.5944004959324584
lmh,CPA,25,0.0625,H2O,1.549132036288909e-06,0.41680983123576476,0.0,0.5941009241192882
lmh,CPA,25,0.0625,Light_nC4,8.084744468495861e-08,0.02175283254467267,0.03729972436052266,0.5941009241192882
lmh,CPA,25,0.0625,Middle_nC10,3.189700514162216e-07,0.08582215730206727,0.14715981492610236,0.5941009241192882
lmh,CPA,25,0.0625,Heavy_squalane,1.767690335954706e-06,0.47561517891749533,0.8155404607133749,0.5941009241192882
lmh,CPA,26,0.065,H2O,1.549971110589006e-06,0.41681663504659794,0.0,0.5938115068724621
lmh,CPA,26,0.065,Light_nC4,8.084439438635761e-08,0.02174059129250242,0.03727916912417341,0.5938115068724621
lmh,CPA,26,0.065,Middle_nC10,3.189970439570726e-07,0.08578435658808582,0.14709671390393692,0.5938115068724621
lmh,CPA,26,0.065,Heavy_squalane,1.768779705466737e-06,0.47565841707281387,0.8156241169718897,0.5938115068724621
lmh,CPA,27,0.0675,H2O,1.55074076392823e-06,0.41682198228555456,0.0,0.5935442183190742
lmh,CPA,27,0.0675,Light_nC4,8.084153974237623e-08,0.02172931261642724,0.03726017091931447,0.5935442183190742
lmh,CPA,27,0.0675,Middle_nC10,3.190222797272758e-07,0.08574966372350681,0.1470385733323274,0.5935442183190742
lmh,CPA,27,0.0675,Heavy_squalane,1.769786446425145e-06,0.47569904137451136,0.8157012557483581,0.5935442183190742
lmh,CPA,28,0.07,H2O,1.551493573143511e-06,0.4168263743477573,0.0,0.5932810734986425
lmh,CPA,28,0.07,Light_nC4,8.08386953499699e-08,0.021718233883147423,0.03724145422189996,0.5932810734986425
lmh,CPA,28,0.07,Middle_nC10,3.190474128875126e-07,0.08571571204738254,0.14698146191284792,0.5932810734986425
lmh,CPA,28,0.07,Heavy_squalane,1.770778196875298e-06,0.47573967972171277,0.815777083865252,0.5932810734986425
lmh,CPA,29,0.0725,H2O,1.552214708500194e-06,0.41682979727081676,0.0,0.5930274009728063
lmh,CPA,29,0.0725,Light_nC4,8.083592148891932e-08,0.021707577297075772,0.03722339926746308,0.5930274009728063
lmh,CPA,29,0.0725,Middle_nC10,3.190719097820988e-07,0.08568317175514509,0.1469265256594999,0.5930274009728063
lmh,CPA,29,0.0725,Heavy_squalane,1.771734820387018e-06,0.47577945367696234,0.8158500750730371,0.5930274009728063
lmh,CPA,30,0.075,H2O,1.552930139099547e-06,0.41683242577113594,0.0,0.5927741688957583
lmh,CPA,30,0.075,Light_nC4,8.083312221731955e-08,0.021696962128661568,0.037205364439804385,0.5927741688957583
lmh,CPA,30,0.075,Middle_nC10,3.190966272473702e-07,0.08565087240050209,0.14687180183802265,0.5927741688957583
lmh,CPA,30,0.075,Heavy_squalane,1.77269033998778e-06,0.47581973969970043,0.8159228337221729,0.5927741688957583
lmh,CPA,31,0.0775,H2O,1.553579273271131e-06,0.41683414646799927,0.0,0.5925430455676408
lmh,CPA,31,0.0775,Light_nC4,8.083054016283588e-08,0.021687293205438465,0.03718889416121891,0.5925430455676408
lmh,CPA,31,0.0775,Middle_nC10,3.191194116500934e-07,0.08562155138466637,0.14682195616579935,0.5925430455676408
lmh,CPA,31,0.0775,Heavy_squalane,1.773562920401676e-06,0.4758570089418959,0.8159891496729818,0.5925430455676408
lmh,CPA,32,0.08,H2O,1.554227910029664e-06,0.4168352251689486,0.0,0.5923107875819384
lmh,CPA,32,0.08,Light_nC4,8.082792077435155e-08,0.021677595890857295,0.037172334177998846,0.5923107875819384
lmh,CPA,32,0.08,Middle_nC10,3.191425262841232e-07,0.08559223904433075,0.14677196349715682,0.5923107875819384
lmh,CPA,32,0.08,Heavy_squalane,1.774440242012299e-06,0.47589493989586334,0.8160557023248443,0.5923107875819384
lmh,CPA,33,0.0825,H2O,1.554846581175235e-06,0.41683565376332793,0.0,0.5920880295762581
lmh,CPA,33,0.0825,Light_nC4,8.082538503070014e-08,0.021668312885557643,0.03715644316287429,0.5920880295762581
lmh,CPA,33,0.0825,Middle_nC10,3.191648986818671e-07,0.08556426776190632,0.14672410670178526,0.5920880295762581
lmh,CPA,33,0.0825,Heavy_squalane,1.775282109191248e-06,0.4759317655892081,0.8161194501353405,0.5920880295762581
lmh,CPA,34,0.085,H2O,1.555454571482653e-06,0.41683549783565155,0.0,0.5918679330428545
lmh,CPA,34,0.085,Light_nC4,8.082285760186644e-08,0.02165915784532425,0.03714073432957383,0.5918679330428545
lmh,CPA,34,0.085,Middle_nC10,3.191871992063463e-07,0.08553676688681645,0.14667690946440756,0.5918679330428545
lmh,CPA,34,0.085,Heavy_squalane,1.776114326858324e-06,0.4759685774322078,0.8161823562060185,0.5918679330428545
lmh,CPA,35,0.0875,H2O,1.556046140061231e-06,0.41683479268314705,0.0,0.591652644811618
lmh,CPA,35,0.0875,Light_nC4,8.082036441782007e-08,0.021650219090131068,0.037125361421583895,0.591652644811618
lmh,CPA,35,0.0875,Middle_nC10,3.192091994943722e-07,0.08550999682345801,0.1466308273377455,0.591652644811618
lmh,CPA,35,0.0875,Heavy_squalane,1.776928755767164e-06,0.47600499140326386,0.8162438112406707,0.591652644811618
lmh,CPA,36,0.09,H2O,1.556589381910558e-06,0.41683366274411426,0.0,0.5914539520100268
lmh,CPA,36,0.09,Light_nC4,8.081804428699472e-08,0.021641983304945704,0.03711116695586887,0.5914539520100268
lmh,CPA,36,0.09,Middle_nC10,3.192296645715428e-07,0.08548540282126708,0.14658837000695604,0.5914539520100268
lmh,CPA,36,0.09,Heavy_squalane,1.777680746382451e-06,0.4760389511296729,0.8163004630371752,0.5914539520100268
lmh,CPA,37,0.0925,H2O,1.557153310814635e-06,0.4168319924077857,0.0,0.5912466689736796
lmh,CPA,37,0.0925,Light_nC4,8.081560637811593e-08,0.021633406287149777,0.03709635303292758,0.5912466689736796
lmh,CPA,37,0.0925,Middle_nC10,3.19251183355075e-07,0.08545986185960111,0.146544153223439,0.5912466689736796
lmh,CPA,37,0.0925,Heavy_squalane,1.778465593393046e-06,0.47607473944546347,0.8163594937436334,0.5912466689736796
lmh,CPA,38,0.095,H2O,1.557678535270979e-06,0.41682998173752,0.0,0.5910526748887454
lmh,CPA,38,0.095,Light_nC4,8.08133071506723e-08,0.02162539226227657,0.03708248295532772,0.5910526748887454
lmh,CPA,38,0.095,Middle_nC10,3.192714736522405e-07,0.08543606367961097,0.14650283965928595,0.5910526748887454
lmh,CPA,38,0.095,Heavy_squalane,1.77920044257401e-06,0.47610856232059245,0.8164146773853863,0.5910526748887454
lmh,CPA,39,0.0975,H2O,1.558176692975937e-06,0.41682766603660304,0.0,0.5908678351964922
lmh,CPA,39,0.0975,Light_nC4,8.081110091301963e-08,0.0216177682128522,0.03706926229838785,0.5908678351964922
lmh,CPA,39,0.0975,Middle_nC10,3.192909422496196e-07,0.0854134828511339,0.14646353723716754,0.5908678351964922
lmh,CPA,39,0.0975,Heavy_squalane,1.77990090004495e-06,0.4761410828994109,0.8164672004644445,0.5908678351964922
lmh,CPA,40,0.1,H2O,1.558680526312497e-06,0.41682491415762407,0.0,0.5906800431622172
lmh,CPA,40,0.1,Light_nC4,8.080884504077306e-08,0.021610034467412022,0.037055825929526956,0.5906800431622172
lmh,CPA,40,0.1,Middle_nC10,3.193108593618546e-07,0.08539063605162274,0.14642366953704644,0.5906800431622172
lmh,CPA,40,0.1,Heavy_squalane,1.780612825873608e-06,0.4761744153233412,0.8165205045334267,0.5906800431622172
lmh,CPA,41,0.1025,H2O,1.55915817130131e-06,0.416821925420784,0.0,0.5905012273678112
lmh,CPA,41,0.1025,Light_nC4,8.080668270020265e-08,0.021602681299391864,0.03704302723482699,0.5905012273678112
lmh,CPA,41,0.1025,Middle_nC10,3.193299501053225e-07,0.08536896839422771,0.146385764684011,0.5905012273678112
lmh,CPA,41,0.1025,Heavy_squalane,1.78129098616159e-06,0.4762064248855964,0.816571208081162,0.5905012273678112
lmh,CPA,42,0.105,H2O,1.559639704304414e-06,0.41681853404969865,0.0,0.5903201736867816
lmh,CPA,42,0.105,Light_nC4,8.080448018362682e-08,0.021595247211155483,0.03703006434877995,0.5903201736867816
lmh,CPA,42,0.105,Middle_nC10,3.193494064318351e-07,0.08534711643412873,0.1463474431497142,0.5903201736867816
lmh,CPA,42,0.105,Heavy_squalane,1.781977892107443e-06,0.47623910230501715,0.8166224925015058,0.5903201736867816
lmh,CPA,43,0.1075,H2O,1.560080717610782e-06,0.4168150988420272,0.0,0.5901536734170764
lmh,CPA,43,0.1075,Light_nC4,8.080244157957674e-08,0.021588419941019368,0.037018139355380036,0.5901536734170764
lmh,CPA,43,0.1075,Middle_nC10,3.193674057464486e-07,0.08532709576527094,0.1463122512188593,0.5901536734170764
lmh,CPA,43,0.1075,Heavy_squalane,1.782609811150605e-06,0.47626938545168246,0.8166696094257607,0.5901536734170764
lmh,CPA,44,0.11,H2O,1.560510685423521e-06,0.41681144538589116,0.0,0.5899907126752384
lmh,CPA,44,0.11,Light_nC4,8.08004350913964e-08,0.021581746573631114,0.03700646455229489,0.5899907126752384
lmh,CPA,44,0.11,Middle_nC10,3.193851226933643e-07,0.08530757005899119,0.14627785367879606,0.5899907126752384
lmh,CPA,44,0.11,Heavy_squalane,1.783228504296609e-06,0.4762992379814866,0.8167156817689091,0.5899907126752384
lmh,CPA,45,0.1125,H2O,1.560950334175076e-06,0.416807398195048,0.0,0.5898234372224255
lmh,CPA,45,0.1125,Light_nC4,8.07983648679554e-08,0.02157490568514745,0.03699447767062579,0.5898234372224255
lmh,CPA,45,0.1125,Middle_nC10,3.194034128966378e-07,0.08528759857976008,0.14624259346877724,0.5898234372224255
lmh,CPA,45,0.1125,Heavy_squalane,1.783863789732542e-06,0.47633009754004446,0.816762928860597,0.5898234372224255
lmh,CPA,46,0.115,H2O,1.561360981922308e-06,0.4168033443395662,0.0,0.5896666283226817
lmh,CPA,46,0.115,Light_nC4,8.079641292312477e-08,0.021568500498544318,0.03698323762525582,0.5896666283226817
lmh,CPA,46,0.115,Middle_nC10,3.194206471217032e-07,0.08526893877386454,0.14620958118716026,0.5896666283226817
lmh,CPA,46,0.115,Heavy_squalane,1.784459515376167e-06,0.476359216388025,0.816807181187584,0.5896666283226817
lmh,CPA,47,0.1175,H2O,1.561758398216115e-06,0.416799176218771,0.0,0.589514363908449
lmh,CPA,47,0.1175,Light_nC4,8.079450761679416e-08,0.021562287903267027,0.03697232072387383,0.589514363908449
lmh,CPA,47,0.1175,Middle_nC10,3.194374617575418e-07,0.0852508755938411,0.14617756374401233,0.589514363908449
lmh,CPA,47,0.1175,Heavy_squalane,1.785038147159717e-06,0.47638766028412083,0.8168501155321137,0.589514363908449
lmh,CPA,48,0.12,H2O,1.562145304275143e-06,0.4167948990940467,0.0,0.5893656709651158
lmh,CPA,48,0.12,Light_nC4,8.079263749445373e-08,0.02155622725996537,0.03696165761664264,0.5893656709651158
lmh,CPA,48,0.12,Middle_nC10,3.194539530932187e-07,0.08523328641727368,0.1461463321992073,0.5893656709651158
lmh,CPA,48,0.12,Heavy_squalane,1.78560336052695e-06,0.4764155872287143,0.81689201018415,0.5893656709651158
lmh,CPA,49,0.1225,H2O,1.562534867560775e-06,0.4167903853057491,0.0,0.5892155267397395
lmh,CPA,49,0.1225,Light_nC4,8.079074017221674e-08,0.02155011348839879,0.03695088857493628,0.5892155267397395
lmh,CPA,49,0.1225,Middle_nC10,3.194706737513716e-07,0.08521557372641633,0.14611483003600825,0.5892155267397395
lmh,CPA,49,0.1225,Heavy_squalane,1.786174238587809e-06,0.47644392747943587,0.8169342813890555,0.5892155267397395
lmh,CPA,50,0.125,H2O,1.562899478419385e-06,0.41678601255514436,0.0,0.5890746927401543
lmh,CPA,50,0.125,Light_nC4,8.078895072971086e-08,0.021544382794985373,0.036940785472883486,0.5890746927401543
lmh,CPA,50,0.125,Middle_nC10,3.194864036651727e-07,0.08519899461727211,0.14608530736812603,0.5890746927401543
lmh,CPA,50,0.125,Heavy_squalane,1.786709835430446e-06,0.4764706100325981,0.8169739071589905,0.5890746927401543
lmh,CPA,51,0.1275,H2O,1.563255835643312e-06,0.41678162911005534,0.0,0.5889368200706653
lmh,CPA,51,0.1275,Light_nC4,8.078719014057274e-08,0.021538775643946694,0.036930893673805656,0.5889368200706653
lmh,CPA,51,0.1275,Middle_nC10,3.19501837421605e-07,0.08518279175297847,0.1460564275830275,0.5889368200706653
lmh,CPA,51,0.1275,Heavy_squalane,1.787234265378699e-06,0.4764968034930195,0.817012678743167,0.5889368200706653
lmh,CPA,52,0.13,H2O,1.563607501728236e-06,0.4167772389948465,0.0,0.5888006307689854
lmh,CPA,52,0.13,Light_nC4,8.078544230743493e-08,0.021533238717936352,0.03692112200975311,0.5888006307689854
lmh,CPA,52,0.13,Middle_nC10,3.195171026138211e-07,0.08516680541109777,0.14602791781362798,0.5888006307689854
lmh,CPA,52,0.13,Heavy_squalane,1.787752365384411e-06,0.47652271687611947,0.8170509601766189,0.5888006307689854
lmh,CPA,53,0.1325,H2O,1.563949196820582e-06,0.41677298205675106,0.0,0.5886683236892299
lmh,CPA,53,0.1325,Light_nC4,8.078373488878254e-08,0.02152785919115913,0.036911628797782994,0.5886683236892299
lmh,CPA,53,0.1325,Middle_nC10,3.195319271362331e-07,0.08515127883030975,0.14600023011724642,0.5886683236892299
lmh,CPA,53,0.1325,Heavy_squalane,1.788255731866836e-06,0.4765478799217801,0.8170881410849706,0.5886683236892299
lmh,CPA,54,0.135,H2O,1.564279980050422e-06,0.41676895911061607,0.0,0.5885404509001794
lmh,CPA,54,0.135,Light_nC4,8.078207497655718e-08,0.021522656897833767,0.0369024544115713,0.5885404509001794
lmh,CPA,54,0.135,Middle_nC10,3.195462197817847e-07,0.0851362589207936,0.14597347012080691,0.5885404509001794
lmh,CPA,54,0.135,Heavy_squalane,1.7887422227633e-06,0.4765721250707565,0.8171240754676218,0.5885404509001794
lmh,CPA,55,0.1375,H2O,1.564598406130956e-06,0.4167652998278617,0.0,0.5884178055522726
lmh,CPA,55,0.1375,Light_nC4,8.078047237498964e-08,0.021517660798882978,0.03689365669177806,0.5884178055522726
lmh,CPA,55,0.1375,Middle_nC10,3.195598536428295e-07,0.08512181636803626,0.14594779141726832,0.5884178055522726
lmh,CPA,55,0.1375,Heavy_squalane,1.789208762321586e-06,0.476595223005219,0.8171585518909537,0.5884178055522726
lmh,CPA,56,0.14,H2O,1.564925418694911e-06,0.4167617874514239,0.0,0.5882923721451021
lmh,CPA,56,0.14,Light_nC4,8.07788235116781e-08,0.021512543967127748,0.036884661368678816,0.5882923721451021
lmh,CPA,56,0.14,Middle_nC10,3.19573714198556e-07,0.0851070030308236,0.14592151405672052,0.5882923721451021
lmh,CPA,56,0.14,Heavy_squalane,1.789685828218013e-06,0.4766186655506247,0.8171938245746005,0.5882923721451021
lmh,CPA,57,0.1425,H2O,1.565230349961808e-06,0.4167590721100959,0.0,0.5881765871248914
lmh,CPA,57,0.1425,Light_nC4,8.077728719163475e-08,0.021507803792826952,0.03687636234761441,0.5881765871248914
lmh,CPA,57,0.1425,Middle_nC10,3.195863146711113e-07,0.085093223476447,0.14589720886753282,0.5881765871248914
lmh,CPA,57,0.1425,Heavy_squalane,1.790125970568206e-06,0.4766399006206302,0.8172264287848527,0.5881765871248914
lmh,CPA,58,0.145,H2O,1.56552979408668e-06,0.4167570646951816,0.0,0.5880642734989311
lmh,CPA,58,0.145,Light_nC4,8.07757828496333e-08,0.02150318587740954,0.03686831777254429,0.5880642734989311
lmh,CPA,58,0.145,Middle_nC10,3.195983091792489e-07,0.08507973065615905,0.14587357258205635,0.5880642734989311
lmh,CPA,58,0.145,Heavy_squalane,1.790552636659204e-06,0.47666001877124986,0.8172581096453992,0.5880642734989311
lmh,CPA,59,0.1475,H2O,1.565835418991839e-06,0.41675576572699424,0.0,0.5879512211376317
lmh,CPA,59,0.1475,Light_nC4,8.077425396687082e-08,0.021498514885213107,0.03686022702309313,0.5879512211376317
lmh,CPA,59,0.1475,Middle_nC10,3.196101210399987e-07,0.08506600317795991,0.14584971128603066,0.5879512211376317
lmh,CPA,59,0.1475,Heavy_squalane,1.790981780070399e-06,0.47667971620983274,0.8172900616908763,0.5879512211376317
lmh,CPA,60,0.15,H2O,1.566122932990173e-06,0.4167558645983149,0.0,0.5878476476966037
lmh,CPA,60,0.15,Light_nC4,8.077283105442913e-08,0.021494194569944055,0.036852825884208545,0.5878476476966037
lmh,CPA,60,0.15,Middle_nC10,3.196204727998973e-07,0.08505316133179898,0.14582771805021605,0.5878476476966037
lmh,CPA,60,0.15,Heavy_squalane,1.791374331773321e-06,0.47669677949994205,0.8173194560655753,0.5878476476966037
lmh,CPA,61,0.1525,H2O,1.566411739286646e-06,0.4167573027559308,0.0,0.5877464275908348
lmh,CPA,61,0.1525,Light_nC4,8.077141892097691e-08,0.02148993003883233,0.03684560499492967,0.5877464275908348
lmh,CPA,61,0.1525,Middle_nC10,3.196301024609059e-07,0.08504033520705917,0.14580608657234911,0.5877464275908348
lmh,CPA,61,0.1525,Heavy_squalane,1.791757324485674e-06,0.47671243199817775,0.8173483084327213,0.5877464275908348
lmh,CPA,62,0.155,H2O,1.566694884485707e-06,0.4167605476628719,0.0,0.5876510541417325
lmh,CPA,62,0.155,Light_nC4,8.077005997203304e-08,0.021485852007334234,0.03683881795245023,0.5876510541417325
lmh,CPA,62,0.155,Middle_nC10,3.196384891714102e-07,0.0850278590428532,0.14578550662533854,0.5876510541417325
lmh,CPA,62,0.155,Heavy_squalane,1.792117282610636e-06,0.4767257412869406,0.8173756754222112,0.5876510541417325
lmh,CPA,63,0.1575,H2O,1.566986130161296e-06,0.41676570960214754,0.0,0.5875567945391378
lmh,CPA,63,0.1575,Light_nC4,8.076868847657907e-08,0.02148175986925382,0.03683212771080395,0.5875567945391378
lmh,CPA,63,0.1575,Middle_nC10,3.196460689605884e-07,0.08501512437648955,0.14576496234214315,0.5875567945391378
lmh,CPA,63,0.1575,Heavy_squalane,1.792472091532115e-06,0.47673740615210913,0.8174029099470529,0.5875567945391378
lmh,CPA,64,0.16,H2O,1.567274975070287e-06,0.4167734186410019,0.0,0.5874687645334284
lmh,CPA,64,0.16,Light_nC4,8.076736718304838e-08,0.021477846753727773,0.036825905128811925,0.5874687645334284
lmh,CPA,64,0.16,Middle_nC10,3.196520984783883e-07,0.08500263194251124,0.14574546952994397,0.5874687645334284
lmh,CPA,64,0.16,Heavy_squalane,1.792802042419228e-06,0.476746102662759,0.817428625341244,0.5874687645334284
lmh,CPA,65,0.1625,H2O,1.567555187761475e-06,0.4167842760330327,0.0,0.5873904794273046
lmh,CPA,65,0.1625,Light_nC4,8.07661381076915e-08,0.021474240053563125,0.036820406534134195,0.5873904794273046
lmh,CPA,65,0.1625,Middle_nC10,3.196560066071036e-07,0.08499069017378953,0.145727707057849,0.5873904794273046
lmh,CPA,65,0.1625,Heavy_squalane,1.793093508970821e-06,0.4767507937396146,0.8174518864080168,0.5873904794273046
lmh,CPA,66,0.165,H2O,1.567845140954406e-06,0.41679840103889193,0.0,0.5873155620122869
lmh,CPA,66,0.165,Light_nC4,8.076491197807633e-08,0.02147067034440489,0.036815177432043884,0.5873155620122869
lmh,CPA,66,0.165,Middle_nC10,3.196583905230056e-07,0.08497848580093213,0.1457103100408322,0.5873155620122869
lmh,CPA,66,0.165,Heavy_squalane,1.793370605654272e-06,0.476752442815771,0.8174745125271239,0.5873155620122869
lmh,CPA,67,0.1675,H2O,1.568134239487695e-06,0.41681653785746325,0.0,0.5872494026223437
lmh,CPA,67,0.1675,Light_nC4,8.076375477072957e-08,0.021467338573579332,0.036810609297306285,0.5872494026223437
lmh,CPA,67,0.1675,Middle_nC10,3.196584381897041e-07,0.08496652910702668,0.14569433912764124,0.5872494026223437
lmh,CPA,67,0.1675,Heavy_squalane,1.79361252454259e-06,0.4767495944619307,0.8174950515750524,0.5872494026223437
lmh,CPA,68,0.17,H2O,1.56843092297097e-06,0.4168390314834431,0.0,0.5871896846776802
lmh,CPA,68,0.17,Light_nC4,8.076263041395673e-08,0.021464137278063657,0.036806539595172265,0.5871896846776802
lmh,CPA,68,0.17,Middle_nC10,3.196562569666586e-07,0.08495446156417741,0.14567926550414428,0.5871896846776802
lmh,CPA,68,0.17,Heavy_squalane,1.793827876978346e-06,0.4767423696743158,0.8175141949006836,0.5871896846776802
lmh,CPA,69,0.1725,H2O,1.568735496099331e-06,0.41686638013569566,0.0,0.5871373482926737
lmh,CPA,69,0.1725,Light_nC4,8.07615460113489e-08,0.02146108979087045,0.03680303974904493,0.5871373482926737
lmh,CPA,69,0.1725,Middle_nC10,3.196515707939364e-07,0.08494229495851219,0.14566523360165431,0.5871373482926737
lmh,CPA,69,0.1725,Heavy_squalane,1.794012848062052e-06,0.4767302351149217,0.8175317266493007,0.5871373482926737
lmh,CPA,70,0.175,H2O,1.569048894565837e-06,0.4168990181896903,0.0,0.5870929723472256
lmh,CPA,70,0.175,Light_nC4,8.076050451796233e-08,0.02145820640685573,0.036800154820930076,0.5870929723472256
lmh,CPA,70,0.175,Middle_nC10,3.196441634159148e-07,0.08493000974009371,0.14565231819095537,0.5870929723472256
lmh,CPA,70,0.175,Heavy_squalane,1.794165026431371e-06,0.4767127656633603,0.8175475269881145,0.5870929723472256
lmh,CPA,71,0.1775,H2O,1.569369000177656e-06,0.41693735896070433,0.0,0.5870581915730776
lmh,CPA,71,0.1775,Light_nC4,8.075952394326153e-08,0.021455542080935412,0.03679800517263703,0.5870581915730776
lmh,CPA,71,0.1775,Middle_nC10,3.196337197908319e-07,0.08491772103902213,0.14564081980567004,0.5870581915730776
lmh,CPA,71,0.1775,Heavy_squalane,1.794278004459389e-06,0.47668937791933813,0.8175611750216929,0.5870581915730776
lmh,CPA,72,0.18,H2O,1.569700633029917e-06,0.4169815120348438,0.0,0.5870315007479753
lmh,CPA,72,0.18,Light_nC4,8.075858195696062e-08,0.021453030536913522,0.03679648412486646,0.5870315007479753
lmh,CPA,72,0.18,Middle_nC10,3.196203509067003e-07,0.08490521975577436,0.14563040711128988,0.5870315007479753
lmh,CPA,72,0.18,Heavy_squalane,1.794357436048968e-06,0.4766602376724683,0.8175731087638436,0.5870315007479753
lmh,CPA,73,0.1825,H2O,1.570039233980327e-06,0.4170315944566314,0.0,0.5870147901304941
lmh,CPA,73,0.1825,Light_nC4,8.075770389246235e-08,0.021450746764811155,0.0367957277973195,0.5870147901304941
lmh,CPA,73,0.1825,Middle_nC10,3.196038236251912e-07,0.08489271431959615,0.14562146681083005,0.5870147901304941
lmh,CPA,73,0.1825,Heavy_squalane,1.794396090467155e-06,0.47662494445896125,0.8175828053918505,0.5870147901304941
lmh,CPA,74,0.185,H2O,1.570384237485954e-06,0.4170873404758891,0.0,0.5870077050387649
lmh,CPA,74,0.185,Light_nC4,8.075688836860595e-08,0.02144868433517462,0.03679570855895511,0.5870077050387649
lmh,CPA,74,0.185,Middle_nC10,3.195842698458505e-07,0.08488021592812689,0.14561395183529377,0.5870077050387649
lmh,CPA,74,0.185,Heavy_squalane,1.794395443724191e-06,0.4765837592608095,0.817590339605751,0.5870077050387649
lmh,CPA,75,0.1875,H2O,1.570741297517695e-06,0.417147940876501,0.0,0.5870065055393476
lmh,CPA,75,0.1875,Light_nC4,8.075609233720635e-08,0.021446712889599002,0.03679615187746075,0.5870065055393476
lmh,CPA,75,0.1875,Middle_nC10,3.195623573852505e-07,0.08486743143225725,0.1456071572602524,0.5870065055393476
lmh,CPA,75,0.1875,Heavy_squalane,1.794370076570777e-06,0.4765379148016427,0.8175966908622868,0.5870065055393476
lmh,CPA,76,0.19,H2O,1.57110431790817e-06,0.41721235399002377,0.0,0.5870111978486071
lmh,CPA,76,0.19,Light_nC4,8.075532907638086e-08,0.02144486560004805,0.03679704905700928,0.5870111978486071
lmh,CPA,76,0.19,Middle_nC10,3.195384636359998e-07,0.08485457845436542,0.14560119631107088,0.5870111978486071
lmh,CPA,76,0.19,Heavy_squalane,1.794320480602512e-06,0.47648820195556274,0.8176017546319199,0.5870111978486071
lmh,CPA,77,0.1925,H2O,1.571467199104767e-06,0.41727888016416326,0.0,0.5870204030375327
lmh,CPA,77,0.1925,Light_nC4,8.075460040929368e-08,0.021443138772537635,0.036798286594758325,0.5870204030375327
lmh,CPA,77,0.1925,Middle_nC10,3.195133434377279e-07,0.08484184093893657,0.1455959601444308,0.5870204030375327
lmh,CPA,77,0.1925,Heavy_squalane,1.794252722253683e-06,0.47643614012436253,0.8176057532608108,0.5870204030375327
lmh,CPA,78,0.195,H2O,1.571821835379103e-06,0.41734503240600135,0.0,0.5870318094835069
lmh,CPA,78,0.195,Light_nC4,8.075390515008639e-08,0.021441514809880102,0.03679967734321424,0.5870318094835069
lmh,CPA,78,0.195,Middle_nC10,3.194881322620329e-07,0.08482945198434137,0.1455912275744152,0.5870318094835069
lmh,CPA,78,0.195,Heavy_squalane,1.794176799387198e-06,0.4763840007997772,0.8176090950823706,0.5870318094835069
lmh,CPA,79,0.1975,H2O,1.572164824044076e-06,0.41740715270979983,0.0,0.5870389494745774
lmh,CPA,79,0.1975,Light_nC4,8.07531971320545e-08,0.02143983987658476,0.03680072622983162,0.5870389494745774
lmh,CPA,79,0.1975,Middle_nC10,3.194648063692718e-07,0.08481737612890826,0.1455860237958932,0.5870389494745774
lmh,CPA,79,0.1975,Heavy_squalane,1.794119049189603e-06,0.47633563128470713,0.8176132499742752,0.5870389494745774
lmh,CPA,80,0.2,H2O,1.572480617228759e-06,0.41746057862182817,0.0,0.5870376157530447
lmh,CPA,80,0.2,Light_nC4,8.075247570791755e-08,0.021438086336213472,0.03680109113559259,0.5870376157530447
lmh,CPA,80,0.2,Middle_nC10,3.194454817910318e-07,0.08480606641856793,0.14557996129761266,0.5870376157530447
lmh,CPA,80,0.2,Heavy_squalane,1.794097733636602e-06,0.47629526862339044,0.8176189475667947,0.5870376157530447
lmh,CPA,81,0.2025,H2O,1.572753848408313e-06,0.4174990315676077,0.0,0.5870201365459305
lmh,CPA,81,0.2025,Light_nC4,8.075171121172261e-08,0.021436133354523938,0.03680016775287458,0.5870201365459305
lmh,CPA,81,0.2025,Middle_nC10,3.194332092727309e-07,0.08479588567331539,0.14557209389971545,0.5870201365459305
lmh,CPA,81,0.2025,Heavy_squalane,1.794145055237324e-06,0.476268949404553,0.81762773834741,0.5870201365459305
lmh,CPA,82,0.205,H2O,1.572966890687502e-06,0.41751431132927114,0.0,0.5869756097204364
lmh,CPA,82,0.205,Light_nC4,8.075085202600822e-08,0.02143378641501788,0.03679710391500126,0.5869756097204364
lmh,CPA,82,0.205,Middle_nC10,3.194320619795152e-07,0.08478719937682538,0.14556100008279246,0.5869756097204364
lmh,CPA,82,0.205,Heavy_squalane,1.79430641897397e-06,0.4762647028788856,0.8176418960022063,0.5869756097204364
lmh,CPA,83,0.2075,H2O,1.573087721109218e-06,0.41749618671276656,0.0,0.5868940339667499
lmh,CPA,83,0.2075,Light_nC4,8.074988641371256e-08,0.021430953406363397,0.03679109547012659,0.5868940339667499
lmh,CPA,83,0.2075,Middle_nC10,3.194467652106601e-07,0.08478090861909375,0.14554567143629699,0.5868940339667499
lmh,CPA,83,0.2075,Heavy_squalane,1.794624823025094e-06,0.47629195126177626,0.8176632330935765,0.5868940339667499
lmh,CPA,84,0.21,H2O,1.5730901357398e-06,0.417431357877968,0.0,0.586756841663211
lmh,CPA,84,0.21,Light_nC4,8.074871817468362e-08,0.02142728271492951,0.03678070044566712,0.586756841663211
lmh,CPA,84,0.21,Middle_nC10,3.194840199910015e-07,0.08477749955658913,0.14552362318676018,0.586756841663211
lmh,CPA,84,0.21,Heavy_squalane,1.795177278399023e-06,0.4763638598505134,0.8176956763675727,0.586756841663211
lmh,CPA,85,0.2125,H2O,1.57292842341418e-06,0.4173035375593379,0.0,0.586546159972011
lmh,CPA,85,0.2125,Light_nC4,8.074730084618359e-08,0.021422547771334753,0.036764506311922705,0.586546159972011
lmh,CPA,85,0.2125,Middle_nC10,3.195515542831759e-07,0.08477817048121375,0.14549285253271463,0.586546159972011
lmh,CPA,85,0.2125,Heavy_squalane,1.796039650305631e-06,0.47649574418811363,0.8177426411553625,0.586546159972011
lmh,CPA,86,0.215,H2O,1.572551960665376e-06,0.41709238867808596,0.0,0.5862372880919156
lmh,CPA,86,0.215,Light_nC4,8.074554219308383e-08,0.021416367732720622,0.0367405868730256,0.5862372880919156
lmh,CPA,86,0.215,Middle_nC10,3.196592668144292e-07,0.0847841282791715,0.14545037092052823,0.5862372880919156
lmh,CPA,86,0.215,Heavy_squalane,1.797315724748196e-06,0.47670711531002186,0.8178090422064461,0.5862372880919156
lmh,CPA,87,0.2175,H2O,1.571897399528478e-06,0.4167729643013336,0.0,0.5858002664623801
lmh,CPA,87,0.2175,Light_nC4,8.074333501479409e-08,0.021408292355331763,0.036706618597826285,0.5858002664623801
lmh,CPA,87,0.2175,Middle_nC10,3.198192863693736e-07,0.0847969034498591,0.14539261429861214,0.5858002664623801
lmh,CPA,87,0.2175,Heavy_squalane,1.799131550924463e-06,0.4770218398934755,0.8179007671035615,0.5858002664623801
lmh,CPA,88,0.22,H2O,1.570886353686979e-06,0.41631492887382987,0.0,0.5851989680622578
lmh,CPA,88,0.22,Light_nC4,8.074055484996437e-08,0.021397791298335026,0.03665982283399818,0.5851989680622578
lmh,CPA,88,0.22,Middle_nC10,3.20046364043179e-07,0.08481840775447583,0.14531536259926264,0.5851989680622578
lmh,CPA,88,0.22,Heavy_squalane,1.801639296191723e-06,0.4774688720733593,0.8180248145667391,0.5851989680622578
lmh,CPA,89,0.2225,H2O,1.569427954666215e-06,0.41568156357121255,0.0,0.5843879125367673
lmh,CPA,89,0.2225,Light_nC4,8.073702759058756e-08,0.021384157053635045,0.03659675225092987,0.5843879125367673
lmh,CPA,89,0.2225,Middle_nC10,3.203585848360182e-07,0.0848507617391197,0.14521322013679216,0.5843879125367673
lmh,CPA,89,0.2225,Heavy_squalane,1.805029866605107e-06,0.4780835176360327,0.818190027612278,0.5843879125367673
lmh,CPA,90,0.225,H2O,1.567405631595635e-06,0.4148292620927093,0.0,0.5833157255395186
lmh,CPA,90,0.225,Light_nC4,8.07325886908184e-08,0.02136667083386258,0.036513566810047374,0.5833157255395186
lmh,CPA,90,0.225,Middle_nC10,3.207772462023469e-07,0.08489684205280451,0.14508046379150083,0.5833157255395186
lmh,CPA,90,0.225,Heavy_squalane,1.809520084775032e-06,0.47890722502062355,0.8184059693984517,0.5833157255395186
lmh,CPA,91,0.2275,H2O,1.564690213763545e-06,0.4137062467971492,0.0,0.5819172983656395
lmh,CPA,91,0.2275,Light_nC4,8.072698784160541e-08,0.021344326730886452,0.0364055162011961,0.5819172983656395
lmh,CPA,91,0.2275,Middle_nC10,3.213281858926823e-07,0.08495961475725533,0.14490963666785017,0.5819172983656395
lmh,CPA,91,0.2275,Heavy_squalane,1.815383178065628e-06,0.47998981171470906,0.8186848471309537,0.5819172983656395
lmh,CPA,92,0.23,H2O,1.561119633917589e-06,0.4122526003283672,0.0,0.5801206553278933
lmh,CPA,92,0.23,Light_nC4,8.071999288438649e-08,0.021316128656692242,0.03626749972624515,0.5801206553278933
lmh,CPA,92,0.23,Middle_nC10,3.220411674304271e-07,0.08504300746818044,0.14469312414770852,0.5801206553278933
lmh,CPA,92,0.23,Heavy_squalane,1.822922812765169e-06,0.4813882635467602,0.8190393761260463,0.5801206553278933
lmh,CPA,93,0.2325,H2O,1.556514773187937e-06,0.4103994194139024,0.0,0.5778385953981305
lmh,CPA,93,0.2325,Light_nC4,8.071128395235848e-08,0.021280790034749697,0.03609357035163592,0.5778385953981305
lmh,CPA,93,0.2325,Middle_nC10,3.229511819169022e-07,0.08515112085076701,0.1444217045480549,0.5778385953981305
lmh,CPA,93,0.2325,Heavy_squalane,1.832505448971015e-06,0.483168669700581,0.8194847251003092,0.5778385953981305
lmh,CPA,94,0.235,H2O,1.550667027597868e-06,0.40806959614578286,0.0,0.5749737764944564
lmh,CPA,94,0.235,Light_nC4,8.070052476395045e-08,0.0212369451101259,0.035877435880715826,0.5749737764944564
lmh,CPA,94,0.235,Middle_nC10,3.240978311422156e-07,0.08528876200508559,0.14408579361652593,0.5749737764944564
lmh,CPA,94,0.235,Heavy_squalane,1.844540895434454e-06,0.48540469673900566,0.8200367705027581,0.5749737764944564
lmh,CPA,95,0.2375,H2O,1.543343593671343e-06,0.4051789252167406,0.0,0.5714177097498626
lmh,CPA,95,0.2375,Light_nC4,8.068734209340135e-08,0.02118310574654953,0.03561256761836863,0.5714177097498626
lmh,CPA,95,0.2375,Middle_nC10,3.255252730831736e-07,0.08546119011967315,0.14367545761692027,0.5714177097498626
lmh,CPA,95,0.2375,Heavy_squalane,1.859485914568963e-06,0.4881767789170368,0.8207119747647111,0.5714177097498626
lmh,CPA,96,0.24,H2O,1.534293665496571e-06,0.40163837487156945,0.0,0.5670515065886117
lmh,CPA,96,0.24,Light_nC4,8.067131851544764e-08,0.02111766345382435,0.03529247626682563,0.5670515065886117
lmh,CPA,96,0.24,Middle_nC10,3.272816368723572e-07,0.08567386264752484,0.1431807439675565,0.5670515065886117
lmh,CPA,96,0.24,Heavy_squalane,1.877840705151606e-06,0.4915700990270813,0.8215267797656178,0.5670515065886117
lmh,CPA,97,0.2425,H2O,1.523252857639202e-06,0.39735809033937475,0.0,0.5617507420453106
lmh,CPA,97,0.2425,Light_nC4,8.065202319447779e-08,0.021039011190980797,0.03491129782664603,0.5617507420453106
lmh,CPA,97,0.2425,Middle_nC10,3.294174165323732e-07,0.08593233546313714,0.1425926973972479,0.5617507420453106
lmh,CPA,97,0.2425,Heavy_squalane,1.900128926285202e-06,0.4956705630065073,0.8224960047761061,0.5617507420453106
lmh,CPA,98,0.245,H2O,1.50995463134867e-06,0.39225298251684937,0.0,0.55539111637005
lmh,CPA,98,0.245,Light_nC4,8.062903307016923e-08,0.020945648327840682,0.03446441977548888,0.55539111637005
lmh,CPA,98,0.245,Middle_nC10,3.319832098482116e-07,0.08624193171430998,0.14190432734900418,0.55539111637005
lmh,CPA,98,0.245,Heavy_squalane,1.926873916878009e-06,0.500559437441,0.8236312528755069,0.55539111637005
lmh,CPA,99,0.2475,H2O,1.494149164155233e-06,0.38624967244771063,0.0,0.5478545336752668
lmh,CPA,99,0.2475,Light_nC4,8.060194118759235e-08,0.020836255261005993,0.033949073956674694,0.5478545336752668
lmh,CPA,99,0.2475,Middle_nC10,3.350268895195162e-07,0.0866071671038623,0.14111139858655908,0.5478545336752668
lmh,CPA,99,0.2475,Heavy_squalane,1.958572636185784e-06,0.5063069051874212,0.8249395274567662,0.5478545336752668
lmh,CPA,100,0.25,H2O,1.475620584310131e-06,0.37929507967241977,0.0,0.5390404168890236
lmh,CPA,100,0.25,Light_nC4,8.057041130615381e-08,0.02070990395535473,0.033365135795000576,0.5390404168890236
lmh,CPA,100,0.25,Middle_nC10,3.385894280014782e-07,0.08703138559841923,0.14021378395468165,0.5390404168890236
lmh,CPA,100,0.25,Heavy_squalane,1.995648594297678e-06,0.5129636307738064,0.8264210802503178,0.5390404168890236
lmh,CPA,101,0.2525,H2O,1.454212559044311e-06,0.3713649191370271,0.0,0.5288752522937744
lmh,CPA,101,0.2525,Light_nC4,8.053419949175025e-08,0.020566165720418413,0.03271558706552894,0.5288752522937744
lmh,CPA,101,0.2525,Middle_nC10,3.427007026255098e-07,0.08751610479994962,0.139216069010673,0.5288752522937744
lmh,CPA,101,0.2525,Heavy_squalane,2.038411264599577e-06,0.5205528103426048,0.828068343923798,0.5288752522937744
lmh,CPA,102,0.255,H2O,1.42985030830524e-06,0.3624715753678859,0.0,0.5173246438912326
lmh,CPA,102,0.255,Light_nC4,8.049320324606654e-08,0.020405281600135623,0.03200685775212375,0.5173246438912326
lmh,CPA,102,0.255,Middle_nC10,3.473748194384149e-07,0.08806061537603804,0.1381281398187907,0.5173246438912326
lmh,CPA,102,0.255,Heavy_squalane,2.087005629376086e-06,0.5290625276559405,0.8298650024290856,0.5173246438912326
lmh,CPA,103,0.2575,H2O,1.40256190445865e-06,0.35266918453744645,0.0,0.5044022250088936
lmh,CPA,103,0.2575,Light_nC4,8.044748691864251e-08,0.020228233434470118,0.031248679888684006,0.5044022250088936
lmh,CPA,103,0.2575,Middle_nC10,3.526063538055298e-07,0.0886616090626784,0.13696491337172756,0.5044022250088936
lmh,CPA,103,0.2575,Heavy_squalane,2.141374493695635e-06,0.538440972965405,0.8317864067395884,0.5044022250088936
lmh,CPA,104,0.26,H2O,1.37249062042109e-06,0.3420549410259997,0.0,0.4901764059883176
lmh,CPA,104,0.26,Light_nC4,8.039730783758848e-08,0.02003678275236459,0.030453580400178027,0.4901764059883176
lmh,CPA,104,0.26,Middle_nC10,3.583677245912186e-07,0.08931314289278139,0.13574559406534084,0.4901764059883176
lmh,CPA,104,0.26,Heavy_squalane,2.201230225308391e-06,0.5485951333288542,0.8338008255344811,0.4901764059883176
lmh,CPA,105,0.2625,H2O,1.339897556403203e-06,0.3307653988082946,0.0,0.4747713491882732
lmh,CPA,105,0.2625,Light_nC4,8.03431160984933e-08,0.019833398986976256,0.02963594373581243,0.4747713491882732
lmh,CPA,105,0.2625,Middle_nC10,3.646087544724759e-07,0.09000685127437684,0.1344922260655706,0.4747713491882732
lmh,CPA,105,0.2625,Heavy_squalane,2.266050580193091e-06,0.5593943509303524,0.8358718301986169,0.4747713491882732
lmh,CPA,106,0.265,H2O,1.30515083210245e-06,0.3189681586968651,0.0,0.45836298488948185
lmh,CPA,106,0.265,Light_nC4,8.028554069933462e-08,0.019621127655871425,0.028810881468224685,0.45836298488948185
lmh,CPA,106,0.265,Middle_nC10,3.71258399965798e-07,0.09073250794092075,0.13322799675167418,0.45836298488948185
lmh,CPA,106,0.265,Heavy_squalane,2.33509557218285e-06,0.5706782057063428,0.8379611217801012,0.45836298488948185
lmh,CPA,107,0.2675,H2O,1.268702226828206e-06,0.3068488576954086,0.0,0.44116671641535515
lmh,CPA,107,0.2675,Light_nC4,8.022533767699735e-08,0.019403334134565554,0.027992933936534077,0.44116671641535515
lmh,CPA,107,0.2675,Middle_nC10,3.782295626012461e-07,0.09147876213709988,0.13197520216579456,0.44116671641535515
lmh,CPA,107,0.2675,Heavy_squalane,2.407458971375411e-06,0.5822690460329258,0.8400318638976714,0.44116671641535515
lmh,CPA,108,0.27,H2O,1.23057408650765e-06,0.29444223021411126,0.0,0.423195486602057
lmh,CPA,108,0.27,Light_nC4,8.016419857828991e-08,0.019181068146579917,0.02718568056078622,0.423195486602057
lmh,CPA,108,0.27,Middle_nC10,3.855191204313366e-07,0.09224402728334197,0.13073915593238336,0.423195486602057
lmh,CPA,108,0.27,Heavy_squalane,2.483082241559865e-06,0.594132674355967,0.8420751635068303,0.423195486602057
lmh,CPA,109,0.2725,H2O,1.189396841423798e-06,0.28135291609797897,0.0,2.337440461518039e-07
lmh,CPA,109,0.2725,Light_nC4,8.011988662766203e-08,0.01895243282565619,0.026372378390169787,2.337440461518039e-07
lmh,CPA,109,0.2725,Middle_nC10,3.934063332549071e-07,0.09306062973917258,0.12949420073324935,2.337440461518039e-07
lmh,CPA,109,0.2725,Heavy_squalane,2.564496572082468e-06,0.6066340213371922,0.8441334208765809,2.337440461518039e-07
lmh,CPA,110,0.275,H2O,1.148149772134641e-06,0.2685351298968395,0.0,8.666565686556361e-07
lmh,CPA,110,0.275,Light_nC4,8.007343743865192e-08,0.018727984315057886,0.025603395433627083,8.666565686556361e-07
lmh,CPA,110,0.275,Middle_nC10,4.013069060868812e-07,0.09385970782730081,0.12831745127290053,8.666565686556361e-07
lmh,CPA,110,0.275,Heavy_squalane,2.646073499314576e-06,0.6188771779608018,0.8460791532934724,8.666565686556361e-07
lmh,CPA,111,0.2775,H2O,1.107076106946866e-06,0.25605490648766643,0.0,1.937087422858652e-06
lmh,CPA,111,0.2775,Light_nC4,8.002741264380986e-08,0.018509487769068172,0.024880179909085334,1.937087422858652e-06
lmh,CPA,111,0.2775,Middle_nC10,4.091760076250079e-07,0.09463805036707072,0.12721106865597165,1.937087422858652e-06
lmh,CPA,111,0.2775,Heavy_squalane,2.727309198861672e-06,0.6307975553761948,0.847908751434943,1.937087422858652e-06
lmh,CPA,112,0.28,H2O,1.066628355259778e-06,0.24403246953725438,0.0,3.477103574304756e-06
lmh,CPA,112,0.28,Light_nC4,7.998248619308833e-08,0.01829908564607304,0.024206179377666833,3.477103574304756e-06
lmh,CPA,112,0.28,Middle_nC10,4.169271216981657e-07,0.09538819648225368,0.12618028240427773,3.477103574304756e-06
lmh,CPA,112,0.28,Heavy_squalane,2.807308085665209e-06,0.642280248334419,0.8496135382180554,3.477103574304756e-06
lmh,CPA,113,0.2825,H2O,1.027179936299394e-06,0.23255468606374133,0.0,5.521720666761556e-06
lmh,CPA,113,0.2825,Light_nC4,7.993927412534535e-08,0.018098341041743748,0.023582580690885462,5.521720666761556e-06
lmh,CPA,113,0.2825,Middle_nC10,4.244889374674278e-07,0.09610477006191796,0.12522686413836137,5.521720666761556e-06
lmh,CPA,113,0.2825,Heavy_squalane,2.885331169416848e-06,0.6532422028325969,0.8511905551707531,5.521720666761556e-06
lmh,CPA,114,0.285,H2O,9.89022549454002e-07,0.2216779977606506,0.0,8.108902544134843e-06
lmh,CPA,114,0.285,Light_nC4,7.989827245804469e-08,0.01790827628026496,0.023008826974876925,8.108902544134843e-06
lmh,CPA,114,0.285,Middle_nC10,4.318057545560748e-07,0.09678427973594902,0.12434992131468224,8.108902544134843e-06
lmh,CPA,114,0.285,Heavy_squalane,2.960801222613977e-06,0.6636294462231354,0.8526412517104408,8.108902544134843e-06
lmh,CPA,115,0.2875,H2O,9.523640733697218e-07,0.2114312004521802,0.0,1.1285759864051234e-05
lmh,CPA,115,0.2875,Light_nC4,7.985988037786487e-08,0.017729428113049495,0.02248304538959173,1.1285759864051234e-05
lmh,CPA,115,0.2875,Middle_nC10,4.388379216630812e-07,0.09742495666900797,0.12354655259613781,1.1285759864051234e-05
lmh,CPA,115,0.2875,Heavy_squalane,3.033306786040128e-06,0.6734144147657622,0.8539704020142704,1.1285759864051234e-05
lmh,CPA,116,0.29,H2O,9.173656400880991e-07,0.20182846823881828,0.0,1.5066737749565378e-05
lmh,CPA,116,0.29,Light_nC4,7.982422108230844e-08,0.017562027140946655,0.022002823255542182,1.5066737749565378e-05
lmh,CPA,116,0.29,Middle_nC10,4.455544065268401e-07,0.09802586826527739,0.1228130349988571,1.5066737749565378e-05
lmh,CPA,116,0.29,Heavy_squalane,3.102529489236807e-06,0.6825836363549577,0.8551841417456008,1.5066737749565378e-05
lmh,CPA,117,0.2925,H2O,8.840973988776737e-07,0.1928591415292187,0.0,1.9503543962330603e-05
lmh,CPA,117,0.2925,Light_nC4,7.979150716281494e-08,0.01740591205480087,0.021564900193230607,1.9503543962330603e-05
lmh,CPA,117,0.2925,Middle_nC10,4.519419011272586e-07,0.09858769767124494,0.12214435266978103,1.9503543962330603e-05
lmh,CPA,117,0.2925,Heavy_squalane,3.168330419868154e-06,0.6911472487447355,0.8562907471369884,1.9503543962330603e-05
lmh,CPA,118,0.295,H2O,8.525823287897977e-07,0.18450151875878457,0.0,2.465170119063748e-05
lmh,CPA,118,0.295,Light_nC4,7.976184794922722e-08,0.017260716752748824,0.021165847821662948,2.465170119063748e-05
lmh,CPA,118,0.295,Middle_nC10,4.579960744410497e-07,0.09911180242250663,0.1215352385103835,2.465170119063748e-05
lmh,CPA,118,0.295,Heavy_squalane,3.230664142309257e-06,0.69912596206596,0.8572989136679535,2.465170119063748e-05
lmh,CPA,119,0.2975,H2O,8.228246787374847e-07,0.17673116561778163,0.0,3.052730759169349e-05
lmh,CPA,119,0.2975,Light_nC4,7.973515752500377e-08,0.017125990134050393,0.02080242737100786,3.052730759169349e-05
lmh,CPA,119,0.2975,Middle_nC10,4.637159097702808e-07,0.09959965393230288,0.12098071707893883,3.052730759169349e-05
lmh,CPA,119,0.2975,Heavy_squalane,3.289522657498481e-06,0.7065431903158651,0.8582168555500534,3.052730759169349e-05
lmh,CPA,120,0.3,H2O,7.947938177128881e-07,0.16951698908169566,0.0,3.714670346572969e-05
lmh,CPA,120,0.3,Light_nC4,7.971133518128714e-08,0.017001170913101986,0.020471425290570344,3.714670346572969e-05
lmh,CPA,120,0.3,Middle_nC10,4.691071119153338e-07,0.10005315013336435,0.12047585419324935,3.714670346572969e-05
lmh,CPA,120,0.3,Heavy_squalane,3.344966868281698e-06,0.713428689871838,0.8590527205161803,3.714670346572969e-05
lmh,CPA,121,0.3025,H2O,7.684161897695952e-07,0.16281960715372987,0.0,4.457935849839064e-05
lmh,CPA,121,0.3025,Light_nC4,7.969038618475537e-08,0.01688558563090844,0.02016959041945588,4.457935849839064e-05
lmh,CPA,121,0.3025,Middle_nC10,4.741838828530347e-07,0.10047476166257148,0.12001566510770094,4.457935849839064e-05
lmh,CPA,121,0.3025,Heavy_squalane,3.397142312235217e-06,0.7198200455527903,0.8598147444728432,4.457935849839064e-05
lmh,CPA,122,0.305,H2O,7.436356722327369e-07,0.156606809730724,0.0,5.281094437946741e-05
lmh,CPA,122,0.305,Light_nC4,7.96720891549144e-08,0.016778635255179034,0.019894202904130638,5.281094437946741e-05
lmh,CPA,122,0.305,Middle_nC10,4.789566677861941e-07,0.10086643035297901,0.11959597435304724,5.281094437946741e-05
lmh,CPA,122,0.305,Heavy_squalane,3.446160454210049e-06,0.7257481246611179,0.8605098227428222,5.281094437946741e-05
lmh,CPA,123,0.3075,H2O,7.203627219414605e-07,0.15084044469976565,0.0,6.18905198961038e-05
lmh,CPA,123,0.3075,Light_nC4,7.965636736056572e-08,0.01667965527623742,0.019642545587725328,6.18905198961038e-05
lmh,CPA,123,0.3075,Middle_nC10,4.83442638180508e-07,0.10123053332554556,0.11921261757427183,6.18905198961038e-05
lmh,CPA,123,0.3075,Heavy_squalane,3.492198562934122e-06,0.7312493666984513,0.8611448368380028,6.18905198961038e-05
lmh,CPA,124,0.31,H2O,6.985161361826048e-07,0.1454867950113748,0.0,7.18266469524797e-05
lmh,CPA,124,0.31,Light_nC4,7.964305282168084e-08,0.016588038414217705,0.019412266911005217,7.18266469524797e-05
lmh,CPA,124,0.31,Middle_nC10,4.876571951969396e-07,0.10156913880496543,0.11886198857081147,7.18266469524797e-05
lmh,CPA,124,0.31,Heavy_squalane,3.535417543097756e-06,0.7363560277694421,0.8617257445181834,7.18266469524797e-05
lmh,CPA,125,0.3125,H2O,6.780027735486094e-07,0.1405112888496248,0.0,8.266311079546966e-05
lmh,CPA,125,0.3125,Light_nC4,7.963204511065378e-08,0.01650317923283129,0.019201158803752928,8.266311079546966e-05
lmh,CPA,125,0.3125,Middle_nC10,4.916181811900355e-07,0.10188439775750817,0.11854070499790727,8.266311079546966e-05
lmh,CPA,125,0.3125,Heavy_squalane,3.576001818460767e-06,0.7411011341600359,0.8622581361983398,8.266311079546966e-05
lmh,CPA,126,0.315,H2O,6.587333899469678e-07,0.13588218671716532,0.0,9.443701728066647e-05
lmh,CPA,126,0.315,Light_nC4,7.962322666468607e-08,0.016424517593597428,0.01900726653371456,9.443701728066647e-05
lmh,CPA,126,0.315,Middle_nC10,4.953426603746767e-07,0.1021782786377778,0.11824577281840365,9.443701728066647e-05
lmh,CPA,126,0.315,Heavy_squalane,3.614128137788069e-06,0.7455150170514594,0.8627469606478818,9.443701728066647e-05
lmh,CPA,127,0.3175,H2O,6.40626271056551e-07,0.13157117422830886,0.0,0.00010716560168697936
lmh,CPA,127,0.3175,Light_nC4,7.96164488513815e-08,0.016351545568039402,0.018828883937044953,0.00010716560168697936
lmh,CPA,127,0.3175,Middle_nC10,4.988461854620874e-07,0.10245252395333906,0.11797457766593497,0.00010716560168697936
lmh,CPA,127,0.3175,Heavy_squalane,3.649958397840213e-06,0.7496247562503127,0.8631965383970202,0.00010716560168697936
lmh,CPA,128,0.32,H2O,6.236056172977412e-07,0.12755271316511685,0.0,0.00012086419322574836
lmh,CPA,128,0.32,Light_nC4,7.961154891675253e-08,0.01628379985993751,0.01866450856763262,0.00012086419322574836
lmh,CPA,128,0.32,Middle_nC10,5.021431424811247e-07,0.10270869672128802,0.1177248164687414,0.00012086419322574836
lmh,CPA,128,0.32,Heavy_squalane,3.683642847909012e-06,0.7534547902536577,0.8636106749636261,0.00012086419322574836
lmh,CPA,129,0.3225,H2O,6.07593889647439e-07,0.12380202318463221,0.0,0.000135684836403282
lmh,CPA,129,0.3225,Light_nC4,7.960841069272443e-08,0.016220838415592406,0.018512754930739193,0.000135684836403282
lmh,CPA,129,0.3225,Middle_nC10,5.052484016044748e-07,0.10294832682687298,0.11749436719889417,0.000135684836403282
lmh,CPA,129,0.3225,Heavy_squalane,3.715335730117975e-06,0.7570288115729024,0.8639928778703666,0.000135684836403282
lmh,CPA,130,0.325,H2O,5.925396800142167e-07,0.12030134442087093,0.0,0.00015241743477844753
lmh,CPA,130,0.325,Light_nC4,7.960675829125012e-08,0.016162293210802234,0.018372533717426417,0.00015241743477844753
lmh,CPA,130,0.325,Middle_nC10,5.081718190429672e-07,0.1031724204971416,0.1172815484516348,0.00015241743477844753
lmh,CPA,130,0.325,Heavy_squalane,3.745143572414939e-06,0.7603639418711852,0.8643459178309388,0.00015241743477844753
lmh,CPA,131,0.3275,H2O,5.783839865464299e-07,0.11703127712141444,0.0,0.0001769124060645586
lmh,CPA,131,0.3275,Light_nC4,7.960635898577688e-08,0.01610769674783065,0.01824265835296815,0.0001769124060645586
lmh,CPA,131,0.3275,Middle_nC10,5.109272456151621e-07,0.10338195638421085,0.11708450560646484,0.0001769124060645586
lmh,CPA,131,0.3275,Heavy_squalane,3.773214125884e-06,0.763479069746544,0.8646728360405669,0.0001769124060645586
lmh,CPA,132,0.33,H2O,5.65246915587385e-07,0.1140101376023471,0.0,0.0002456931215051091
lmh,CPA,132,0.33,Light_nC4,7.960524977338104e-08,0.016056355603641145,0.01812250487854305,0.0002456931215051091
lmh,CPA,132,0.33,Middle_nC10,5.135057972086893e-07,0.10357396915386584,0.11690197997703436,0.0002456931215051091
lmh,CPA,132,0.33,Heavy_squalane,3.799507429707278e-06,0.7663595376401459,0.8649755151444226,0.0002456931215051091
lmh,CPA,133,0.3325,H2O,5.540424233205406e-07,0.11141520690098101,0.0,0.0005638518159863502
lmh,CPA,133,0.3325,Light_nC4,7.959302979328087e-08,0.01600576690345576,0.018012650033807375,0.0005638518159863502
lmh,CPA,133,0.3325,Middle_nC10,5.158122763441157e-07,0.10372731233560581,0.11673316169844358,0.0005638518159863502
lmh,CPA,133,0.3325,Heavy_squalane,3.823324289113454e-06,0.7688517138599573,0.8652541882677491,0.0005638518159863502
lmh,CPA,134,0.335,H2O,5.485672219667697e-07,0.10999721985471983,0.0,0.0019477815506159651
lmh,CPA,134,0.335,Light_nC4,7.952875255592572e-08,0.015946890972271203,0.017917799054142397,0.0019477815506159651
lmh,CPA,134,0.335,Middle_nC10,5.174377768077597e-07,0.10375522746801742,0.11657854310419219,0.0019477815506159651
lmh,CPA,134,0.335,Heavy_squalane,3.841567038046736e-06,0.7703006617049916,0.8655036578416655,0.0019477815506159651
lmh,CPA,135,0.3375,H2O,5.56615226586287e-07,0.11129640466726463,0.0,0.006044270347179936
lmh,CPA,135,0.3375,Light_nC4,7.932967013172415e-08,0.0158621371593619,0.017848624943868976,0.006044270347179936
lmh,CPA,135,0.3375,Middle_nC10,5.175309571241651e-07,0.10348142142137168,0.11644087181016488,0.006044270347179936
lmh,CPA,135,0.3375,Heavy_squalane,3.847720979517914e-06,0.7693600367520017,0.8657105032459661,0.006044270347179936
lmh,CPA,136,0.34,H2O,5.859156127450072e-07,0.11682552831093485,0.0,0.014469230327357032
lmh,CPA,136,0.34,Light_nC4,7.891442711963537e-08,0.01573472261033332,0.017816097628185257,0.014469230327357032
lmh,CPA,136,0.34,Middle_nC10,5.152403463397279e-07,0.10273360934391773,0.1163231191991322,0.014469230327357032
lmh,CPA,136,0.34,Heavy_squalane,3.835234241270321e-06,0.7647061397348142,0.8658607831726826,0.014469230327357032
lmh,CPA,137,0.3425,H2O,6.425233181118656e-07,0.12774895605539624,0.0,0.028481816616906158
lmh,CPA,137,0.3425,Light_nC4,7.821989439806572e-08,0.015551980092303047,0.01782970648217504,0.028481816616906158
lmh,CPA,137,0.3425,Middle_nC10,5.098966165429642e-07,0.10137960541410494,0.11622755411748582,0.028481816616906158
lmh,CPA,137,0.3425,Heavy_squalane,3.798938008227011e-06,0.7553194584381958,0.8659427394003392,0.028481816616906158
lmh,CPA,138,0.345,H2O,7.28267887968433e-07,0.1443843059139415,0.0,0.04844334114378147
lmh,CPA,138,0.345,Light_nC4,7.722792449361503e-08,0.015310987151019636,0.01789470115712913,0.04844334114378147
lmh,CPA,138,0.345,Middle_nC10,5.012897057940304e-07,0.09938426151780602,0.11615525779241945,0.04844334114378147
lmh,CPA,138,0.345,Heavy_squalane,3.737169109350805e-06,0.7409204454172329,0.8659500410504514,0.04844334114378147
lmh,CPA,139,0.3475,H2O,8.382424262833398e-07,0.1657219646268602,0.0,0.07330050778199361
lmh,CPA,139,0.3475,Light_nC4,7.599110986621836e-08,0.015023572687728061,0.01800787273634575,0.07330050778199361
lmh,CPA,139,0.3475,Middle_nC10,4.899483078717815e-07,0.09686362035637656,0.11610472318506294,0.07330050778199361
lmh,CPA,139,0.3475,Heavy_squalane,3.653943240186584e-06,0.7223908423290352,0.8658874040785912,0.07330050778199361
lmh,CPA,140,0.35,H2O,9.642129218035045e-07,0.19011335149261394,0.0,0.10132281554547062
lmh,CPA,140,0.35,Light_nC4,7.459631373867964e-08,0.014708115700553729,0.01816070894323379,0.10132281554547062
lmh,CPA,140,0.35,Middle_nC10,4.767753279535795e-07,0.09400553908436088,0.1160724642857272,0.10132281554547062
lmh,CPA,140,0.35,Heavy_squalane,3.556194531624576e-06,0.7011729937224715,0.8657668267710391,0.10132281554547062
lmh,CPA,141,0.3525,H2O,1.098320585296501e-06,0.21600682324673148,0.0,0.1308650312621961
lmh,CPA,141,0.3525,Light_nC4,7.312582126662924e-08,0.014381662841044432,0.018344117356483707,0.1308650312621961
lmh,CPA,141,0.3525,Middle_nC10,4.626346136346059e-07,0.09098639737159497,0.11605508832155234,0.1308650312621961
lmh,CPA,141,0.3525,Heavy_squalane,3.450575884561037e-06,0.6786251165406292,0.865600794321964,0.1308650312621961
lmh,CPA,142,0.355,H2O,1.234518806453014e-06,0.2422235316775777,0.0,0.16067032981708101
lmh,CPA,142,0.355,Light_nC4,7.16424108244118e-08,0.014056875988503158,0.018550161658651785,0.16067032981708101
lmh,CPA,142,0.355,Middle_nC10,4.481942940670203e-07,0.0879396929550011,0.11604964871723109,0.16067032981708101
lmh,CPA,142,0.355,Heavy_squalane,3.342254210688154e-06,0.6557798993789181,0.8654001896241172,0.16067032981708101
lmh,CPA,143,0.3575,H2O,1.368667378016912e-06,0.2679658807304088,0.0,0.1898925205663136
lmh,CPA,143,0.3575,Light_nC4,7.018861619525046e-08,0.01374194684413419,0.018772276431384953,0.1898925205663136
lmh,CPA,143,0.3575,Middle_nC10,4.339181182559522e-07,0.08495508301791432,0.11605344721183321,0.1898925205663136
lmh,CPA,143,0.3575,Heavy_squalane,3.234843970424614e-06,0.6333370894075427,0.8651742763567818,0.1898925205663136
lmh,CPA,144,0.36,H2O,1.498187210410107e-06,0.29274654197951183,0.0,0.21800881960331514
lmh,CPA,144,0.36,Light_nC4,6.879052993594346e-08,0.013441704494442323,0.019005498441907843,0.21800881960331514
lmh,CPA,144,0.36,Middle_nC10,4.200963554418187e-07,0.08208704125843114,0.11606453150216085,0.21800881960331514
lmh,CPA,144,0.36,Heavy_squalane,3.130619866639735e-06,0.6117247122676147,0.8649299700559313,0.21800881960331514
lmh,CPA,145,0.3625,H2O,1.621637621548779e-06,0.3162999730710231,0.0,0.2447363947283733
lmh,CPA,145,0.3625,Light_nC4,6.74623530279601e-08,0.01315851344499026,0.019246033240769747,0.2447363947283733
lmh,CPA,145,0.3625,Middle_nC10,4.068951000398461e-07,0.07936477760204902,0.11608128488532804,0.2447363947283733
lmh,CPA,145,0.3625,Heavy_squalane,3.030902679448828e-06,0.5911767358819376,0.8646726818739022,0.2447363947283733
lmh,CPA,146,0.365,H2O,1.738333022284837e-06,0.3385058703190355,0.0,0.26995018349634864
lmh,CPA,146,0.365,Light_nC4,6.621044391140634e-08,0.012893170441519598,0.019490982403332757,0.26995018349634864
lmh,CPA,146,0.365,Middle_nC10,3.943972376439698e-07,0.07680103781530745,0.1161023724463711,0.26995018349634864
lmh,CPA,146,0.365,Heavy_squalane,2.936370600056793e-06,0.5717999214241375,0.8644066451502961,0.26995018349634864
lmh,CPA,147,0.3675,H2O,1.848017273660392e-06,0.3593283990819116,0.0,0.29360531841526566
lmh,CPA,147,0.3675,Light_nC4,6.503672906713424e-08,0.012645738798170979,0.019738254013521934,0.29360531841526566
lmh,CPA,147,0.3675,Middle_nC10,3.826339186744956e-07,0.07439932266402154,0.1161270806407005,0.29360531841526566
lmh,CPA,147,0.3675,Heavy_squalane,2.847287914580044e-06,0.5536265394558958,0.8641346653457775,0.29360531841526566
lmh,CPA,148,0.37,H2O,1.950791356214818e-06,0.3787960292236858,0.0,0.31573758855273376
lmh,CPA,148,0.37,Light_nC4,6.393951302162169e-08,0.012415491572651493,0.019986175486186836,0.31573758855273376
lmh,CPA,148,0.37,Middle_nC10,3.716001008899727e-07,0.07215566248425717,0.11615454162999755,0.31573758855273376
lmh,CPA,148,0.37,Heavy_squalane,2.763647397420943e-06,0.5366328167194054,0.8638592828838155,0.31573758855273376
lmh,CPA,149,0.3725,H2O,2.046942108472321e-06,0.39697167325554755,0.0,0.33641844689295075
lmh,CPA,149,0.3725,Light_nC4,6.291524295255431e-08,0.012201404800253297,0.0202335516577216,0.33641844689295075
lmh,CPA,149,0.3725,Middle_nC10,3.612688679520591e-07,0.07006231705942045,0.11618412262266914,0.33641844689295075
lmh,CPA,149,0.3725,Heavy_squalane,2.685267161756377e-06,0.5207646048847787,0.8635823257196094,0.33641844689295075
lmh,CPA,150,0.375,H2O,2.136860661889512e-06,0.41393769664735885,0.0,0.35573716838433356
lmh,CPA,150,0.375,Light_nC4,6.195933066767024e-08,0.012002328031865654,0.02047961106388325,0.35573716838433356
lmh,CPA,150,0.375,Middle_nC10,3.51600011489458e-07,0.0681094942187,0.11621544984052255,0.35573716838433356
lmh,CPA,150,0.375,Heavy_squalane,2.611856056328559e-06,0.5059504811020755,0.8633049390955941,0.35573716838433356
lmh,CPA,151,0.3775,H2O,2.221053803855778e-06,0.4297945120636609,0.0,0.3738116709447458
lmh,CPA,151,0.3775,Light_nC4,6.106611733664545e-08,0.011816860113322156,0.020723862472964226,0.3738116709447458
lmh,CPA,151,0.3775,Middle_nC10,3.425429667469632e-07,0.06628524126622629,0.11624798895942356,0.3738116709447458
lmh,CPA,151,0.3775,Heavy_squalane,2.543048056510265e-06,0.4921033865567907,0.8630281485676122,0.3738116709447458
lmh,CPA,152,0.38,H2O,2.299912877294713e-06,0.44462390172979127,0.0,0.39072478349309786
lmh,CPA,152,0.38,Light_nC4,6.023109428708107e-08,0.011643999393088873,0.020965971400922056,0.39072478349309786
lmh,CPA,152,0.38,Middle_nC10,3.340544464796817e-07,0.06458009468545152,0.11628173212098006,0.39072478349309786
lmh,CPA,152,0.38,Heavy_squalane,2.478516922582595e-06,0.47915200419166837,0.8627522964780978,0.39072478349309786
lmh,CPA,153,0.3825,H2O,2.373847388401196e-06,0.4585063421782769,0.0,0.4065702791037078
lmh,CPA,153,0.3825,Light_nC4,5.944972634436411e-08,0.011482657521641461,0.021205525412491384,0.4065702791037078
lmh,CPA,153,0.3825,Middle_nC10,3.26092943225131e-07,0.0629845386602562,0.11631629983188596,0.4065702791037078
lmh,CPA,153,0.3825,Heavy_squalane,2.417959021048578e-06,0.46702646163982536,0.8624781747556227,0.4065702791037078
lmh,CPA,154,0.385,H2O,2.443152107741577e-06,0.47150129933207485,0.0,0.421413858981278
lmh,CPA,154,0.385,Light_nC4,5.8718681462583e-08,0.01133205522363758,0.02144197366865036,0.421413858981278
lmh,CPA,154,0.385,Middle_nC10,3.186275799783845e-07,0.06149159419374708,0.11635145765927714,0.421413858981278
lmh,CPA,154,0.385,Heavy_squalane,2.361146116638656e-06,0.4556750512505405,0.8622065686720725,0.421413858981278
lmh,CPA,155,0.3875,H2O,2.508087094945763e-06,0.483660500107894,0.0,0.4353144074490878
lmh,CPA,155,0.3875,Light_nC4,5.803504678508623e-08,0.01119150120760333,0.021674695060017495,0.4353144074490878
lmh,CPA,155,0.3875,Middle_nC10,3.116316200846884e-07,0.060095163969117675,0.11638691981085147,0.4353144074490878
lmh,CPA,155,0.3875,Heavy_squalane,2.307881811869441e-06,0.44505283471538487,0.8619383851291311,0.4353144074490878
lmh,CPA,156,0.39,H2O,2.5689142623443e-06,0.49503538732095453,0.0,0.4483309170491246
lmh,CPA,156,0.39,Light_nC4,5.739592688914102e-08,0.011060320429799944,0.021903159453333543,0.4483309170491246
lmh,CPA,156,0.39,Middle_nC10,3.050780392006807e-07,0.0587892042613391,0.11642242403767294,0.4483309170491246
lmh,CPA,156,0.39,Heavy_squalane,2.257966569506319e-06,0.4351150879879063,0.8616744165089936,0.4483309170491246
lmh,CPA,157,0.3925,H2O,2.625890634064524e-06,0.5056776992490446,0.0,0.46051801343249454
lmh,CPA,157,0.3925,Light_nC4,5.67984249601659e-08,0.010937887695028979,0.022127036709475908,0.46051801343249454
lmh,CPA,157,0.3925,Middle_nC10,2.989386304647085e-07,0.05756774364820696,0.1164579133103084,0.46051801343249454
lmh,CPA,157,0.3925,Heavy_squalane,2.211187097407663e-06,0.42581666940771945,0.8614150499802157,0.46051801343249454
lmh,CPA,158,0.395,H2O,2.679373569234335e-06,0.5156556095166258,0.0,0.47195482018017754
lmh,CPA,158,0.395,Light_nC4,5.623871304656758e-08,0.010823353707540484,0.022346400454310637,0.47195482018017754
lmh,CPA,158,0.395,Middle_nC10,2.931760681898296e-07,0.0564228466959594,0.11649323870490079,0.47195482018017754
lmh,CPA,158,0.395,Heavy_squalane,2.167264053082044e-06,0.4170981900798744,0.8611603608407885,0.47195482018017754
lmh,CPA,159,0.3975,H2O,2.729716197636766e-06,0.525037867807931,0.0,0.48271620182658403
lmh,CPA,159,0.3975,Light_nC4,5.571294601094097e-08,0.010715914866243985,0.02256161942171549,0.48271620182658403
lmh,CPA,159,0.3975,Middle_nC10,2.87751732662548e-07,0.05534661673106493,0.11652848296689772,0.48271620182658403
lmh,CPA,159,0.3975,Heavy_squalane,2.125903542178487e-06,0.40889960059476005,0.8609098976113867,0.48271620182658403
lmh,CPA,160,0.4,H2O,2.777326175795424e-06,0.5339016796607599,0.0,0.4928906947333396
lmh,CPA,160,0.4,Light_nC4,5.521680928615192e-08,0.010614650695444948,0.02277341546247,0.4928906947333396
lmh,CPA,160,0.4,Middle_nC10,2.826222900395493e-07,0.05433013834555112,0.11656368618966068,0.4928906947333396
lmh,CPA,160,0.4,Heavy_squalane,2.086777857105265e-06,0.4011535312982441,0.8606628983478694,0.4928906947333396
lmh,CPA,161,0.4025,H2O,2.822547340157729e-06,0.5423140387416299,0.0,0.5025497322556994
lmh,CPA,161,0.4025,Light_nC4,5.4746554564767e-08,0.010518805013753529,0.02298258173537361,0.5025497322556994
lmh,CPA,161,0.4025,Middle_nC10,2.77749411121989e-07,0.05336576742597979,0.11659909182981053,0.5025497322556994
lmh,CPA,161,0.4025,Heavy_squalane,2.049593009134724e-06,0.3938013888186367,0.8604183264348159,0.5025497322556994
lmh,CPA,162,0.405,H2O,2.865727747455599e-06,0.5503409121569832,0.0,0.5117680380080593
lmh,CPA,162,0.405,Light_nC4,5.429849212080842e-08,0.01042760663815552,0.023190027556600767,0.5117680380080593
lmh,CPA,162,0.405,Middle_nC10,2.730956596714573e-07,0.05244591520710449,0.11663483875903385,0.5117680380080593
lmh,CPA,162,0.405,Heavy_squalane,2.014064563091969e-06,0.38678556599775665,0.8601751336843655,0.5117680380080593
lmh,CPA,163,0.4075,H2O,2.9071472144965e-06,0.5580356116126434,0.0,0.5206052027532753
lmh,CPA,163,0.4075,Light_nC4,5.386963654944142e-08,0.010340438017489514,0.023396541190161928,0.5206052027532753
lmh,CPA,163,0.4075,Middle_nC10,2.686306693886613e-07,0.051564461250091224,0.11667107713868093,0.5206052027532753
lmh,CPA,163,0.4075,Heavy_squalane,1.979961246459788e-06,0.38005948911977594,0.8599323816711573,0.5206052027532753
lmh,CPA,164,0.41,H2O,2.947023015987995e-06,0.5654393117469995,0.0,0.5291079013566873
lmh,CPA,164,0.41,Light_nC4,5.345768045957663e-08,0.010256816415300492,0.02360272498769836,0.5291079013566873
lmh,CPA,164,0.41,Middle_nC10,2.643310764898978e-07,0.0507166659890111,0.11670790147378436,0.5291079013566873
lmh,CPA,164,0.41,Heavy_squalane,1.947105677377009e-06,0.37358720584868893,0.8596893735385173,0.5291079013566873
lmh,CPA,165,0.4125,H2O,2.985482319214791e-06,0.5725769557105003,0.0,0.5373025822201104
lmh,CPA,165,0.4125,Light_nC4,5.306120270232502e-08,0.010176453470883617,0.02380885543454919,0.5373025822201104
lmh,CPA,165,0.4125,Middle_nC10,2.601826597353565e-07,0.04989967426071144,0.1167453999670492,0.5373025822201104
lmh,CPA,165,0.4125,Heavy_squalane,1.91538921268812e-06,0.3673469165579047,0.8594457445984015,0.5373025822201104
lmh,CPA,166,0.415,H2O,3.022616326276006e-06,0.5794657684936917,0.0,0.5452094436116043
lmh,CPA,166,0.415,Light_nC4,5.267922156715339e-08,0.01009913343737844,0.02401500919724046,0.5452094436116043
lmh,CPA,166,0.415,Middle_nC10,2.56175887605673e-07,0.049111478784297356,0.11678354603473144,0.5452094436116043
lmh,CPA,166,0.415,Heavy_squalane,1.884740618169502e-06,0.36132361928463247,0.8592014447680282,0.5452094436116043
lmh,CPA,167,0.4175,H2O,3.058482180075793e-06,0.5861160432870066,0.0,0.552842161889497
lmh,CPA,167,0.4175,Light_nC4,5.231115734634845e-08,0.010024713815022448,0.02422107369088977,0.552842161889497
lmh,CPA,167,0.4175,Middle_nC10,2.523053495433367e-07,0.048350850018953194,0.11682223781503552,0.552842161889497
lmh,CPA,167,0.4175,Heavy_squalane,1.855120836464509e-06,0.35550839287901786,0.8589566884940747,0.552842161889497
lmh,CPA,168,0.42,H2O,3.093066911878192e-06,0.5925261665146532,0.0,0.560197795023312
lmh,CPA,168,0.42,Light_nC4,5.195705986929899e-08,0.00995320126748698,0.024426602273701362,0.560197795023312
lmh,CPA,168,0.42,Middle_nC10,2.485722149800825e-07,0.04761796166729832,0.11686139760189221,0.560197795023312
lmh,CPA,168,0.42,Heavy_squalane,1.826539372976354e-06,0.34990267055056146,0.8587120001244065,0.560197795023312
lmh,CPA,169,0.4225,H2O,3.126360103985086e-06,0.5986941098226433,0.0,0.5672751866422
lmh,CPA,169,0.4225,Light_nC4,5.1617023600607e-08,0.009884596453514364,0.024631077428606582,0.5672751866422
lmh,CPA,169,0.4225,Middle_nC10,2.449781087989921e-07,0.04691300614618734,0.11690086613344793,0.5672751866422
lmh,CPA,169,0.4225,Heavy_squalane,1.7990104597723e-06,0.344508287577655,0.8584680564379454,0.5672751866422
lmh,CPA,170,0.425,H2O,3.158347116700098e-06,0.6046167896685584,0.0,0.5740725882498442
lmh,CPA,170,0.425,Light_nC4,5.129121724774623e-08,0.00981891159035311,0.024833911339133794,0.5740725882498442
lmh,CPA,170,0.425,Middle_nC10,2.415253148507689e-07,0.04623629230511399,0.11694045446784414,0.5740725882498442
lmh,CPA,170,0.425,Heavy_squalane,1.772553539788649e-06,0.3393280064359745,0.858225634193022,0.5740725882498442
lmh,CPA,171,0.4275,H2O,3.188993597844769e-06,0.6102880299758549,0.0,0.5805832241004651
lmh,CPA,171,0.4275,Light_nC4,5.097996325214341e-08,0.00975620062781529,0.025034387902457374,0.5805832241004651
lmh,CPA,171,0.4275,Middle_nC10,2.382177537984453e-07,0.04558850283336415,0.11697999122413319,0.5805832241004651
lmh,CPA,171,0.4275,Heavy_squalane,1.747199715584032e-06,0.33436726656296567,0.8579856208734093,0.5805832241004651
lmh,CPA,172,0.43,H2O,3.218270417719624e-06,0.6157026630776538,0.0,0.5868013492223002
lmh,CPA,172,0.43,Light_nC4,5.068352558396355e-08,0.009696507013329986,0.025231783001632747,0.5868013492223002
lmh,CPA,172,0.43,Middle_nC10,2.350587349729528e-07,0.044970207694684794,0.11701930607906293,0.5868013492223002
lmh,CPA,172,0.43,Heavy_squalane,1.722975299382618e-06,0.32963062221433137,0.8577489109193044,0.5868013492223002
lmh,CPA,173,0.4325,H2O,3.246188226469214e-06,0.6208620826699115,0.0,0.5927306898619151
lmh,CPA,173,0.4325,Light_nC4,5.040185421350254e-08,0.009639798432593202,0.025425572046386787,0.5927306898619151
lmh,CPA,173,0.4325,Middle_nC10,2.320479287418656e-07,0.04438120967329563,0.11705821983153444,0.5927306898619151
lmh,CPA,173,0.4325,Heavy_squalane,1.699879429600741e-06,0.32511690922419967,0.8575162081220788,0.5927306898619151
lmh,CPA,174,0.435,H2O,3.272740506183885e-06,0.6257656261459126,0.0,0.5983697659909335
lmh,CPA,174,0.435,Light_nC4,5.013496050228944e-08,0.00958607469527039,0.02561516355792577,0.5983697659909335
lmh,CPA,174,0.435,Middle_nC10,2.291859001934194e-07,0.04382157951947675,0.11709661800485122,0.5983697659909335
lmh,CPA,174,0.435,Heavy_squalane,1.677916710281144e-06,0.32082671963934023,0.857288218437223,0.5983697659909335
lmh,CPA,175,0.4375,H2O,3.297954313188166e-06,0.6304185006979303,0.0,0.6037246356531712
lmh,CPA,175,0.4375,Light_nC4,4.988255310836063e-08,0.009535269853740806,0.025800181750838532,0.6037246356531712
lmh,CPA,175,0.4375,Middle_nC10,2.264698562394114e-07,0.04329071104860381,0.11713441048958198,0.6037246356531712
lmh,CPA,175,0.4375,Heavy_squalane,1.657066261500909e-06,0.31675551839972527,0.8570654077595794,0.6037246356531712
lmh,CPA,176,0.44,H2O,3.321892195212482e-06,0.6348321295936211,0.0,0.6088092605219363
lmh,CPA,176,0.44,Light_nC4,4.964403284556833e-08,0.009487251614723743,0.02598052124401254,0.6088092605219363
lmh,CPA,176,0.44,Middle_nC10,2.238934400257425e-07,0.042787285372604414,0.11717154996409838,0.6088092605219363
lmh,CPA,176,0.44,Heavy_squalane,1.637279957591493e-06,0.3128933334190506,0.8568479287918891,0.6088092605219363
lmh,CPA,177,0.4425,H2O,3.344611613391277e-06,0.6390177958745225,0.0,0.6136354253962931
lmh,CPA,177,0.4425,Light_nC4,4.941875944426113e-08,0.009441893524643034,0.02615611910154171,0.6136354253962931
lmh,CPA,177,0.4425,Middle_nC10,2.214501476657044e-07,0.04231002029976836,0.11720805019258339,0.6136354253962931
lmh,CPA,177,0.4425,Heavy_squalane,1.618507695451393e-06,0.3092302903010662,0.8566358307058749,0.6136354253962931
lmh,CPA,178,0.445,H2O,3.366206243150407e-06,0.6429930086622501,0.0,0.6182231230788278
lmh,CPA,178,0.445,Light_nC4,4.920579184151717e-08,0.009399002275681969,0.02632722188566316,0.6182231230788278
lmh,CPA,178,0.445,Middle_nC10,2.19129932743161e-07,0.04185691682712087,0.11724396956563164,0.6182231230788278
lmh,CPA,178,0.445,Heavy_squalane,1.600672409095877e-06,0.30575107223494713,0.8564288085487053,0.6182231230788278
lmh,CPA,179,0.4475,H2O,3.386772722819977e-06,0.6467761815437914,0.0,0.6225924574478507
lmh,CPA,179,0.4475,Light_nC4,4.90041170044878e-08,0.009358376918099596,0.026494184222913088,0.6225924574478507
lmh,CPA,179,0.4475,Middle_nC10,2.169221022215112e-07,0.04142588252879897,0.11727941425313256,0.6225924574478507
lmh,CPA,179,0.4475,Heavy_squalane,1.583691666427085e-06,0.30243955900930997,0.8562264015239544,0.6225924574478507
lmh,CPA,180,0.45,H2O,3.406419984023212e-06,0.6503879652755263,0.0,0.6267661202930201
lmh,CPA,180,0.45,Light_nC4,4.881260558738397e-08,0.009319793618131591,0.02665753089843272,0.6267661202930201
lmh,CPA,180,0.45,Middle_nC10,2.148146383441669e-07,0.041014571367988056,0.11731452951930357,0.6267661202930201
lmh,CPA,180,0.45,Heavy_squalane,1.5674727845506e-06,0.29927766973835407,0.8560279395822636,0.6267661202930201
lmh,CPA,181,0.4525,H2O,3.425268918827017e-06,0.6538510711315249,0.0,0.6307694512321952
lmh,CPA,181,0.4525,Light_nC4,4.863003672448105e-08,0.009283008824999392,0.026817962012318168,0.6307694512321952
lmh,CPA,181,0.4525,Middle_nC10,2.127943355443907e-07,0.04062040310518685,0.11734949820001096,0.6307694512321952
lmh,CPA,181,0.4525,Heavy_squalane,1.551913893410826e-06,0.29624551693828893,0.8558325397876708,0.6307694512321952
lmh,CPA,182,0.455,H2O,3.443429269628831e-06,0.6571864688028057,0.0,0.6346249988423251
lmh,CPA,182,0.455,Light_nC4,4.845525289511064e-08,0.009247797486636683,0.026976174056901902,0.6346249988423251
lmh,CPA,182,0.455,Middle_nC10,2.108488973453338e-07,0.04024100146894593,0.11738451900779372,0.6346249988423251
lmh,CPA,182,0.455,Heavy_squalane,1.536919910032227e-06,0.2933247322416116,0.8556393069353043,0.6346249988423251
lmh,CPA,183,0.4575,H2O,3.461023782850721e-06,0.6604171259264844,0.0,0.6383584879975608
lmh,CPA,183,0.4575,Light_nC4,4.828703834732695e-08,0.00921391735094559,0.02713304484533837,0.6383584879975608
lmh,CPA,183,0.4575,Middle_nC10,2.08964952107305e-07,0.03987376040981806,0.11741982135761615,0.6383584879975608
lmh,CPA,183,0.4575,Heavy_squalane,1.522387509003276e-06,0.2904951963127519,0.8554471337970454,0.6383584879975608
lmh,CPA,184,0.46,H2O,3.478154464859821e-06,0.6635625111149384,0.0,0.6419908279676981
lmh,CPA,184,0.46,Light_nC4,4.812432902219351e-08,0.009181162290035108,0.027289355655521798,0.6419908279676981
lmh,CPA,184,0.46,Middle_nC10,2.07131064450037e-07,0.0395164765236831,0.1174556279522799,0.6419908279676981
lmh,CPA,184,0.46,Heavy_squalane,1.508228128442876e-06,0.2877398500713434,0.8552550163921983,0.6419908279676981
lmh,CPA,185,0.4625,H2O,3.494922708342264e-06,0.6666417492132055,0.0,0.645543030961116
lmh,CPA,185,0.4625,Light_nC4,4.796611050236568e-08,0.009149333040162752,0.027445947471131823,0.645543030961116
lmh,CPA,185,0.4625,Middle_nC10,2.053360524340857e-07,0.03916698496491841,0.11749217207756582,0.645543030961116
lmh,CPA,185,0.4625,Heavy_squalane,1.494355138849809e-06,0.28504193278171336,0.8550618804513023,0.645543030961116
lmh,CPA,186,0.465,H2O,3.511424048614781e-06,0.6696727442214515,0.0,0.6490349896639203
lmh,CPA,186,0.465,Light_nC4,4.781146270558142e-08,0.009118247466556784,0.027603678797457936,0.6490349896639203
lmh,CPA,186,0.465,Middle_nC10,2.035694847916836e-07,0.038823261911067816,0.11752969587558026,0.6490349896639203
lmh,CPA,186,0.465,Heavy_squalane,1.480687558892704e-06,0.2823857464009239,0.8548666253269619,0.6490349896639203
lmh,CPA,187,0.4675,H2O,3.527728556288732e-06,0.6726689520813879,0.0,0.652480909923352
lmh,CPA,187,0.4675,Light_nC4,4.765966704824129e-08,0.009087767887565436,0.027763232193681257,0.652480909923352
lmh,CPA,187,0.4675,Middle_nC10,2.018234471974329e-07,0.038483790508693265,0.11756840896517064,0.652480909923352
lmh,CPA,187,0.4675,Heavy_squalane,1.467163806248271e-06,0.2797594895223535,0.8546683588411481,0.652480909923352
lmh,CPA,188,0.47,H2O,3.543908959593762e-06,0.6756439682662106,0.0,0.6558959192376479
lmh,CPA,188,0.47,Light_nC4,4.751006448609901e-08,0.00905776329695871,0.027925373388439846,0.6558959192376479
lmh,CPA,188,0.47,Middle_nC10,2.000900574095929e-07,0.038147041004780224,0.11760854515598736,0.6558959192376479
lmh,CPA,188,0.47,Heavy_squalane,1.453722321505067e-06,0.27715122743205034,0.8544660814555728,0.6558959192376479
lmh,CPA,189,0.4725,H2O,3.56001922336514e-06,0.6786080363298607,0.0,0.6592910373797809
lmh,CPA,189,0.4725,Light_nC4,4.736216781539204e-08,0.009028138805145993,0.028090742226560543,0.6592910373797809
lmh,CPA,189,0.4725,Middle_nC10,1.983633657773784e-07,0.03781186720748278,0.11765031949053648,0.6592910373797809
lmh,CPA,189,0.4725,Heavy_squalane,1.440316345735354e-06,0.2745519576575105,0.854258938282903,0.6592910373797809
lmh,CPA,190,0.475,H2O,3.576104936046082e-06,0.6815697756547094,0.0,0.6626755703842964
lmh,CPA,190,0.475,Light_nC4,4.721560754838485e-08,0.008998821796245742,0.028259948673992227,0.6626755703842964
lmh,CPA,190,0.475,Middle_nC10,1.96638414302343e-07,0.037477311856885256,0.11769395299689467,0.6626755703842964
lmh,CPA,190,0.475,Heavy_squalane,1.426906533770437e-06,0.2719540906921596,0.8540460983291132,0.6626755703842964
lmh,CPA,191,0.4775,H2O,3.592208605291761e-06,0.6845371148029379,0.0,0.6660582610793326
lmh,CPA,191,0.4775,Light_nC4,4.707010923419264e-08,0.00896975657849256,0.02843363514186262,0.6660582610793326
lmh,CPA,191,0.4775,Middle_nC10,1.949107256537454e-07,0.03714250491650529,0.11773969826372208,0.6660582610793326
lmh,CPA,191,0.4775,Heavy_squalane,1.413456783248045e-06,0.2693506237020643,0.8538266665944153,0.6660582610793326
lmh,CPA,192,0.48,H2O,3.608356371542749e-06,0.687515108357857,0.0,0.6694442105723526
lmh,CPA,192,0.48,Light_nC4,4.692555158665758e-08,0.008940920009533178,0.028612327343404177,0.6694442105723526
lmh,CPA,192,0.48,Middle_nC10,1.931774865448406e-07,0.036806907887923145,0.11778779989809665,0.6694442105723526
lmh,CPA,192,0.48,Heavy_squalane,1.399943611113728e-06,0.26673706374468664,0.8535998727584992,0.6694442105723526
lmh,CPA,193,0.4825,H2O,3.624579519645032e-06,0.6905096061794647,0.0,0.6728396877890694
lmh,CPA,193,0.4825,Light_nC4,4.678187438634326e-08,0.008912298235910866,0.02879668776110336,0.6728396877890694
lmh,CPA,193,0.4825,Middle_nC10,1.914355498907928e-07,0.03646990925358047,0.11783858233328025,0.6728396877890694
lmh,CPA,193,0.4825,Heavy_squalane,1.386340051723041e-06,0.2641081863310439,0.8533647299056164,0.6728396877890694
lmh,CPA,194,0.485,H2O,3.640905796587042e-06,0.6935258646880491,0.0,0.6762500513855609
lmh,CPA,194,0.485,Light_nC4,4.66391300376504e-08,0.00888389999488046,0.028987437996481506,0.6762500513855609
lmh,CPA,194,0.485,Middle_nC10,1.896821986531097e-07,0.03613098448197746,0.11789244284905416,0.6762500513855609
lmh,CPA,194,0.485,Heavy_squalane,1.372621484513755e-06,0.26145925083509297,0.8531201191544644,0.6762500513855609
lmh,CPA,195,0.4875,H2O,3.657358896117137e-06,0.6965684713184592,0.0,0.6796795908023743
lmh,CPA,195,0.4875,Light_nC4,4.64975258441124e-08,0.008855764888622128,0.02918538138439952,0.6796795908023743
lmh,CPA,195,0.4875,Middle_nC10,1.87915234636093e-07,0.03578971368297474,0.11794988424072758,0.6796795908023743
lmh,CPA,195,0.4875,Heavy_squalane,1.358765866576104e-06,0.2587860501099438,0.8528647343748729,0.6796795908023743
lmh,CPA,196,0.49,H2O,3.673937067068532e-06,0.6996371890655512,0.0,0.6831271445955077
lmh,CPA,196,0.49,Light_nC4,4.635775893019634e-08,0.008828026054126206,0.02939120867414187,0.6831271445955077
lmh,CPA,196,0.49,Middle_nC10,1.861356547239606e-07,0.03544628660715123,0.11801156906500994,0.6831271445955077
lmh,CPA,196,0.49,Heavy_squalane,1.344772749305024e-06,0.25608849827317137,0.8525972222608481,0.6831271445955077
lmh,CPA,197,0.4925,H2O,3.690434536611405e-06,0.7026910950836524,0.0,0.6865522410195521
lmh,CPA,197,0.4925,Light_nC4,4.622237771900682e-08,0.008801146015331473,0.029602698976701716,0.6865522410195521
lmh,CPA,197,0.4925,Middle_nC10,1.843693481850117e-07,0.03510554052394695,0.11807766246969435,0.6865522410195521
lmh,CPA,197,0.4925,Heavy_squalane,1.330832715677654e-06,0.2534022183770692,0.8523196385536039,0.6865522410195521
lmh,CPA,198,0.495,H2O,3.706312462214027e-06,0.7056250080132602,0.0,0.6898481598163293
lmh,CPA,198,0.495,Light_nC4,4.609616200950864e-08,0.008776001758877548,0.029812321011537784,0.6898481598163293
lmh,CPA,198,0.495,Middle_nC10,1.826811476025695e-07,0.03477968669806417,0.11814755887833991,0.6898481598163293
lmh,CPA,198,0.495,Heavy_squalane,1.317434472814013e-06,0.25081930352979803,0.8520401201101223,0.6898481598163293
lmh,CPA,199,0.4975,H2O,3.721729399890392e-06,0.7084821258965537,0.0,0.693030818606223
lmh,CPA,199,0.4975,Light_nC4,4.597814181719057e-08,0.008752568539877123,0.0300241231066718,0.693030818606223
lmh,CPA,199,0.4975,Middle_nC10,1.810454602302793e-07,0.034464481096246766,0.11822424680559004,0.693030818606223
lmh,CPA,199,0.4975,Heavy_squalane,1.304349742440768e-06,0.24830082446732243,0.8517516300877382,0.693030818606223
lmh,CPA,200,0.5,H2O,3.736479931884246e-06,0.7112366228423206,0.0,0.6960266311407263
lmh,CPA,200,0.5,Light_nC4,4.586543147850253e-08,0.008730456254190472,0.030233945662102427,0.6960266311407263
lmh,CPA,200,0.5,Middle_nC10,1.794698596369776e-07,0.03416197576252462,0.11830439198621243,0.6960266311407263
lmh,CPA,200,0.5,Heavy_squalane,1.291682434294863e-06,0.24587094514096444,0.8514616623516852,0.6960266311407263
lmh,CPA,201,0.5025,H2O,3.748507850527081e-06,0.7134426799739395,0.0,0.6983851696739133
lmh,CPA,201,0.5025,Light_nC4,4.573968042833029e-08,0.008705501358720913,0.03037961605004264,0.6983851696739133
lmh,CPA,201,0.5025,Middle_nC10,1.78171210779389e-07,0.03391081229689174,0.11833867058014003,0.6983851696739133
lmh,CPA,201,0.5025,Heavy_squalane,1.281693404547233e-06,0.24394100637044788,0.8512817133698174,0.6983851696739133
lmh,CPA,202,0.505,H2O,3.759982792897288e-06,0.7155358847639395,0.0,0.7006198023177159
lmh,CPA,202,0.505,Light_nC4,4.561772126106753e-08,0.008681187745090935,0.030517690211599842,0.7006198023177159
lmh,CPA,202,0.505,Middle_nC10,1.769390065420571e-07,0.03367201808329707,0.1183700026815494,0.7006198023177159
lmh,CPA,202,0.505,Heavy_squalane,1.272239272312511e-06,0.24211090940767255,0.8511123071068507,0.7006198023177159
lmh,CPA,203,0.5075,H2O,3.771159393223304e-06,0.7175655228906201,0.0,0.7027839864522155
lmh,CPA,203,0.5075,Light_nC4,4.549842707640079e-08,0.008657311773786664,0.030652460926128014,0.7027839864522155
lmh,CPA,203,0.5075,Middle_nC10,1.757447140110713e-07,0.033440206168753026,0.11839987281652752,0.7027839864522155
lmh,CPA,203,0.5075,Heavy_squalane,1.263088808182485e-06,0.2403369591668402,0.8509476662573445,0.7027839864522155
lmh,CPA,204,0.51,H2O,3.782110106866661e-06,0.719544789635382,0.0,0.7048917673394147
lmh,CPA,204,0.51,Light_nC4,4.538154773750233e-08,0.008633819560362256,0.030785021070343057,0.7048917673394147
lmh,CPA,204,0.51,Middle_nC10,1.745809700373866e-07,0.03321395300782579,0.11842872508820415,0.7048917673394147
lmh,CPA,204,0.51,Heavy_squalane,1.254181275526618e-06,0.23860743779642982,0.8507862538414528,0.7048917673394147
lmh,CPA,205,0.5125,H2O,3.792850372014852e-06,0.7214756384328433,0.0,0.7069449422948166
lmh,CPA,205,0.5125,Light_nC4,4.526712129822793e-08,0.008610707524775532,0.030915455568504575,0.7069449422948166
lmh,CPA,205,0.5125,Middle_nC10,1.734469332492531e-07,0.03299305921043954,0.11845663705967925,0.7069449422948166
lmh,CPA,205,0.5125,Heavy_squalane,1.245508951900603e-06,0.23692059483194147,0.8506279073718161,0.7069449422948166
lmh,CPA,206,0.515,H2O,3.803348141198079e-06,0.7233523412523396,0.0,0.7089374642297505
lmh,CPA,206,0.515,Light_nC4,4.515554166296134e-08,0.008588055989040087,0.031043299003204423,0.7089374642297505
lmh,CPA,206,0.515,Middle_nC10,1.723460106880088e-07,0.032778195870704865,0.11848354697482888,0.7089374642297505
lmh,CPA,206,0.515,Heavy_squalane,1.237097124751621e-06,0.23528140688791557,0.8504731540219667,0.7089374642297505
lmh,CPA,207,0.5175,H2O,3.813573286541525e-06,0.7251730655775598,0.0,0.710868663835558
lmh,CPA,207,0.5175,Light_nC4,4.504702260706071e-08,0.00856595246101301,0.031168533313573138,0.710868663835558
lmh,CPA,207,0.5175,Middle_nC10,1.712786592191562e-07,0.03256962985667726,0.1185095992324174,0.710868663835558
lmh,CPA,207,0.5175,Heavy_squalane,1.228946771447798e-06,0.23369135210475006,0.8503218674540095,0.710868663835558
lmh,CPA,208,0.52,H2O,3.823571233395099e-06,0.7269496805934773,0.0,0.712752452138562
lmh,CPA,208,0.52,Light_nC4,4.494097715148991e-08,0.00854432335417105,0.03129211997532987,0.712752452138562
lmh,CPA,208,0.52,Middle_nC10,1.702372782324185e-07,0.03236605975986318,0.11853514703887219,0.712752452138562
lmh,CPA,208,0.52,Heavy_squalane,1.220997279764255e-06,0.23213993629248847,0.8501727329857979,0.712752452138562
lmh,CPA,209,0.5225,H2O,3.833351877388686e-06,0.7286845901246566,0.0,0.7145915806457593
lmh,CPA,209,0.5225,Light_nC4,4.483728935446975e-08,0.008523152285675127,0.0314141842868089,0.7145915806457593
lmh,CPA,209,0.5225,Middle_nC10,1.692203783942977e-07,0.03216722232006179,0.11856024814381576,0.7145915806457593
lmh,CPA,209,0.5225,Heavy_squalane,1.21323673356718e-06,0.23062503526960645,0.8500255675693753,0.7145915806457593
lmh,CPA,210,0.525,H2O,3.842913862367748e-06,0.7303775786489876,0.0,0.7163858050398224
lmh,CPA,210,0.525,Light_nC4,4.473597587278332e-08,0.008502442393109318,0.03153462664753786,0.7163858050398224
lmh,CPA,210,0.525,Middle_nC10,1.682281114953496e-07,0.0319731446332656,0.11858488798170397,0.7163858050398224
lmh,CPA,210,0.525,Heavy_squalane,1.20566618128216e-06,0.22914683432463756,0.8498804853707581,0.7163858050398224
lmh,CPA,211,0.5275,H2O,3.852259183235449e-06,0.7320290600745885,0.0,0.7181355610164577
lmh,CPA,211,0.5275,Light_nC4,4.463701406516636e-08,0.008482189254778082,0.031653392181775604,0.7181355610164577
lmh,CPA,211,0.5275,Middle_nC10,1.67260251295773e-07,0.03178378159930801,0.11860906114728288,0.7181355610164577
lmh,CPA,211,0.5275,Heavy_squalane,1.19828379229095e-06,0.22770496907132548,0.8497375466709415,0.7181355610164577
lmh,CPA,212,0.53,H2O,3.861391966482869e-06,0.7336398488303572,0.0,0.7198417170214427
lmh,CPA,212,0.53,Light_nC4,4.454035637664871e-08,0.008462383669580716,0.031770456775987804,0.7198417170214427
lmh,CPA,212,0.53,Middle_nC10,1.663163300803613e-07,0.0315990420856741,0.11863276825349485,0.7198417170214427
lmh,CPA,212,0.53,Heavy_squalane,1.191085900982036e-06,0.22629872541438806,0.8495967749705173,0.7198417170214427
lmh,CPA,213,0.5325,H2O,3.870317945426676e-06,0.7352110580155075,0.0,0.7215054645194804
lmh,CPA,213,0.5325,Light_nC4,4.44459374127539e-08,0.008443012985104867,0.03188582167301887,0.7215054645194804
lmh,CPA,213,0.5325,Middle_nC10,1.65395700378713e-07,0.03141880062084765,0.11865601480702206,0.7215054645194804
lmh,CPA,213,0.5325,Heavy_squalane,1.184067475435593e-06,0.22492712837854,0.8494581635199592,0.7215054645194804
lmh,CPA,214,0.535,H2O,3.879044008766781e-06,0.7367440182319948,0.0,0.7231282305199594
lmh,CPA,214,0.535,Light_nC4,4.435367901718709e-08,0.008424062121657454,0.03199950886237096,0.7231282305199594
lmh,CPA,214,0.535,Middle_nC10,1.644975827526675e-07,0.03124290671432204,0.11867881027620825,0.7231282305199594
lmh,CPA,214,0.535,Heavy_squalane,1.177222481047608e-06,0.22358901293202582,0.8493216808614208,0.7231282305199594
lmh,CPA,215,0.5375,H2O,3.887577808161635e-06,0.7382402015042577,0.0,0.7247115954879126
lmh,CPA,215,0.5375,Light_nC4,4.426349511550128e-08,0.008405514478642113,0.032111556193678975,0.7247115954879126
lmh,CPA,215,0.5375,Middle_nC10,1.636211119259654e-07,0.031071193580996283,0.11870116709881896,0.7247115954879126
lmh,CPA,215,0.5375,Heavy_squalane,1.170544231739457e-06,0.22228309043610386,0.849187276707502,0.7247115954879126
lmh,CPA,216,0.54,H2O,3.895927387186913e-06,0.7397011519420911,0.0,0.7262572184444771
lmh,CPA,216,0.54,Light_nC4,4.417529578820869e-08,0.008387352723612984,0.03222201245295962,0.7262572184444771
lmh,CPA,216,0.54,Middle_nC10,1.627653782538865e-07,0.030903486083097717,0.11872309967435044,0.7262572184444771
lmh,CPA,216,0.54,Heavy_squalane,1.164025706555624e-06,0.22100800925119818,0.8490548878726899,0.7262572184444771
lmh,CPA,217,0.5425,H2O,3.904100808691038e-06,0.7411284156463267,0.0,0.7277667611910372
lmh,CPA,217,0.5425,Light_nC4,4.408899128412512e-08,0.00836955956288531,0.032330931893439184,0.7277667611910372
lmh,CPA,217,0.5425,Middle_nC10,1.619294697435782e-07,0.030739608744310285,0.11874462321176771,0.7277667611910372
lmh,CPA,217,0.5425,Heavy_squalane,1.157659871209666e-06,0.21976241604647778,0.8489244448947931,0.7277667611910372
lmh,CPA,218,0.545,H2O,3.912105804751451e-06,0.7425234746202228,0.0,0.72924181680491
lmh,CPA,218,0.545,Light_nC4,4.400449575034793e-08,0.008352118453385002,0.032438368667068396,0.72924181680491
lmh,CPA,218,0.545,Middle_nC10,1.611125117358104e-07,0.03057939329595045,0.11876575253159853,0.72924181680491
lmh,CPA,218,0.545,Heavy_squalane,1.151439982231439e-06,0.21854501363044165,0.8487958788013331,0.72924181680491
lmh,CPA,219,0.5475,H2O,3.919949454498926e-06,0.743887687241782,0.0,0.7306838451800014
lmh,CPA,219,0.5475,Light_nC4,4.392173048341597e-08,0.00833501423633577,0.03254437143834007,0.7306838451800014
lmh,CPA,219,0.5475,Middle_nC10,1.603137023856557e-07,0.030422685467018807,0.11878650088853493,0.7306838451800014
lmh,CPA,219,0.5475,Heavy_squalane,1.145359859411559e-06,0.21735461305486348,0.848669127673125,0.7306838451800014
lmh,CPA,220,0.55,H2O,3.927637916431538e-06,0.7452222355504462,0.0,0.7320941159368536
lmh,CPA,220,0.55,Light_nC4,4.384062700919234e-08,0.008318233697419564,0.03264897827874057,0.7320941159368536
lmh,CPA,220,0.55,Middle_nC10,1.595323448443652e-07,0.030269350993417835,0.1188068788452345,0.7320941159368536
lmh,CPA,220,0.55,Heavy_squalane,1.139414132689289e-06,0.21619017975871643,0.8485441428760249,0.7320941159368536
lmh,CPA,221,0.5525,H2O,3.935176173817778e-06,0.7465280803723082,0.0,0.7334736597552145
lmh,CPA,221,0.5525,Light_nC4,4.376112940470736e-08,0.008301766042084479,0.032752211977872724,0.7334736597552145
lmh,CPA,221,0.5525,Middle_nC10,1.587678735945776e-07,0.030119280729524384,0.11882689322653418,0.7334736597552145
lmh,CPA,221,0.5525,Heavy_squalane,1.133598444950558e-06,0.2150508728560829,0.8484208947955931,0.7334736597552145
lmh,CPA,222,0.555,H2O,3.942567841396862e-06,0.7478059248200818,0.0,0.7348232287527441
lmh,CPA,222,0.555,Light_nC4,4.368319635867989e-08,0.008285603283500127,0.032854075884174036,0.7348232287527441
lmh,CPA,222,0.555,Middle_nC10,1.580198765001856e-07,0.029972394804577186,0.11884654618945557,0.7348232287527441
lmh,CPA,222,0.555,Heavy_squalane,1.127909621550302e-06,0.21393607709184093,0.8482993779263704,0.7348232287527441
lmh,CPA,223,0.5575,H2O,3.949815030788492e-06,0.7490561875646297,0.0,0.736143267442656
lmh,CPA,223,0.5575,Light_nC4,4.360680277897196e-08,0.0082697405288315,0.0329545504572317,0.736143267442656
lmh,CPA,223,0.5575,Middle_nC10,1.572881113051426e-07,0.029828645666972305,0.11886583445708414,0.736143267442656
lmh,CPA,223,0.5575,Heavy_squalane,1.122345796954099e-06,0.21284542623956654,0.8481796150856841,0.736143267442656
lmh,CPA,224,0.56,H2O,3.956918233141059e-06,0.7502789821236201,0.0,0.7374338901828146
lmh,CPA,224,0.56,Light_nC4,4.353194091047492e-08,0.008254176202738928,0.033053590254165204,0.7374338901828146
lmh,CPA,224,0.56,Middle_nC10,1.565725179496398e-07,0.02968802044275152,0.11888474864958325,0.7374338901828146
lmh,CPA,224,0.56,Heavy_squalane,1.116906509562273e-06,0.21177882123088954,0.8480616610962515,0.7374338901828146
lmh,CPA,225,0.5625,H2O,3.963876214410566e-06,0.7514740991245321,0.0,0.7386948618218088
lmh,CPA,225,0.5625,Light_nC4,4.345862126464848e-08,0.008238912240830972,0.03315112111779188,0.7386948618218088
lmh,CPA,225,0.5625,Middle_nC10,1.558732290011767e-07,0.02955054295476007,0.11890327265956618,0.7386948618218088
lmh,CPA,225,0.5625,Heavy_squalane,1.111592782123897e-06,0.21073644567987676,0.8479456062226419,0.7386948618218088
lmh,CPA,226,0.565,H2O,3.970685976890305e-06,0.7526409974578612,0.0,0.7399255879766872
lmh,CPA,226,0.565,Light_nC4,4.338687327290006e-08,0.008223954189967776,0.033247038132629844,0.7399255879766872
lmh,CPA,226,0.565,Middle_nC10,1.551905755398282e-07,0.02941627473191206,0.11892138321062659,0.7399255879766872
lmh,CPA,226,0.565,Heavy_squalane,1.106407166653472e-06,0.20971877362025906,0.8478315786567435,0.7399255879766872
lmh,CPA,227,0.5675,H2O,3.977342752605594e-06,0.753778804437666,0.0,0.7411251150604216
lmh,CPA,227,0.5675,Light_nC4,4.331674526361245e-08,0.008209311213006873,0.03334120441685771,0.7411251150604216
lmh,CPA,227,0.5675,Middle_nC10,1.545250870239733e-07,0.029285314994854605,0.11893904961338177,0.7411251150604216
lmh,CPA,227,0.5675,Heavy_squalane,1.101353743314086e-06,0.20872656935447242,0.8477197459697606,0.7411251150604216
lmh,CPA,228,0.57,H2O,3.983840079249284e-06,0.7548863303292905,0.0,0.7422921458657292
lmh,CPA,228,0.57,Light_nC4,4.324830369937236e-08,0.008194995939379675,0.03343345130603687,0.7422921458657292
lmh,CPA,228,0.57,Middle_nC10,1.53877482804784e-07,0.029157799009015727,0.11895623384932746,0.7422921458657292
lmh,CPA,228,0.57,Heavy_squalane,1.096438054796406e-06,0.20776087472231414,0.8476103148446358,0.7422921458657292
lmh,CPA,229,0.5725,H2O,3.990169943016585e-06,0.7559620970743561,0.0,0.7434250705338057
lmh,CPA,229,0.5725,Light_nC4,4.318163151784219e-08,0.008181024162755669,0.03352358000407974,0.7434250705338057
lmh,CPA,229,0.5725,Middle_nC10,1.532486547995258e-07,0.029033894824161396,0.11897289099803385,0.7434250705338057
lmh,CPA,229,0.5725,Heavy_squalane,1.091666972763765e-06,0.20682298393872686,0.8475035289978865,0.7434250705338057
lmh,CPA,230,0.575,H2O,3.996323034343288e-06,0.7570043838360511,0.0,0.7445220157574187
lmh,CPA,230,0.575,Light_nC4,4.311682577020563e-08,0.008167414356808752,0.033611365035072095,0.7445220157574187
lmh,CPA,230,0.575,Middle_nC10,1.526396409761675e-07,0.028913798102186646,0.1189889700836353,0.7445220157574187
lmh,CPA,230,0.575,Heavy_squalane,1.087048492981236e-06,0.2059144037049535,0.8473996648812926,0.7445220157574187
lmh,CPA,231,0.5775,H2O,4.002289071464585e-06,0.7580112905791447,0.0,0.7455809135486718
lmh,CPA,231,0.5775,Light_nC4,4.305399392390944e-08,0.00815418699552023,0.03369655970741535,0.7455809135486718
lmh,CPA,231,0.5775,Middle_nC10,1.520515869126053e-07,0.028797724894982217,0.11900441538740798,0.7455809135486718
lmh,CPA,231,0.5775,Heavy_squalane,1.082591439207786e-06,0.20503679753035275,0.8472990249051767,0.7455809135486718
lmh,CPA,232,0.58,H2O,4.008057238743481e-06,0.7589808201582364,0.0,0.7465995900922883
lmh,CPA,232,0.58,Light_nC4,4.299324927914858e-08,0.008141363672088044,0.03377890372638848,0.7465995900922883
lmh,CPA,232,0.58,Middle_nC10,1.514856968482109e-07,0.028685902318136915,0.11901916825445212,0.7465995900922883
lmh,CPA,232,0.58,Heavy_squalane,1.078305085805617e-06,0.20419191385153865,0.8472019280191594,0.7465995900922883
lmh,CPA,233,0.5825,H2O,4.013616741143702e-06,0.7599109795487986,0.0,0.7475758753842175
lmh,CPA,233,0.5825,Light_nC4,4.293470543069863e-08,0.008128966008643915,0.03385813309316303,0.7475758753842175
lmh,CPA,233,0.5825,Middle_nC10,1.509431737303328e-07,0.028578557048009604,0.11903316942316514,0.7475758753842175
lmh,CPA,233,0.5825,Heavy_squalane,1.074198695308115e-06,0.20338149739454778,0.8471086974836718,0.7475758753842175
lmh,CPA,234,0.585,H2O,4.018957389690988e-06,0.7607998947870585,0.0,0.7485077277793218
lmh,CPA,234,0.585,Light_nC4,4.287846947489589e-08,0.008117014414934901,0.03393399182541724,0.7485077277793218
lmh,CPA,234,0.585,Middle_nC10,1.504251493686355e-07,0.028475902259263525,0.11904636176440477,0.7485077277793218
lmh,CPA,234,0.585,Heavy_squalane,1.070280980796145e-06,0.20260718853874313,0.847019646410178,0.7485077277793218
lmh,CPA,235,0.5875,H2O,4.024070292570553e-06,0.761645935013328,0.0,0.7493933684648556
lmh,CPA,235,0.5875,Light_nC4,4.282463528265382e-08,0.008105526745315858,0.03400624506139257,0.7493933684648556
lmh,CPA,235,0.5875,Middle_nC10,1.49932611191082e-07,0.0283781235259372,0.11905869332467234,0.7493933684648556
lmh,CPA,235,0.5875,Heavy_squalane,1.066559540938139e-06,0.20187041471541894,0.8469350616139352,0.7493933684648556
lmh,CPA,236,0.59,H2O,4.028948523381553e-06,0.7624478402350845,0.0,0.7502314200325491
lmh,CPA,236,0.59,Light_nC4,4.277327607171949e-08,0.008094516912142006,0.03407469298596332,0.7502314200325491
lmh,CPA,236,0.59,Middle_nC10,1.494663250486441e-07,0.02828536429787029,0.11907012054052393,0.7502314200325491
lmh,CPA,236,0.59,Heavy_squalane,1.063040265651714e-06,0.20117227855490322,0.8468551864735128,0.7502314200325491
lmh,CPA,237,0.5925,H2O,4.033587794914263e-06,0.7632048456133529,0.0,0.7510210413471807
lmh,CPA,237,0.5925,Light_nC4,4.272443739918682e-08,0.008083993533071675,0.03413918479037733,0.7510210413471807
lmh,CPA,237,0.5925,Middle_nC10,1.490267608940882e-07,0.028197711770111163,0.11908061143881767,0.7510210413471807
lmh,CPA,237,0.5925,Heavy_squalane,1.05972676351293e-06,0.20051344908346427,0.846780203770805,0.7510210413471807
lmh,CPA,238,0.595,H2O,4.037987060317852e-06,0.7639167943569064,0.0,0.7517620501251007
lmh,CPA,238,0.595,Light_nC4,4.267813064012899e-08,0.008073958697922693,0.03419963176088332,0.7517620501251007
lmh,CPA,238,0.595,Middle_nC10,1.486140247346158e-07,0.028115184044896185,0.11909014861226605,0.7517620501251007
lmh,CPA,238,0.595,Heavy_squalane,1.056619837904176e-06,0.19989406290027475,0.8467102196268507,0.7517620501251007
lmh,CPA,239,0.5975,H2O,4.042149014059674e-06,0.764584228644241,0.0,0.7524550217500934
lmh,CPA,239,0.5975,Light_nC4,4.263432786656709e-08,0.008064406970708385,0.034256018295908894,0.7524550217500934
lmh,CPA,239,0.5975,Middle_nC10,1.48227804283324e-07,0.02803771978900174,0.11909873169300662,0.7524550217500934
lmh,CPA,239,0.5975,Heavy_squalane,1.053717068453198e-06,0.1993136445960489,0.8466452500110844,0.7524550217500934
lmh,CPA,240,0.6,H2O,4.046080398043723e-06,0.7652084480748771,0.0,0.753101352930885
lmh,CPA,240,0.6,Light_nC4,4.259295832575358e-08,0.00805532474221873,0.034308409634719934,0.753101352930885
lmh,CPA,240,0.6,Middle_nC10,1.478673331980779e-07,0.02796517157992697,0.11910637904401823,0.753101352930885
lmh,CPA,240,0.6,Heavy_squalane,1.051012536253348e-06,0.19877105560297714,0.8465852113212619,0.753101352930885
lmh,CPA,241,0.6025,H2O,4.049792320801013e-06,0.7657915662447087,0.0,0.7537033233331684
lmh,CPA,241,0.6025,Light_nC4,4.255390522089259e-08,0.008046689594811302,0.03435695916577771,0.7537033233331684
lmh,CPA,241,0.6025,Middle_nC10,1.475313572588003e-07,0.027897299465242272,0.11911312935208077,0.7537033233331684
lmh,CPA,241,0.6025,Heavy_squalane,1.04849656356502e-06,0.19826444469523788,0.8465299114821415,0.7537033233331684
lmh,CPA,242,0.605,H2O,4.053300204439808e-06,0.7663365012485691,0.0,0.7542640856028745
lmh,CPA,242,0.605,Light_nC4,4.251700604607625e-08,0.008038470385496013,0.034401908849474465,0.7542640856028745
lmh,CPA,242,0.605,Middle_nC10,1.472181393911673e-07,0.027833772030449334,0.11911904160974093,0.7542640856028745
lmh,CPA,242,0.605,Heavy_squalane,1.046155753294841e-06,0.19779125633548547,0.8464790495407847,0.7542640856028745
lmh,CPA,243,0.6075,H2O,4.056623570727122e-06,0.766846933376498,0.0,0.7547876198040588
lmh,CPA,243,0.6075,Light_nC4,4.248205494110926e-08,0.008030627685102735,0.03444358593005631,0.7547876198040588
lmh,CPA,243,0.6075,Middle_nC10,1.469254849002903e-07,0.02777417119588628,0.1191241942390417,0.7547876198040588
lmh,CPA,243,0.6075,Heavy_squalane,1.043973183854921e-06,0.197348267742513,0.846432219830902,0.7547876198040588
lmh,CPA,244,0.61,H2O,4.059785650548605e-06,0.76732723210178,0.0,0.755278654530431
lmh,CPA,244,0.61,Light_nC4,4.244880666874404e-08,0.008023114551072278,0.03448239612889246,0.755278654530431
lmh,CPA,244,0.61,Middle_nC10,1.466507847033036e-07,0.027718000504961083,0.11912868340950838,0.755278654530431
lmh,CPA,244,0.61,Heavy_squalane,1.041928742914055e-06,0.1969316528421867,0.8463889204615991,0.755278654530431
lmh,CPA,245,0.6125,H2O,4.062812864282472e-06,0.7677823564172519,0.0,0.7557425590762
lmh,CPA,245,0.6125,Light_nC4,4.241698226331091e-08,0.008015877590755154,0.034518813760586575,0.7557425590762
lmh,CPA,245,0.6125,Middle_nC10,1.463910750967507e-07,0.02766469644328261,0.1191326206590526,0.7557425590762
lmh,CPA,245,0.6125,Heavy_squalane,1.039999588160551e-06,0.19653706954871036,0.8463485655803609,0.7557425590762
lmh,CPA,246,0.615,H2O,4.065734176823726e-06,0.7682177353888537,0.0,0.756185214101257
lmh,CPA,246,0.615,Light_nC4,4.238627562101888e-08,0.008008858241338648,0.03455336953746163,0.756185214101257
lmh,CPA,246,0.615,Middle_nC10,1.461431087667699e-07,0.027613642008244472,0.11913612999929488,0.756185214101257
lmh,CPA,246,0.615,Heavy_squalane,1.03816069499984e-06,0.19615976436156304,0.8463105004632435,0.756185214101257
lmh,CPA,247,0.6175,H2O,4.068580403364717e-06,0.7686391371668495,0.0,0.7566128697242397
lmh,CPA,247,0.6175,Light_nC4,4.235636090496632e-08,0.008001994177771822,0.03458663699548262,0.7566128697242397
lmh,CPA,247,0.6175,Middle_nC10,1.459034332765879e-07,0.02756418159283564,0.1191393447244964,0.7566128697242397
lmh,CPA,247,0.6175,Heavy_squalane,1.036385461455717e-06,0.19579468706254297,0.8462740182800209,0.7566128697242397
lmh,CPA,248,0.62,H2O,4.071383486046178e-06,0.7690525346472075,0.0,0.757031999926985
lmh,CPA,248,0.62,Light_nC4,4.232690005389923e-08,0.007995220760160302,0.0346192184787432,0.757031999926985
lmh,CPA,248,0.62,Middle_nC10,1.456684712680329e-07,0.027515636252593966,0.11914240414183118,0.757031999926985
lmh,CPA,248,0.62,Heavy_squalane,1.034646326378109e-06,0.1954366083400383,0.8462383773794255,0.757031999926985
lmh,CPA,249,0.6225,H2O,4.074175813521663e-06,0.7694639747778173,0.0,0.7574491608576605
lmh,CPA,249,0.6225,Light_nC4,4.229755035751192e-08,0.007988472444767497,0.034651731489985044,0.7574491608576605
lmh,CPA,249,0.6225,Middle_nC10,1.454345994222085e-07,0.027467318560536434,0.11914545040873488,0.7574491608576605
lmh,CPA,249,0.6225,Heavy_squalane,1.032915377450965e-06,0.19508023421687887,0.8462028181012801,0.7574491608576605
lmh,CPA,250,0.625,H2O,4.076989544156051e-06,0.7698794565683601,0.0,0.757870858525621
lmh,CPA,250,0.625,Light_nC4,4.226797111927326e-08,0.00798168410370289,0.03468479599725065,0.757870858525621
lmh,CPA,250,0.625,Middle_nC10,1.451982207610498e-07,0.02741854647492103,0.11914862561180262,0.757870858525621
lmh,CPA,250,0.625,Heavy_squalane,1.031164908692496e-06,0.19472031285301603,0.8461665783909468,0.757870858525621
lmh,CPA,251,0.6275,H2O,4.079856021612771e-06,0.7703048206590342,0.0,0.7583034289908945
lmh,CPA,251,0.6275,Light_nC4,4.22378300067844e-08,0.007974792222089572,0.03471902303291952,0.7583034289908945
lmh,CPA,251,0.6275,Middle_nC10,1.44955831201077e-07,0.027368655895040013,0.1191520691621187,0.7583034289908945
lmh,CPA,251,0.6275,Heavy_squalane,1.029367932899662e-06,0.1943517312238362,0.8461289078049619,0.7583034289908945
lmh,CPA,252,0.63,H2O,4.082805258357784e-06,0.770745651265609,0.0,0.7587529319416386
lmh,CPA,252,0.63,Light_nC4,4.2206808739001e-08,0.007967735963597998,0.03475500468184898,0.7587529319416386
lmh,CPA,252,0.63,Middle_nC10,1.447040788163931e-07,0.02731701181187157,0.11915591552647253,0.7587529319416386
lmh,CPA,252,0.63,Heavy_squalane,1.027498637788269e-06,0.19396960095892143,0.8460890797916786,0.7587529319416386
lmh,CPA,253,0.6325,H2O,4.085865452734857e-06,0.7712071898102953,0.0,0.7592250569144049
lmh,CPA,253,0.6325,Light_nC4,4.217460782968217e-08,0.007960458111490126,0.03479330537043395,0.7592250569144049
lmh,CPA,253,0.6325,Middle_nC10,1.444398151282833e-07,0.027263018131750156,0.1191602922711815,0.7592250569144049
lmh,CPA,253,0.6325,Heavy_squalane,1.025532781243006e-06,0.19356933394646433,0.8460464023583845,0.7592250569144049
lmh,CPA,254,0.635,H2O,4.089062592548644e-06,0.771694258758446,0.0,0.7597250405600942
lmh,CPA,254,0.635,Light_nC4,4.214095110063677e-08,0.007952905901279611,0.034834454263089294,0.7597250405600942
lmh,CPA,254,0.635,Middle_nC10,1.441601414649888e-07,0.027206126341293914,0.11916531837238846,0.7597250405600942
lmh,CPA,254,0.635,Heavy_squalane,1.023448047821783e-06,0.19314670899898045,0.8460002273645223,0.7597250405600942
lmh,CPA,255,0.6375,H2O,4.092420079071503e-06,0.7722111941652607,0.0,0.7602575933288732
lmh,CPA,255,0.6375,Light_nC4,4.210558944496267e-08,0.007945031760694459,0.03487893854827342,0.7602575933288732
lmh,CPA,255,0.6375,Middle_nC10,1.438624492178108e-07,0.027145843183144017,0.11917110273995776,0.7602575933288732
lmh,CPA,255,0.6375,Heavy_squalane,1.021224358740243e-06,0.1926979308909009,0.8459499587117688,0.7602575933288732
lmh,CPA,256,0.64,H2O,4.095958412557308e-06,0.7727617860167504,0.0,0.7608268345836117
lmh,CPA,256,0.64,Light_nC4,4.206830436682525e-08,0.007936793966837987,0.03492719744498183,0.7608268345836117
lmh,CPA,256,0.64,Middle_nC10,1.435444561676479e-07,0.02708173744656221,0.11917774291501206,0.7608268345836117
lmh,CPA,256,0.64,Heavy_squalane,1.018844151105582e-06,0.1922196825698493,0.845895059640006,0.7608268345836117
lmh,CPA,257,0.6425,H2O,4.09969490070254e-06,0.7733492264168785,0.0,0.7614362362002167
lmh,CPA,257,0.6425,Light_nC4,4.202891089310155e-08,0.007928157219883401,0.0349796168552491,0.7614362362002167
lmh,CPA,257,0.6425,Middle_nC10,1.432042374749669e-07,0.02701344586688795,0.11918532392293421,0.7614362362002167
lmh,CPA,257,0.6425,Heavy_squalane,1.016292616394407e-06,0.19170917049635006,0.8458350592218166,0.7614362362002167
lmh,CPA,258,0.645,H2O,4.103643431819643e-06,0.7739760667268761,0.0,0.7620885758524953
lmh,CPA,258,0.645,Light_nC4,4.198726016030613e-08,0.007919093120890838,0.03503652469989328,0.7620885758524953
lmh,CPA,258,0.645,Middle_nC10,1.428402519253962e-07,0.026940678007804357,0.11919391728861584,0.7620885758524953
lmh,CPA,258,0.645,Heavy_squalane,1.013557901991454e-06,0.19116416214442872,0.8457695580114909,0.7620885758524953
lmh,CPA,259,0.6475,H2O,4.107814293270973e-06,0.7746441856029421,0.0,0.7627859020965224
lmh,CPA,259,0.6475,Light_nC4,4.194324125649315e-08,0.007909580532378896,0.035098187076029394,0.7627859020965224
lmh,CPA,259,0.6475,Middle_nC10,1.424513612054207e-07,0.026863219904991076,0.11920358024426365,0.7627859020965224
lmh,CPA,259,0.6475,Heavy_squalane,1.01063125929089e-06,0.19058301395968788,0.8456982326797069,0.7627859020965224
lmh,CPA,260,0.65,H2O,4.112214068746498e-06,0.7753547703151911,0.0,0.7635295138428346
lmh,CPA,260,0.65,Light_nC4,4.189678239272903e-08,0.007899605795318464,0.03516480544190543,0.7635295138428346
lmh,CPA,260,0.65,Middle_nC10,1.420368414974971e-07,0.026780936199937915,0.11921435517466011,0.7635295138428346
lmh,CPA,260,0.65,Heavy_squalane,1.007507132463318e-06,0.18996468768955257,0.8456208393834345,0.7635295138428346
lmh,CPA,261,0.6525,H2O,4.116845612445907e-06,0.7761083136391389,0.0,0.7643199567090112
lmh,CPA,261,0.6525,Light_nC4,4.184785112387512e-08,0.007889162777196375,0.03523651505523472,0.7643199567090112
lmh,CPA,261,0.6525,Middle_nC10,1.415963855097056e-07,0.026693770503102385,0.11922626934918099,0.7643199567090112
lmh,CPA,261,0.6525,Heavy_squalane,1.004183173689967e-06,0.1893087530805624,0.8455372155955843,0.7643199567090112
lmh,CPA,262,0.655,H2O,4.121708128016057e-06,0.7769046279996857,0.0,0.7651570380851366
lmh,CPA,262,0.655,Light_nC4,4.179645371075535e-08,0.00787825273243947,0.035313384862274824,0.7651570380851366
lmh,CPA,262,0.655,Middle_nC10,1.411300945677351e-07,0.02660174379511027,0.11923933498303495,0.7651570380851366
lmh,CPA,262,0.655,Heavy_squalane,1.000660181619112e-06,0.18861537547276458,0.8454472801546903,0.7651570380851366
lmh,CPA,263,0.6575,H2O,4.126797329550296e-06,0.7777428775338157,0.0,0.7660398616423639
lmh,CPA,263,0.6575,Light_nC4,4.174263331196588e-08,0.007866883967239802,0.035395418963172796,0.7660398616423639
lmh,CPA,263,0.6575,Middle_nC10,1.406384594427891e-07,0.026504950789739173,0.11925354965293321,0.7660398616423639
lmh,CPA,263,0.6575,Heavy_squalane,9.969419534111074e-07,0.18788528770920537,0.845351031383894,0.7660398616423639
lmh,CPA,264,0.66,H2O,4.132105697847579e-06,0.7786216274664799,0.0,0.7669668806413458
lmh,CPA,264,0.66,Light_nC4,4.168646720399033e-08,0.007855071314997197,0.03548255967871395,0.7669668806413458
lmh,CPA,264,0.66,Middle_nC10,1.401223308352043e-07,0.026403554327309408,0.11926889707038343,0.7669668806413458
lmh,CPA,264,0.66,Heavy_squalane,9.93035057123772e-07,0.18711974689121352,0.8452485432509027,0.7669668806413458
lmh,CPA,265,0.6625,H2O,4.137622836383736e-06,0.7795389089069222,0.0,0.7679359679977548
lmh,CPA,265,0.6625,Light_nC4,4.162806327957973e-08,0.007842835442496171,0.03557469213097999,0.7679359679977548
lmh,CPA,265,0.6625,Middle_nC10,1.395828811250613e-07,0.026297778013380898,0.11928534818998104,0.7679359679977548
lmh,CPA,265,0.6625,Heavy_squalane,9.88948536563241e-07,0.1863204776372006,0.8451399596790391,0.7679359679977548
lmh,CPA,266,0.665,H2O,4.14333587618742e-06,0.7804922960473555,0.0,0.7689444998397308
lmh,CPA,266,0.665,Light_nC4,4.156755564220543e-08,0.007830202019275924,0.03567165014383811,0.7689444998397308
lmh,CPA,266,0.665,Middle_nC10,1.390215580065961e-07,0.026187897445691093,0.1193028626063199,0.7689444998397308
lmh,CPA,266,0.665,Heavy_squalane,9.846935540885577e-07,0.18548960448767748,0.845025487249842,0.7689444998397308
lmh,CPA,267,0.6675,H2O,4.149229914616969e-06,0.7814789893169418,0.0,0.7699894455685337
lmh,CPA,267,0.6675,Light_nC4,4.150509986919582e-08,0.007817200821534158,0.035773222891011563,0.7699894455685337
lmh,CPA,267,0.6675,Middle_nC10,1.384400345476315e-07,0.026074230762233575,0.11932139010674592,0.7699894455685337
lmh,CPA,267,0.6675,Heavy_squalane,9.80283005934051e-07,0.18462957909929043,0.8449053870022426,0.7699894455685337
lmh,CPA,268,0.67,H2O,4.155288515362765e-06,0.7824959061286332,0.0,0.7710674662071875
lmh,CPA,268,0.67,Light_nC4,4.144086802079118e-08,0.007803864750377056,0.035879162600922394,0.7710674662071875
lmh,CPA,268,0.67,Middle_nC10,1.37840155294602e-07,0.02595712832439621,0.11934087245156597,0.7710674662071875
lmh,CPA,268,0.67,Heavy_squalane,9.757311067538244e-07,0.1837431007965935,0.8447799649475117,0.7710674662071875
lmh,CPA,269,0.6725,H2O,4.161494215348234e-06,0.7835397784997187,0.0,0.7721750202620977
lmh,CPA,269,0.6725,Light_nC4,4.137504291136551e-08,0.007790228768941077,0.03598919337209932,0.7721750202620977
lmh,CPA,269,0.6725,Middle_nC10,1.372238771559105e-07,0.025836961617070858,0.11936124539647704,0.7721750202620977
lmh,CPA,269,0.6725,Heavy_squalane,9.710529346875899e-07,0.18283303111426943,0.8446495612314237,0.7721750202620977
lmh,CPA,270,0.675,H2O,4.167828984827241e-06,0.7846072359235634,0.0,0.7733084536219809
lmh,CPA,270,0.675,Light_nC4,4.130781354762964e-08,0.007776329001895228,0.0361030187584929,0.7733084536219809
lmh,CPA,270,0.675,Middle_nC10,1.365932201600693e-07,0.02571411382421035,0.11938244041979588,0.7733084536219809
lmh,CPA,270,0.675,Heavy_squalane,9.662640518756878e-07,0.1819023212503311,0.8445145408217113,0.7733084536219809
lmh,CPA,271,0.6775,H2O,4.174274635157719e-06,0.785694882920189,0.0,0.7744640837281392
lmh,CPA,271,0.6775,Light_nC4,4.123937061774617e-08,0.007762201891631913,0.03622032920819679,0.7744640837281392
lmh,CPA,271,0.6775,Middle_nC10,1.359502205520278e-07,0.025588971008268003,0.11940438640454028,0.7744640837281392
lmh,CPA,271,0.6775,Heavy_squalane,9.613801435419015e-07,0.18095394417991112,0.844375284387263,0.7744640837281392
lmh,CPA,272,0.68,H2O,4.180813199505663e-06,0.7867993685299569,0.0,0.7756382750416895
lmh,CPA,272,0.68,Light_nC4,4.116990258539788e-08,0.007747883440585425,0.03634080906403921,0.7756382750416895
lmh,CPA,272,0.68,Middle_nC10,1.352968892073674e-07,0.025461914204875494,0.11942701121151773,0.7756382750416895
lmh,CPA,272,0.68,Heavy_squalane,9.564166977533513e-07,0.17999083382458214,0.8442321797244431,0.7756382750416895
lmh,CPA,273,0.6825,H2O,4.187427246605988e-06,0.7879174454928982,0.0,0.7768275033480362
lmh,CPA,273,0.6825,Light_nC4,4.109959224388669e-08,0.0077334085643757065,0.03646414285394107,0.7768275033480362
lmh,CPA,273,0.6825,Middle_nC10,1.346351758171437e-07,0.025333312689626464,0.11945024308342221,0.7768275033480362
lmh,CPA,273,0.6825,Heavy_squalane,9.513887299055376e-07,0.17901583325309972,0.8440856140626366,0.7768275033480362
lmh,CPA,274,0.685,H2O,4.194100143524363e-06,0.7890460180737622,0.0,0.7780284077645425
lmh,CPA,274,0.685,Light_nC4,4.102861400725859e-08,0.007718810567624854,0.03659002071041168,0.7780284077645425
lmh,CPA,274,0.685,Middle_nC10,1.339669401862408e-07,0.025203518535600065,0.11947401184592348,0.7780284077645425
lmh,CPA,274,0.685,Heavy_squalane,9.463105618094331e-07,0.1780316528230129,0.8439359674436647,0.7780284077645425
lmh,CPA,275,0.6875,H2O,4.20081625096845e-06,0.7901821784602149,0.0,0.7792378303633384
lmh,CPA,275,0.6875,Light_nC4,4.095713178682623e-08,0.007704120743518693,0.03671814284878492,0.7792378303633384
lmh,CPA,275,0.6875,Middle_nC10,1.332939301766547e-07,0.02507286247005709,0.11949824989152713,0.7792378303633384
lmh,CPA,275,0.6875,Heavy_squalane,9.411956520900756e-07,0.1770408383262094,0.843783607259688,0.7792378303633384
lmh,CPA,276,0.69,H2O,4.207561066672089e-06,0.7913232323218098,0.0,0.7804528440396936
lmh,CPA,276,0.69,Light_nC4,4.088529754418958e-08,0.0076893680910249,0.0368482230991953,0.7804528440396936
lmh,CPA,276,0.69,Middle_nC10,1.326177663524663e-07,0.024941650963686612,0.11952289294680972,0.7804528440396936
lmh,CPA,276,0.69,Heavy_squalane,9.360564780689497e-07,0.17604574862347872,0.843628883953995,0.7804528440396936
lmh,CPA,277,0.6925,H2O,4.214321310392774e-06,0.792466714538488,0.0,0.7816707697145236
lmh,CPA,277,0.6925,Light_nC4,4.081325034944186e-08,0.0076745791390653625,0.036979991532436134,0.7816707697145236
lmh,CPA,277,0.6925,Middle_nC10,1.31939932348849e-07,0.02481016443788382,0.11954788063375495,0.7816707697145236
lmh,CPA,277,0.6925,Heavy_squalane,9.309044618320889e-07,0.17504854188456273,0.8434721278338089,0.7816707697145236
lmh,CPA,278,0.695,H2O,4.221084956888492e-06,0.793610396414434,0.0,0.7828891842937158
lmh,CPA,278,0.695,Light_nC4,4.074111586597034e-08,0.007659777863507531,0.03711319625812404,0.7828891842937158
lmh,CPA,278,0.695,Middle_nC10,1.312617701684516e-07,0.024678656440554808,0.11957315684422745,0.7828891842937158
lmh,CPA,278,0.695,Heavy_squalane,9.257499343536133e-07,0.17405116928150363,0.8433136468976484,0.7828891842937158
lmh,CPA,279,0.6975,H2O,4.227841257945181e-06,0.7947522858520579,0.0,0.7841059209807731
lmh,CPA,279,0.6975,Light_nC4,4.06690064994109e-08,0.007644985681048979,0.0372476044996949,0.7841059209807731
lmh,CPA,279,0.6975,Middle_nC10,1.305844805576275e-07,0.024547353622831728,0.11959866995224147,0.7841059209807731
lmh,CPA,279,0.6975,Heavy_squalane,9.206021381750225e-07,0.17305537484406136,0.8431537255480636,0.7841059209807731
lmh,CPA,280,0.7,H2O,4.234580688899847e-06,0.7958906218835502,0.0,0.7853190634555518
lmh,CPA,280,0.7,Light_nC4,4.059702143479701e-08,0.007630221504825033,0.03738300305080441,0.7853190634555518
lmh,CPA,280,0.7,Middle_nC10,1.299091253762544e-07,0.024416456357788063,0.11962437288823558,0.7853190634555518
lmh,CPA,280,0.7,Heavy_squalane,9.154692463275007e-07,0.1720627002538367,0.84299262406096,0.7853190634555518
lmh,CPA,281,0.7025,H2O,4.241294920343201e-06,0.7970238649050074,0.0,0.7865269353776615
lmh,CPA,281,0.7025,Light_nC4,4.052524738922719e-08,0.007615501847199949,0.0375191982231601,0.7865269353776615
lmh,CPA,281,0.7025,Middle_nC10,1.29236634069319e-07,0.02428613984827722,0.11965022310091449,0.7865269353776615
lmh,CPA,281,0.7025,Heavy_squalane,9.103584118426975e-07,0.17107449339951541,0.8428305786759254,0.7865269353776615
lmh,CPA,282,0.705,H2O,4.247976741945851e-06,0.7981506838281485,0.0,0.7877280865324771
lmh,CPA,282,0.705,Light_nC4,4.045375924227977e-08,0.007600840956547887,0.037656015391583704,0.7877280865324771
lmh,CPA,282,0.705,Middle_nC10,1.28567811032275e-07,0.02415655558572889,0.11967618243087014,0.7877280865324771
lmh,CPA,282,0.705,Heavy_squalane,9.052758247525721e-07,0.17009191962957473,0.8426678021775461,0.7877280865324771
lmh,CPA,283,0.7075,H2O,4.254619971120698e-06,0.799269941199786,0.0,0.7889212767589225
lmh,CPA,283,0.7075,Light_nC4,4.038262074815912e-08,0.007586250976576057,0.037793298233059505,0.7889212767589225
lmh,CPA,283,0.7075,Middle_nC10,1.279033440982535e-07,0.024027833040453462,0.11970221691793699,0.7889212767589225
lmh,CPA,283,0.7075,Heavy_squalane,9.002267777867407e-07,0.16911597478318446,0.8425044848490035,0.7889212767589225
lmh,CPA,284,0.71,H2O,4.261219397796564e-06,0.8003806771685555,0.0,0.7901054586137498
lmh,CPA,284,0.71,Light_nC4,4.031188572043212e-08,0.007571742118592798,0.03793090774577099,0.7901054586137498
lmh,CPA,284,0.71,Middle_nC10,1.272438150134869e-07,0.02390008148340528,0.11972829656168178,0.7901054586137498
lmh,CPA,284,0.71,Heavy_squalane,8.952157465148377e-07,0.1681474992294464,0.8423407956925472,0.7901054586137498
lmh,CPA,285,0.7125,H2O,4.267770662503673e-06,0.8014820930069663,0.0,0.7912797595419389
lmh,CPA,285,0.7125,Light_nC4,4.024159863430512e-08,0.007557322839003743,0.038068721121812664,0.7912797595419389
lmh,CPA,285,0.7125,Middle_nC10,1.265897082526045e-07,0.0237733918588582,0.1197543950515882,0.7912797595419389
lmh,CPA,285,0.7125,Heavy_squalane,8.902464579673302e-07,0.16718719229517173,0.8421768838265992,0.7912797595419389
lmh,CPA,286,0.715,H2O,4.274270194137046e-06,0.8025735347392583,0.0,0.7924434641513497
lmh,CPA,286,0.715,Light_nC4,4.017179578846522e-08,0.0075430000160019006,0.038206630534765626,0.7924434641513497
lmh,CPA,286,0.715,Middle_nC10,1.259414215676049e-07,0.023647838645354222,0.1197804894805894,0.7924434641513497
lmh,CPA,286,0.715,Heavy_squalane,8.85321971410744e-07,0.16623562659938562,0.842012879984645,0.7924434641513497
lmh,CPA,287,0.7175,H2O,4.280715113771447e-06,0.8036544772932178,0.0,0.7935959970469091
lmh,CPA,287,0.7175,Light_nC4,4.010250609130616e-08,0.007528779120870379,0.038344541892680085,0.7935959970469091
lmh,CPA,287,0.7175,Middle_nC10,1.25299275129068e-07,0.023523481657332874,0.11980656005312783,0.7935959970469091
lmh,CPA,287,0.7175,Heavy_squalane,8.804447489988763e-07,0.16529326192857893,0.841848898054192,0.7935959970469091
lmh,CPA,288,0.72,H2O,4.287103153938863e-06,0.8047245094595517,0.0,0.7947369065321718
lmh,CPA,288,0.72,Light_nC4,4.003375190965727e-08,0.007514664380707776,0.03848237359389056,0.7947369065321718
lmh,CPA,288,0.72,Middle_nC10,1.246635205302824e-07,0.023400367755103214,0.11983258979577972,0.7947369065321718
lmh,CPA,288,0.72,Heavy_squalane,8.756167251356415e-07,0.16436045840463737,0.8416850366103297,0.7947369065321718
lmh,CPA,289,0.7225,H2O,4.293432586904342e-06,0.8057833198431577,0.0,0.7958658493826493
lmh,CPA,289,0.7225,Light_nC4,3.996554989833988e-08,0.007500658930727769,0.03862005531487051,0.7958658493826493
lmh,CPA,289,0.7225,Middle_nC10,1.240343493118983e-07,0.02327853244231084,0.11985856427734186,0.7958658493826493
lmh,CPA,289,0.7225,Heavy_squalane,8.7083937205697e-07,0.1634374887838038,0.8415213804077876,0.7958658493826493
lmh,CPA,290,0.725,H2O,4.299702158014511e-06,0.8068306839280341,0.0,0.7969825768195147
lmh,CPA,290,0.725,Light_nC4,3.989791175841068e-08,0.007486764954483205,0.03875752685117955,0.7969825768195147
lmh,CPA,290,0.725,Middle_nC10,1.234119007947869e-07,0.023158001336794125,0.1198844713420559,0.7969825768195147
lmh,CPA,290,0.725,Heavy_squalane,8.661137601017336e-07,0.1625245497806885,0.8413580018067646,0.7969825768195147
lmh,CPA,291,0.7275,H2O,4.305911018877602e-06,0.8078664522949753,0.0,0.7980869217305955
lmh,CPA,291,0.7275,Light_nC4,3.983084487241728e-08,0.007472983811769272,0.038894737025531104,0.7980869217305955
lmh,CPA,291,0.7275,Middle_nC10,1.227962690429046e-07,0.02303879151051508,0.11991030085951285,0.7980869217305955
lmh,CPA,291,0.7275,Heavy_squalane,8.614406113985606e-07,0.1616217723827404,0.8411949621149561,0.7980869217305955
lmh,CPA,292,0.73,H2O,4.312058658350418e-06,0.8088905399954033,0.0,0.7991787871421099
lmh,CPA,292,0.73,Light_nC4,3.976435279822356e-08,0.007459316154068167,0.039031642671633046,0.7991787871421099
lmh,CPA,292,0.73,Middle_nC10,1.221875089028615e-07,0.022920912698098293,0.11993604449275812,0.7991787871421099
lmh,CPA,292,0.73,Heavy_squalane,8.56820346600643e-07,0.1607292311524303,0.8410323128356089,0.7991787871421099
lmh,CPA,293,0.7325,H2O,4.318144881319149e-06,0.8099029170469153,0.0,0.8002581359045702
lmh,CPA,293,0.7325,Light_nC4,3.969843608601594e-08,0.0074457620278925805,0.039168207698011694,0.8002581359045702
lmh,CPA,293,0.7325,Middle_nC10,1.215856425628272e-07,0.02280436837787966,0.11996169548539415,0.8002581359045702
lmh,CPA,293,0.7325,Heavy_squalane,8.522531347996845e-07,0.1598469525473125,0.8408700968165942,0.8002581359045702
lmh,CPA,294,0.735,H2O,4.32416972983673e-06,0.8109035999950744,0.0,0.8013249815332211
lmh,CPA,294,0.735,Light_nC4,3.96330924494299e-08,0.0074323209665948485,0.03930440223294177,0.8013249815332211
lmh,CPA,294,0.735,Middle_nC10,1.209906636689029e-07,0.022689156731738897,0.1199872484677016,0.8013249815332211
lmh,CPA,294,0.735,Heavy_squalane,8.477389258667566e-07,0.15897492230659185,0.8407083492993567,0.8013249815332211
lmh,CPA,295,0.7375,H2O,4.330133467020545e-06,0.8118926444692779,0.0,0.8023793801261324
lmh,CPA,295,0.7375,Light_nC4,3.956831741125341e-08,0.007418992071467686,0.039440201849289216,0.8023793801261324
lmh,CPA,295,0.7375,Middle_nC10,1.204025424793542e-07,0.022575271491954606,0.12001269928154179,0.8023793801261324
lmh,CPA,295,0.7375,Heavy_squalane,8.432774896602836e-07,0.15811309196729972,0.8405470988691691,0.8023793801261324
lmh,CPA,296,0.74,H2O,4.336036534337939e-06,0.8128701386487117,0.0,0.8034214232681525
lmh,CPA,296,0.74,Light_nC4,3.950410460664624e-08,0.007405774082966949,0.039575586865126286,0.8034214232681525
lmh,CPA,296,0.74,Middle_nC10,1.198212295781412e-07,0.02246270268456454,0.12003804482276924,0.8034214232681525
lmh,CPA,296,0.74,Heavy_squalane,8.388684447546468e-07,0.15726138458375685,0.8403863683121044,0.8034214232681525
lmh,CPA,297,0.7425,H2O,4.341879512267855e-06,0.8138361975592842,0.0,0.8044512318357376
lmh,CPA,297,0.7425,Light_nC4,3.944044603076749e-08,0.007392665442933142,0.03971054171654745,0.8044512318357376
lmh,CPA,297,0.7425,Middle_nC10,1.1924665906873e-07,0.022351437278243066,0.12006328290034213,0.8044512318357376
lmh,CPA,297,0.7425,Heavy_squalane,8.345112831847044e-07,0.1564196997195396,0.8402261753831104,0.8044512318357376
lmh,CPA,298,0.745,H2O,4.34766310682381e-06,0.8147909581300776,0.0,0.8054689506255903
lmh,CPA,298,0.745,Light_nC4,3.937733244203504e-08,0.007379664348577259,0.039845054399451026,0.8054689506255903
lmh,CPA,298,0.745,Middle_nC10,1.186787519157527e-07,0.022241459746811208,0.12008841211128354,0.8054689506255903
lmh,CPA,298,0.745,Heavy_squalane,8.302053959070645e-07,0.15558791777453387,0.8400665334892653,0.8054689506255903
lmh,CPA,299,0.7475,H2O,4.353388117834007e-06,0.8157345749199234,0.0,0.8064747437098679
lmh,CPA,299,0.7475,Light_nC4,3.931475352792802e-08,0.007366768799181244,0.039979115973492324,0.8064747437098679
lmh,CPA,299,0.7475,Middle_nC10,1.181174182786768e-07,0.022132752555527855,0.12011343172985153,0.8064747437098679
lmh,CPA,299,0.7475,Heavy_squalane,8.25950090922646e-07,0.1547659037253675,0.8399074522966561,0.8064747437098679
lmh,CPA,300,0.75,H2O,4.359055430428732e-06,0.8166672164373504,0.0,0.807468790435091
lmh,CPA,300,0.75,Light_nC4,3.925269821869177e-08,0.0073539766363469854,0.04011272012260667,0.807468790435091
lmh,CPA,300,0.75,Middle_nC10,1.175625600378543e-07,0.022025296579887815,0.12013834160959654,0.807468790435091
lmh,CPA,300,0.75,Heavy_squalane,8.217446124955195e-07,0.15395351034641472,0.8397489382677967,0.807468790435091
lmh,CPA,301,0.7525,H2O,4.36466597479497e-06,0.8175890619878846,0.0,0.8084512819937285
lmh,CPA,301,0.7525,Light_nC4,3.919115465904924e-08,0.007341285578541749,0.04024586276758334,0.8084512819937285
lmh,CPA,301,0.7525,Middle_nC10,1.170140720662573e-07,0.0219190714644614,0.12016314209735367,0.8084512819937285
lmh,CPA,301,0.7525,Heavy_squalane,8.175881513760661e-07,0.1531505809691123,0.839590995135063,0.8084512819937285
lmh,CPA,302,0.755,H2O,4.370220739645637e-06,0.8185002989931113,0.0,0.8094224185076305
lmh,CPA,302,0.755,Light_nC4,3.913011061474836e-08,0.0073286932504928945,0.04037854172671467,0.8094224185076305
lmh,CPA,302,0.755,Middle_nC10,1.164718446039073e-07,0.021814055928055343,0.12018783395807026,0.8094224185076305
lmh,CPA,302,0.755,Heavy_squalane,8.134798625345511e-07,0.15235695182834053,0.8394336243152152,0.8094224185076305
lmh,CPA,303,0.7575,H2O,4.375720740996056e-06,0.8194011207154013,0.0,0.8103824065518893
lmh,CPA,303,0.7575,Light_nC4,3.906955343320081e-08,0.007316197208171849,0.04051075641860734,0.8103824065518893
lmh,CPA,303,0.7575,Middle_nC10,1.159357641198755e-07,0.02171022802273204,0.12021241830919528,0.8103824065518893
lmh,CPA,303,0.7575,Heavy_squalane,8.094188721481915e-07,0.15157245405369482,0.8392768252721975,0.8103824065518893
lmh,CPA,304,0.76,H2O,4.381167018933104e-06,0.8202917243384964,0.0,0.8113314570653526
lmh,CPA,304,0.76,Light_nC4,3.900947021891199e-08,0.007303794959908861,0.040642507603078894,0.8113314570653526
lmh,CPA,304,0.76,Middle_nC10,1.15405714665085e-07,0.021607565352345797,0.12023689656365934,0.8113314570653526
lmh,CPA,304,0.76,Heavy_squalane,8.054042878681422e-07,0.15079691534924902,0.8391205958332617,0.8113314570653526
lmh,CPA,305,0.7625,H2O,4.386560629095394e-06,0.8211723093570675,0.0,0.8122697835961509
lmh,CPA,305,0.7625,Light_nC4,3.894984792825757e-08,0.007291483984104827,0.040773797155742655,0.8122697835961509
lmh,CPA,305,0.7625,Middle_nC10,1.148815788502847e-07,0.02150604525589991,0.12026127038033112,0.8122697835961509
lmh,CPA,305,0.7625,Heavy_squalane,8.014352063359016e-07,0.15003016140292774,0.8389649324639262,0.8122697835961509
lmh,CPA,306,0.765,H2O,4.391902625705251e-06,0.8220430762285725,0.0,0.813197600833434
lmh,CPA,306,0.765,Light_nC4,3.88906733623692e-08,0.007279261744166941,0.04090462787228561,0.813197600833434
lmh,CPA,306,0.765,Middle_nC10,1.143632384095901e-07,0.02140564496112541,0.12028554162140594,0.813197600833434
lmh,CPA,306,0.765,Heavy_squalane,7.975107176923527e-07,0.1492720170661352,0.8388098305063084,0.813197600833434
lmh,CPA,307,0.7675,H2O,4.39719407525804e-06,0.8229042252550709,0.0,0.8141151233879563
lmh,CPA,307,0.7675,Light_nC4,3.883193340765363e-08,0.007267125700861067,0.04103500329879638,0.8141151233879563
lmh,CPA,307,0.7675,Middle_nC10,1.13850575395514e-07,0.021306341711831673,0.12030971231537949,0.8141151233879563
lmh,CPA,307,0.7675,Heavy_squalane,7.936299143956051e-07,0.1485223073322364,0.8386552843858242,0.8141151233879563
lmh,CPA,308,0.77,H2O,4.402436031874124e-06,0.8237559556608687,0.0,0.8150225647855717
lmh,CPA,308,0.77,Light_nC4,3.877361491533445e-08,0.007255073322532965,0.04116492758514237,0.8150225647855717
lmh,CPA,308,0.77,Middle_nC10,1.13343472224309e-07,0.021208112872979135,0.12033378462519942,0.8150225647855717
lmh,CPA,308,0.77,Heavy_squalane,7.897918919333329e-07,0.1477808581436193,0.8385012877896582,0.8150225647855717
lmh,CPA,309,0.7725,H2O,4.407629542230809e-06,0.8245984648377517,0.0,0.8159201366431994
lmh,CPA,309,0.7725,Light_nC4,3.871570482615946e-08,0.007243102093513206,0.04129440535861478,0.8159201366431994
lmh,CPA,309,0.7725,Middle_nC10,1.128418123718068e-07,0.0211109360166887,0.12035776082096919,0.8159201366431994
lmh,CPA,309,0.7725,Heavy_squalane,7.859957540003716e-07,0.14704749705204642,0.8383478338204161,0.8159201366431994
lmh,CPA,310,0.775,H2O,4.412775642148862e-06,0.8254319477337375,0.0,0.8168080480008452
lmh,CPA,310,0.775,Light_nC4,3.865819020567563e-08,0.007231209520952046,0.04142344161532225,0.8168080480008452
lmh,CPA,310,0.775,Middle_nC10,1.123454807425668e-07,0.02101478899191488,0.1203816432565895,0.8168080480008452
lmh,CPA,310,0.775,Heavy_squalane,7.822406153347261e-07,0.14632205375339555,0.8381949151280882,0.8168080480008452
lmh,CPA,311,0.7775,H2O,4.417875353248837e-06,0.8262565963652954,0.0,0.8176865047876963
lmh,CPA,311,0.7775,Light_nC4,3.860105826712943e-08,0.007219393140289071,0.04155204162724844,0.8176865047876963
lmh,CPA,311,0.7775,Middle_nC10,1.118543639494475e-07,0.020919649980054546,0.12040543434983063,0.8176865047876963
lmh,CPA,311,0.7775,Heavy_squalane,7.785256038761614e-07,0.14560436051436096,0.8380425240229209,0.8176865047876963
lmh,CPA,312,0.78,H2O,4.422929677053762e-06,0.8270725994323436,0.0,0.8185557094007337
lmh,CPA,312,0.78,Light_nC4,3.854429636169212e-08,0.007207650519641719,0.041680210862949874,0.8185557094007337
lmh,CPA,312,0.78,Middle_nC10,1.113683504536087e-07,0.020825497538888127,0.1204291365655515,0.8185557094007337
lmh,CPA,312,0.78,Heavy_squalane,7.748498619069064e-07,0.1448942525091266,0.8378906525714986,0.8185557094007337
lmh,CPA,313,0.7825,H2O,4.427939602058233e-06,0.8278801420231001,0.0,0.8194158603803264
lmh,CPA,313,0.7825,Light_nC4,3.848789207220652e-08,0.0071959792631536975,0.041807954920108435,0.8194158603803264
lmh,CPA,313,0.7825,Middle_nC10,1.108873309656587e-07,0.020732310636247184,0.12045275240135077,0.8194158603803264
lmh,CPA,313,0.7825,Heavy_squalane,7.712125489723591e-07,0.14419156807749903,0.8377392926785407,0.8194158603803264
lmh,CPA,314,0.785,H2O,4.432906094199184e-06,0.8286794053925791,0.0,0.8202671521664521
lmh,CPA,314,0.785,Light_nC4,3.843183315431036e-08,0.007184377013565878,0.04193527946846551,0.8202671521664521
lmh,CPA,314,0.785,Middle_nC10,1.104111983719046e-07,0.020640068675319166,0.12047628437559209,0.8202671521664521
lmh,CPA,314,0.785,Heavy_squalane,7.676128414627877e-07,0.14349614891853582,0.8375884361559424,0.8202671521664521
lmh,CPA,315,0.7875,H2O,4.437830097443425e-06,0.8294705667997213,0.0,0.8211097749188017
lmh,CPA,315,0.7875,Light_nC4,3.837610756005375e-08,0.007172841454147324,0.042062190201049725,0.8211097749188017
lmh,CPA,315,0.7875,Middle_nC10,1.099398478746909e-07,0.020548751513274344,0.12049973501724373,0.8211097749188017
lmh,CPA,315,0.7875,Heavy_squalane,7.640499336600181e-07,0.14280784023285698,0.8374380747817066,0.8211097749188017
lmh,CPA,316,0.79,H2O,4.442712533241856e-06,0.8302537994020749,0.0,0.8219439143993764
lmh,CPA,316,0.79,Light_nC4,3.832070344539846e-08,0.007161370309972795,0.04218869279398961,0.8219439143993764
lmh,CPA,316,0.79,Middle_nC10,1.094731770609416e-07,0.020458339473326183,0.12052310685754614,0.8219439143993764
lmh,CPA,316,0.79,Heavy_squalane,7.605230382595764e-07,0.14212649081462608,0.8372882003484643,0.8219439143993764
lmh,CPA,317,0.7925,H2O,4.447554307708047e-06,0.831029272191105,0.0,0.8227697518996214
lmh,CPA,317,0.7925,Light_nC4,3.826560924002775e-08,0.007149961348774819,0.04231479287265297,0.8227697518996214
lmh,CPA,317,0.7925,Middle_nC10,1.090110861300046e-07,0.020368813352177807,0.12054640242311565,0.8227697518996214
lmh,CPA,317,0.7925,Heavy_squalane,7.57031387980126e-07,0.14145195310794245,0.8371388047042313,0.8227697518996214
lmh,CPA,318,0.795,H2O,4.452356298820995e-06,0.8317971499597829,0.0,0.823587464202712
lmh,CPA,318,0.795,Light_nC4,3.821081354131769e-08,0.007138612381432545,0.042440495982830936,0.823587464202712
lmh,CPA,318,0.795,Middle_nC10,1.085534776046623e-07,0.020280154423780422,0.12056962423009758,0.823587464202712
lmh,CPA,318,0.795,Heavy_squalane,7.535742335681435e-07,0.14078408323500408,0.8369898797870715,0.823587464202712
lmh,CPA,319,0.7975,H2O,4.45711936479188e-06,0.832557593298779,0.0,0.8243972235767512
lmh,CPA,319,0.7975,Light_nC4,3.815630518804405e-08,0.007127321262129808,0.042565807566583624,0.8243972235767512
lmh,CPA,319,0.7975,Middle_nC10,1.081002565440347e-07,0.02019234443982286,0.12059277477929138,0.8243972235767512
lmh,CPA,319,0.7975,Heavy_squalane,7.501508452778316e-07,0.14012274099926839,0.836841417654125,0.8243972235767512
lmh,CPA,320,0.8,H2O,4.461844343788544e-06,0.833310758614974,0.0,0.825199197792875
lmh,CPA,320,0.8,Light_nC4,3.810207325703111e-08,0.007116085888298896,0.042690732942157056,0.825199197792875
lmh,CPA,320,0.8,Middle_nC10,1.076513305250542e-07,0.020105365627697838,0.12061585655223907,0.825199197792875
lmh,CPA,320,0.8,Heavy_squalane,7.467605127312888e-07,0.1394677898690292,0.8366934105056039,0.825199197792875
lmh,CPA,321,0.8025,H2O,4.466532049388605e-06,0.8340567981692453,0.0,0.8259935501642041
lmh,CPA,321,0.8025,Light_nC4,3.80481070213802e-08,0.007104904200339736,0.04281527728738188,0.8259935501642041
lmh,CPA,321,0.8025,Middle_nC10,1.072066095074141e-07,0.020019200686262624,0.12063887200802716,0.8259935501642041
lmh,CPA,321,0.8025,Heavy_squalane,7.434025439625066e-07,0.13881909694415226,0.836545850704591,0.8259935501642041
lmh,CPA,322,0.805,H2O,4.471183273264355e-06,0.8347958601292266,0.0,0.8267804396008885
lmh,CPA,322,0.805,Light_nC4,3.799439596906372e-08,0.007093774181152804,0.04293944562588881,0.8267804396008885
lmh,CPA,322,0.805,Middle_nC10,1.067660058635458e-07,0.019933832779873872,0.12066182358061119,0.8267804396008885
lmh,CPA,322,0.805,Heavy_squalane,7.4007626560113e-07,0.1381765329097467,0.8363987307935,0.8267804396008885
lmh,CPA,323,0.8075,H2O,4.475798792878023e-06,0.8355280886330856,0.0,0.8275600206779168
lmh,CPA,323,0.8075,Light_nC4,3.794092986278669e-08,0.0070826938555993415,0.043063242815965186,0.8275600206779168
lmh,CPA,323,0.8075,Middle_nC10,1.063294345178037e-07,0.019849245531202885,0.1206847136768656,0.8275600206779168
lmh,CPA,323,0.8075,Heavy_squalane,7.36781023805172e-07,0.13753997198011222,0.8362520435071692,0.8275600206779168
lmh,CPA,324,0.81,H2O,4.480379353638218e-06,0.8362536238632547,0.0,0.8283324437132795
lmh,CPA,324,0.81,Light_nC4,3.788769858169611e-08,0.007071661289808825,0.043186673541423914,0.8283324437132795
lmh,CPA,324,0.81,Middle_nC10,1.058968124690743e-07,0.019765423012879473,0.12070754467490193,0.8283324437132795
lmh,CPA,324,0.81,Heavy_squalane,7.335161809174331e-07,0.13690929183405695,0.8361057817836741,0.8283324437132795
lmh,CPA,325,0.8125,H2O,4.484925690986095e-06,0.8369726021266835,0.0,0.8290978548533527
lmh,CPA,325,0.8125,Light_nC4,3.783469230153807e-08,0.007060674590422972,0.043309742304232804,0.8290978548533527
lmh,CPA,325,0.8125,Middle_nC10,1.054680592607472e-07,0.019682349738398934,0.1207303189227952,0.8290978548533527
lmh,CPA,325,0.8125,Heavy_squalane,7.302811186848568e-07,0.13628437354449469,0.835959938772972,0.8290978548533527
lmh,CPA,326,0.815,H2O,4.489438515139196e-06,0.8376851559397799,0.0,0.8298563961636117
lmh,CPA,326,0.815,Light_nC4,3.778190135741779e-08,0.007049731903792118,0.04343245341859559,0.8298563961636117
lmh,CPA,326,0.815,Middle_nC10,1.050430965578236e-07,0.01960001065249238,0.12075303873760687,0.8298563961636117
lmh,CPA,326,0.815,Heavy_squalane,7.270752352878289e-07,0.13566510150393563,0.8358145078437975,0.8298563961636117
lmh,CPA,327,0.8175,H2O,4.493918516998278e-06,0.838391414116336,0.0,0.8306082057227573
lmh,CPA,327,0.8175,Light_nC4,3.772931628588776e-08,0.0070388314151491466,0.04355481100624282,0.8306082057227573
lmh,CPA,327,0.8175,Middle_nC10,1.046218482257059e-07,0.019518391121164123,0.12077570640469985,0.8306082057227573
lmh,CPA,327,0.8175,Heavy_squalane,7.238979458445487e-07,0.1350513633473507,0.8356694825890573,0.8306082057227573
lmh,CPA,328,0.82,H2O,4.498366371802196e-06,0.839091501856414,0.0,0.8313534177176544
lmh,CPA,328,0.82,Light_nC4,3.767692784729319e-08,0.007027971347752897,0.04367681899237864,0.8313534177176544
lmh,CPA,328,0.82,Middle_nC10,1.042042403520478e-07,0.019437476921599958,0.12079832417710477,0.8313534177176544
lmh,CPA,328,0.82,Heavy_squalane,7.207486825200443e-07,0.1344430498742331,0.8355248568305166,0.8313534177176544
lmh,CPA,329,0.8225,H2O,4.502782730978515e-06,0.8397855408374534,0.0,0.8320921625410778
lmh,CPA,329,0.8225,Light_nC4,3.762472694896454e-08,0.007017149962026107,0.043798481102799894,0.8320921625410778
lmh,CPA,329,0.8225,Middle_nC10,1.037902009926858e-07,0.019357254231835715,0.12082089427519571,0.8320921625410778
lmh,CPA,329,0.8225,Heavy_squalane,7.176268927245763e-07,0.13384005496868487,0.8353806246220045,0.8320921625410778
lmh,CPA,330,0.825,H2O,4.507168233035224e-06,0.8404736493060506,0.0,0.8328245668901648
lmh,CPA,330,0.825,Light_nC4,3.757270472805807e-08,0.007006365554680833,0.04391980086175554,0.8328245668901648
lmh,CPA,330,0.825,Middle_nC10,1.033796603596428e-07,0.019277709620343343,0.12084341888649824,0.8328245668901648
lmh,CPA,330,0.825,Heavy_squalane,7.145320403704217e-07,0.1332422755189252,0.8352367802517463,0.8328245668901648
lmh,CPA,331,0.8275,H2O,4.511523492996741e-06,0.8411559421681858,0.0,0.8335507538631136
lmh,CPA,331,0.8275,Light_nC4,3.752085245483635e-08,0.0069956164578536435,0.04404078159008425,0.8335507538631136
lmh,CPA,331,0.8275,Middle_nC10,1.029725505133131e-07,0.019198830035783113,0.12086590016550092,0.8335507538631136
lmh,CPA,331,0.8275,Heavy_squalane,7.114636037005093e-07,0.1326496113381775,0.8350933182444149,0.8335507538631136
lmh,CPA,332,0.83,H2O,4.515849115730132e-06,0.841832531077979,0.0,0.8342708430543496
lmh,CPA,332,0.83,Light_nC4,3.746916163561448e-08,0.006984901038257862,0.044161426403690675,0.8342708430543496
lmh,CPA,332,0.83,Middle_nC10,1.025688056057143e-07,0.019120602796921196,0.12088834023352772,0.8342708430543496
lmh,CPA,332,0.83,Heavy_squalane,7.084210769276588e-07,0.13206196508684193,0.8349502333627816,0.8342708430543496
lmh,CPA,333,0.8325,H2O,4.520145685362294e-06,0.8425035245262555,0.0,0.8349849506498677
lmh,CPA,333,0.8325,Light_nC4,3.741762391642604e-08,0.006974217696361735,0.044281738212766396,0.8349849506498677
lmh,CPA,333,0.8325,Middle_nC10,1.021683615748886e-07,0.019043015582586763,0.12091074117884844,0.8349849506498677
lmh,CPA,333,0.8325,Heavy_squalane,7.054039680791747e-07,0.13147924219479593,0.8348075206083851,0.8349849506498677
lmh,CPA,334,0.835,H2O,4.524413769017721e-06,0.8431690279277732,0.0,0.8356931895207879
lmh,CPA,334,0.835,Light_nC4,3.736623110624285e-08,0.00696356486555726,0.044401719721218494,0.8356931895207879
lmh,CPA,334,0.835,Middle_nC10,1.017711561695599e-07,0.018966056421759005,0.12093310505672561,0.8356931895207879
lmh,CPA,334,0.835,Heavy_squalane,7.024117991262375e-07,0.13090135078491053,0.8346651752220559,0.8356931895207879
lmh,CPA,335,0.8375,H2O,4.528653920608474e-06,0.8438291437071153,0.0,0.8363956693156078
lmh,CPA,335,0.8375,Light_nC4,3.731497520038609e-08,0.006952941011346557,0.044521373426466476,0.8363956693156078
lmh,CPA,335,0.8375,Middle_nC10,1.013771289736545e-07,0.018889713683802704,0.12095543388951326,0.8363956693156078
lmh,CPA,335,0.8375,Heavy_squalane,6.994441061119515e-07,0.13032820159773556,0.8345231926840203,0.8363956693156078
lmh,CPA,336,0.84,H2O,4.532866677366524e-06,0.8444839713832911,0.0,0.8370924965512319
lmh,CPA,336,0.84,Light_nC4,3.726384834410671e-08,0.006942344630559134,0.0446407016196994,0.8370924965512319
lmh,CPA,336,0.84,Middle_nC10,1.00986221267922e-07,0.018813976068864372,0.12097772966691467,0.8370924965512319
lmh,CPA,336,0.84,Heavy_squalane,6.965004381546912e-07,0.12975970791728536,0.834381568713386,0.8370924965512319
lmh,CPA,337,0.8425,H2O,4.537052561196488e-06,0.8451336076534327,0.0,0.8377837747030588
lmh,CPA,337,0.8425,Light_nC4,3.721284283623027e-08,0.006931774250578597,0.044759706386562875,0.8377837747030588
lmh,CPA,337,0.8425,Middle_nC10,1.00598376001533e-07,0.018738832598366745,0.12099999434630153,0.8377837747030588
lmh,CPA,337,0.8425,Heavy_squalane,6.935803572115779e-07,0.12919578549762187,0.8342402992671356,0.8377837747030588
lmh,CPA,338,0.845,H2O,4.541212080036346e-06,0.8457781464756303,0.0,0.838469604294087
lmh,CPA,338,0.845,Light_nC4,3.716195113278979e-08,0.0069212284285690845,0.04487838960822379,0.838469604294087
lmh,CPA,338,0.845,Middle_nC10,1.002135377637503e-07,0.018664272605588582,0.12102222985304288,0.838469604294087
lmh,CPA,338,0.845,Heavy_squalane,6.90683437843113e-07,0.12863635249021205,0.8340993805387333,0.838469604294087
lmh,CPA,339,0.8475,H2O,4.545345731689038e-06,0.8464176791506525,0.0,0.8391500829828282
lmh,CPA,339,0.8475,Light_nC4,3.711116587086857e-08,0.006910705750720316,0.04499675296285688,0.8391500829828282
lmh,CPA,339,0.8475,Middle_nC10,9.983165281006063e-08,0.018590285726376537,0.12104443808094406,0.8391500829828282
lmh,CPA,339,0.8475,Heavy_squalane,6.878092673529772e-07,0.12808132937225072,0.8339588089561991,0.8391500829828282
lmh,CPA,340,0.85,H2O,4.549453987976738e-06,0.8470522944022637,0.0,0.8398253056499466
lmh,CPA,340,0.85,Light_nC4,3.706047973196655e-08,0.006900204831519085,0.04511479792751603,0.8398253056499466
lmh,CPA,340,0.85,Middle_nC10,9.945266865702707e-08,0.01851686189001932,0.12106662089276465,0.8398253056499466
lmh,CPA,340,0.85,Heavy_squalane,6.849574429568881e-07,0.1275306388761979,0.8338185811797193,0.8398253056499466
lmh,CPA,341,0.8525,H2O,4.553537320644279e-06,0.8476820784564703,0.0,0.8404953644835605
lmh,CPA,341,0.8525,Light_nC4,3.700988564654745e-08,0.006889724313023248,0.04523252578032512,0.8404953644835605
lmh,CPA,341,0.8525,Middle_nC10,9.907653459623198e-08,0.01844399131023598,0.1210887801207622,0.8404953644835605
lmh,CPA,341,0.8525,Heavy_squalane,6.82127575285317e-07,0.1269842059202705,0.8336786940989126,0.8404953644835605
lmh,CPA,342,0.855,H2O,4.557596185525685e-06,0.8483071151194195,0.0,0.8411603490631867
lmh,CPA,342,0.855,Light_nC4,3.695937665744974e-08,0.0068792628641532174,0.04534993760299885,0.8411603490631867
lmh,CPA,342,0.855,Middle_nC10,9.870320128957381e-08,0.018371664476314727,0.12111091756727892,0.8411603490631867
lmh,CPA,342,0.855,Heavy_squalane,6.793192855562624e-07,0.12644195754011264,0.8335391448297222,0.8411603490631867
lmh,CPA,343,0.8575,H2O,4.561631021336323e-06,0.848927485853364,0.0,0.8418203464417591
lmh,CPA,343,0.8575,Light_nC4,3.690894590369747e-08,0.006868819180018805,0.045467034283626875,0.8418203464417591
lmh,CPA,343,0.8575,Middle_nC10,9.833262069119913e-08,0.018299872144480814,0.121133035005417,0.8418203464417591
lmh,CPA,343,0.8575,Heavy_squalane,6.765322050009505e-07,0.1259038228221364,0.8333999307109562,0.8418203464417591
lmh,CPA,344,0.86,H2O,4.565642260880749e-06,0.8495432698510526,0.0,0.842475441225831
lmh,CPA,344,0.86,Light_nC4,3.68585867048181e-08,0.0068583919812541735,0.045583816519637076,0.842475441225831
lmh,CPA,344,0.86,Middle_nC10,9.796474623778525e-08,0.01822860532943329,0.12115513417969093,0.842475441225831
lmh,CPA,344,0.86,Heavy_squalane,6.737659761368541e-07,0.12536973283826008,0.833261049300672,0.842475441225831
lmh,CPA,345,0.8625,H2O,4.569630317413346e-06,0.8501545441081252,0.0,0.8431257156537315
lmh,CPA,345,0.8625,Light_nC4,3.68082924440932e-08,0.0068479800133854065,0.04570028482096088,0.8431257156537315
lmh,CPA,345,0.8625,Middle_nC10,9.759953250309298e-08,0.01815785529611534,0.12117721680674562,0.8431257156537315
lmh,CPA,345,0.8625,Heavy_squalane,6.71020250354671e-07,0.124839620582374,0.8331224983722936,0.8431257156537315
lmh,CPA,346,0.865,H2O,4.573595600823085e-06,0.8507613834935269,0.0,0.8437712496716433
lmh,CPA,346,0.865,Light_nC4,3.675805669322604e-08,0.0068375820462208275,0.04581643951332297,0.8437712496716433
lmh,CPA,346,0.865,Middle_nC10,9.723693549626304e-08,0.01808761355170622,0.1211992845760647,0.8437712496716433
lmh,CPA,346,0.865,Heavy_squalane,6.68294689935137e-07,0.12431342090854607,0.8329842759106124,0.8437712496716433
lmh,CPA,347,0.8675,H2O,4.577538508901086e-06,0.8513638608178826,0.0,0.8444121210073139
lmh,CPA,347,0.8675,Light_nC4,3.67078731356457e-08,0.006827196873255548,0.04593228074156634,0.8444121210073139
lmh,CPA,347,0.8675,Middle_nC10,9.687691242486193e-08,0.01801787183783768,0.12122133915064329,0.8444121210073139
lmh,CPA,347,0.8675,Heavy_squalane,6.655889663848637e-07,0.12379107047102424,0.8328463801077904,0.8444121210073139
lmh,CPA,348,0.87,H2O,4.581459418423059e-06,0.8519620468996826,0.0,0.8450484052414318
lmh,CPA,348,0.87,Light_nC4,3.665773548953797e-08,0.006816823311101953,0.0460478084730242,0.8450484052414318
lmh,CPA,348,0.87,Middle_nC10,9.651942146089721e-08,0.017948622123057693,0.12124338216764505,0.8450484052414318
lmh,CPA,348,0.87,Heavy_squalane,6.629027587965402e-07,0.12327250766615772,0.8327088093593307,0.8450484052414318
lmh,CPA,349,0.8725,H2O,4.585358716488604e-06,0.8525560106288723,0.0,0.8456801758764578
lmh,CPA,349,0.8725,Light_nC4,3.660763775362491e-08,0.006806460198969455,0.04616302250095174,0.8456801758764578
lmh,CPA,349,0.8725,Middle_nC10,9.616442235829201e-08,0.017879856595603195,0.12126541523912683,0.8456801758764578
lmh,CPA,349,0.8725,Heavy_squalane,6.60235758058355e-07,0.12275767257655498,0.8325715622599215,0.8456801758764578
lmh,CPA,350,0.875,H2O,4.589236753761698e-06,0.8531458190285327,0.0,0.8463075044031826
lmh,CPA,350,0.875,Light_nC4,3.655757382763712e-08,0.00679610639815229,0.046277922447933065,0.8463075044031826
lmh,CPA,350,0.875,Middle_nC10,9.58118754234118e-08,0.01781156765637874,0.12128743995269294,0.8463075044031826
lmh,CPA,350,0.875,Heavy_squalane,6.575876597520132e-07,0.12224650691693624,0.832434637599374,0.8463075044031826
lmh,CPA,351,0.8775,H2O,4.593093898549748e-06,0.8537315373141244,0.0,0.8469304603647752
lmh,CPA,351,0.8775,Light_nC4,3.650753793955697e-08,0.00678576079155115,0.04639250776925282,0.8469304603647752
lmh,CPA,351,0.8775,Middle_nC10,9.546174260984792e-08,0.01774374791221308,0.12130945787212752,0.8469304603647752
lmh,CPA,351,0.8775,Heavy_squalane,6.549581716404672e-07,0.12173895398211136,0.8322980343586197,0.8469304603647752
lmh,CPA,352,0.88,H2O,4.596930487257236e-06,0.854313228950999,0.0,0.8475491114187684
lmh,CPA,352,0.88,Light_nC4,3.645752424546261e-08,0.006775422283203565,0.04650677775626375,0.8475491114187684
lmh,CPA,352,0.88,Middle_nC10,9.511398643997049e-08,0.017676390169305105,0.12133147053797871,0.8475491114187684
lmh,CPA,352,0.88,Heavy_squalane,6.523470062355192e-07,0.12123495859649225,0.8321617517057576,0.8475491114187684
lmh,CPA,353,0.8825,H2O,4.600746863406379e-06,0.854890955709084,0.0,0.8481635233963201
lmh,CPA,353,0.8825,Light_nC4,3.640752713590682e-08,0.006765089797871498,0.04662073153971562,0.8481635233963201
lmh,CPA,353,0.8825,Middle_nC10,9.476857078082474e-08,0.01760948742700846,0.12135347946820454,0.8481635233963201
lmh,CPA,353,0.8825,Heavy_squalane,6.497538860946026e-07,0.12073446706603604,0.8320257889920798,0.8481635233963201
lmh,CPA,354,0.885,H2O,4.604543350657638e-06,0.8554647777161626,0.0,0.8487737603597806
lmh,CPA,354,0.885,Light_nC4,3.635754101715854e-08,0.006754762280630415,0.04673436809309674,0.8487737603597806
lmh,CPA,354,0.885,Middle_nC10,9.442546024594643e-08,0.01754303287176305,0.12137548615874509,0.8487737603597806
lmh,CPA,354,0.885,Heavy_squalane,6.471785396896444e-07,0.12023742713144392,0.8318901457481581,0.8487737603597806
lmh,CPA,355,0.8875,H2O,4.6083202664372e-06,0.8560347535090072,0.0,0.8493798846578464
lmh,CPA,355,0.8875,Light_nC4,3.630756041541367e-08,0.006744438696477819,0.046847686235856806,0.8493798846578464
lmh,CPA,355,0.8875,Middle_nC10,9.408462044273132e-08,0.017477019871266264,0.12139749208403368,0.8493798846578464
lmh,CPA,355,0.8875,Heavy_squalane,6.446207030785687e-07,0.11974378792324879,0.8317548216801095,0.8493798846578464
lmh,CPA,356,0.89,H2O,4.612077930603439e-06,0.8566009400823998,0.0,0.849981956978723
lmh,CPA,356,0.89,Light_nC4,3.625758004094138e-08,0.006734118029987325,0.04696068463668367,0.849981956978723
lmh,CPA,356,0.89,Middle_nC10,9.37460181131913e-08,0.017411441968898954,0.12141949869757797,0.849981956978723
lmh,CPA,356,0.89,Heavy_squalane,6.420801208429817e-07,0.11925349991871384,0.8316198166657383,0.849981956978723
lmh,CPA,357,0.8925,H2O,4.61581663549696e-06,0.8571633929364844,0.0,0.8505800364014027
lmh,CPA,357,0.8925,Light_nC4,3.620759454860014e-08,0.006723799284978569,0.04707336181675524,0.8505800364014027
lmh,CPA,357,0.8925,Middle_nC10,9.340962048991362e-08,0.01734629287833989,0.1214415074325201,0.8505800364014027
lmh,CPA,357,0.8925,Heavy_squalane,6.395565416510382e-07,0.1187665149001972,0.8314851307507247,0.8505800364014027
lmh,CPA,358,0.895,H2O,4.619536682761056e-06,0.857722166122857,0.0,0.8511741804453159
lmh,CPA,358,0.895,Light_nC4,3.615759882407758e-08,0.0067134814841761994,0.047185716152899106,0.8511741804453159
lmh,CPA,358,0.895,Middle_nC10,9.307539601423973e-08,0.01728156647829909,0.1214635197020341,0.8511741804453159
lmh,CPA,358,0.895,Heavy_squalane,6.370497231544253e-07,0.11828278591466768,0.8313507641450668,0.8511741804453159
lmh,CPA,359,0.8975,H2O,4.623238358454097e-06,0.8582773122888625,0.0,0.8517644451183316
lmh,CPA,359,0.8975,Light_nC4,3.610758778474723e-08,0.006703163668915712,0.047297745880873064,0.8517644451183316
lmh,CPA,359,0.8975,Middle_nC10,9.274331379844206e-08,0.01721725680747848,0.12148553689985825,0.8517644451183316
lmh,CPA,359,0.8975,Heavy_squalane,6.345594282809435e-07,0.11780226723474328,0.8312167172192687,0.8517644451183316
lmh,CPA,360,0.9,H2O,4.626921944148906e-06,0.8588288827202439,0.0,0.8523508849629051
lmh,CPA,360,0.9,Light_nC4,3.605755646367888e-08,0.006692844898860657,0.04740944909855443,0.8523508849629051
lmh,CPA,360,0.9,Middle_nC10,9.24133438211052e-08,0.01715335805971126,0.12150756040074948,0.8523508849629051
lmh,CPA,360,0.9,Heavy_squalane,6.320854265504569e-07,0.11732491432118425,0.8310829905006961,0.8523508849629051
lmh,CPA,361,0.9025,H2O,4.630587715143545e-06,0.859376927382618,0.0,0.8529335531009472
lmh,CPA,361,0.9025,Light_nC4,3.600749999243098e-08,0.006682524251733288,0.047520823769194726,0.8529335531009472
lmh,CPA,361,0.9025,Middle_nC10,9.208545686128373e-08,0.017089864579235482,0.12152959156094445,0.8529335531009472
lmh,CPA,361,0.9025,Heavy_squalane,6.296274936022129e-07,0.11685068378641335,0.8309495846698608,0.8529335531009472
lmh,CPA,362,0.905,H2O,4.634235930771958e-06,0.8599214949615013,0.0,0.8535125012771162
lmh,CPA,362,0.905,Light_nC4,3.595741352287967e-08,0.006672200823058426,0.047631867724635284,0.8535125012771162
lmh,CPA,362,0.905,Middle_nC10,9.175962427828433e-08,0.017026770856127728,0.12155163171857204,0.8535125012771162
lmh,CPA,362,0.905,Heavy_squalane,6.271854096685251e-07,0.1163795333593125,0.8308165005567927,0.8535125012771162
lmh,CPA,363,0.9075,H2O,4.637866853368375e-06,0.8604626329007312,0.0,0.8540877799005361
lmh,CPA,363,0.9075,Light_nC4,3.590729237213639e-08,0.006661873725940436,0.04774257866855901,0.8540877799005361
lmh,CPA,363,0.9075,Middle_nC10,9.143581836262617e-08,0.016964071521931898,0.12157368219412819,0.8540877799005361
lmh,CPA,363,0.9075,Heavy_squalane,6.247589619541436e-07,0.11591142185139641,0.8306837391373127,0.8540877799005361
lmh,CPA,364,0.91,H2O,4.641480741224532e-06,0.8610003874402262,0.0,0.8546594380855613
lmh,CPA,364,0.91,Light_nC4,3.585713196460616e-08,0.006651542090827721,0.04785295417976343,0.8546594380855613
lmh,CPA,364,0.91,Middle_nC10,9.111401216720935e-08,0.01690176134534687,0.12159574429086009,0.8546594380855613
lmh,CPA,364,0.91,Heavy_squalane,6.22347943461105e-07,0.11544630912359913,0.8305513015293765,0.8546594380855613
lmh,CPA,365,0.9125,H2O,4.645077836150545e-06,0.8615348036523887,0.0,0.8552275236911828
lmh,CPA,365,0.9125,Light_nC4,3.580692773335122e-08,0.006641205065298331,0.04796299171544773,0.8552275236911828
lmh,CPA,365,0.9125,Middle_nC10,9.079417923771437e-08,0.01683983522807192,0.12161781929515468,0.8552275236911828
lmh,CPA,365,0.9125,Heavy_squalane,6.199521511281089e-07,0.11498415605424119,0.8304191889893977,0.8552275236911828
lmh,CPA,366,0.915,H2O,4.648658379865251e-06,0.8620659254770991,0.0,0.8557920833590322
lmh,CPA,366,0.915,Light_nC4,3.575667524467624e-08,0.0066308618138722865,0.04807268861452632,0.8557920833590322
lmh,CPA,366,0.915,Middle_nC10,9.047629391148548e-08,0.01677828820082142,0.12163990847697137,0.8557920833590322
lmh,CPA,366,0.915,Heavy_squalane,6.175713878539743e-07,0.11452492450820724,0.8302874029085022,0.8557920833590322
lmh,CPA,367,0.9175,H2O,4.652222604147799e-06,0.8625937957560547,0.0,0.8563531625505094
lmh,CPA,367,0.9175,Light_nC4,3.57063701196804e-08,0.006620511517816266,0.04818204210097004,0.8563531625505094
lmh,CPA,367,0.9175,Middle_nC10,9.016033110013988e-08,0.016717115419402562,0.12166201309020715,0.8563531625505094
lmh,CPA,367,0.9175,Heavy_squalane,6.152054609947724e-07,0.11406857730672659,0.8301559448088228,0.8563531625505094
lmh,CPA,368,0.92,H2O,4.655770739389581e-06,0.8631184562656543,0.0,0.856910805582497
lmh,CPA,368,0.92,Light_nC4,3.565600809794772e-08,0.006610153374977237,0.048291049287155684,0.856910805582497
lmh,CPA,368,0.92,Middle_nC10,8.984626643333669e-08,0.016656312160968127,0.1216841343731048,0.856910805582497
lmh,CPA,368,0.92,Heavy_squalane,6.128541833274892e-07,0.11361507819840021,0.8300248163397396,0.856910805582497
lmh,CPA,369,0.9225,H2O,4.659303012616066e-06,0.8636399477490364,0.0,0.8574650556621177
lmh,CPA,369,0.9225,Light_nC4,3.560558501998575e-08,0.0065997865996203775,0.04839970717724438,0.8574650556621177
lmh,CPA,369,0.9225,Middle_nC10,8.953407619662276e-08,0.016595873820362164,0.12170627354863674,0.8574650556621177
lmh,CPA,369,0.9225,Heavy_squalane,6.10517372607887e-07,0.11316439183098097,0.8298940192741189,0.8574650556621177
lmh,CPA,370,0.925,H2O,4.662819637462517e-06,0.8641583099473665,0.0,0.8580159549206083
lmh,CPA,370,0.925,Light_nC4,3.555509674855613e-08,0.006589410422267135,0.04850801267058726,0.8580159549206083
lmh,CPA,370,0.925,Middle_nC10,8.922373711687534e-08,0.01653579590654431,0.12172843182484931,0.8580159549206083
lmh,CPA,370,0.925,Heavy_squalane,6.081948500908047e-07,0.11271648372382208,0.8297635555045634,0.8580159549206083
lmh,CPA,371,0.9275,H2O,4.666320828032794e-06,0.8646735816300074,0.0,0.8585635444460407
lmh,CPA,371,0.9275,Light_nC4,3.550453927287108e-08,0.006579024089550009,0.04861596256513979,0.8585635444460407
lmh,CPA,371,0.9275,Middle_nC10,8.891522660857115e-08,0.016476074039145906,0.12175061039522285,0.8585635444460407
lmh,CPA,371,0.9275,Heavy_squalane,6.058864421937161e-07,0.11227132024129675,0.8296334270396374,0.8585635444460407
lmh,CPA,372,0.93,H2O,4.669806788834156e-06,0.8651858006239341,0.0,0.8591078643151644
lmh,CPA,372,0.93,Light_nC4,3.545390862982685e-08,0.006568626864068299,0.04872355356089038,0.8591078643151644
lmh,CPA,372,0.93,Middle_nC10,8.860852255995442e-08,0.01641670394510635,0.12177281043899355,0.8591078643151644
lmh,CPA,372,0.93,Heavy_squalane,6.035919790231295e-07,0.11182886856689123,0.8295036360001161,0.8591078643151644
lmh,CPA,373,0.9325,H2O,4.673277723345527e-06,0.8656950038419378,0.0,0.8596489536241372
lmh,CPA,373,0.9325,Light_nC4,3.540320096761222e-08,0.006558218024272106,0.04883078226333295,0.8596489536241372
lmh,CPA,373,0.9325,Middle_nC10,8.830360347712429e-08,0.016357681455460554,0.1217950331215479,0.8596489536241372
lmh,CPA,373,0.9325,Heavy_squalane,6.0131129534099e-07,0.11138909667832958,0.8293741846151191,0.8596489536241372
lmh,CPA,374,0.935,H2O,4.676733826540909e-06,0.8662012273102,0.0,0.860186850518429
lmh,CPA,374,0.935,Light_nC4,3.535241248718161e-08,0.0065477968643390975,0.04893764518692228,0.860186850518429
lmh,CPA,374,0.935,Middle_nC10,8.80004483225659e-08,0.016299002502187333,0.12181727959474678,0.860186850518429
lmh,CPA,374,0.935,Heavy_squalane,5.990442294496939e-07,0.11095197332327354,0.8292450752183309,0.860186850518429
lmh,CPA,375,0.9375,H2O,4.680175293475457e-06,0.8667045061951562,0.0,0.8607215922219428
lmh,CPA,375,0.9375,Light_nC4,3.530153950568861e-08,0.006537362694055487,0.049044138758559654,0.8607215922219428
lmh,CPA,375,0.9375,Middle_nC10,8.769903665876208e-08,0.016240663115137204,0.12183955099723737,0.8607215922219428
lmh,CPA,375,0.9375,Heavy_squalane,5.967906241556375e-07,0.1105174679956511,0.829116310244203,0.8607215922219428
lmh,CPA,376,0.94,H2O,4.683602309046651e-06,0.8672048748293478,0.0,0.8612532150650748
lmh,CPA,376,0.94,Light_nC4,3.525057837751249e-08,0.0065269148387099634,0.04915025932105843,0.8612532150650748
lmh,CPA,376,0.94,Middle_nC10,8.739934843727243e-08,0.016182659419078455,0.12186184845477178,0.8612532150650748
lmh,CPA,376,0.94,Heavy_squalane,5.945503253191724e-07,0.11008555091286366,0.8289878922241697,0.8612532150650748
lmh,CPA,377,0.9425,H2O,4.687015059283012e-06,0.8677023667367667,0.0,0.8617817545122602
lmh,CPA,377,0.9425,Light_nC4,3.519952557800611e-08,0.006516452638989275,0.049256003136680895,0.8617817545122602
lmh,CPA,377,0.9425,Middle_nC10,8.710136419304546e-08,0.016124987630798872,0.12188417308051841,0.8617817545122602
lmh,CPA,377,0.9425,Heavy_squalane,5.923231831633815e-07,0.1096561929934451,0.8288598237828007,0.8617817545122602
lmh,CPA,378,0.945,H2O,4.690413721041939e-06,0.8681970146574297,0.0,0.8623072451886247
lmh,CPA,378,0.945,Light_nC4,3.514837762441591e-08,0.006505975450880069,0.049361366390680235,0.8623072451886247
lmh,CPA,378,0.945,Middle_nC10,8.680506483452101e-08,0.016067644056297504,0.12190652597538629,0.8623072451886247
lmh,CPA,378,0.945,Heavy_squalane,5.901090508324191e-07,0.10922936583539272,0.8287321076339335,0.8623072451886247
lmh,CPA,379,0.9475,H2O,4.693798467883051e-06,0.8686888505712653,0.0,0.8628297209059146
lmh,CPA,379,0.9475,Light_nC4,3.509713111879748e-08,0.006495482645569949,0.04946634519481671,0.8628297209059146
lmh,CPA,379,0.9475,Middle_nC10,8.651043173709821e-08,0.016010625088046748,0.12192890822828453,0.8628297209059146
lmh,CPA,379,0.9475,Heavy_squalane,5.879077850149048e-07,0.10880504169511798,0.8286047465768988,0.8628297209059146
lmh,CPA,380,0.95,H2O,4.697169473273205e-06,0.8691779057204942,0.0,0.8633492146869493
lmh,CPA,380,0.95,Light_nC4,3.504578277070723e-08,0.006484973609383535,0.049570935590804534,0.8633492146869493
lmh,CPA,380,0.95,Middle_nC10,8.621744678614519e-08,0.01595392720244547,0.12195132091647594,0.8633492146869493
lmh,CPA,380,0.95,Heavy_squalane,5.857192462229322e-07,0.10838319346767668,0.8284777434927195,0.8633492146869493
lmh,CPA,381,0.9525,H2O,4.700526900152715e-06,0.8696642106325352,0.0,0.863865758790351
lmh,CPA,381,0.9525,Light_nC4,3.499432931781133e-08,0.0064744477436775505,0.049675133553867434,0.863865758790351
lmh,CPA,381,0.9525,Middle_nC10,8.592609216877056e-08,0.015897546957185697,0.1219737651057963,0.863865758790351
lmh,CPA,381,0.9525,Heavy_squalane,5.835432973650982e-07,0.10796379466660157,0.8283511013403362,0.863865758790351
lmh,CPA,382,0.955,H2O,4.703870912269597e-06,0.8701477951413971,0.0,0.8643793847338395
lmh,CPA,382,0.955,Light_nC4,3.494276760947139e-08,0.006463904464769697,0.04977893499620044,0.8643793847338395
lmh,CPA,382,0.955,Middle_nC10,8.563635056780016e-08,0.01584148098880827,0.12199624185094264,0.8643793847338395
lmh,CPA,382,0.955,Heavy_squalane,5.81379805052776e-07,0.10754681940502495,0.828224823152857,0.8643793847338395
lmh,CPA,383,0.9575,H2O,4.707201666417942e-06,0.8706286884081699,0.0,0.8648901233166355
lmh,CPA,383,0.9575,Light_nC4,3.489109454779634e-08,0.0064533432038805395,0.049882335770398654,0.8648901233166355
lmh,CPA,383,0.9575,Middle_nC10,8.534820500513295e-08,0.015785726010365705,0.12201875219577338,0.8648901233166355
lmh,CPA,383,0.9575,Heavy_squalane,5.792286385242914e-07,0.1071322423775839,0.8280989120338279,0.8648901233166355
lmh,CPA,384,0.96,H2O,4.710519321085937e-06,0.871106918941536,0.0,0.8653980046416828
lmh,CPA,384,0.96,Light_nC4,3.483930715070605e-08,0.00644276340705316,0.04998533167292987,0.8653980046416828
lmh,CPA,384,0.96,Middle_nC10,8.50616389848255e-08,0.01573027880906908,0.12204129717353915,0.8653980046416828
lmh,CPA,384,0.96,Heavy_squalane,5.770896706052126e-07,0.1067200388423418,0.827973371153531,0.8653980046416828
lmh,CPA,385,0.9625,H2O,4.713824023118702e-06,0.8715825146173629,0.0,0.8659030581369047
lmh,CPA,385,0.9625,Light_nC4,3.47874024520078e-08,0.0064321645350831685,0.05008791844753599,0.8659030581369047
lmh,CPA,385,0.9625,Middle_nC10,8.47766362376713e-08,0.01567513624404352,0.12206387780711764,0.8659030581369047
lmh,CPA,385,0.9625,Heavy_squalane,5.749627759641473e-07,0.10631018460351034,0.8278482037453464,0.8659030581369047
lmh,CPA,386,0.965,H2O,4.717115921853165e-06,0.8720555026976131,0.0,0.8664053125757843
lmh,CPA,386,0.965,Light_nC4,3.473537760512055e-08,0.0064215460634523954,0.05019009178859461,0.8664053125757843
lmh,CPA,386,0.965,Middle_nC10,8.449318096421599e-08,0.015620295244159017,0.12208649510921643,0.8664053125757843
lmh,CPA,386,0.965,Heavy_squalane,5.728478327516681e-07,0.10590265599477551,0.8277234131021889,0.8664053125757843
lmh,CPA,387,0.9675,H2O,4.720395164020372e-06,0.8725259098486255,0.0,0.8669047960972119
lmh,CPA,387,0.9675,Light_nC4,3.468322984417527e-08,0.006410907482267606,0.050291847344465866,0.8669047960972119
lmh,CPA,387,0.9675,Middle_nC10,8.421125772899495e-08,0.015565752805938454,0.12210915008261085,0.8669047960972119
lmh,CPA,387,0.9675,Heavy_squalane,5.707447218720128e-07,0.10549742986316843,0.8275990025729233,0.8669047960972119
lmh,CPA,388,0.97,H2O,4.72366188578639e-06,0.8729937621587979,0.0,0.8674015362247571
lmh,CPA,388,0.97,Light_nC4,3.463095642467584e-08,0.006400248296201254,0.05039318072080514,0.8674015362247571
lmh,CPA,388,0.97,Middle_nC10,8.393085130660106e-08,0.015511505991530597,0.12213184372034455,0.8674015362247571
lmh,CPA,388,0.97,Heavy_squalane,5.686533259302153e-07,0.10509448355347019,0.8274749755588504,0.8674015362247571
lmh,CPA,389,0.9725,H2O,4.726916224163329e-06,0.8734590851556556,0.0,0.8678955598850986
lmh,CPA,389,0.9725,Light_nC4,3.457855470662843e-08,0.006389568024426417,0.050494087483768414,0.8678955598850986
lmh,CPA,389,0.9725,Middle_nC10,8.365194687438885e-08,0.015457551926748197,0.12215457700588177,0.8678955598850986
lmh,CPA,389,0.9725,Heavy_squalane,5.665735305295519e-07,0.10469379489316981,0.8273513355103499,0.8678955598850986
lmh,CPA,390,0.975,H2O,4.730158320199188e-06,0.8739219038224155,0.0,0.8683868934261634
lmh,CPA,390,0.975,Light_nC4,3.452602217666362e-08,0.006378866200566034,0.050594563163304934,0.8683868934261634
lmh,CPA,390,0.975,Middle_nC10,8.337453005581612e-08,0.015403887799174077,0.12217735091333606,0.8683868934261634
lmh,CPA,390,0.975,Heavy_squalane,5.645052245547097e-07,0.1042953421778444,0.8272280859233591,0.8683868934261634
lmh,CPA,391,0.9775,H2O,4.733388297019774e-06,0.8743822426142315,0.0,0.8688755626348218
lmh,CPA,391,0.9775,Light_nC4,3.447335628669365e-08,0.006368142372637612,0.05069460325645866,0.8688755626348218
lmh,CPA,391,0.9775,Middle_nC10,8.309858652122644e-08,0.01535051085630366,0.1222001664077053,0.8688755626348218
lmh,CPA,391,0.9775,Heavy_squalane,5.624482974590087e-07,0.10389910415682721,0.827105230335836,0.8688755626348218
lmh,CPA,392,0.98,H2O,4.736606290835874e-06,0.874840125473998,0.0,0.8693615927540039
lmh,CPA,392,0.98,Light_nC4,3.442055467954784e-08,0.006357396102986272,0.050794203230569115,0.8693615927540039
lmh,CPA,392,0.98,Middle_nC10,8.282410252430647e-08,0.015297418403725685,0.12222302444500815,0.8693615927540039
lmh,CPA,392,0.98,Heavy_squalane,5.604026428887036e-07,0.10350506001928997,0.8269827723244229,0.8693615927540039
lmh,CPA,393,0.9825,H2O,4.739812423338528e-06,0.8752955758475502,0.0,0.8698450084992083
lmh,CPA,393,0.9825,Light_nC4,3.43676149866936e-08,0.0063466269682242995,0.050893358526443444,0.8698450084992083
lmh,CPA,393,0.9825,Middle_nC10,8.255106440519354e-08,0.015244607803377488,0.12224592597245086,0.8698450084992083
lmh,CPA,393,0.9825,Heavy_squalane,5.58368155310458e-07,0.103113189380848,0.8268607155011057,0.8698450084992083
lmh,CPA,394,0.985,H2O,4.743006813144463e-06,0.8757486166982371,0.0,0.8703258340743741
lmh,CPA,394,0.985,Light_nC4,3.431453491120241e-08,0.006335834559176203,0.05099206456147605,0.8703258340743741
lmh,CPA,394,0.985,Middle_nC10,8.22794587830231e-08,0.015192076471874424,0.12226887192859826,0.8703258340743741
lmh,CPA,394,0.985,Heavy_squalane,5.563447313074421e-07,0.1027234722707123,0.8267390635099257,0.8703258340743741
lmh,CPA,395,0.9875,H2O,4.746189584562768e-06,0.8761992705215278,0.0,0.870804093187627
lmh,CPA,395,0.9875,Light_nC4,3.426131229016363e-08,0.006325018480802453,0.05109031673276463,0.870804093187627
lmh,CPA,395,0.9875,Middle_nC10,8.200927269733971e-08,0.015139821878824025,0.12229186324347713,0.870804093187627
lmh,CPA,395,0.9875,Heavy_squalane,5.543322705276117e-07,0.10233588911884567,0.8266178200237582,0.870804093187627
lmh,CPA,396,0.99,H2O,4.749360853832985e-06,0.8766475593581168,0.0,0.871279809065761
lmh,CPA,396,0.99,Light_nC4,3.420794499429814e-08,0.006314178352168381,0.05118811042012299,0.871279809065761
lmh,CPA,396,0.99,Middle_nC10,8.174049335941823e-08,0.015087841545337806,0.12231490083881544,0.871279809065761
lmh,CPA,396,0.99,Heavy_squalane,5.523306739936378e-07,0.10195042074437698,0.8264969887410616,0.871279809065761
lmh,CPA,397,0.9925,H2O,4.752520737853918e-06,0.8770935048077241,0.0,0.8717530044690682
lmh,CPA,397,0.9925,Light_nC4,3.415443099023924e-08,0.006303313806363297,0.051285440989122216,0.8717530044690682
lmh,CPA,397,0.9925,Middle_nC10,8.147310829416627e-08,0.015036133042436409,0.12233798562812948,0.8717530044690682
lmh,CPA,397,0.9925,Heavy_squalane,5.503398450554013e-07,0.10156704834347614,0.8263765733827483,0.8717530044690682
lmh,CPA,398,0.995,H2O,4.755669343130291e-06,0.8775371280421772,0.0,0.8722237017055344
lmh,CPA,398,0.995,Light_nC4,3.410076826021893e-08,0.006292424490430874,0.05138230379406777,0.8722237017055344
lmh,CPA,398,0.995,Middle_nC10,8.120710514122929e-08,0.01498469398954197,0.12236111851682538,0.8722237017055344
lmh,CPA,398,0.995,Heavy_squalane,5.483596880393442e-07,0.10118575347784997,0.8262565776891068,0.8722237017055344
lmh,CPA,399,0.9975,H2O,4.758806780186335e-06,0.8779784498179385,0.0,0.872691922644409
lmh,CPA,399,0.9975,Light_nC4,3.404695490506978e-08,0.006281510065303377,0.051478694180913845,0.872691922644409
lmh,CPA,399,0.9975,Middle_nC10,8.094247189416242e-08,0.014933522053039971,0.12238430040233465,0.872691922644409
lmh,CPA,399,0.9975,Heavy_squalane,5.463901098575654e-07,0.10080651806371818,0.8261370054167515,0.872691922644409
lmh,CPA,400,1.0,H2O,4.76193315818135e-06,0.8784174904877452,0.0,0.8731576887289719
lmh,CPA,400,1.0,Light_nC4,3.399298910463885e-08,0.006270570205751921,0.051574607490067335,0.8731576887289719
lmh,CPA,400,1.0,Middle_nC10,8.067919679905915e-08,0.014882614944948688,0.12240753217426067,0.8731576887289719
lmh,CPA,400,1.0,Heavy_squalane,5.4443101931576e-07,0.10042932436155422,0.8260178603356719,0.8731576887289719
