system,eos,step,pvi,component,cumulative_produced_kg,recovery_fraction_of_initial,relative_balance_error
binary,PR,0,0.0,H2O,0.0,0.0,0.0
binary,PR,0,0.0,Heavy_squalane,0.0,0.0,0.0
binary,PR,1,0.0025,H2O,0.0004343257364508172,0.0022716878964506907,4.371945208636596e-08
binary,PR,1,0.0025,Heavy_squalane,0.003788406285111017,0.0025328935636248578,3.355127715497406e-13
binary,PR,2,0.005,H2O,0.0008686513697733276,0.0045433752535013255,4.371967743388439e-08
binary,PR,2,0.005,Heavy_squalane,0.007576812878283852,0.005065787333217012,-3.399664809065956e-14
binary,PR,3,0.0075,H2O,0.001302976924679568,0.006815062200405205,4.35993929015499e-08
binary,PR,3,0.0075,Heavy_squalane,0.01136521978151358,0.007598681310110349,3.95340933910159e-13
binary,PR,4,0.01,H2O,0.001737302415727358,0.009086748813305233,4.359434810363716e-08
binary,PR,4,0.01,Heavy_squalane,0.01515362697682691,0.010131575482288092,1.451909250334718e-13
binary,PR,5,0.0125,H2O,0.002171627852297976,0.011358435141269043,4.359308622414737e-08
binary,PR,5,0.0125,Heavy_squalane,0.01894203445577305,0.012664469844100124,-1.735462079387818e-13
binary,PR,6,0.015,H2O,0.002605953240707623,0.01363012121733276,4.359588212654586e-08
binary,PR,6,0.015,Heavy_squalane,0.02273044221305596,0.015197364392005553,-2.142234200647238e-13
binary,PR,7,0.0175,H2O,0.003040278585371612,0.015901807064590136,4.359596703085167e-08
binary,PR,7,0.0175,Heavy_squalane,0.02651885024464599,0.0177302591233102,-1.638965043322627e-13
binary,PR,8,0.02,H2O,0.003474603889588848,0.018173492700295692,4.359346653104446e-08
binary,PR,8,0.02,Heavy_squalane,0.03030725854828185,0.020263154036502185,6.784483920275729e-14
binary,PR,9,0.0225,H2O,0.003908929155782869,0.02044517813712545,4.358954605598875e-08
binary,PR,9,0.0225,Heavy_squalane,0.03409566712193793,0.022796049130227203,1.103035350714413e-13
binary,PR,10,0.025,H2O,0.004343254385892969,0.022716863385222656,4.358979052709877e-08
binary,PR,10,0.025,Heavy_squalane,0.03788407596498467,0.025328944404064337,9.634857908662905e-14
binary,PR,11,0.0275,H2O,0.004777579581350577,0.024988548452074214,4.358969124540479e-08
binary,PR,11,0.0275,Heavy_squalane,0.04167248507649984,0.02786183985739699,-3.660949091334781e-13
binary,PR,12,0.03,H2O,0.005211904743517203,0.027260233344801352,4.344651838295022e-08
binary,PR,12,0.03,Heavy_squalane,0.0454608944580552,0.030394735491276026,-2.97210871080788e-13
binary,PR,13,0.0325,H2O,0.005646229873222659,0.029531918067744283,4.33659498033645e-08
binary,PR,13,0.0325,Heavy_squalane,0.04924930410899454,0.03292763130526272,-2.687071311969162e-13
binary,PR,14,0.035,H2O,0.00608055497119189,0.031803602624694755,4.332062192302644e-08
binary,PR,14,0.035,Heavy_squalane,0.05303771402958424,0.035460527299535145,-4.326036355291789e-13
binary,PR,15,0.0375,H2O,0.006514880038180767,0.034075287019606264,4.328111793960865e-08
binary,PR,15,0.0375,Heavy_squalane,0.05682612422181728,0.037993423475425815,9.649703606519089e-14
binary,PR,16,0.04,H2O,0.006949205074390106,0.036346971253529134,4.325582081410317e-08
binary,PR,16,0.04,Heavy_squalane,0.06061453468400337,0.040526319831804616,-3.463501309847544e-13
binary,PR,17,0.0425,H2O,0.007383530080449131,0.03861865532975446,4.324661279087039e-08
binary,PR,17,0.0425,Heavy_squalane,0.06440294541911891,0.04305921637066153,-3.813859779253468e-13
binary,PR,18,0.045,H2O,0.00781785505657934,0.040890339249440764,4.323610364176389e-08
binary,PR,18,0.045,Heavy_squalane,0.06819135642733745,0.04559211309211259,-5.489939067216552e-13
binary,PR,19,0.0475,H2O,0.008252180003087785,0.04316202301419403,4.322322094685305e-08
binary,PR,19,0.0475,Heavy_squalane,0.07197976771019443,0.04812500999718439,-5.265769029588186e-13
binary,PR,20,0.05,H2O,0.008686504920131878,0.04543370662483759,4.321130830930997e-08
binary,PR,20,0.05,Heavy_squalane,0.0757681792684271,0.05065790708636984,-5.678479429990079e-13
binary,PR,21,0.0525,H2O,0.00912082980784613,0.04770539008207499,4.32104823588908e-08
binary,PR,21,0.0525,Heavy_squalane,0.07955659110299329,0.053190804360309325,-8.067152215049959e-13
binary,PR,22,0.055,H2O,0.009555154666346528,0.04997707338651288,4.321916852179086e-08
binary,PR,22,0.055,Heavy_squalane,0.08334500321504011,0.055723701819769815,-1.268713338789418e-12
binary,PR,23,0.0575,H2O,0.009989479495855344,0.05224875653931383,4.321364915904624e-08
binary,PR,23,0.0575,Heavy_squalane,0.08713341560693617,0.058256599466334935,-1.187507371516095e-12
binary,PR,24,0.06,H2O,0.01042380429621965,0.054520439539677966,4.320655028200449e-08
binary,PR,24,0.06,Heavy_squalane,0.09092182827802588,0.06078949729956635,-1.847398641223439e-12
binary,PR,25,0.0625,H2O,0.0108581290677614,0.05679212238928923,4.320258611967276e-08
binary,PR,25,0.0625,Heavy_squalane,0.09471024123200596,0.06332239532193566,-1.612242787181497e-12
binary,PR,26,0.065,H2O,0.01129245381031068,0.05906380508725892,4.319479174341723e-08
binary,PR,26,0.065,Heavy_squalane,0.09849865446846218,0.06585529353316592,-1.627385398994804e-12
binary,PR,27,0.0675,H2O,0.01172677852393393,0.06133548763393452,4.318953089610389e-08
binary,PR,27,0.0675,Heavy_squalane,0.1022870679891944,0.06838819193446051,-1.553602280649573e-12
binary,PR,28,0.07,H2O,0.01216110320857205,0.06360717002900693,4.318956908777594e-08
binary,PR,28,0.07,Heavy_squalane,0.1060754817950383,0.07092109052637813,-1.714381188432038e-12
binary,PR,29,0.0725,H2O,0.01259542786416272,0.06587885227215018,4.318609292397468e-08
binary,PR,29,0.0725,Heavy_squalane,0.1098638958869129,0.07345398930953324,-2.377686968646304e-12
binary,PR,30,0.075,H2O,0.01302975249088338,0.06815053436429237,4.318636165345779e-08
binary,PR,30,0.075,Heavy_squalane,0.1136523102679256,0.07598688828600343,-2.353191567183601e-12
binary,PR,31,0.0775,H2O,0.01346407708854694,0.07042221630445493,4.318235963252093e-08
binary,PR,31,0.0775,Heavy_squalane,0.1174407249380858,0.07851978745579498,-2.530746113543553e-12
binary,PR,32,0.08,H2O,0.01389840165708654,0.07269389809228816,4.318545926418338e-08
binary,PR,32,0.08,Heavy_squalane,0.1212291398985232,0.08105268681966318,-3.047970226852976e-12
binary,PR,33,0.0825,H2O,0.01433272619667743,0.0749655797287087,4.318506541256539e-08
binary,PR,33,0.0825,Heavy_squalane,0.12501755515254,0.08358558637981588,-2.59859095274631e-12
binary,PR,34,0.085,H2O,0.01476705070701094,0.07723726121210206,4.319610530378881e-08
binary,PR,34,0.085,Heavy_squalane,0.1288059706992696,0.08611848613567365,-2.664060480292078e-12
binary,PR,35,0.0875,H2O,0.01520137518814255,0.07950894254275843,4.320283930603352e-08
binary,PR,35,0.0875,Heavy_squalane,0.1325943865410666,0.08865138608881076,-2.566821159334078e-12
binary,PR,36,0.09,H2O,0.01563569964000784,0.0817806237203409,4.320825564008146e-08
binary,PR,36,0.09,Heavy_squalane,0.1363828026792779,0.09118428624012777,-2.313108182971906e-12
binary,PR,37,0.0925,H2O,0.01607002406242304,0.08405230474388824,4.3215403255914e-08
binary,PR,37,0.0925,Heavy_squalane,0.1401712191142418,0.0937171865898508,-2.575728578047788e-12
binary,PR,38,0.095,H2O,0.01650434845544829,0.08632398561371502,4.32137532424548e-08
binary,PR,38,0.095,Heavy_squalane,0.1439596358484516,0.0962500871396469,-2.59621564108932e-12
binary,PR,39,0.0975,H2O,0.01693867281902494,0.0885956663295145,4.321766539083782e-08
binary,PR,39,0.0975,Heavy_squalane,0.1477480528833875,0.09878298789050571,-2.280447647688304e-12
binary,PR,40,0.1,H2O,0.01737299715297547,0.09086734689035815,4.322790608801697e-08
binary,PR,40,0.1,Heavy_squalane,0.1515364702195122,0.10131588884273657,-2.228042334255977e-12
binary,PR,41,0.1025,H2O,0.01780732145724621,0.09313902729596528,4.322886387742031e-08
binary,PR,41,0.1025,Heavy_squalane,0.1553248878583842,0.1038487899973815,-2.293660318780307e-12
binary,PR,42,0.105,H2O,0.01824164573178604,0.0954107075460685,4.322931362876758e-08
binary,PR,42,0.105,Heavy_squalane,0.1591133058015975,0.10638169135550621,-2.310435957357793e-12
binary,PR,43,0.1075,H2O,0.01867596997642586,0.09768238763978336,4.322455149363691e-08
binary,PR,43,0.1075,Heavy_squalane,0.1629017240497266,0.10891459291749482,-2.796781019126356e-12
binary,PR,44,0.11,H2O,0.01911029419124156,0.0999540675775068,4.322476176987777e-08
binary,PR,44,0.11,Heavy_squalane,0.1666901426054911,0.11144749468516561,-2.828996183474273e-12
binary,PR,45,0.1125,H2O,0.01954461837607016,0.10222574735838635,4.322099134146384e-08
binary,PR,45,0.1125,Heavy_squalane,0.1704785614695328,0.11398039665894773,-2.872197164235766e-12
binary,PR,46,0.115,H2O,0.01997894253087285,0.10449742698221902,4.322122654221161e-08
binary,PR,46,0.115,Heavy_squalane,0.1742669806435802,0.1165132988399968,-2.667474990799e-12
binary,PR,47,0.1175,H2O,0.02041326665549312,0.10676910644818625,4.321487651059996e-08
binary,PR,47,0.1175,Heavy_squalane,0.1780554001283381,0.11904620122878402,-2.633329885729779e-12
binary,PR,48,0.12,H2O,0.02084759074989884,0.10904078575611993,4.321467156342962e-08
binary,PR,48,0.12,Heavy_squalane,0.1818438199255965,0.12157910382650622,-2.461862075490862e-12
binary,PR,49,0.1225,H2O,0.02128191481394033,0.11131246490523722,4.3212103006951e-08
binary,PR,49,0.1225,Heavy_squalane,0.1856322400361198,0.12411200663367444,-2.530152285629305e-12
binary,PR,50,0.125,H2O,0.02171623884759238,0.11358414389540622,4.321550356456427e-08
binary,PR,50,0.125,Heavy_squalane,0.1894206604617569,0.12664490965152486,-2.491405014224667e-12
binary,PR,51,0.1275,H2O,0.02215056285071228,0.11585582272588053,4.321353475056355e-08
binary,PR,51,0.1275,Heavy_squalane,0.1932090812033292,0.12917781288060662,-2.676827780448395e-12
binary,PR,52,0.13,H2O,0.02258488682328198,0.11812750139656575,4.321537788731789e-08
binary,PR,52,0.13,Heavy_squalane,0.1969975022627418,0.1317107163221935,-2.690337365497522e-12
binary,PR,53,0.1325,H2O,0.02301921076516581,0.12039917990675227,4.320513319333585e-08
binary,PR,53,0.1325,Heavy_squalane,0.2007859236408705,0.13424361997687104,-2.831519952109824e-12
binary,PR,54,0.135,H2O,0.023453534676353,0.12267085825638373,4.32128041683022e-08
binary,PR,54,0.135,Heavy_squalane,0.2045743453396749,0.13677652384594938,-2.666881162884753e-12
binary,PR,55,0.1375,H2O,0.02388785855671521,0.1249425364447889,4.321335339563248e-08
binary,PR,55,0.1375,Heavy_squalane,0.2083627673600843,0.13930942793004986,-2.440335813599397e-12
binary,PR,56,0.14,H2O,0.02432218240612791,0.1272142144713164,4.321677754548503e-08
binary,PR,56,0.14,Heavy_squalane,0.212151189703055,0.14184233222981185,-2.396095633987971e-12
binary,PR,57,0.1425,H2O,0.02475650622447003,0.12948589233533303,4.321750246560896e-08
binary,PR,57,0.1425,Heavy_squalane,0.2159396123695676,0.144375236745891,-2.739476625401488e-12
binary,PR,58,0.145,H2O,0.02519083001174546,0.13175757003685912,4.321444108112971e-08
binary,PR,58,0.145,Heavy_squalane,0.2197280353616856,0.1469081414796669,-2.961122894394304e-12
binary,PR,59,0.1475,H2O,0.02562515376784043,0.13402924757529963,4.321249413852257e-08
binary,PR,59,0.1475,Heavy_squalane,0.2235164586804393,0.14944104643182843,-3.235322933798008e-12
binary,PR,60,0.15,H2O,0.02605947749276623,0.13630092495071355,4.321190089084936e-08
binary,PR,60,0.15,Heavy_squalane,0.2273048823279424,0.15197395160378882,-3.01352820782663e-12
binary,PR,61,0.1525,H2O,0.02649380118629543,0.13857260216191142,4.320312413375049e-08
binary,PR,61,0.1525,Heavy_squalane,0.2310933063042192,0.15450685699556424,-3.134817559311648e-12
binary,PR,62,0.155,H2O,0.02692812484832588,0.14084427920835887,4.320074997732348e-08
binary,PR,62,0.155,Heavy_squalane,0.2348817306103779,0.15703976260789565,-3.720480339738075e-12
binary,PR,63,0.1575,H2O,0.02736244847887979,0.14311595609017214,4.320941465740802e-08
binary,PR,63,0.1575,Heavy_squalane,0.2386701552486044,0.15957266844224455,-4.156646942752738e-12
binary,PR,64,0.16,H2O,0.0277967720778624,0.14538763280685554,4.3207788569255e-08
binary,PR,64,0.16,Heavy_squalane,0.2424585802200553,0.1621055744993842,-4.528383217071566e-12
binary,PR,65,0.1625,H2O,0.02823109564518241,0.14765930935793156,4.321000651730245e-08
binary,PR,65,0.1625,Heavy_squalane,0.2462470055259096,0.16463848078010293,-4.892993556419425e-12
binary,PR,66,0.165,H2O,0.02866541918075222,0.14993098574294206,4.319988233802974e-08
binary,PR,66,0.165,Heavy_squalane,0.2500354311673704,0.16717138728520506,-5.291897457815069e-12
binary,PR,67,0.1675,H2O,0.02909974268460914,0.15220266196208215,4.320324753503968e-08
binary,PR,67,0.1675,Heavy_squalane,0.2538238571467215,0.1697042940162175,-5.047982642037979e-12
binary,PR,68,0.17,H2O,0.02953406615655182,0.15447433801429866,4.320968555182603e-08
binary,PR,68,0.17,Heavy_squalane,0.2576122834641568,0.17223720097326994,-4.867013585171105e-12
binary,PR,69,0.1725,H2O,0.02996838959650377,0.15674601389919157,4.321003310714389e-08
binary,PR,69,0.1725,Heavy_squalane,0.2614007101209505,0.17477010815721428,-4.739043669650806e-12
binary,PR,70,0.175,H2O,0.03040271300439233,0.15901768961638083,4.321205487878288e-08
binary,PR,70,0.175,Heavy_squalane,0.2651891371184018,0.17730301556891917,-4.632896929979095e-12
binary,PR,71,0.1775,H2O,0.03083703638002767,0.16128936516487352,4.32084897306062e-08
binary,PR,71,0.1775,Heavy_squalane,0.2689775644567786,0.1798359232085637,-5.201338700892351e-12
binary,PR,72,0.18,H2O,0.03127135972358609,0.1635610405455918,4.321095825599031e-08
binary,PR,72,0.18,Heavy_squalane,0.2727659921395353,0.18236883107845744,-4.97033964225014e-12
binary,PR,73,0.1825,H2O,0.03170568303476413,0.16583271575694844,4.321002139429098e-08
binary,PR,73,0.1825,Heavy_squalane,0.2765544201659313,0.18490173917810526,-5.260127664402836e-12
binary,PR,74,0.185,H2O,0.03214000631362463,0.16810439079927214,4.321905644477653e-08
binary,PR,74,0.185,Heavy_squalane,0.2803428485384138,0.18743464750914335,-5.26205760512414e-12
binary,PR,75,0.1875,H2O,0.03257432955999204,0.17037606567164465,4.321855834321653e-08
binary,PR,75,0.1875,Heavy_squalane,0.2841312772573418,0.1899675560718117,-5.561346873904794e-12
binary,PR,76,0.19,H2O,0.03300865277393623,0.17264774037443148,4.32140957462579e-08
binary,PR,76,0.19,Heavy_squalane,0.2879197063252069,0.1925004648677762,-5.314611375535028e-12
binary,PR,77,0.1925,H2O,0.03344297595528944,0.17491941490675514,4.321115804062359e-08
binary,PR,77,0.1925,Heavy_squalane,0.2917081357424185,0.19503337389731054,-5.064758280615465e-12
binary,PR,78,0.195,H2O,0.03387729910388643,0.1771910892677514,4.320728203000002e-08
binary,PR,78,0.195,Heavy_squalane,0.2954965655094009,0.1975662831606984,-5.345341970097328e-12
binary,PR,79,0.1975,H2O,0.03431162221980785,0.1794627634578421,4.321575430843438e-08
binary,PR,79,0.1975,Heavy_squalane,0.299284995628715,0.20009919265965204,-5.260721492317084e-12
binary,PR,80,0.2,H2O,0.03474594530289622,0.18173443747620346,4.320851360040123e-08
binary,PR,80,0.2,Heavy_squalane,0.3030734261008354,0.20263210239448864,-5.30496167192851e-12
binary,PR,81,0.2025,H2O,0.03518026835311831,0.1840061113226618,4.320545787805941e-08
binary,PR,81,0.2025,Heavy_squalane,0.3068618569273133,0.20516501236624549,-5.24988413288207e-12
binary,PR,82,0.205,H2O,0.03561459137032295,0.1862777849964263,4.319997626289762e-08
binary,PR,82,0.205,Heavy_squalane,0.3106502881086632,0.20769792257526642,-5.55778390641931e-12
binary,PR,83,0.2075,H2O,0.03604891435448365,0.1885494584973586,4.320373725441584e-08
binary,PR,83,0.2075,Heavy_squalane,0.3144387196464795,0.21023083302261755,-5.968861280057023e-12
binary,PR,84,0.21,H2O,0.03648323730557827,0.19082113182534274,4.321331753542879e-08
binary,PR,84,0.21,Heavy_squalane,0.3182271515423849,0.21276374370938375,-6.20119645150629e-12
binary,PR,85,0.2125,H2O,0.03691756022346574,0.19309280497964093,4.321220553604732e-08
binary,PR,85,0.2125,Heavy_squalane,0.3220155837969591,0.2152966546359526,-6.666460622319072e-12
binary,PR,86,0.215,H2O,0.0373518831082511,0.19536447796080256,4.322351998542473e-08
binary,PR,86,0.215,Heavy_squalane,0.3258040164129199,0.2178295658041412,-6.346832747475448e-12
binary,PR,87,0.2175,H2O,0.03778620595967975,0.19763615076749597,4.322850000182399e-08
binary,PR,87,0.2175,Heavy_squalane,0.3295924493898399,0.22036247721366378,-6.320704319248566e-12
binary,PR,88,0.22,H2O,0.03822052877774299,0.1999078233996757,4.322200930495512e-08
binary,PR,88,0.22,Heavy_squalane,0.333380882729428,0.22289538886566296,-6.240686007803738e-12
binary,PR,89,0.2225,H2O,0.03865485156243433,0.20217949585730774,4.323379698689678e-08
binary,PR,89,0.2225,Heavy_squalane,0.337169316433404,0.22542830076128847,-5.747215011064208e-12
binary,PR,90,0.225,H2O,0.03908917431350983,0.2044511681391162,4.324557267842977e-08
binary,PR,90,0.225,Heavy_squalane,0.3409577505014013,0.22796121290029536,-5.874145727734574e-12
binary,PR,91,0.2275,H2O,0.0395234970309728,0.20672284024511844,4.324593427806889e-08
binary,PR,91,0.2275,Heavy_squalane,0.3447461849351826,0.230494125283862,-6.226434137861802e-12
binary,PR,92,0.23,H2O,0.03995781971483235,0.2089945121753621,4.323780811166245e-08
binary,PR,92,0.23,Heavy_squalane,0.3485346197365011,0.23302703791316062,-6.407403194728675e-12
binary,PR,93,0.2325,H2O,0.04039214236498918,0.21126618392932775,4.32419900997516e-08
binary,PR,93,0.2325,Heavy_squalane,0.3523230549060054,0.23555995078862493,-6.752565669884935e-12
binary,PR,94,0.235,H2O,0.04082646498149561,0.2135378555072891,4.324030333791029e-08
binary,PR,94,0.235,Heavy_squalane,0.3561114904452335,0.23809286391128312,-6.958475499150196e-12
binary,PR,95,0.2375,H2O,0.04126078756448254,0.2158095269099308,4.324280655776391e-08
binary,PR,95,0.2375,Heavy_squalane,0.3598999263552092,0.24062577728181975,-6.976141879599054e-12
binary,PR,96,0.24,H2O,0.04169511011441238,0.21808119813967142,4.323801627847956e-08
binary,PR,96,0.24,Heavy_squalane,0.3636883626365097,0.24315869090062076,-6.800665730938968e-12
binary,PR,97,0.2425,H2O,0.0421294326326995,0.2203528692039086,4.323962587982066e-08
binary,PR,97,0.2425,Heavy_squalane,0.3674767992886849,0.2456916047673851,-6.391963668958245e-12
binary,PR,98,0.245,H2O,0.04256375512336295,0.22262454012366353,4.323042790410625e-08
binary,PR,98,0.245,Heavy_squalane,0.3712652363079486,0.24822451887958152,-5.946444276294187e-12
binary,PR,99,0.2475,H2O,0.04299807759764559,0.22489621095774068,4.323171454156949e-08
binary,PR,99,0.2475,Heavy_squalane,0.375053673680785,0.25075743322817334,-6.596092014480764e-12
binary,PR,100,0.25,H2O,0.04343240008786075,0.2271678818751509,4.322806967937964e-08
binary,PR,100,0.25,Heavy_squalane,0.3788421113745168,0.2532903477913129,-6.73757151505019e-12
binary,PR,101,0.2525,H2O,0.0438667226834521,0.22943955334371846,4.3231052182513e-08
binary,PR,101,0.2525,Heavy_squalane,0.3826305492888555,0.25582326250194815,-6.643449790641988e-12
binary,PR,102,0.255,H2O,0.04430104563392406,0.2317112266684459,4.32272742045825e-08
binary,PR,102,0.255,Heavy_squalane,0.3864189871426589,0.2583561771721101,-6.749893444270822e-12
binary,PR,103,0.2575,H2O,0.04473536963461222,0.2339829054862013,4.323846303222467e-08
binary,PR,103,0.2575,Heavy_squalane,0.3902074241521249,0.26088909127775584,-7.336001595632935e-12
binary,PR,104,0.26,H2O,0.04516969662214695,0.23625459992629408,4.323640467873702e-08
binary,PR,104,0.26,Heavy_squalane,0.3939958581354606,0.26342200336015875,-7.321304354755313e-12
binary,PR,105,0.2625,H2O,0.04560403198379614,0.23852633816617322,4.322705260406678e-08
binary,PR,105,0.2625,Heavy_squalane,0.3977842830155827,0.26595490935623683,-7.251084203895567e-12
binary,PR,106,0.265,H2O,0.04603839069611453,0.24079819853888532,4.321911550864144e-08
binary,PR,106,0.265,Heavy_squalane,0.4015726818989902,0.26848779797115085,-7.15651710855168e-12
binary,PR,107,0.2675,H2O,0.04647281433989876,0.24307039852772572,4.321960700437444e-08
binary,PR,107,0.2675,Heavy_squalane,0.4053610078813469,0.27102063784509345,-7.304677173156388e-12
binary,PR,108,0.27,H2O,0.04690741769503826,0.24534353847493456,4.323399072081457e-08
binary,PR,108,0.27,Heavy_squalane,0.4091491314939296,0.2735533424164684,-7.796960514067424e-12
binary,PR,109,0.2725,H2O,0.04734251263306378,0.2476192495865911,4.333120295907378e-08
binary,PR,109,0.2725,Heavy_squalane,0.4129367010000373,0.27608567651735555,-1.653795895480954e-11
binary,PR,110,0.275,H2O,0.04777891160347335,0.24990178128089982,4.402083941812407e-08
binary,PR,110,0.275,Heavy_squalane,0.4167228004120971,0.27861702772689695,-7.378786896854455e-11
binary,PR,111,0.2775,H2O,0.04821854651171172,0.25220123815412937,4.692852184629004e-08
binary,PR,111,0.2775,Heavy_squalane,0.4205052521227584,0.28114594011686656,-2.829080803952054e-10
binary,PR,112,0.28,H2O,0.0486653388791345,0.25453813124638525,5.207929054673599e-08
binary,PR,112,0.28,Heavy_squalane,0.4242796327053559,0.28366945622492085,-4.831906478880803e-10
binary,PR,113,0.2825,H2O,0.04912581087596993,0.25694657397513887,5.489464260932664e-08
binary,PR,113,0.2825,Heavy_squalane,0.4280385802196008,0.28618265392556175,-2.567605012180884e-10
binary,PR,114,0.285,H2O,0.04960896966338837,0.25947367720050013,5.517527523757337e-08
binary,PR,114,0.285,Heavy_squalane,0.4317719332999278,0.2886787394233246,3.688116718411596e-11
binary,PR,115,0.2875,H2O,0.05012564774234159,0.26217609900011724,5.517935119936368e-08
binary,PR,115,0.2875,Heavy_squalane,0.4354674742772837,0.29114954409716454,3.801730844104966e-11
binary,PR,116,0.29,H2O,0.05068737362615942,0.26511413785966,5.55814601010951e-08
binary,PR,116,0.29,Heavy_squalane,0.4391121991033308,0.2935863735600868,-2.463613867837892e-10
binary,PR,117,0.2925,H2O,0.05130472560785568,0.2683431222531005,5.628747856700755e-08
binary,PR,117,0.2925,Heavy_squalane,0.442694174997394,0.2959812496647932,-6.579533123091977e-10
binary,PR,118,0.295,H2O,0.05198596091109735,0.271906240583723,5.69505893555089e-08
binary,PR,118,0.295,Heavy_squalane,0.4462040872213997,0.29832794466316553,-1.005095906645515e-09
binary,PR,119,0.2975,H2O,0.05273653285373221,0.2758320157667282,5.736759789432e-08
binary,PR,119,0.2975,Heavy_squalane,0.4496357840236351,0.30062234555064565,-1.213483037512038e-09
binary,PR,120,0.3,H2O,0.05355929094379332,0.28013535180702837,5.755371534910125e-08
binary,PR,120,0.3,Heavy_squalane,0.4529860509820305,0.30286230319423196,-1.301469480367214e-09
binary,PR,121,0.3025,H2O,0.05445498086001609,0.2848201488864817,5.758342769279778e-08
binary,PR,121,0.3025,Heavy_squalane,0.4562540469576006,0.3050472552161429,-1.313932146803523e-09
binary,PR,122,0.305,H2O,0.05542279404924536,0.2898821779662308,5.753187992674214e-08
binary,PR,122,0.305,Heavy_squalane,0.4594406840758412,0.3071778114550874,-1.290042449813353e-09
binary,PR,123,0.3075,H2O,0.05646085388626892,0.2953116235865343,5.744082542946671e-08
binary,PR,123,0.3075,Heavy_squalane,0.4625480792995684,0.309255387292914,-1.251956108877272e-09
binary,PR,124,0.31,H2O,0.05756660003984018,0.3010950942464619,5.733859254064555e-08
binary,PR,124,0.31,Heavy_squalane,0.4655791208462465,0.31128191376522857,-1.213775349302826e-09
binary,PR,125,0.3125,H2O,0.05873707603524462,0.3072171264648944,5.725227780750686e-08
binary,PR,125,0.3125,Heavy_squalane,0.46853714379805,0.31325962067726804,-1.179145086827664e-09
binary,PR,126,0.315,H2O,0.05996914335585216,0.3136613046126325,5.718023776690728e-08
binary,PR,126,0.315,Heavy_squalane,0.471425688582781,0.31519087512646526,-1.151349338274554e-09
binary,PR,127,0.3175,H2O,0.06125963919136478,0.32041108599540347,5.711236805705511e-08
binary,PR,127,0.3175,Heavy_squalane,0.4742483230356285,0.3170780625345797,-1.128858848307329e-09
binary,PR,128,0.32,H2O,0.0626054761401823,0.32745032233495,5.706154826423671e-08
binary,PR,128,0.32,Heavy_squalane,0.4770085299212607,0.31892351144600395,-1.111378187538652e-09
binary,PR,129,0.3225,H2O,0.06400368498198251,0.3347634834858033,5.702274852303901e-08
binary,PR,129,0.3225,Heavy_squalane,0.4797096586881943,0.32072946127117896,-1.098285915056263e-09
binary,PR,130,0.325,H2O,0.0654514208718467,0.3423356898329033,5.700370531158683e-08
binary,PR,130,0.325,Heavy_squalane,0.4823549184835542,0.3224980576163268,-1.088268483513846e-09
binary,PR,131,0.3275,H2O,0.06694596172797036,0.3501527038587153,5.697937899284966e-08
binary,PR,131,0.3275,Heavy_squalane,0.4849473799668335,0.3242313534961142,-1.081329010507952e-09
binary,PR,132,0.33,H2O,0.0684847179019712,0.35820098072259926,5.696659588494413e-08
binary,PR,132,0.33,Heavy_squalane,0.4874899644081696,0.3259313020448597,-1.076219121305853e-09
binary,PR,133,0.3325,H2O,0.07006525537468385,0.36646778958359033,5.696305527269629e-08
binary,PR,133,0.3325,Heavy_squalane,0.4899854175170397,0.32759973901864103,-1.072594098803331e-09
binary,PR,134,0.335,H2O,0.07168532305889261,0.3749413564040191,5.696154004031229e-08
binary,PR,134,0.335,Heavy_squalane,0.4924362786467065,0.3292383622056706,-1.069702156860946e-09
binary,PR,135,0.3375,H2O,0.07334287202025971,0.3836109644822373,5.696112215236582e-08
binary,PR,135,0.3375,Heavy_squalane,0.4948448591089336,0.33084871692771406,-1.067477974408133e-09
binary,PR,136,0.34,H2O,0.07503605921646252,0.3924669740097195,5.695081151113612e-08
binary,PR,136,0.34,Heavy_squalane,0.497213237958005,0.3324321932213245,-1.065788237078142e-09
binary,PR,137,0.3425,H2O,0.07676323440475144,0.4015007535926391,5.693557558750229e-08
binary,PR,137,0.3425,Heavy_squalane,0.4995432767596303,0.3339900357121966,-1.064444330279711e-09
binary,PR,138,0.345,H2O,0.07852291360949133,0.41070454147707236,5.693273896767437e-08
binary,PR,138,0.345,Heavy_squalane,0.5018366495204822,0.3355233636257797,-1.063396966295957e-09
binary,PR,139,0.3475,H2O,0.08031374549282418,0.4200712696548438,5.692453919348139e-08
binary,PR,139,0.3475,Heavy_squalane,0.5040948806241379,0.337033196150899,-1.062642953301842e-09
binary,PR,140,0.35,H2O,0.08213447665277797,0.4295943823595086,5.692700166815001e-08
binary,PR,140,0.35,Heavy_squalane,0.5063193839771393,0.33852047861245105,-1.062124021933279e-09
binary,PR,141,0.3525,H2O,0.08398392004923858,0.43926767092224145,5.692708049398476e-08
binary,PR,141,0.3525,Heavy_squalane,0.5085114986261954,0.3399861062847373,-1.061718437467848e-09
binary,PR,142,0.355,H2O,0.08586092930903019,0.449085139377688,5.692146820557298e-08
binary,PR,142,0.355,Heavy_squalane,0.5106725177432618,0.34143094377062155,-1.061351377588354e-09
binary,PR,143,0.3575,H2O,0.0877643805485906,0.4590409093896802,5.691140092523028e-08
binary,PR,143,0.3575,Heavy_squalane,0.5128037091304213,0.342855838710904,-1.06104414587122e-09
binary,PR,144,0.36,H2O,0.08969316248452147,0.4691291685256732,5.691239257643588e-08
binary,PR,144,0.36,Heavy_squalane,0.5149063263771122,0.3442616292439418,-1.06047125039095e-09
binary,PR,145,0.3625,H2O,0.09164617548514777,0.47934416529604307,5.691715287969856e-08
binary,PR,145,0.3625,Heavy_squalane,0.5169816099253595,0.3456491447178525,-1.060478079411964e-09
binary,PR,146,0.365,H2O,0.09362233947975607,0.4896802505223941,5.69228939539812e-08
binary,PR,146,0.365,Heavy_squalane,0.5190307781568898,0.34701919973144135,-1.060095876920656e-09
binary,PR,147,0.3675,H2O,0.09562061002855425,0.5001319613895275,5.691968596455155e-08
binary,PR,147,0.3675,Heavy_squalane,0.5210550092536955,0.3483725820063412,-1.060298966067329e-09
binary,PR,148,0.37,H2O,0.09763999912386195,0.5106941302435357,5.691854110256855e-08
binary,PR,148,0.37,Heavy_squalane,0.5230554177450084,0.3497100367065354,-1.060214048675591e-09
binary,PR,149,0.3725,H2O,0.0996795965672487,0.5213619964023216,5.692553683989132e-08
binary,PR,149,0.3725,Heavy_squalane,0.5250330303831722,0.35103225030918794,-1.060136257218825e-09
binary,PR,150,0.375,H2O,0.1017385879577892,0.532131300240978,5.693679971940924e-08
binary,PR,150,0.375,Heavy_squalane,0.5269887658564373,0.352339837040805,-1.060101072914906e-09
binary,PR,151,0.3775,H2O,0.103816266145934,0.5429983430998637,5.693050109112363e-08
binary,PR,151,0.3775,Heavy_squalane,0.5289234218669874,0.3536333302377225,-1.060296961898118e-09
binary,PR,152,0.38,H2O,0.1059120345919514,0.5539600048505258,5.691886606484786e-08
binary,PR,152,0.38,Heavy_squalane,0.5308376713447197,0.3549131798146742,-1.060380840091006e-09
binary,PR,153,0.3825,H2O,0.1080254027491321,0.5650137197481123,5.691032600729784e-08
binary,PR,153,0.3825,Heavy_squalane,0.532732067653587,0.35617975574570426,-1.059997078801423e-09
binary,PR,154,0.385,H2O,0.1101559749187921,0.5761574181388233,5.691403781593607e-08
binary,PR,154,0.385,Heavy_squalane,0.5346070571595567,0.357433356466989,-1.060012072956258e-09
binary,PR,155,0.3875,H2O,0.1123034347303038,0.5873894452846008,5.692135696122591e-08
binary,PR,155,0.3875,Heavy_squalane,0.5364629967467957,0.35867422058799664,-1.059910008783497e-09
binary,PR,156,0.39,H2O,0.1144675272948263,0.5987084680203889,5.692291304981723e-08
binary,PR,156,0.39,Heavy_squalane,0.5383001739416994,0.3599025403462281,-1.060028700137857e-09
binary,PR,157,0.3925,H2O,0.1166480412637485,0.6101133809130034,5.691679560992924e-08
binary,PR,157,0.3925,Heavy_squalane,0.5401188271562822,0.3611184751417611,-1.060289910191637e-09
binary,PR,158,0.395,H2O,0.1188447917836965,0.6216032171093734,5.691403337504397e-08
binary,PR,158,0.395,Heavy_squalane,0.5419191649150884,0.36232216439218623,-1.060444305449341e-09
binary,PR,159,0.3975,H2O,0.1210576048492804,0.6331770664954876,5.691375426497558e-08
binary,PR,159,0.3975,Heavy_squalane,0.5437013835038237,0.36351373933231906,-1.060718060117809e-09
binary,PR,160,0.4,H2O,0.1232863034532122,0.6448340032562723,5.691066906621245e-08
binary,PR,160,0.4,Heavy_squalane,0.5454656825966787,0.3646933334624853,-1.060732460444729e-09
binary,PR,161,0.4025,H2O,0.1255306957660808,0.6565730240513431,5.691260074325299e-08
binary,PR,161,0.4025,Heavy_squalane,0.547212278585415,0.3658610914602243,-1.060834227703534e-09
binary,PR,162,0.405,H2O,0.127790565577982,0.668392998021114,5.690422621995594e-08
binary,PR,162,0.405,Heavy_squalane,0.5489414153666405,0.36701717639256276,-1.06073030781854e-09
binary,PR,163,0.4075,H2O,0.1300656652738629,0.6802926300451917,5.690863880136732e-08
binary,PR,163,0.4075,Heavy_squalane,0.5506533722619127,0.3681617750113223,-1.060613843318859e-09
binary,PR,164,0.41,H2O,0.1323557116256412,0.6922704387335675,5.690494819798886e-08
binary,PR,164,0.41,Heavy_squalane,0.552348468765922,0.36929510092771156,-1.060758291958999e-09
binary,PR,165,0.4125,H2O,0.1346603845409343,0.7043247498819972,5.689368576256015e-08
binary,PR,165,0.4125,Heavy_squalane,0.5540270659616492,0.370417395558487,-1.060554757441391e-09
binary,PR,166,0.415,H2O,0.1369793287003808,0.7164537050358123,5.689764026595157e-08
binary,PR,166,0.415,Heavy_squalane,0.5556895646662803,0.3715289268863291,-1.060383438088131e-09
binary,PR,167,0.4175,H2O,0.1393121370289377,0.728655175038551,-2.948663202495538e-09
binary,PR,167,0.4175,Heavy_squalane,0.5573363984655264,0.37262998480265236,2.711289826321148e-08
binary,PR,168,0.42,H2O,0.1416584348182738,0.7409272000238986,-2.958699285571242e-09
binary,PR,168,0.42,Heavy_squalane,0.5589680412822698,0.3737208861679327,2.711302103713276e-08
binary,PR,169,0.4225,H2O,0.1440177782177659,0.7532674584851973,-2.957498801414715e-09
binary,PR,169,0.4225,Heavy_squalane,0.5605849681874716,0.3748019486102408,2.711324958665125e-08
binary,PR,170,0.425,H2O,0.1463897268420409,0.7656736470403592,-2.95804725158888e-09
binary,PR,170,0.425,Heavy_squalane,0.5621876759572851,0.37587350426953914,2.711319050077378e-08
binary,PR,171,0.4275,H2O,0.1487738189374712,0.7781433505432416,-5.479678732989157e-08
binary,PR,171,0.4275,Heavy_squalane,0.563776660255286,0.37693588454193105,4.948992478857612e-08
binary,PR,172,0.43,H2O,0.1511696458613694,0.7906744316380102,-5.479956932674668e-08
binary,PR,172,0.43,Heavy_squalane,0.5653524324909929,0.37798943135111224,4.948974359683378e-08
binary,PR,173,0.4325,H2O,0.1535767585654598,0.8032645416323186,-5.480163134397031e-08
binary,PR,173,0.4325,Heavy_squalane,0.5669154739954904,0.37903446651061445,4.948969067192092e-08
binary,PR,174,0.435,H2O,0.1559947344993834,0.8159114704279492,-5.480087150733226e-08
binary,PR,174,0.435,Heavy_squalane,0.5684662614288313,0.38007130871096056,4.949004763672588e-08
binary,PR,175,0.4375,H2O,0.1584231538490101,0.828613022238196,-9.721165739051685e-08
binary,PR,175,0.4375,Heavy_squalane,0.5700052458431314,0.38110025952144244,6.656260173013485e-08
binary,PR,176,0.44,H2O,0.1608616559576021,0.8413673106918926,-9.721368920967421e-08
binary,PR,176,0.44,Heavy_squalane,0.5715328791123505,0.3821216210608294,6.656232463518436e-08
binary,PR,177,0.4425,H2O,0.1633098620617995,0.8541723547133899,-9.721553029251595e-08
binary,PR,177,0.4425,Heavy_squalane,0.5730495659864165,0.3831356639411969,6.6562299397498e-08
binary,PR,178,0.445,H2O,0.1657674317041174,0.867026373581255,-9.721891536251803e-08
binary,PR,178,0.445,Heavy_squalane,0.5745556905182897,0.38414264493681816,6.656234757178755e-08
binary,PR,179,0.4475,H2O,0.1682340524437757,0.8799277331120194,-9.722493432562374e-08
binary,PR,179,0.4475,Heavy_squalane,0.5760516051573807,0.38514279969212445,6.656248563677761e-08
binary,PR,180,0.45,H2O,0.1707094422570375,0.8928749582148563,-9.721643468019181e-08
binary,PR,180,0.45,Heavy_squalane,0.5775376280413884,0.3861363409110521,6.656281224213045e-08
binary,PR,181,0.4525,H2O,0.1731933516633777,0.9058667440122472,-9.721557159281247e-08
binary,PR,181,0.4525,Heavy_squalane,0.5790140405950144,0.3871234567515656,6.656284980174602e-08
binary,PR,182,0.455,H2O,0.1756855654215607,0.9189019647111092,-9.721884142166459e-08
binary,PR,182,0.455,Heavy_squalane,0.5804810856219826,0.3881043095499995,6.656277149068983e-08
binary,PR,183,0.4575,H2O,0.1781859036188098,0.9319796792995638,-9.722519711541366e-08
binary,PR,183,0.4575,Heavy_squalane,0.5819389660737737,0.3890790349978452,6.656278811787143e-08
binary,PR,184,0.46,H2O,0.1806942220170534,0.9450991333579347,-9.721953386776505e-08
binary,PR,184,0.46,Heavy_squalane,0.5833878446572405,0.3900477418794064,6.656273400530274e-08
binary,PR,185,0.4625,H2O,0.1832104115734201,0.9582597565507561,-9.721325866518526e-08
binary,PR,185,0.4625,Heavy_squalane,0.5848278443771562,0.39101051243454216,6.656245557423946e-08
binary,PR,186,0.465,H2O,0.1857343971221311,0.9714611557325716,-9.720953764169593e-08
binary,PR,186,0.465,Heavy_squalane,0.5862590500274955,0.39196740335572317,6.656278240227776e-08
binary,PR,187,0.4675,H2O,0.1882661352601753,0.9847031038892148,-9.720722182748887e-08
binary,PR,187,0.4675,Heavy_squalane,0.587681510565438,0.39291844737526915,6.656304413193097e-08
binary,PR,188,0.47,H2O,0.1908056115559063,0.997985525537716,-9.720729288176244e-08
binary,PR,188,0.47,Heavy_squalane,0.5890952422700384,0.39386365537720597,6.656327758052975e-08
binary,PR,189,0.4725,H2O,0.1933528371961021,1.0113084791891558,-9.719759608284306e-08
binary,PR,189,0.4725,Heavy_squalane,0.590500232521173,0.39480301892383524,6.656347569636764e-08
binary,PR,190,0.475,H2O,0.1959078452189452,1.024672137645726,-9.719474447500431e-08
binary,PR,190,0.475,Heavy_squalane,0.5918964440489431,0.3957365130968458,6.656358095236544e-08
binary,PR,191,0.4775,H2O,0.1984706864590319,1.0380767667915949,-9.719706894895097e-08
binary,PR,191,0.4775,Heavy_squalane,0.593283819508597,0.3966640995560646,6.656363929595801e-08
binary,PR,192,0.48,H2O,0.2010414253125219,1.0515227034430374,-9.719727567247816e-08
binary,PR,192,0.48,Heavy_squalane,0.5946622862573773,0.3975857297332128,6.656373193311263e-08
binary,PR,193,0.4825,H2O,0.2036201220538715,1.06501026285826,-1.314500234217419e-07
binary,PR,193,0.4825,Heavy_squalane,0.5960317541788998,0.39850134337730575,7.770301381833579e-08
binary,PR,194,0.485,H2O,0.2062068808695554,1.0785399899719368,-1.31449011453455e-07
binary,PR,194,0.485,Heavy_squalane,0.5973921499883458,0.3994108914907883,7.770282008197876e-08
binary,PR,195,0.4875,H2O,0.2088017524292458,1.0921121498056203,-1.683132688778954e-07
binary,PR,195,0.4875,Heavy_squalane,0.5987433702329108,0.40031430490606773,8.944273448129012e-08
binary,PR,196,0.49,H2O,0.2114048414768962,1.1057272902098094,-1.683245094419306e-07
binary,PR,196,0.49,Heavy_squalane,0.6000853451000102,0.40121153694709283,8.944250140383378e-08
binary,PR,197,0.4925,H2O,0.2140161850086463,1.11938560468831,-2.07886813208269e-07
binary,PR,197,0.4925,Heavy_squalane,0.6014179823651056,0.40210252595338625,1.017728299491704e-07
binary,PR,198,0.495,H2O,0.2166358730002556,1.133087563848379,-2.078907325175905e-07
binary,PR,198,0.495,Heavy_squalane,0.6027412331672655,0.402987239256979,1.017729959240724e-07
binary,PR,199,0.4975,H2O,0.2192639144831298,1.1468332149276852,-2.499083642248934e-07
binary,PR,199,0.4975,Heavy_squalane,0.6040550326490784,0.40386563349480303,1.145896833376767e-07
binary,PR,200,0.5,H2O,0.2219003722537024,1.16062288637533,-2.499128390898164e-07
binary,PR,200,0.5,Heavy_squalane,0.6053593666698204,0.4047376992125003,1.145897704819231e-07
binary,PR,201,0.5025,H2O,0.2245452174653605,1.174456427312616,-2.938420814446729e-07
binary,PR,201,0.5025,Heavy_squalane,0.6066542093715327,0.40560341912167774,1.277083470913735e-07
binary,PR,202,0.505,H2O,0.2271984775398238,1.1883339811655103,-2.938478217417995e-07
binary,PR,202,0.505,Heavy_squalane,0.6079395899186087,0.40646281272138035,1.277084979236637e-07
binary,PR,203,0.5075,H2O,0.2298600816013689,1.2022551772271686,-3.389192557712306e-07
binary,PR,203,0.5075,Heavy_squalane,0.6092155269620851,0.40731589248151945,1.408917124788945e-07
binary,PR,204,0.51,H2O,0.2325300193889311,1.2162199618283414,-3.368020212249047e-07
binary,PR,204,0.51,Heavy_squalane,0.6104820945770926,0.40816270792804543,1.4089184438292e-07
binary,PR,205,0.5125,H2O,0.235208180168624,1.2302277557889145,-3.79441343904533e-07
binary,PR,205,0.5125,Heavy_squalane,0.6117393545666735,0.4090033003819034,1.538934262043612e-07
binary,PR,206,0.515,H2O,0.2378945191901715,1.2442783250480165,-3.770266612642637e-07
binary,PR,206,0.515,Heavy_squalane,0.612987421129145,0.4098377461950369,1.538934098740936e-07
binary,PR,207,0.5175,H2O,0.2405888929393529,1.258370918971985,-4.183932339906969e-07
binary,PR,207,0.5175,Heavy_squalane,0.6142263924122773,0.41066611098814143,1.664969869238298e-07
binary,PR,208,0.52,H2O,0.2432912291525937,1.2725051595949894,-4.157619313024408e-07
binary,PR,208,0.52,Heavy_squalane,0.6154564137007217,0.4114884918971972,1.664968701624162e-07
binary,PR,209,0.5225,H2O,0.2460013611648805,1.286680175195965,-4.552526122625977e-07
binary,PR,209,0.5225,Heavy_squalane,0.6166776097045478,0.4123049723022087,1.785413880707413e-07
binary,PR,210,0.525,H2O,0.2487191977348293,1.3008954885479584,-4.524233923453695e-07
binary,PR,210,0.525,Heavy_squalane,0.6178901461740066,0.4131156630222677,1.785414791490976e-07
binary,PR,211,0.5275,H2O,0.2514445799660903,1.3151502685629544,-4.49614775866071e-07
binary,PR,211,0.5275,Heavy_squalane,0.619094170939495,0.4139206628954165,1.785417700505471e-07
binary,PR,212,0.53,H2O,0.2541773649831782,1.3294437679481177,-4.46852325715614e-07
binary,PR,212,0.53,Heavy_squalane,0.6202898451683615,0.4147200796766605,1.785416799371611e-07
binary,PR,213,0.5325,H2O,0.2569173874504423,1.3437751219354528,-4.818962114675084e-07
binary,PR,213,0.5325,Heavy_squalane,0.6214773258782824,0.41551401834657253,1.892284654713272e-07
binary,PR,214,0.535,H2O,0.2596645412295257,1.3581437753812042,-4.789446122076107e-07
binary,PR,214,0.535,Heavy_squalane,0.6226567917811157,0.4163025983902554,1.892285045897411e-07
binary,PR,215,0.5375,H2O,0.262418662356958,1.372548870694398,-4.760310934090204e-07
binary,PR,215,0.5375,Heavy_squalane,0.6238283983444569,0.4170859237519123,1.892286491868382e-07
binary,PR,216,0.54,H2O,0.2651796074235023,1.3869896577904768,-4.731516918530338e-07
binary,PR,216,0.54,Heavy_squalane,0.6249923073378391,0.41786410258916346,1.892283505656258e-07
binary,PR,217,0.5425,H2O,0.2679472354245451,1.4014653991619739,-4.703080601222616e-07
binary,PR,217,0.5425,Heavy_squalane,0.626148677826402,0.41863724125149704,1.892285408132439e-07
binary,PR,218,0.545,H2O,0.2707214083028234,1.4159753727171793,-4.675022066376083e-07
binary,PR,218,0.545,Heavy_squalane,0.627297665542374,0.419405443860047,1.892286759833228e-07
binary,PR,219,0.5475,H2O,0.2735019913377931,1.430518873816687,-4.647291732801511e-07
binary,PR,219,0.5475,Heavy_squalane,0.6284394224564955,0.4201688120210514,1.892286616572244e-07
binary,PR,220,0.55,H2O,0.2762888533811991,1.4450952165055113,-4.619766340698491e-07
binary,PR,220,0.55,Heavy_squalane,0.6295740965114467,0.420927444647624,1.892287082727157e-07
binary,PR,221,0.5525,H2O,0.2790818669752897,1.4597037341313979,-4.592526550641092e-07
binary,PR,221,0.5525,Heavy_squalane,0.6307018314850723,0.42168143786830814,1.892287099057425e-07
binary,PR,222,0.555,H2O,0.281880891915039,1.4743436933690246,-4.846737471986676e-07
binary,PR,222,0.555,Heavy_squalane,0.6318227614992912,0.42243088135578394,1.97055211131689e-07
binary,PR,223,0.5575,H2O,0.2846858405238691,1.4890146356367229,-4.818466434672658e-07
binary,PR,223,0.5575,Heavy_squalane,0.6329370335315304,0.42317587337780604,1.970554633600956e-07
binary,PR,224,0.56,H2O,0.287496580505007,1.5037158689723256,-4.790577955862934e-07
binary,PR,224,0.56,Heavy_squalane,0.6340447727799385,0.42391649764070377,1.970555228171155e-07
binary,PR,225,0.5625,H2O,0.2903129987570062,1.5184468018124844,-4.762887076751827e-07
binary,PR,225,0.5625,Heavy_squalane,0.6351461068277292,0.42465283944543925,1.970552928572557e-07
binary,PR,226,0.565,H2O,0.2931349705067025,1.5332067815463513,-4.982219582750802e-07
binary,PR,226,0.565,Heavy_squalane,0.6362411545506202,0.42538497827122296,2.038989618984892e-07
binary,PR,227,0.5675,H2O,0.2959624186010384,1.5479954046342503,-4.953777441942669e-07
binary,PR,227,0.5675,Heavy_squalane,0.6373300467344165,0.4261130015602399,2.038989967858792e-07
binary,PR,228,0.57,H2O,0.2987952247655823,1.5628120524561646,-4.925641821593973e-07
binary,PR,228,0.57,Heavy_squalane,0.6384128949215585,0.42683698388873886,2.03899181243675e-07
binary,PR,229,0.5725,H2O,0.3016332739680258,1.577656123349607,-5.122030661998693e-07
binary,PR,229,0.5725,Heavy_squalane,0.6394898084733359,0.4275569983746713,2.101055792565677e-07
binary,PR,230,0.575,H2O,0.3044764816249994,1.5925271749115588,-5.309870274694191e-07
binary,PR,230,0.575,Heavy_squalane,0.6405609037398016,0.4282731228086113,2.1610782376048e-07
binary,PR,231,0.5775,H2O,0.3073247645911186,1.607424772260208,-5.280022333098194e-07
binary,PR,231,0.5775,Heavy_squalane,0.6416262938387182,0.42898543282005364,2.161078358597237e-07
binary,PR,232,0.58,H2O,0.3101780019928515,1.6223482831812581,-5.454331758180952e-07
binary,PR,232,0.58,Heavy_squalane,0.6426860762546008,0.4296939935862475,2.217430630912947e-07
binary,PR,233,0.5825,H2O,0.3130361263363464,1.6372973546563345,-5.424064607380557e-07
binary,PR,233,0.5825,Heavy_squalane,0.6437403651320299,0.43039888142320853,2.217430757843663e-07
binary,PR,234,0.585,H2O,0.3158990325837997,1.6522714372979908,-5.394082728356402e-07
binary,PR,234,0.585,Heavy_squalane,0.6447892599526601,0.4311001628434551,2.217428127186003e-07
binary,PR,235,0.5875,H2O,0.3187666167985016,1.6672699874779178,-5.549001415650401e-07
binary,PR,235,0.5875,Heavy_squalane,0.6458328603284152,0.4317979044466024,2.268474011900505e-07
binary,PR,236,0.59,H2O,0.3216387991668281,1.6822925877406705,-5.696529149012863e-07
binary,PR,236,0.59,Heavy_squalane,0.6468712744451596,0.4324921785647232,2.31773398959659e-07
binary,PR,237,0.5925,H2O,0.324515486817968,1.697338752336776,-5.837072084779844e-07
binary,PR,237,0.5925,Heavy_squalane,0.6479046070211016,0.43318305521144773,2.365264251982926e-07
binary,PR,238,0.595,H2O,0.3273965853902988,1.7124079877192535,-5.970659665631485e-07
binary,PR,238,0.595,Heavy_squalane,0.6489329645198039,0.4338706055673336,2.411055205027275e-07
binary,PR,239,0.5975,H2O,0.3302820089165353,1.7274998442466822,-5.938524014490627e-07
binary,PR,239,0.5975,Heavy_squalane,0.6499564595808639,0.4345549049421787,2.411056965727041e-07
binary,PR,240,0.6,H2O,0.3331716366320982,1.74261369027463,-6.059224982626416e-07
binary,PR,240,0.6,Heavy_squalane,0.650975197123042,0.4352360234837002,2.453322786289177e-07
binary,PR,241,0.6025,H2O,0.3360653762552669,1.7577490431347902,-6.172350846151574e-07
binary,PR,241,0.6025,Heavy_squalane,0.6519892970001877,0.4359140413250786,2.493691305139031e-07
binary,PR,242,0.605,H2O,0.3389631208657443,1.772905343593564,-6.278172174846242e-07
binary,PR,242,0.605,Heavy_squalane,0.6529988798076869,0.4365890390952784,2.532159518991927e-07
binary,PR,243,0.6075,H2O,0.3418647592774381,1.7880820101056292,-6.376347916566386e-07
binary,PR,243,0.6075,Heavy_squalane,0.6540040710009398,0.43726110067262536,2.56868373621679e-07
binary,PR,244,0.61,H2O,0.3447701758984934,1.8032784380818596,-6.466935166946361e-07
binary,PR,244,0.61,Heavy_squalane,0.6550050010001556,0.4379303132548704,2.603220116725563e-07
binary,PR,245,0.6125,H2O,0.3476792508740688,1.8184940006360961,-6.549800432038279e-07
binary,PR,245,0.6125,Heavy_squalane,0.6560018050288251,0.43859676725119473,2.635731761536227e-07
binary,PR,246,0.615,H2O,0.3505918605054455,1.833728050777247,-6.624961555142437e-07
binary,PR,246,0.615,Heavy_squalane,0.6569946226436493,0.4392605559679236,2.666201055485989e-07
binary,PR,247,0.6175,H2O,0.3535078779584517,1.8489799251146162,-6.692491798017682e-07
binary,PR,247,0.6175,Heavy_squalane,0.6579835969313408,0.43992177507151586,2.69463060176797e-07
binary,PR,248,0.62,H2O,0.3564271742673605,1.864248949108667,-6.752431837208745e-07
binary,PR,248,0.62,Heavy_squalane,0.6589688733709813,0.4405805218279461,2.721041319455019e-07
binary,PR,249,0.6225,H2O,0.3593496196287865,1.8795344438385921,-6.805100392529009e-07
binary,PR,249,0.6225,Heavy_squalane,0.6599505983806037,0.441236894130963,2.745485808339208e-07
binary,PR,250,0.625,H2O,0.3622750849337608,1.8948357340156463,-6.850790297401179e-07
binary,PR,250,0.625,Heavy_squalane,0.6609289175797766,0.44189098934046955,2.768036081931699e-07
binary,PR,251,0.6275,H2O,0.3652034435183992,1.9101521571398,-6.889824128785152e-07
binary,PR,251,0.6275,Heavy_squalane,0.6619039738249184,0.4425429029689519,2.788798370108073e-07
binary,PR,252,0.63,H2O,0.3681345729220954,1.9254830726957597,-6.922821539711794e-07
binary,PR,252,0.63,Heavy_squalane,0.6628759052156799,0.44319272734856496,2.807891791778787e-07
binary,PR,253,0.6325,H2O,0.3710683569802374,1.9408278730986614,-6.950192095453192e-07
binary,PR,253,0.6325,Heavy_squalane,0.6638448427434666,0.4438405500589567,2.82546309369801e-07
binary,PR,254,0.635,H2O,0.374004687720189,1.9561859936107753,-6.972693367347419e-07
binary,PR,254,0.635,Heavy_squalane,0.6648109081507391,0.4444864524960152,2.841673249252166e-07
binary,PR,255,0.6375,H2O,0.3769434671210918,1.971556921545932,-6.990851632654712e-07
binary,PR,255,0.6375,Heavy_squalane,0.6657742119465979,0.44513050854510783,2.856690968663118e-07
binary,PR,256,0.64,H2O,0.379884608669129,1.9869402044041446,-7.005463419645712e-07
binary,PR,256,0.64,Heavy_squalane,0.6667348516611581,0.4457727834139715,2.870698336641927e-07
binary,PR,257,0.6425,H2O,0.3828280386248114,2.0023354564999902,-7.017170279276414e-07
binary,PR,257,0.6425,Heavy_squalane,0.6676929104097359,0.4464133326727414,2.883874783488876e-07
binary,PR,258,0.645,H2O,0.3857736969717537,2.0177423639250707,-7.026550554347251e-07
binary,PR,258,0.645,Heavy_squalane,0.6686484558249398,0.447052201539957,2.896395151441327e-07
binary,PR,259,0.6475,H2O,0.3887215380236674,2.033160687722816,-7.034184671970065e-07
binary,PR,259,0.6475,Heavy_squalane,0.6696015393794141,0.4476894244297543,2.90843689780632e-07
binary,PR,260,0.65,H2O,0.3916715306798233,2.048590265224647,-7.040801487200219e-07
binary,PR,260,0.65,Heavy_squalane,0.6705521960888294,0.4483250247532883,2.920164717044445e-07
binary,PR,261,0.6525,H2O,0.3946236583801255,2.0640310098149985,-7.047013054896007e-07
binary,PR,261,0.6525,Heavy_squalane,0.67150044457088,0.44895901495817797,2.931741891048145e-07
binary,PR,262,0.655,H2O,0.3975779187867802,2.0794829092663245,-7.053210630374625e-07
binary,PR,262,0.655,Heavy_squalane,0.672446287403588,0.44959139676806525,2.943329533495688e-07
binary,PR,263,0.6575,H2O,0.4005343232481908,2.094946022935067,-7.059927526284004e-07
binary,PR,263,0.6575,Heavy_squalane,0.6733897117220324,0.45022216158158235,2.955075808163103e-07
binary,PR,264,0.66,H2O,0.4034928961155391,2.1104204781871183,-7.067801293676884e-07
binary,PR,264,0.66,Heavy_squalane,0.674330689995886,0.4508512909922059,2.967127316316721e-07
binary,PR,265,0.6625,H2O,0.4064536739490707,2.1259064662463936,-7.077232719047354e-07
binary,PR,265,0.6625,Heavy_squalane,0.675269180928711,0.4514787573895179,2.97963675783555e-07
binary,PR,266,0.665,H2O,0.4094167046390409,2.141404237597043,-7.088679332793435e-07
binary,PR,266,0.665,Heavy_squalane,0.6762051304333639,0.4521045246113522,2.992740581013156e-07
binary,PR,267,0.6675,H2O,0.4123820464998411,2.156914097245393,-7.102678812148965e-07
binary,PR,267,0.6675,Heavy_squalane,0.6771384726698956,0.45272854863772477,3.006583742954832e-07
binary,PR,268,0.67,H2O,0.415349767305374,2.1724363996745915,-7.119681143340774e-07
binary,PR,268,0.67,Heavy_squalane,0.6780691311243068,0.4533507783120803,3.021306402636323e-07
binary,PR,269,0.6725,H2O,0.4183199432883212,2.187971543610401,-7.140232944104694e-07
binary,PR,269,0.6725,Heavy_squalane,0.6789970197419395,0.45397115609906674,3.037049949741726e-07
binary,PR,270,0.675,H2O,0.4212926580769421,2.203519966460251,-7.164774969858678e-07
binary,PR,270,0.675,Heavy_squalane,0.6799220441245313,0.45458961888487487,3.053952039519842e-07
binary,PR,271,0.6775,H2O,0.4242680015637957,2.2190821383962307,-7.193517649031407e-07
binary,PR,271,0.6775,Heavy_squalane,0.6808441028101588,0.45520609883299695,3.072149190039019e-07
binary,PR,272,0.68,H2O,0.427246068684926,2.2346585559697623,-7.22707487238218e-07
binary,PR,272,0.68,Heavy_squalane,0.681763088646123,0.4558205243021247,3.091766510448798e-07
binary,PR,273,0.6825,H2O,0.4302269581208598,2.250249735317329,-7.265686441217111e-07
binary,PR,273,0.6825,Heavy_squalane,0.6826788902640983,0.45643282083242126,3.112926431734831e-07
binary,PR,274,0.685,H2O,0.4332107709009113,2.2658562048604605,-7.309782915002845e-07
binary,PR,274,0.685,Heavy_squalane,0.683591393642544,0.457042912190134,3.135725546687933e-07
binary,PR,275,0.6875,H2O,0.4361976089654291,2.281478497785742,-7.359583682679468e-07
binary,PR,275,0.6875,Heavy_squalane,0.6845004837467422,0.4576507214641098,3.160253870712486e-07
binary,PR,276,0.69,H2O,0.4391875736738026,2.297117144241122,-7.415248215707311e-07
binary,PR,276,0.69,Heavy_squalane,0.6854060462002731,0.45825617218332737,3.186571911903812e-07
binary,PR,277,0.6925,H2O,0.4421807643354857,2.31277266365261,-7.47690363418168e-07
binary,PR,277,0.6925,Heavy_squalane,0.6863079689562283,0.45885918943425524,3.214724804894819e-07
binary,PR,278,0.695,H2O,0.4451772767696375,2.328445557190655,-7.544609162555895e-07
binary,PR,278,0.695,Heavy_squalane,0.687206143906976,0.45945970093712624,3.244716411051518e-07
binary,PR,279,0.6975,H2O,0.4481772019801929,2.3441363008402605,-7.618181962219607e-07
binary,PR,279,0.6975,Heavy_squalane,0.6881004683940802,0.4600576380554552,3.276527932008999e-07
binary,PR,280,0.7,H2O,0.4511806249533371,2.359845339111324,-7.697517158776277e-07
binary,PR,280,0.7,Heavy_squalane,0.6889908465601947,0.4606529366999028,3.310110294570714e-07
binary,PR,281,0.7025,H2O,0.4541876236295232,2.3755730796618972,-7.782194884895361e-07
binary,PR,281,0.7025,Heavy_squalane,0.68987719050782,0.4612455381030103,3.34538416035818e-07
binary,PR,282,0.705,H2O,0.4571982680184439,2.3913198886691567,-7.871976893732991e-07
binary,PR,282,0.705,Heavy_squalane,0.6907594212975092,0.4618353894865902,3.382240938287573e-07
binary,PR,283,0.7075,H2O,0.4602126196642629,2.4070860880323592,-7.966413375805658e-07
binary,PR,283,0.7075,Heavy_squalane,0.6916374695521113,0.462422444465718,3.420553565515512e-07
binary,PR,284,0.71,H2O,0.4632307312377196,2.422871953239395,-8.064890128233836e-07
binary,PR,284,0.71,Heavy_squalane,0.6925112759078484,0.46300666335031854,3.460167914749138e-07
binary,PR,285,0.7125,H2O,0.466252646349828,2.4386777123923657,-8.166970360650545e-07
binary,PR,285,0.7125,Heavy_squalane,0.6933807912360264,0.463588013293399,3.500925719715032e-07
binary,PR,286,0.715,H2O,0.469278399545226,2.454503546172794,-8.27197916165482e-07
binary,PR,286,0.715,Heavy_squalane,0.6942459766361381,0.4641664682864386,3.542652763921996e-07
binary,PR,287,0.7175,H2O,0.4723080164844923,2.4703495887952127,-8.379380225337494e-07
binary,PR,287,0.7175,Heavy_squalane,0.6951068032338652,0.46474200902433394,3.585171691756022e-07
binary,PR,288,0.72,H2O,0.475341514270005,2.48621592971153,-8.488511035721138e-07
binary,PR,288,0.72,Heavy_squalane,0.6959632518089606,0.4653146226566047,3.628303164960153e-07
binary,PR,289,0.7225,H2O,0.4783789018969111,2.502102615969767,-8.598864566342475e-07
binary,PR,289,0.7225,Heavy_squalane,0.6968153122886788,0.465884302448706,3.67187529262176e-07
binary,PR,290,0.725,H2O,0.4814201807903073,2.5180096550237177,-8.709826579425509e-07
binary,PR,290,0.725,Heavy_squalane,0.6976629831369148,0.4664510473736122,3.715722574901143e-07
binary,PR,291,0.7275,H2O,0.4844653454108639,2.533937017900593,-8.820764055260391e-07
binary,PR,291,0.7275,Heavy_squalane,0.6985062706732246,0.46701486165652023,3.759693231610275e-07
binary,PR,292,0.73,H2O,0.4875143838887494,2.549884642516684,-8.931453511389407e-07
binary,PR,292,0.73,Heavy_squalane,0.6993451883461879,0.4675757542890267,3.803637295963122e-07
binary,PR,293,0.7325,H2O,0.4905672786908881,2.5658524371673725,-9.041267274726273e-07
binary,PR,293,0.7325,Heavy_squalane,0.7001797559935455,0.46813373853446244,3.847425663090563e-07
binary,PR,294,0.735,H2O,0.4936240072764251,2.5818402839554606,-9.149833954663424e-07
binary,PR,294,0.735,Heavy_squalane,0.7010099991025627,0.4686888314333783,3.890951064660452e-07
binary,PR,295,0.7375,H2O,0.4966845427222806,2.5978480420630565,-9.256832031345356e-07
binary,PR,295,0.7375,Heavy_squalane,0.7018359480866002,0.46924105331986743,3.934105311907379e-07
binary,PR,296,0.74,H2O,0.4997488543444572,2.6138755510012475,-9.362006761518142e-07
binary,PR,296,0.74,Heavy_squalane,0.7026576376007061,0.46979042736397575,3.976800507908046e-07
binary,PR,297,0.7425,H2O,0.5028169082691905,2.629922633597431,-9.465084010621669e-07
binary,PR,297,0.7425,Heavy_squalane,0.7034751058951454,0.47033697913947836,4.018965316115114e-07
binary,PR,298,0.745,H2O,0.5058886679616288,2.6459890987605137,-9.565962351269777e-07
binary,PR,298,0.745,Heavy_squalane,0.7042883942164838,0.47088073622344934,4.060540696672779e-07
binary,PR,299,0.7475,H2O,0.508964094709694,2.6620747440116825,-9.664350365314903e-07
binary,PR,299,0.7475,Heavy_squalane,0.7050975462598204,0.4714217278300296,4.101475916635473e-07
binary,PR,300,0.75,H2O,0.5120431480635765,2.6781793577831325,-9.760218251754965e-07
binary,PR,300,0.75,Heavy_squalane,0.7059026076738567,0.47195998447952087,4.1417281157312e-07
binary,PR,301,0.7525,H2O,0.5151257862365032,2.6943027215142323,-9.853470681859269e-07
binary,PR,301,0.7525,Heavy_squalane,0.7067036256197428,0.47249553770343367,4.181274453853808e-07
binary,PR,302,0.755,H2O,0.5182119664395306,2.7104446114026226,-9.944026844950384e-07
binary,PR,302,0.755,Heavy_squalane,0.7075006483745782,0.4730284197793924,4.220086935728564e-07
binary,PR,303,0.7575,H2O,0.5213016452029623,2.726604800085347,-1.003181537312664e-06
binary,PR,303,0.7575,Heavy_squalane,0.7082937249900851,0.473558663502927,4.258157266321792e-07
binary,PR,304,0.76,H2O,0.5243947786323039,2.7427830579775963,-1.011692437553301e-06
binary,PR,304,0.76,Heavy_squalane,0.7090829049891265,0.4740863019845675,4.295477011792539e-07
binary,PR,305,0.7625,H2O,0.527491322641808,2.7589791544942344,-1.019921980179433e-06
binary,PR,305,0.7625,Heavy_squalane,0.709868238106853,0.4746113684767778,4.332042010891697e-07
binary,PR,306,0.765,H2O,0.5305912331517286,2.775192859081516,-1.027878940031883e-06
binary,PR,306,0.765,Heavy_squalane,0.7106497740685439,0.47513389622542196,4.367851456755587e-07
binary,PR,307,0.7675,H2O,0.5336944662584382,2.7914239421068605,-1.035565345802236e-06
binary,PR,307,0.7675,Heavy_squalane,0.7114275624018224,0.47565391834421267,4.402911903759812e-07
binary,PR,308,0.77,H2O,0.5368009783728913,2.8076721755830722,-1.042986343257444e-06
binary,PR,308,0.77,Heavy_squalane,0.7122016522777431,0.4761714677084645,4.437232833851593e-07
binary,PR,309,0.7725,H2O,0.5399107263393038,2.8239373337890754,-1.050140032157313e-06
binary,PR,309,0.7725,Heavy_squalane,0.7129720923795976,0.47668657686737786,4.470829010335163e-07
binary,PR,310,0.775,H2O,0.5430236675266538,2.8402191937484993,-1.057037416468691e-06
binary,PR,310,0.775,Heavy_squalane,0.7137389307936778,0.4771992779710049,4.503712426307536e-07
binary,PR,311,0.7775,H2O,0.5461397599074335,2.8565175356415797,-1.063683911839112e-06
binary,PR,311,0.7775,Heavy_squalane,0.7145022149220157,0.4777096027119078,4.535893562831397e-07
binary,PR,312,0.78,H2O,0.5492589621261499,2.8728321431634454,-1.070084039173657e-06
binary,PR,312,0.78,Heavy_squalane,0.7152619914144136,0.47821758227971484,4.567391912308033e-07
binary,PR,313,0.7825,H2O,0.5523812335382532,2.889162803727725,-1.076246488055547e-06
binary,PR,313,0.7825,Heavy_squalane,0.7160183061120934,0.4787232473234449,4.598220716357645e-07
binary,PR,314,0.785,H2O,0.5555065342567308,2.9055093087102546,-1.082169330917077e-06
binary,PR,314,0.785,Heavy_squalane,0.7167712040093962,0.4792266279259003,4.628403332458956e-07
binary,PR,315,0.7875,H2O,0.558634825164328,2.921871453512996,-1.087873671351217e-06
binary,PR,315,0.7875,Heavy_squalane,0.7175207292210106,0.4797277535817557,4.657950550465167e-07
binary,PR,316,0.79,H2O,0.5617660679448634,2.9382490377278243,-1.093361104636959e-06
binary,PR,316,0.79,Heavy_squalane,0.7182669249655242,0.4802266531865607,4.686882476647171e-07
binary,PR,317,0.7925,H2O,0.564900225088167,2.954641865162363,-1.09863398323169e-06
binary,PR,317,0.7925,Heavy_squalane,0.7190098335525527,0.4807233550281349,4.715219686399911e-07
binary,PR,318,0.795,H2O,0.5680372598901106,2.9710497438401373,-1.103706078850812e-06
binary,PR,318,0.795,Heavy_squalane,0.7197494963770075,0.481217886782735,4.742976463511579e-07
binary,PR,319,0.7975,H2O,0.5711771364591861,2.9874724860349824,-1.108572781709371e-06
binary,PR,319,0.7975,Heavy_squalane,0.720485953921812,0.48171027551687096,4.77017230186803e-07
binary,PR,320,0.8,H2O,0.5743198197054504,3.003909908213222,-1.113256689076594e-06
binary,PR,320,0.8,Heavy_squalane,0.721219245762163,0.48220054769015486,4.796822393814166e-07
binary,PR,321,0.8025,H2O,0.5774652753360761,3.0203618310103972,-1.117746187879733e-06
binary,PR,321,0.8025,Heavy_squalane,0.7219494105760048,0.48268872916230415,4.822943702044357e-07
binary,PR,322,0.805,H2O,0.5806134698442444,3.036828079173171,-1.122054260564157e-06
binary,PR,322,0.805,Heavy_squalane,0.7226764861566984,0.48317484520161214,4.848555092471439e-07
binary,PR,323,0.8075,H2O,0.5837643704913358,3.053308481466178,-1.126195442403524e-06
binary,PR,323,0.8075,Heavy_squalane,0.7234005094271551,0.4836589204943973,4.87367048145258e-07
binary,PR,324,0.81,H2O,0.5869179452980632,3.069802870625651,-1.130165666550171e-06
binary,PR,324,0.81,Heavy_squalane,0.7241215164583832,0.4841409791574038,4.898308408295266e-07
binary,PR,325,0.8125,H2O,0.5900741630202376,3.0863110832326623,-1.133979732335374e-06
binary,PR,325,0.8125,Heavy_squalane,0.7248395424863142,0.48462104474905093,4.92248025964975e-07
binary,PR,326,0.815,H2O,0.5932329931382831,3.1028329596582847,-1.137634192655032e-06
binary,PR,326,0.815,Heavy_squalane,0.7255546219331119,0.48509914028368056,4.946200801047123e-07
binary,PR,327,0.8175,H2O,0.5963944058356899,3.1193683439508932,-1.141142150126833e-06
binary,PR,327,0.8175,Heavy_squalane,0.7262667884269025,0.4855752882447482,4.969483141980874e-07
binary,PR,328,0.82,H2O,0.5995583719832971,3.1359170837539576,-1.144506835136594e-06
binary,PR,328,0.82,Heavy_squalane,0.7269760748234416,0.4860495105993096,4.992343012952453e-07
binary,PR,329,0.8225,H2O,0.6027248631161007,3.15247903018474,-1.147724020962649e-06
binary,PR,329,0.8225,Heavy_squalane,0.7276825132264487,0.48652182881161604,5.014792407801157e-07
binary,PR,330,0.825,H2O,0.6058938514193675,3.1690540377616627,-1.150803605073688e-06
binary,PR,330,0.825,Heavy_squalane,0.7283861350101415,0.4869922638581806,5.036847007295348e-07
binary,PR,331,0.8275,H2O,0.6090653097023259,3.185641964266706,-1.153757096091344e-06
binary,PR,331,0.8275,Heavy_squalane,0.7290869708389438,0.48746083624095476,5.058515411547791e-07
binary,PR,332,0.83,H2O,0.6122392113862494,3.2022426706830753,-1.156577791157799e-06
binary,PR,332,0.83,Heavy_squalane,0.7297850506901679,0.4879275660024935,5.079809174965132e-07
binary,PR,333,0.8325,H2O,0.6154155304849372,3.2188560210931114,-1.159281554373729e-06
binary,PR,333,0.8325,Heavy_squalane,0.7304804038746795,0.48839247273977177,5.100741404814005e-07
binary,PR,334,0.835,H2O,0.6185942415819218,3.2354818825590734,-1.161868903559769e-06
binary,PR,334,0.835,Heavy_squalane,0.7311730590564174,0.48885557561723514,5.121319948530297e-07
binary,PR,335,0.8375,H2O,0.6217753198189824,3.252120125063065,-1.16433774879731e-06
binary,PR,335,0.8375,Heavy_squalane,0.7318630442738744,0.4893168933811618,5.141556769519627e-07
binary,PR,336,0.84,H2O,0.6249587408735608,3.268770621388905,-1.166694002655373e-06
binary,PR,336,0.84,Heavy_squalane,0.7325503869586047,0.4897764443720364,5.161460355067458e-07
binary,PR,337,0.8425,H2O,0.6281444809458108,3.2854332470543945,-1.168949257555413e-06
binary,PR,337,0.8425,Heavy_squalane,0.733235113955208,0.4902342465379109,5.181041577420614e-07
binary,PR,338,0.845,H2O,0.6313325167409373,3.3021078802189447,-1.17109765382241e-06
binary,PR,338,0.845,Heavy_squalane,0.7339172515396619,0.4906903174466623,5.200311894488703e-07
binary,PR,339,0.8475,H2O,0.6345228254489452,3.3187944015776525,-1.173149653633793e-06
binary,PR,339,0.8475,Heavy_squalane,0.7345968254364481,0.491144674297442,5.219277411564967e-07
binary,PR,340,0.85,H2O,0.6377153847343128,3.335492694307289,-1.175097789133464e-06
binary,PR,340,0.85,Heavy_squalane,0.7352738608371342,0.49159733393310034,5.237946160914231e-07
binary,PR,341,0.8525,H2O,0.6409101727190115,3.35220264397749,-1.17695680709136e-06
binary,PR,341,0.8525,Heavy_squalane,0.7359483824168592,0.492048312851208,5.256325379814201e-07
binary,PR,342,0.855,H2O,0.6441071679713759,3.368924138492538,-1.178722741639978e-06
binary,PR,342,0.855,Heavy_squalane,0.7366204143513881,0.49249762721545887,5.274426255240495e-07
binary,PR,343,0.8575,H2O,0.6473063494840787,3.385657067976165,-1.180400454120453e-06
binary,PR,343,0.8575,Heavy_squalane,0.7372899803312022,0.4929452928650906,5.292252573588352e-07
binary,PR,344,0.86,H2O,0.6505076966705909,3.4024013247530362,-1.18199831898831e-06
binary,PR,344,0.86,Heavy_squalane,0.7379571035788117,0.4933913253264598,5.309814764702801e-07
binary,PR,345,0.8625,H2O,0.6537111893443329,3.4191568032397046,-1.183509086163512e-06
binary,PR,345,0.8625,Heavy_squalane,0.7386218068618049,0.4938357398217663,5.327118924227381e-07
binary,PR,346,0.865,H2O,0.6569168077100335,3.435923399899414,-1.184938671910911e-06
binary,PR,346,0.865,Heavy_squalane,0.7392841125078012,0.494278551279051,5.34417230799692e-07
binary,PR,347,0.8675,H2O,0.6601245323503345,3.4527010131720357,-1.186291293963998e-06
binary,PR,347,0.8675,Heavy_squalane,0.7399440424178039,0.49471977434112296,5.36098147929444e-07
binary,PR,348,0.87,H2O,0.6633343442118265,3.469489543401031,-1.187570622129158e-06
binary,PR,348,0.87,Heavy_squalane,0.7406016180788394,0.49515942337401025,5.377549124448967e-07
binary,PR,349,0.8725,H2O,0.6665462246011689,3.4862888928131572,-1.188783610846789e-06
binary,PR,349,0.8725,Heavy_squalane,0.7412568605780762,0.49559751247639955,5.393884171663194e-07
binary,PR,350,0.875,H2O,0.6697601551677431,3.5030989654277387,-1.189921073602113e-06
binary,PR,350,0.875,Heavy_squalane,0.7419097906136277,0.496034055486859,5.40999263789846e-07
binary,PR,351,0.8775,H2O,0.6729761178941704,3.5199196670070676,-1.190987492566733e-06
binary,PR,351,0.8775,Heavy_squalane,0.7425604285064161,0.49646906599177004,5.425879043669763e-07
binary,PR,352,0.88,H2O,0.6761940950882185,3.536750905014077,-1.191992307442244e-06
binary,PR,352,0.88,Heavy_squalane,0.7432087942117966,0.4969025573330994,5.441548759408302e-07
binary,PR,353,0.8825,H2O,0.6794140693717631,3.5535925885546034,-1.192928128538793e-06
binary,PR,353,0.8825,Heavy_squalane,0.7438549073300815,0.49733454261543547,5.457006256638273e-07
binary,PR,354,0.885,H2O,0.6826360236732248,3.570444628337829,-1.193807288767567e-06
binary,PR,354,0.885,Heavy_squalane,0.7444987871172746,0.4977650347131651,5.472257210127679e-07
binary,PR,355,0.8875,H2O,0.6858599412169258,3.587306936620612,-1.194617902527322e-06
binary,PR,355,0.8875,Heavy_squalane,0.7451404524947274,0.49819404627692965,5.487306203485736e-07
binary,PR,356,0.89,H2O,0.6890858055158365,3.6041794271695524,-1.195375246345944e-06
binary,PR,356,0.89,Heavy_squalane,0.7457799220590235,0.49862158974023385,5.502158414149568e-07
binary,PR,357,0.8925,H2O,0.6923136003611431,3.6210620152064212,-1.196078195574294e-06
binary,PR,357,0.8925,Heavy_squalane,0.7464172140908019,0.49904767732534444,5.516816706596579e-07
binary,PR,358,0.895,H2O,0.695543309819496,3.6379546173937736,-1.196714276202254e-06
binary,PR,358,0.895,Heavy_squalane,0.7470523465646838,0.49947232104992784,5.531288430189491e-07
binary,PR,359,0.8975,H2O,0.6987749182182502,3.654857151757748,-1.197307107187232e-06
binary,PR,359,0.8975,Heavy_squalane,0.7476853371564335,0.49989553273183723,5.545575988446789e-07
binary,PR,360,0.9,H2O,0.7020084101426964,3.6717695376735833,-1.197840740035957e-06
binary,PR,360,0.9,Heavy_squalane,0.7483162032520959,0.5003173239952222,5.559682836704647e-07
binary,PR,361,0.9025,H2O,0.7052437704299475,3.6886916958336435,-1.198325131467439e-06
binary,PR,361,0.9025,Heavy_squalane,0.7489449619561039,0.500737706275949,5.573614652700211e-07
binary,PR,362,0.905,H2O,0.7084809841571733,3.705623548185883,-1.198761906398733e-06
binary,PR,362,0.905,Heavy_squalane,0.7495716300979418,0.5011566908260561,5.587372868301038e-07
binary,PR,363,0.9075,H2O,0.7117200366396048,3.7225650179234044,-1.199149483569596e-06
binary,PR,363,0.9075,Heavy_squalane,0.7501962242403666,0.5015742887192501,5.600960506833499e-07
binary,PR,364,0.91,H2O,0.7149609134250309,3.7395160294556766,-1.199489909935786e-06
binary,PR,364,0.91,Heavy_squalane,0.7508187606866247,0.5019905108557317,5.614383227477615e-07
binary,PR,365,0.9125,H2O,0.7182036002847147,3.756476508361024,-1.199783031022858e-06
binary,PR,365,0.9125,Heavy_squalane,0.7514392554866753,0.5024053679663557,5.627645341424043e-07
binary,PR,366,0.915,H2O,0.7214480832073391,3.773446381354957,-1.20003373390225e-06
binary,PR,366,0.915,Heavy_squalane,0.7520577244437072,0.5028188706169886,5.640749525352107e-07
binary,PR,367,0.9175,H2O,0.7246943483937318,3.790425576262585,-1.200244545305563e-06
binary,PR,367,0.9175,Heavy_squalane,0.7526741831205274,0.50323102921278,5.653697297976698e-07
binary,PR,368,0.92,H2O,0.7279423822545772,3.807414022006647,-1.200407068286704e-06
binary,PR,368,0.92,Heavy_squalane,0.7532886468462523,0.503641854002636,5.666492983107316e-07
binary,PR,369,0.9225,H2O,0.7311921714021454,3.8244116485642516,-1.200524746910306e-06
binary,PR,369,0.9225,Heavy_squalane,0.7539011307216071,0.5040513550827622,5.679139803002682e-07
binary,PR,370,0.925,H2O,0.734443702644925,3.841418386938803,-1.200605754186558e-06
binary,PR,370,0.925,Heavy_squalane,0.7545116496245395,0.5044595424004178,5.691639479021462e-07
binary,PR,371,0.9275,H2O,0.737696962987431,3.858434169159001,-1.200646636229742e-06
binary,PR,371,0.9275,Heavy_squalane,0.7551202182165704,0.5048664257581603,5.703998083796363e-07
binary,PR,372,0.93,H2O,0.7409519396170986,3.8754589282102825,-1.200657382078068e-06
binary,PR,372,0.93,Heavy_squalane,0.7557268509465092,0.505272014816331,5.716215560171448e-07
binary,PR,373,0.9325,H2O,0.7442086199053194,3.89249259804025,-1.200623687460029e-06
binary,PR,373,0.9325,Heavy_squalane,0.7563315620566039,0.5056763190971657,5.728292588079681e-07
binary,PR,374,0.935,H2O,0.747466991406823,3.9095351135554317,-1.200561223294124e-06
binary,PR,374,0.935,Heavy_squalane,0.756934365588173,0.5060793479885606,5.740235341846798e-07
binary,PR,375,0.9375,H2O,0.7507270418459859,3.926586410549672,-1.200463990862498e-06
binary,PR,375,0.9375,Heavy_squalane,0.7575352753846228,0.5064811107460897,5.752043739079178e-07
binary,PR,376,0.94,H2O,0.7539887591218594,3.9436464257304324,-1.200328097760055e-06
binary,PR,376,0.94,Heavy_squalane,0.7581343050977418,0.5068816164972132,5.763722641000582e-07
binary,PR,377,0.9425,H2O,0.7572521312977659,3.960715096664374,-1.200168413586449e-06
binary,PR,377,0.9425,Heavy_squalane,0.7587314681909723,0.5072808742434645,5.775273994624285e-07
binary,PR,378,0.945,H2O,0.7605171466005108,3.977792361773235,-1.199975638292604e-06
binary,PR,378,0.945,Heavy_squalane,0.7593267779442807,0.507678892863707,5.786700532300977e-07
binary,PR,379,0.9475,H2O,0.7637837934131899,3.9948781602962122,-1.19974561882194e-06
binary,PR,379,0.9475,Heavy_squalane,0.759920247457697,0.5080756811165001,5.798001530302889e-07
binary,PR,380,0.95,H2O,0.7670520602799541,4.011972432314881,-1.199489103705202e-06
binary,PR,380,0.95,Heavy_squalane,0.7605118896568657,0.5084712476438108,5.809182912805749e-07
binary,PR,381,0.9525,H2O,0.7703219358927984,4.029075118684099,-1.19920185178831e-06
binary,PR,381,0.9525,Heavy_squalane,0.7611017172951906,0.5088656009724474,5.820245505230358e-07
binary,PR,382,0.955,H2O,0.7735934090926042,4.046186161037452,-1.198883194068838e-06
binary,PR,382,0.955,Heavy_squalane,0.761689742958411,0.5092587495171192,5.831190271804791e-07
binary,PR,383,0.9575,H2O,0.7768664688682689,4.063305501782712,-1.19853488412606e-06
binary,PR,383,0.9575,Heavy_squalane,0.7622759790686968,0.5096507015831749,5.842021264662278e-07
binary,PR,384,0.96,H2O,0.7801411043469706,4.080433084050904,-1.198163960595102e-06
binary,PR,384,0.96,Heavy_squalane,0.7628604378870192,0.5100414653681867,5.85273769326941e-07
binary,PR,385,0.9625,H2O,0.7834173047987293,4.097568851720176,-1.197765804327495e-06
binary,PR,385,0.9625,Heavy_squalane,0.7634431315179491,0.5104310489651593,5.863342963229275e-07
binary,PR,386,0.965,H2O,0.7866950596297079,4.114712749380751,-1.197339345501766e-06
binary,PR,386,0.965,Heavy_squalane,0.7640240719123261,0.5108194603643144,5.873840338368544e-07
binary,PR,387,0.9675,H2O,0.7899743583758547,4.131864722301682,-1.196888510214524e-06
binary,PR,387,0.9675,Heavy_squalane,0.7646032708698725,0.5112067074548371,5.884228696352462e-07
binary,PR,388,0.97,H2O,0.793255190708546,4.149024716460358,-1.196411750593477e-06
binary,PR,388,0.97,Heavy_squalane,0.7651807400438186,0.5115927980279703,5.894512546561751e-07
binary,PR,389,0.9725,H2O,0.7965375464218516,4.166192678475905,-1.195913139600558e-06
binary,PR,389,0.9725,Heavy_squalane,0.765756490942176,0.5119777397778644,5.904690192875432e-07
binary,PR,390,0.975,H2O,0.7998214154412124,4.1833685556545674,-1.195384064067247e-06
binary,PR,390,0.975,Heavy_squalane,0.7663305349326666,0.5123615403048738,5.914766987167582e-07
binary,PR,391,0.9775,H2O,0.803106787811272,4.200552295926066,-1.194840591009504e-06
binary,PR,391,0.9775,Heavy_squalane,0.766902883243902,0.5127442071163447,5.92474402950441e-07
binary,PR,392,0.98,H2O,0.8063936536981234,4.2177438478553455,-1.194268381878487e-06
binary,PR,392,0.98,Heavy_squalane,0.7674735469689813,0.5131257476290211,5.934623746415234e-07
binary,PR,393,0.9825,H2O,0.8096820033823956,4.234943160606421,-1.193677553976364e-06
binary,PR,393,0.9825,Heavy_squalane,0.7680425370674032,0.5135061691703228,5.944404518976701e-07
binary,PR,394,0.985,H2O,0.8129718272667982,4.252150183981832,-1.193065311803678e-06
binary,PR,394,0.985,Heavy_squalane,0.7686098643693934,0.513885478981239,5.954092247611424e-07
binary,PR,395,0.9875,H2O,0.8162631158578754,4.269364868327213,-1.192429540064117e-06
binary,PR,395,0.9875,Heavy_squalane,0.7691755395756873,0.5142636842161832,5.963681794223375e-07
binary,PR,396,0.99,H2O,0.8195558597836073,4.286587164623357,-1.191779736036537e-06
binary,PR,396,0.99,Heavy_squalane,0.7697395732634046,0.5146407919469198,5.97317979855092e-07
binary,PR,397,0.9925,H2O,0.8228500497756066,4.303817024393091,-1.191104665662358e-06
binary,PR,397,0.9925,Heavy_squalane,0.7703019758857592,0.5150168091623717,5.982586689634728e-07
binary,PR,398,0.995,H2O,0.8261456766729677,4.321054399721412,-1.1904153188012e-06
binary,PR,398,0.995,Heavy_squalane,0.7708627577754039,0.5153917427708552,5.991903422053171e-07
binary,PR,399,0.9975,H2O,0.82944273141918,4.338299243239346,-1.18970637998006e-06
binary,PR,399,0.9975,Heavy_squalane,0.7714219291465172,0.5157655996014762,6.001130312019612e-07
binary,PR,400,1.0,H2O,0.8327412050640662,4.35555150813408,-1.188980463186223e-06
binary,PR,400,1.0,Heavy_squalane,0.7719795000976659,0.5161383864060434,6.010271433193543e-07
binary,SW,0,0.0,H2O,0.0,0.0,0.0
binary,SW,0,0.0,Heavy_squalane,0.0,0.0,0.0
binary,SW,1,0.0025,H2O,0.0004696613622767219,0.0025002371950951638,1.976208086063025e-11
binary,SW,1,0.0025,Heavy_squalane,0.003674155568136194,0.0025002371950950788,-4.738293372424281e-11
binary,SW,2,0.005,H2O,0.0009392532497552743,0.005000104541851808,4.106348677757055e-09
binary,SW,2,0.005,Heavy_squalane,0.007347767635705695,0.005000104541851621,-9.320779881440256e-09
binary,SW,3,0.0075,H2O,0.001408891473711136,0.007500218560345503,4.716135759696982e-09
binary,SW,3,0.0075,Heavy_squalane,0.01102174219301737,0.007500218560345223,-1.069467840601346e-08
binary,SW,4,0.01,H2O,0.001878501257168451,0.010000181176152015,4.713163165304124e-09
binary,SW,4,0.01,Heavy_squalane,0.01469549426062799,0.010000181176151653,-1.069608469187408e-08
binary,SW,5,0.0125,H2O,0.002348047637980058,0.01249980626865813,5.353033460941958e-09
binary,SW,5,0.0125,Heavy_squalane,0.01836875033005253,0.012499806268657685,-1.214065622040867e-08
binary,SW,6,0.015,H2O,0.002817574474406265,0.01499932731683942,5.731938368391809e-09
binary,SW,6,0.015,Heavy_squalane,0.02204185350396933,0.014999327316838887,-1.299624389242022e-08
binary,SW,7,0.0175,H2O,0.003287052145299311,0.01749858663283536,6.658448375995718e-09
binary,SW,7,0.0175,Heavy_squalane,0.0257145720564718,0.017498586632834743,-1.510282626526027e-08
binary,SW,8,0.02,H2O,0.003756527851102854,0.019997835487698526,6.929003620870233e-09
binary,SW,8,0.02,Heavy_squalane,0.02938727523610115,0.01999783548769784,-1.571901035270605e-08
binary,SW,9,0.0225,H2O,0.00422602976827666,0.022497223878508506,7.565946924525946e-09
binary,SW,9,0.0225,Heavy_squalane,0.033060183466986,0.022497223878507742,-1.714262690734925e-08
binary,SW,10,0.025,H2O,0.004695497026656683,0.0249964277636037,7.598478901638117e-09
binary,SW,10,0.025,Heavy_squalane,0.0367328205625159,0.024996427763602856,-1.721654659276405e-08
binary,SW,11,0.0275,H2O,0.005164897418214838,0.02749527568389408,9.581633375610465e-09
binary,SW,11,0.0275,Heavy_squalane,0.04040493455964848,0.02749527568389315,-2.170764295501618e-08
binary,SW,12,0.03,H2O,0.005634308802678326,0.029994182124797403,1.035340543853458e-08
binary,SW,12,0.03,Heavy_squalane,0.04407713455415616,0.029994182124796393,-2.347200799816841e-08
binary,SW,13,0.0325,H2O,0.00610364867698577,0.03249270788215652,1.259304374667813e-08
binary,SW,13,0.0325,Heavy_squalane,0.04774877512551534,0.03249270788215542,-2.855615204612818e-08
binary,SW,14,0.035,H2O,0.006573047600466751,0.034991547987153905,1.309758926315574e-08
binary,SW,14,0.035,Heavy_squalane,0.05142087763789665,0.03499154798715271,-2.971867252417888e-08
binary,SW,15,0.0375,H2O,0.007042324262569475,0.037489737235023156,1.314287997877805e-08
binary,SW,15,0.0375,Heavy_squalane,0.05509202370088745,0.03748973723502187,-2.98250108232909e-08
binary,SW,16,0.04,H2O,0.007511628739628061,0.039988074555509866,1.341004793320444e-08
binary,SW,16,0.04,Heavy_squalane,0.05876338735996592,0.03998807455550849,-3.043938896589881e-08
binary,SW,17,0.0425,H2O,0.007980906321292622,0.04248626869865665,1.385651660079645e-08
binary,SW,17,0.0425,Heavy_squalane,0.06243454061667866,0.04248626869865518,-3.145708753617314e-08
binary,SW,18,0.045,H2O,0.00845013834257743,0.04498422030161334,1.394571350066265e-08
binary,SW,18,0.045,Heavy_squalane,0.06610533745505172,0.04498422030161178,-3.165150326998195e-08
binary,SW,19,0.0475,H2O,0.008919321894163184,0.04748191387665004,1.410422945102852e-08
binary,SW,19,0.0475,Heavy_squalane,0.06977575511551284,0.04748191387664839,-3.198959889926087e-08
binary,SW,20,0.05,H2O,0.009388505166619507,0.049979605965744224,1.447429903711495e-08
binary,SW,20,0.05,Heavy_squalane,0.07344617059234755,0.04997960596574248,-3.286046109919369e-08
binary,SW,21,0.0525,H2O,0.009857616413299308,0.05247691462639415,1.462180210243247e-08
binary,SW,21,0.0525,Heavy_squalane,0.07711602261234056,0.05247691462639232,-3.320130870917308e-08
binary,SW,22,0.055,H2O,0.01032674911100126,0.05497433748132908,1.638877444865017e-08
binary,SW,22,0.055,Heavy_squalane,0.0807860424434392,0.05497433748132714,-3.723828519240327e-08
binary,SW,23,0.0575,H2O,0.01079587908862658,0.057471745855965393,1.63925428231515e-08
binary,SW,23,0.0575,Heavy_squalane,0.08445604099540889,0.05747174585596338,-3.724687687826555e-08
binary,SW,24,0.06,H2O,0.01126495299583105,0.059968855740321236,1.758060130807593e-08
binary,SW,24,0.06,Heavy_squalane,0.08812560090910525,0.059968855740319106,-3.998743896667513e-08
binary,SW,25,0.0625,H2O,0.01173402843735645,0.06246597379261801,1.759861750771918e-08
binary,SW,25,0.0625,Heavy_squalane,0.09179517282577707,0.06246597379261578,-4.002844337334233e-08
binary,SW,26,0.065,H2O,0.01220304776423924,0.06496279311922022,1.838306223911346e-08
binary,SW,26,0.065,Heavy_squalane,0.09546430575822931,0.06496279311921793,-4.184016959184727e-08
binary,SW,27,0.0675,H2O,0.0126721064910556,0.06745982219094374,1.839995822372487e-08
binary,SW,27,0.0675,Heavy_squalane,0.09913374691591985,0.06745982219094138,-4.188170934511425e-08
binary,SW,28,0.07,H2O,0.01314111397011822,0.06995657844580311,1.893073792169631e-08
binary,SW,28,0.07,Heavy_squalane,0.1028027871630078,0.06995657844580067,-4.311978365294232e-08
binary,SW,29,0.0725,H2O,0.01361013692423869,0.072453417081966,1.892800893799063e-08
binary,SW,29,0.0725,Heavy_squalane,0.1064719484712996,0.07245341708196339,-4.312591467852309e-08
binary,SW,30,0.075,H2O,0.01407908980567353,0.07494988268694291,1.893958923027128e-08
binary,SW,30,0.075,Heavy_squalane,0.110140561601758,0.07494988268694028,-4.314525983512008e-08
binary,SW,31,0.0775,H2O,0.01454805260224182,0.07744640107502578,1.896902246389942e-08
binary,SW,31,0.0775,Heavy_squalane,0.1138092522981941,0.07744640107502307,-4.321555116098068e-08
binary,SW,32,0.08,H2O,0.01501699223563185,0.07994279615417908,1.90757939999564e-08
binary,SW,32,0.08,Heavy_squalane,0.1174777617893465,0.07994279615417628,-4.346601751757661e-08
binary,SW,33,0.0825,H2O,0.01548589919360308,0.08243901728609292,2.501039458868703e-08
binary,SW,33,0.0825,Heavy_squalane,0.1211460156610643,0.08243901728609009,-5.69885657443032e-08
binary,SW,34,0.085,H2O,0.01595482102643726,0.08493531760417919,2.504111440426726e-08
binary,SW,34,0.085,Heavy_squalane,0.1248143858986679,0.08493531760417622,-5.704667615959615e-08
binary,SW,35,0.0875,H2O,0.01642369222330823,0.0874313483622616,2.529202980383616e-08
binary,SW,35,0.0875,Heavy_squalane,0.1284823600116995,0.08743134836225856,-5.762178180147157e-08
binary,SW,36,0.09,H2O,0.01689259375409874,0.08992754060263743,2.530965531599705e-08
binary,SW,36,0.09,Heavy_squalane,0.1321505714266434,0.08992754060263437,-5.767184630338838e-08
binary,SW,37,0.0925,H2O,0.01736142681243103,0.09242336833062066,2.909523372229827e-08
binary,SW,37,0.0925,Heavy_squalane,0.1358182471823147,0.09242336833061747,-6.635050808280394e-08
binary,SW,38,0.095,H2O,0.01783027184886746,0.09491925982391203,2.909919055715804e-08
binary,SW,38,0.095,Heavy_squalane,0.1394860166425603,0.09491925982390874,-6.63593993995743e-08
binary,SW,39,0.0975,H2O,0.01829908456390767,0.09741497925459933,2.935509896273558e-08
binary,SW,39,0.0975,Heavy_squalane,0.143153533252886,0.097414979254596,-6.693362171200509e-08
binary,SW,40,0.1,H2O,0.01876789255249704,0.09991067352407657,2.94889702101564e-08
binary,SW,40,0.1,Heavy_squalane,0.1468210128882396,0.09991067352407308,-6.72332681833746e-08
binary,SW,41,0.1025,H2O,0.01923664772295965,0.10240608661682585,2.949006594477055e-08
binary,SW,41,0.1025,Heavy_squalane,0.1504880793279803,0.10240608661682234,-6.724168036267167e-08
binary,SW,42,0.105,H2O,0.01970543316966617,0.10490166088483295,2.972771040443689e-08
binary,SW,42,0.105,Heavy_squalane,0.1541553826184373,0.10490166088482929,-6.779502869070513e-08
binary,SW,43,0.1075,H2O,0.02017416807767549,0.10739696611063072,2.98478348703668e-08
binary,SW,43,0.1075,Heavy_squalane,0.1578222905452333,0.10739696611062709,-6.805760358106339e-08
binary,SW,44,0.11,H2O,0.02064291455517807,0.10989233292650105,3.005406662426324e-08
binary,SW,44,0.11,Heavy_squalane,0.161489288980045,0.10989233292649725,-6.852854963187707e-08
binary,SW,45,0.1125,H2O,0.02111161584936859,0.11238745920949711,3.005617899010105e-08
binary,SW,45,0.1125,Heavy_squalane,0.1651559339463135,0.11238745920949324,-6.854158108323224e-08
binary,SW,46,0.115,H2O,0.02158030422856998,0.11488251673968787,3.009311616564148e-08
binary,SW,46,0.115,Heavy_squalane,0.1688224778787669,0.11488251673968389,-6.862903492904469e-08
binary,SW,47,0.1175,H2O,0.02204900428027445,0.11737763640832284,3.011881427594787e-08
binary,SW,47,0.1175,Heavy_squalane,0.172489113125081,0.11737763640831882,-6.867784258280542e-08
binary,SW,48,0.12,H2O,0.02251768781774569,0.11987266816361536,3.022947181463564e-08
binary,SW,48,0.12,Heavy_squalane,0.1761556191807337,0.11987266816361121,-6.891384068002549e-08
binary,SW,49,0.1225,H2O,0.02298639864748584,0.12236784520900701,3.024539696472317e-08
binary,SW,49,0.1225,Heavy_squalane,0.1798223387435,0.1223678452090028,-6.892463011251317e-08
binary,SW,50,0.125,H2O,0.0234550297592841,0.12486259787679503,3.055928005091246e-08
binary,SW,50,0.125,Heavy_squalane,0.1834884346737012,0.12486259787679076,-6.962415964214508e-08
binary,SW,51,0.1275,H2O,0.02392366636043153,0.12735737976707415,3.105070833786527e-08
binary,SW,51,0.1275,Heavy_squalane,0.1871545735470194,0.1273573797670698,-7.077064435147019e-08
binary,SW,52,0.13,H2O,0.02439230898946506,0.12985219374673987,3.106794266294344e-08
binary,SW,52,0.13,Heavy_squalane,0.1908207595764229,0.12985219374673546,-7.081538998924395e-08
binary,SW,53,0.1325,H2O,0.02486094095206986,0.13234695094378732,3.107327217755085e-08
binary,SW,53,0.1325,Heavy_squalane,0.1944868621624741,0.13234695094378282,-7.082743264349245e-08
binary,SW,54,0.135,H2O,0.02532954497697619,0.1348415594147984,3.456132585677452e-08
binary,SW,54,0.135,Heavy_squalane,0.1981527461922236,0.1348415594147938,-7.873893519043413e-08
binary,SW,55,0.1375,H2O,0.02579814088934772,0.13733612469881798,3.948525229002797e-08
binary,SW,55,0.1375,Heavy_squalane,0.2018185667577044,0.13733612469881334,-9.004992128353171e-08
binary,SW,56,0.14,H2O,0.02626670658359939,0.13983052911700247,3.965545608553001e-08
binary,SW,56,0.14,Heavy_squalane,0.2054841509271724,0.1398305291169977,-9.042319793309469e-08
binary,SW,57,0.1425,H2O,0.02673528077237279,0.14232497875568179,3.97065981205813e-08
binary,SW,57,0.1425,Heavy_squalane,0.2091498015491888,0.14232497875567698,-9.054335748222883e-08
binary,SW,58,0.145,H2O,0.02720379585671217,0.14481911375254422,3.977574347668877e-08
binary,SW,58,0.145,Heavy_squalane,0.2128149897978808,0.14481911375253934,-9.068458684110417e-08
binary,SW,59,0.1475,H2O,0.02767236408083228,0.1473135316384561,4.188301211405232e-08
binary,SW,59,0.1475,Heavy_squalane,0.2164805937584813,0.1473135316384511,-9.545578446199047e-08
binary,SW,60,0.15,H2O,0.02814089268308385,0.14980773859777827,4.204855497125237e-08
binary,SW,60,0.15,Heavy_squalane,0.2201458877576488,0.1498077385977732,-9.584131424782663e-08
binary,SW,61,0.1525,H2O,0.02860939154254022,0.15230178722165102,4.240187773119075e-08
binary,SW,61,0.1525,Heavy_squalane,0.2238109490792631,0.15230178722164595,-9.662373471143915e-08
binary,SW,62,0.155,H2O,0.02907791288202968,0.15479595551773745,4.240917245157405e-08
binary,SW,62,0.155,Heavy_squalane,0.227476186261924,0.15479595551773223,-9.66239935454006e-08
binary,SW,63,0.1575,H2O,0.02954637517587719,0.15728980948498597,4.258810376578381e-08
binary,SW,63,0.1575,Heavy_squalane,0.2311409615311904,0.1572898094849807,-9.703779501085807e-08
binary,SW,64,0.16,H2O,0.03001485898891889,0.1597837780094326,4.259767066860931e-08
binary,SW,64,0.16,Heavy_squalane,0.2348059051448715,0.15978377800942722,-9.705774154466848e-08
binary,SW,65,0.1625,H2O,0.03048327578013058,0.16227738974389022,4.289951188729546e-08
binary,SW,65,0.1625,Heavy_squalane,0.2384703244475283,0.16227738974388475,-9.775705802357906e-08
binary,SW,66,0.165,H2O,0.03095173968755787,0.1647712523010133,4.339735609759643e-08
binary,SW,66,0.165,Heavy_squalane,0.2421351123398113,0.1647712523010078,-9.888486755283086e-08
binary,SW,67,0.1675,H2O,0.03142019065913754,0.1672650459942911,4.350476645598178e-08
binary,SW,67,0.1675,Heavy_squalane,0.2457997990351034,0.16726504599428557,-9.913485023895941e-08
binary,SW,68,0.17,H2O,0.03188860408845184,0.16975863983172426,4.36328762010163e-08
binary,SW,68,0.17,Heavy_squalane,0.2494641920376746,0.1697586398317186,-9.944304850584337e-08
binary,SW,69,0.1725,H2O,0.03235703470697861,0.17225232517574454,4.363628763881522e-08
binary,SW,69,0.1725,Heavy_squalane,0.2531287195112623,0.1722523251757389,-9.946005509079915e-08
binary,SW,70,0.175,H2O,0.03282545455501767,0.1747459531831897,4.363902400550401e-08
binary,SW,70,0.175,Heavy_squalane,0.2567931627274453,0.17474595318318392,-9.948265085744442e-08
binary,SW,71,0.1775,H2O,0.03329388007718594,0.17723961139680053,4.364148181723593e-08
binary,SW,71,0.1775,Heavy_squalane,0.2604576503322775,0.17723961139679464,-9.948568524367551e-08
binary,SW,72,0.18,H2O,0.03376226264218538,0.17973304092838652,4.366073902417611e-08
binary,SW,72,0.18,Heavy_squalane,0.2641218018836599,0.17973304092838055,-9.952653839944056e-08
binary,SW,73,0.1825,H2O,0.0342306514064168,0.182226503461517,4.366584055448541e-08
binary,SW,73,0.1825,Heavy_squalane,0.2677860019315646,0.1822265034615111,-9.952801207581302e-08
binary,SW,74,0.185,H2O,0.03469901362935941,0.18471982470238296,4.383329360591048e-08
binary,SW,74,0.185,Heavy_squalane,0.2714499943472645,0.18471982470237686,-9.989683808069732e-08
binary,SW,75,0.1875,H2O,0.03516739420684334,0.18721324365345152,4.384273361024427e-08
binary,SW,75,0.1875,Heavy_squalane,0.2751141303503353,0.18721324365344533,-9.991526349279732e-08
binary,SW,76,0.19,H2O,0.03563572561958349,0.18970640087653703,4.416826854258815e-08
binary,SW,76,0.19,Heavy_squalane,0.2787778817381671,0.18970640087653076,-1.006430449079764e-07
binary,SW,77,0.1925,H2O,0.03610404489186944,0.1921994934700456,4.479354120956458e-08
binary,SW,77,0.1925,Heavy_squalane,0.2824415381513619,0.19219949347003923,-1.020708345369614e-07
binary,SW,78,0.195,H2O,0.03657237046208608,0.19469261959052023,4.479750292940565e-08
binary,SW,78,0.195,Heavy_squalane,0.2861052438331977,0.19469261959051368,-1.020712449240246e-07
binary,SW,79,0.1975,H2O,0.03704068299827118,0.19718567632446857,4.480709336895927e-08
binary,SW,79,0.1975,Heavy_squalane,0.2897688475499511,0.19718567632446193,-1.021020978415697e-07
binary,SW,80,0.2,H2O,0.03750901105672512,0.19967881569104762,4.481661358690658e-08
binary,SW,80,0.2,Heavy_squalane,0.2934325726972393,0.1996788156910408,-1.021143689587194e-07
binary,SW,81,0.2025,H2O,0.03797729290134753,0.2021717090387931,4.513404394668186e-08
binary,SW,81,0.2025,Heavy_squalane,0.2970959363142417,0.2021717090387859,-1.028349932295598e-07
binary,SW,82,0.205,H2O,0.03844559966552249,0.20466473504550775,4.526273655880431e-08
binary,SW,82,0.205,Heavy_squalane,0.300759494876624,0.20466473504550012,-1.031310506273238e-07
binary,SW,83,0.2075,H2O,0.0389138845284242,0.20715764446103055,4.53639475983536e-08
binary,SW,83,0.2075,Heavy_squalane,0.3044228821055908,0.20715764446102206,-1.033539184539179e-07
binary,SW,84,0.21,H2O,0.0393821224265388,0.20965030386001585,4.552015198111548e-08
binary,SW,84,0.21,Heavy_squalane,0.3080859019295543,0.20965030386000608,-1.037294875896824e-07
binary,SW,85,0.2125,H2O,0.03985039880119438,0.21214316808845188,4.552176141592312e-08
binary,SW,85,0.2125,Heavy_squalane,0.311749222755065,0.21214316808844005,-1.037354223366199e-07
binary,SW,86,0.215,H2O,0.04031866722720349,0.21463599000235425,4.553201610191238e-08
binary,SW,86,0.215,Heavy_squalane,0.3154124813984014,0.21463599000233885,-1.037657587950405e-07
binary,SW,87,0.2175,H2O,0.04078692357252762,0.21712874760486045,4.566317868270886e-08
binary,SW,87,0.2175,Heavy_squalane,0.3190756455346713,0.2171287476048392,-1.040890280584119e-07
binary,SW,88,0.22,H2O,0.0412551694982497,0.21962144973872755,4.598347946860315e-08
binary,SW,88,0.22,Heavy_squalane,0.3227387281585055,0.21962144973869646,-1.048013104113635e-07
binary,SW,89,0.2225,H2O,0.0417233827391663,0.2221139778753853,4.599886055389746e-08
binary,SW,89,0.2225,Heavy_squalane,0.3264015550894633,0.2221139778753377,-1.048197450405514e-07
binary,SW,90,0.225,H2O,0.04219158398802206,0.22460644217243653,4.601395198200464e-08
binary,SW,90,0.225,Heavy_squalane,0.3300642882066475,0.22460644217236148,-1.048695064362647e-07
binary,SW,91,0.2275,H2O,0.04265981492961363,0.22709906453844653,4.602196329583919e-08
binary,SW,91,0.2275,Heavy_squalane,0.3337272536097435,0.22709906453832535,-1.048880219038469e-07
binary,SW,92,0.23,H2O,0.04312802180797135,0.2295915588040907,4.618138160772389e-08
binary,SW,92,0.23,Heavy_squalane,0.3373900307663859,0.22959155880389276,-1.052410366743119e-07
binary,SW,93,0.2325,H2O,0.0435962183858916,0.2320839982354672,4.644437517908884e-08
binary,SW,93,0.2325,Heavy_squalane,0.3410527273427463,0.23208399823514117,-1.058455155133679e-07
binary,SW,94,0.235,H2O,0.04406439536547405,0.23457633333530378,4.646027601529212e-08
binary,SW,94,0.235,Heavy_squalane,0.3447152706014054,0.23457633333476502,-1.058574802001183e-07
binary,SW,95,0.2375,H2O,0.04453254863333917,0.237068542206069,4.651445700831758e-08
binary,SW,95,0.2375,Heavy_squalane,0.3483776283633596,0.23706854220517715,-1.059603575582572e-07
binary,SW,96,0.24,H2O,0.04500074121211985,0.2395609603480691,4.651917062670208e-08
binary,SW,96,0.24,Heavy_squalane,0.3520402936538229,0.23956096034659116,-1.059705572482162e-07
binary,SW,97,0.2425,H2O,0.04546891149893426,0.24205325981902726,4.677025333688078e-08
binary,SW,97,0.2425,Heavy_squalane,0.3557027845539196,0.24205325981657913,-1.065542498918601e-07
binary,SW,98,0.245,H2O,0.04593708132256517,0.24454555682423298,4.692535715555834e-08
binary,SW,98,0.245,Heavy_squalane,0.359365271829604,0.24454555682017978,-1.069033345564656e-07
binary,SW,99,0.2475,H2O,0.04640522140226162,0.24703769548792462,4.939244746537952e-08
binary,SW,99,0.2475,Heavy_squalane,0.3630275264172871,0.2470376954812212,-1.125618851075152e-07
binary,SW,100,0.25,H2O,0.04687335063435742,0.24952977640453117,4.940836539901738e-08
binary,SW,100,0.25,Heavy_squalane,0.3666896961417814,0.24952977639345555,-1.125972565135503e-07
binary,SW,101,0.2525,H2O,0.04734150342411003,0.2520219827300696,4.940184283874771e-08
binary,SW,101,0.2525,Heavy_squalane,0.3703520501533877,0.2520219827117821,-1.126039476660984e-07
binary,SW,102,0.255,H2O,0.04780963734168357,0.2545140885897663,4.95078461559828e-08
binary,SW,102,0.255,Heavy_squalane,0.3740142565212952,0.25451408855960317,-1.128692958422292e-07
binary,SW,103,0.2575,H2O,0.04827775843100343,0.257006126158393,4.968222633294772e-08
binary,SW,103,0.2575,Heavy_squalane,0.3776763625226578,0.25700612610869156,-1.132584048801838e-07
binary,SW,104,0.26,H2O,0.04874587394323482,0.2594981340374494,5.007651138200231e-08
binary,SW,104,0.26,Heavy_squalane,0.381338424876029,0.25949813395562676,-1.141691572768412e-07
binary,SW,105,0.2625,H2O,0.04921395657301726,0.2619899668671436,5.008280112850372e-08
binary,SW,105,0.2625,Heavy_squalane,0.3850002299600852,0.2619899667325905,-1.141962184959458e-07
binary,SW,106,0.265,H2O,0.04968206119798606,0.264481916787975,5.008149617236057e-08
binary,SW,106,0.265,Heavy_squalane,0.3886622070624821,0.2644819165668333,-1.142006102117015e-07
binary,SW,107,0.2675,H2O,0.05015014891170569,0.26697377668195393,5.02223244103206e-08
binary,SW,107,0.2675,Heavy_squalane,0.3923240517869472,0.26697377631881836,-1.145196116611552e-07
binary,SW,108,0.27,H2O,0.05061822369151346,0.26946556772239266,5.041472239675215e-08
binary,SW,108,0.27,Heavy_squalane,0.3959857951962666,0.26946556712655456,-1.149594316059811e-07
binary,SW,109,0.2725,H2O,0.0510863232366967,0.27195749060104046,5.04248505173166e-08
binary,SW,109,0.2725,Heavy_squalane,0.399647732126207,0.2719574896237214,-1.149869707537605e-07
binary,SW,110,0.275,H2O,0.05155437098580524,0.2744491377438434,5.526894297780416e-08
binary,SW,110,0.275,Heavy_squalane,0.4033092634993447,0.2744491361423173,-1.260775271666749e-07
binary,SW,111,0.2775,H2O,0.05202242941270273,0.27694084172974065,5.552000958974901e-08
binary,SW,111,0.2775,Heavy_squalane,0.4069708778197716,0.27694083910596407,-1.266355805914542e-07
binary,SW,112,0.28,H2O,0.05249049147283753,0.27943256505713754,5.552285686771796e-08
binary,SW,112,0.28,Heavy_squalane,0.410632519605216,0.27943256075936335,-1.26636144193717e-07
binary,SW,113,0.2825,H2O,0.05295852151942311,0.2819241179607505,5.590908991326415e-08
binary,SW,113,0.2825,Heavy_squalane,0.4142939093838925,0.2819241109239176,-1.27530028866137e-07
binary,SW,114,0.285,H2O,0.05342657481987582,0.28441579465607425,5.657811630310761e-08
binary,SW,114,0.285,Heavy_squalane,0.4179554785095969,0.28441578313287147,-1.290949406591694e-07
binary,SW,115,0.2875,H2O,0.05389459890851341,0.28690731584261536,5.979138695266784e-08
binary,SW,115,0.2875,Heavy_squalane,0.4216168149170031,0.28690729697864925,-1.364332545674283e-07
binary,SW,116,0.29,H2O,0.05436263328853695,0.2893988918152386,6.098456428738075e-08
binary,SW,116,0.29,Heavy_squalane,0.4252782249613221,0.2893988609338317,-1.392740976660727e-07
binary,SW,117,0.2925,H2O,0.05483065259568614,0.2918903875475778,6.368742311302356e-08
binary,SW,117,0.2925,Heavy_squalane,0.4289395058598907,0.2918903370062333,-1.454512525055001e-07
binary,SW,118,0.295,H2O,0.05529866237066005,0.2943818325354847,6.369160610031344e-08
binary,SW,118,0.295,Heavy_squalane,0.4326006938428255,0.2943817498501952,-1.45451078287428e-07
binary,SW,119,0.2975,H2O,0.05576667566787772,0.2968732962740183,6.491587534185328e-08
binary,SW,119,0.2975,Heavy_squalane,0.4362618793883987,0.29687316103554956,-1.482579503730057e-07
binary,SW,120,0.3,H2O,0.05623467666355229,0.2993646945254199,6.507631633567712e-08
binary,SW,120,0.3,Heavy_squalane,0.4399229197733827,0.29936447344013717,-1.48626199932144e-07
binary,SW,121,0.3025,H2O,0.05670268301230812,0.3018561212738919,6.508499805768508e-08
binary,SW,121,0.3025,Heavy_squalane,0.4435839221878971,0.30185576000608544,-1.486263002624127e-07
binary,SW,122,0.305,H2O,0.05717071458773292,0.304347682316264,6.547340225537823e-08
binary,SW,122,0.305,Heavy_squalane,0.4472449910702592,0.30434709180293973,-1.4949610400823e-07
binary,SW,123,0.3075,H2O,0.05763872602246074,0.306839136139853,6.567840127313929e-08
binary,SW,123,0.3075,Heavy_squalane,0.4509056888428744,0.30683817106220396,-1.499371427240618e-07
binary,SW,124,0.31,H2O,0.0581067887704522,0.30933086312904734,6.658627493827396e-08
binary,SW,124,0.31,Heavy_squalane,0.4545664360686987,0.3093292839740314,-1.520563721503598e-07
binary,SW,125,0.3125,H2O,0.05857488627151376,0.31182277512583545,6.659794415941889e-08
binary,SW,125,0.3125,Heavy_squalane,0.4582268816653737,0.3118201916293301,-1.520997105956741e-07
binary,SW,126,0.315,H2O,0.05904305771045904,0.31431508073014985,6.70176718564619e-08
binary,SW,126,0.315,Heavy_squalane,0.4618869717636721,0.3143108573704672,-1.530643615006336e-07
binary,SW,127,0.3175,H2O,0.05951137869893243,0.3168081824597637,6.847010280974786e-08
binary,SW,127,0.3175,Heavy_squalane,0.4655466909544967,0.3168012707116597,-1.563867572518184e-07
binary,SW,128,0.32,H2O,0.0599799040153513,0.31930237192699096,6.855451484266695e-08
binary,SW,128,0.32,Heavy_squalane,0.4692055299545503,0.3192910850891818,-1.565692821866802e-07
binary,SW,129,0.3225,H2O,0.06044878520521726,0.32179845588267436,6.884215275615446e-08
binary,SW,129,0.3225,Heavy_squalane,0.4728630899625092,0.32178002912151904,-1.57231471630952e-07
binary,SW,130,0.325,H2O,0.0609182606275138,0.3242977032282911,6.885199455020086e-08
binary,SW,130,0.325,Heavy_squalane,0.4765187183809034,0.3242676587206523,-1.572418084439817e-07
binary,SW,131,0.3275,H2O,0.06138866854031394,0.32680191467704345,6.885583891946823e-08
binary,SW,131,0.3275,Heavy_squalane,0.4801711534322045,0.3267531152557887,-1.572424114832929e-07
binary,SW,132,0.33,H2O,0.06186067703859302,0.32931464682532485,7.006781299612186e-08
binary,SW,132,0.33,Heavy_squalane,0.4838183169551931,0.32923498455273736,-1.600088349828264e-07
binary,SW,133,0.3325,H2O,0.06233508489898496,0.33184015195192834,7.019180825462712e-08
binary,SW,133,0.3325,Heavy_squalane,0.4874573715626437,0.3317113357893143,-1.603124792527669e-07
binary,SW,134,0.335,H2O,0.06281359938788524,0.33438751867109123,7.062252838085925e-08
binary,SW,134,0.335,Heavy_squalane,0.4910828545923678,0.3341784516620644,-1.61278358976869e-07
binary,SW,135,0.3375,H2O,0.06329917990983011,0.3369725013409345,7.063302032150887e-08
binary,SW,135,0.3375,Heavy_squalane,0.4946851233820774,0.336629770406668,-1.612853671368025e-07
binary,SW,136,0.34,H2O,0.0637947911046357,0.33961088218953495,7.072883811964914e-08
binary,SW,136,0.34,Heavy_squalane,0.4982538955524832,0.3390582949358553,-1.615142457890847e-07
binary,SW,137,0.3425,H2O,0.06430733103090953,0.34233938295746935,7.174796812225992e-08
binary,SW,137,0.3425,Heavy_squalane,0.5017668636780335,0.34144884520238633,-1.639280049185948e-07
binary,SW,138,0.345,H2O,0.06483806251325469,0.3451647262778882,7.26863419453494e-08
binary,SW,138,0.345,Heavy_squalane,0.5052192003819079,0.3437981362100606,-1.661900526692898e-07
binary,SW,139,0.3475,H2O,0.06540349020865449,0.34817477451418016,7.324291628751922e-08
binary,SW,139,0.3475,Heavy_squalane,0.5085565144626439,0.34606915512628017,-1.699402041793303e-07
binary,SW,140,0.35,H2O,0.06601303393953845,0.3514196739894221,7.325228501553482e-08
binary,SW,140,0.35,Heavy_squalane,0.5117473165759563,0.3482404736722552,-1.699733733812957e-07
binary,SW,141,0.3525,H2O,0.06680093927840133,0.35561407956046914,7.54139970471357e-08
binary,SW,141,0.3525,Heavy_squalane,0.5150876250757292,0.3505135302697093,-1.704355716601513e-07
binary,SW,142,0.355,H2O,0.06773562699864598,0.36058987955522676,7.542345381583715e-08
binary,SW,142,0.355,Heavy_squalane,0.5182603704948952,0.35267256136146846,-1.704354630193934e-07
binary,SW,143,0.3575,H2O,0.06881145111783772,0.3663170176471162,7.54124823698632e-08
binary,SW,143,0.3575,Heavy_squalane,0.5212720159782932,0.35472196507244186,-1.704353667688193e-07
binary,SW,144,0.36,H2O,0.07002698210567815,0.37278788374701644,7.541469326799444e-08
binary,SW,144,0.36,Heavy_squalane,0.524123963628049,0.35666269552333035,-1.704350184837749e-07
binary,SW,145,0.3625,H2O,0.07137417344864902,0.3799596423270237,7.558968528886822e-08
binary,SW,145,0.3625,Heavy_squalane,0.5268254986080539,0.35850107120329244,-1.704316015883941e-07
binary,SW,146,0.365,H2O,0.07283093583800583,0.3877147011903491,7.562813220118869e-08
binary,SW,146,0.365,Heavy_squalane,0.5294022505041207,0.36025453286641573,-1.70406118757825e-07
binary,SW,147,0.3675,H2O,0.07439162133066247,0.39602299357290727,7.564127846304558e-08
binary,SW,147,0.3675,Heavy_squalane,0.5318602860846858,0.36192720890623664,-1.703941452317361e-07
binary,SW,148,0.37,H2O,0.07604463017303778,0.4048227683116537,7.573846949604501e-08
binary,SW,148,0.37,Heavy_squalane,0.5342127347778013,0.3635280338068175,-1.705980092361868e-07
binary,SW,149,0.3725,H2O,0.0777788144916806,0.4140546798225411,7.574857452397055e-08
binary,SW,149,0.3725,Heavy_squalane,0.5364725146921618,0.36506579825087426,-1.706076612649122e-07
binary,SW,150,0.375,H2O,0.07958493921142605,0.4236695652825628,7.580894612058131e-08
binary,SW,150,0.375,Heavy_squalane,0.5386501096143272,0.36654763638191723,-1.707216155984626e-07
binary,SW,151,0.3775,H2O,0.08145727479044945,0.4336369235376286,7.581260619282659e-08
binary,SW,151,0.3775,Heavy_squalane,0.5407520122612628,0.3679779664484808,-1.70743341256896e-07
binary,SW,152,0.38,H2O,0.08338480264456928,0.4438980972737233,7.578703520305652e-08
binary,SW,152,0.38,Heavy_squalane,0.5427910828526055,0.36936553974018155,-1.70780414500005e-07
binary,SW,153,0.3825,H2O,0.08536135984959926,0.4544202782304306,7.580027516773669e-08
binary,SW,153,0.3825,Heavy_squalane,0.5447743428497618,0.3707151343124521,-1.708219325704504e-07
binary,SW,154,0.385,H2O,0.08738158745156574,0.4651749380740871,7.581403327350245e-08
binary,SW,154,0.385,Heavy_squalane,0.5467078980880843,0.3720309051435923,-1.708648483140676e-07
binary,SW,155,0.3875,H2O,0.08944441337651036,0.47615636963054186,7.580503935677996e-08
binary,SW,155,0.3875,Heavy_squalane,0.5485926238812376,0.3733134478784356,-1.708564229135378e-07
binary,SW,156,0.39,H2O,0.09154346062993517,0.48733062503838376,7.58039366832719e-08
binary,SW,156,0.39,Heavy_squalane,0.5504361068809533,0.3745679251804821,-1.708563710107557e-07
binary,SW,157,0.3925,H2O,0.09367492305520175,0.4986774422638113,7.582223171542779e-08
binary,SW,157,0.3925,Heavy_squalane,0.5522426828174914,0.3757972874838828,-1.708718322980327e-07
binary,SW,158,0.395,H2O,0.09583879132985171,0.5101967716788176,7.582870031885847e-08
binary,SW,158,0.395,Heavy_squalane,0.5540120131972391,0.3770013044460989,-1.708671543992513e-07
binary,SW,159,0.3975,H2O,0.09802997012981747,0.5218614883807007,7.582289818230947e-08
binary,SW,159,0.3975,Heavy_squalane,0.5557502301995088,0.3781841489723109,-1.708662885218338e-07
binary,SW,160,0.4,H2O,0.100246133251341,0.5336592088488508,-7.552916769792972e-08
binary,SW,160,0.4,Heavy_squalane,0.5574599475526401,0.3793475996863934,-7.773761583873618e-08
binary,SW,161,0.4025,H2O,0.102485310026572,0.5455794422542276,-2.121080580064216e-07
binary,SW,161,0.4025,Heavy_squalane,0.5591434438410959,0.38049320714915447,2.286027440430149e-09
binary,SW,162,0.405,H2O,0.1047458076915248,0.5576131771860161,-3.363967967517922e-07
binary,SW,162,0.405,Heavy_squalane,0.5608026487633443,0.3816222845069199,7.192660785359725e-08
binary,SW,163,0.4075,H2O,0.1070261872307299,0.5697527530608892,-4.50362157233819e-07
binary,SW,163,0.4075,Heavy_squalane,0.5624392026023125,0.38273594796076205,1.332851037085852e-07
binary,SW,164,0.41,H2O,0.1093252202298221,0.5819916304282269,-5.556733073674991e-07
binary,SW,164,0.41,Heavy_squalane,0.5640545053264101,0.38383515017940295,1.879771438248396e-07
binary,SW,165,0.4125,H2O,0.1116418498588341,0.5943241832650996,-6.536891139496959e-07
binary,SW,165,0.4125,Heavy_squalane,0.5656497612184669,0.38492071066889477,2.372368379535742e-07
binary,SW,166,0.415,H2O,0.1139751574013354,0.6067455207945014,-7.45488538678174e-07
binary,SW,166,0.415,Heavy_squalane,0.5672260170941286,0.3859933417799709,2.820026351607697e-07
binary,SW,167,0.4175,H2O,0.1163243347749446,0.619251341198593,-8.319401447742791e-07
binary,SW,167,0.4175,Heavy_squalane,0.5687841936658459,0.38705367005102165,3.229909074666285e-07
binary,SW,168,0.42,H2O,0.1186886627254452,0.6318378155353126,-9.137135477121916e-07
binary,SW,168,0.42,Heavy_squalane,0.5703251104200716,0.3881022531368529,3.607547842555704e-07
binary,SW,169,0.4225,H2O,0.1210674939481458,0.644501497885119,-9.913074171530312e-07
binary,SW,169,0.4225,Heavy_squalane,0.5718495048547612,0.38913959289967087,3.957263877685397e-07
binary,SW,170,0.425,H2O,0.1234602402394927,0.65723925695274,-1.065140698974787e-06
binary,SW,170,0.425,Heavy_squalane,0.5733580471233272,0.3901661453741909,4.28249168762911e-07
binary,SW,171,0.4275,H2O,0.1258663627946237,0.6700482244163046,-1.135558773235346e-06
binary,SW,171,0.4275,Heavy_squalane,0.5748513510958836,0.39118232829473687,4.586025900251035e-07
binary,SW,172,0.43,H2O,0.128285364868296,0.6829257558578719,-1.202839038372261e-06
binary,SW,172,0.43,Heavy_squalane,0.5763299827147336,0.3921885267810922,4.870173016259324e-07
binary,SW,173,0.4325,H2O,0.1307167861910786,0.6958694010380916,-1.267241869662428e-06
binary,SW,173,0.4325,Heavy_squalane,0.5777944663640755,0.39318509767304016,5.136888738527965e-07
binary,SW,174,0.435,H2O,0.1331601986332494,0.7088768808130071,-1.328977117243113e-06
binary,SW,174,0.435,Heavy_squalane,0.579245289802477,0.39417237288687856,5.387842867195397e-07
binary,SW,175,0.4375,H2O,0.1356152027725238,0.7219460688623957,-1.388221516074317e-06
binary,SW,175,0.4375,Heavy_squalane,0.5806829080749738,0.39515066207757504,5.624481313289904e-07
binary,SW,176,0.44,H2O,0.1380814251065735,0.7350749768506419,-1.445159719892786e-06
binary,SW,176,0.44,Heavy_squalane,0.5821077466974895,0.39612025480574276,5.84808692471055e-07
binary,SW,177,0.4425,H2O,0.1405585157158228,0.7482617419846599,-1.499944759619787e-06
binary,SW,177,0.4425,Heavy_squalane,0.5835202043110453,0.3970814223438116,6.059788830994461e-07
binary,SW,178,0.445,H2O,0.1430461462696006,0.761504616399664,-1.552710605978724e-06
binary,SW,178,0.445,Heavy_squalane,0.5849206549558457,0.39803441922352756,6.26058933379315e-07
binary,SW,179,0.4475,H2O,0.1455440082862217,0.7748019578967315,-1.603613038358986e-06
binary,SW,179,0.4475,Heavy_squalane,0.5863094500575265,0.39897948458758065,6.451388976596228e-07
binary,SW,180,0.45,H2O,0.1480518115869006,0.7881522217122281,-1.652768869320198e-06
binary,SW,180,0.45,Heavy_squalane,0.5876869201878238,0.39991684338772765,6.632997167803007e-07
binary,SW,181,0.4525,H2O,0.1505692829079724,0.8015539531299821,-1.700268846271946e-06
binary,SW,181,0.4525,Heavy_squalane,0.5890533766455955,0.4008467074606667,6.806142062649578e-07
binary,SW,182,0.455,H2O,0.1530961646444639,0.8150057807926978,-1.746249362888364e-06
binary,SW,182,0.455,Heavy_squalane,0.5904091128892074,0.40176927650276534,6.971480949809222e-07
binary,SW,183,0.4575,H2O,0.1556322137035189,0.8285064105981776,-1.790786122612964e-06
binary,SW,183,0.4575,Heavy_squalane,0.5917544058428236,0.40268473895898266,7.129607440721009e-07
binary,SW,184,0.46,H2O,0.158177200457581,0.8420546201266027,-1.833978122811608e-06
binary,SW,184,0.46,Heavy_squalane,0.5930895170941554,0.4035932728379286,7.281068427520619e-07
binary,SW,185,0.4625,H2O,0.1607309077713117,0.8556492534603409,-1.87590880751376e-06
binary,SW,185,0.4625,Heavy_squalane,0.5944146939897005,0.4044950464571669,7.426340923973628e-07
binary,SW,186,0.465,H2O,0.1632931301241542,0.8692892165129256,-1.916661655942953e-06
binary,SW,186,0.465,Heavy_squalane,0.595730170654208,0.40539021913695344,7.565878903392249e-07
binary,SW,187,0.4675,H2O,0.1658636727787452,0.8829734726021041,-1.956298294691905e-06
binary,SW,187,0.4675,Heavy_squalane,0.597036168921337,0.4062789418335436,7.700082101814639e-07
binary,SW,188,0.47,H2O,0.168442351026104,0.8967010384316103,-1.994895667434271e-06
binary,SW,188,0.47,Heavy_squalane,0.5983328992023199,0.4071613577303109,7.829318031735097e-07
binary,SW,189,0.4725,H2O,0.1710289894804309,0.9104709803370319,-2.03251510477731e-06
binary,SW,189,0.4725,Heavy_squalane,0.5996205612876593,0.40803760278329665,7.953921729011907e-07
binary,SW,190,0.475,H2O,0.1736234214265103,0.9242824108117169,-2.069199994680915e-06
binary,SW,190,0.475,Heavy_squalane,0.600899345090853,0.40890780622730916,8.074199330155148e-07
binary,SW,191,0.4775,H2O,0.1762254882151774,0.9381344852885485,-2.105017639086881e-06
binary,SW,191,0.4775,Heavy_squalane,0.6021694313382925,0.40977209104539536,8.190433159857046e-07
binary,SW,192,0.48,H2O,0.1788350386996476,0.9520263991392492,-2.14001503362482e-06
binary,SW,192,0.48,Heavy_squalane,0.6034309922072111,0.4106305744029596,8.30287552607859e-07
binary,SW,193,0.4825,H2O,0.1814519287185985,0.9659573849225749,-2.174229160267771e-06
binary,SW,193,0.4825,Heavy_squalane,0.6046841919187089,0.41148336805131314,8.411759544083868e-07
binary,SW,194,0.485,H2O,0.1840760206147974,0.9799267098217319,-2.207700197875972e-06
binary,SW,194,0.485,Heavy_squalane,0.6059291872856293,0.41233057870050027,8.517299999975447e-07
binary,SW,195,0.4875,H2O,0.1867071827891127,0.9939336732701635,-2.240485537319259e-06
binary,SW,195,0.4875,Heavy_squalane,0.6071661282189009,0.41317230836386076,8.61969178001192e-07
binary,SW,196,0.49,H2O,0.1893452892918826,1.0079776047762035,-2.272595568175717e-06
binary,SW,196,0.49,Heavy_squalane,0.6083951581971935,0.4140086546776269,8.719119767644961e-07
binary,SW,197,0.4925,H2O,0.1919902194377966,1.0220578618729037,-2.304086516358161e-06
binary,SW,197,0.4925,Heavy_squalane,0.6096164146972557,0.41483971119376567,8.815743850641445e-07
binary,SW,198,0.495,H2O,0.1946418574597217,1.0361738282751805,-2.334979319784658e-06
binary,SW,198,0.495,Heavy_squalane,0.6108300295957211,0.4156655676534049,8.909714893843543e-07
binary,SW,199,0.4975,H2O,0.1973000921851942,1.0503249121576224,-2.365317030239567e-06
binary,SW,199,0.4975,Heavy_squalane,0.6120361295383305,0.41648631023808647,9.001177440833193e-07
binary,SW,200,0.5,H2O,0.1999648167327913,1.0645105445381287,-2.39510786581576e-06
binary,SW,200,0.5,Heavy_squalane,0.6132348362785462,0.4173020218001907,9.090256615845738e-07
binary,SW,201,0.5025,H2O,0.2026359282421004,1.0787301778404026,-2.424377116727605e-06
binary,SW,201,0.5025,Heavy_squalane,0.6144262669947353,0.4181127820787779,9.177077706304304e-07
binary,SW,202,0.505,H2O,0.2053133276121836,1.0929832845016703,-2.453157296966602e-06
binary,SW,202,0.505,Heavy_squalane,0.6156105345773017,0.41891866789497917,9.261746333237241e-07
binary,SW,203,0.5075,H2O,0.2079969192724961,1.1072693557531677,-2.481465612325096e-06
binary,SW,203,0.5075,Heavy_squalane,0.6167877478989559,0.4197197533359133,9.344367007844852e-07
binary,SW,204,0.51,H2O,0.2106866109616951,1.1215879004426315,-2.509306945897016e-06
binary,SW,204,0.51,Heavy_squalane,0.6179580120593117,0.4205161099211334,9.425030167891845e-07
binary,SW,205,0.5125,H2O,0.2133823135345624,1.1359384440064544,-2.536710577816237e-06
binary,SW,205,0.5125,Heavy_squalane,0.6191214286150312,0.4213078067592384,9.503831836547126e-07
binary,SW,206,0.515,H2O,0.2160839407681916,1.1503205274379245,-2.563693753621088e-06
binary,SW,206,0.515,Heavy_squalane,0.6202780957848505,0.4220949106873921,9.58084489151187e-07
binary,SW,207,0.5175,H2O,0.218791409203737,1.1647337064447774,-2.590264059576519e-06
binary,SW,207,0.5175,Heavy_squalane,0.621428108647116,0.4228774864057448,9.656151767549756e-07
binary,SW,208,0.52,H2O,0.2215046379831073,1.1791775505798359,-2.616455607395984e-06
binary,SW,208,0.52,Heavy_squalane,0.6225715593135468,0.42365559659567803,9.729822343786385e-07
binary,SW,209,0.5225,H2O,0.2242235487072523,1.1936516424866026,-2.629222407017851e-06
binary,SW,209,0.5225,Heavy_squalane,0.623708537093437,0.42442930203154233,9.801919396145644e-07
binary,SW,210,0.525,H2O,0.2269480653071522,1.2081555772124708,-2.637649689198734e-06
binary,SW,210,0.525,Heavy_squalane,0.6248391286467142,0.4251986616848131,9.87251032420538e-07
binary,SW,211,0.5275,H2O,0.2296781139144541,1.2226889615200611,-2.645603900937927e-06
binary,SW,211,0.5275,Heavy_squalane,0.6259634181224386,0.42596373281833777,9.941651202613245e-07
binary,SW,212,0.53,H2O,0.2324136227502967,1.2372514132953796,-2.653117198620472e-06
binary,SW,212,0.53,Heavy_squalane,0.6270814872923526,0.42672457107721584,1.000939967594384e-06
binary,SW,213,0.5325,H2O,0.2351545220131636,1.2518425609508068,-2.660195384136606e-06
binary,SW,213,0.5325,Heavy_squalane,0.6281934156728537,0.4274812305718004,1.007580482670148e-06
binary,SW,214,0.535,H2O,0.2379007437784702,1.2664620428905493,-2.666859181472729e-06
binary,SW,214,0.535,Heavy_squalane,0.6292992806417452,0.4282337639571458,1.014091165996228e-06
binary,SW,215,0.5375,H2O,0.2406522219059191,1.2811095070174476,-2.673139326800801e-06
binary,SW,215,0.5375,Heavy_squalane,0.6303991575488893,0.4289822225083069,1.020477039978955e-06
binary,SW,216,0.54,H2O,0.2434088919437235,1.2957846102231103,-2.679037445143249e-06
binary,SW,216,0.54,Heavy_squalane,0.6314931198168611,0.4297266561888331,1.026742174567058e-06
binary,SW,217,0.5425,H2O,0.2461706910485177,1.3104870179615575,-2.68457797803876e-06
binary,SW,217,0.5425,Heavy_squalane,0.6325812390393788,0.4304671137177496,1.032890971675526e-06
binary,SW,218,0.545,H2O,0.2489375579002085,1.325216403795935,-2.68976949354967e-06
binary,SW,218,0.545,Heavy_squalane,0.6336635850694083,0.4312036426295115,1.038926630691577e-06
binary,SW,219,0.5475,H2O,0.2517094326356615,1.3399724490454925,-2.694638913090347e-06
binary,SW,219,0.5475,Heavy_squalane,0.6347402261063484,0.4319362893333332,1.044853194365972e-06
binary,SW,220,0.55,H2O,0.25448625677311,1.3547548423831761,-2.69918077733899e-06
binary,SW,220,0.55,Heavy_squalane,0.6358112287712565,0.432665099164379,1.050673684543658e-06
binary,SW,221,0.5525,H2O,0.257267973154494,1.36956327952867,-2.70340757350676e-06
binary,SW,221,0.5525,Heavy_squalane,0.6368766581806241,0.4333901164339663,1.056391512831524e-06
binary,SW,222,0.555,H2O,0.2600545258848393,1.3843974629256817,-2.707337296916076e-06
binary,SW,222,0.555,Heavy_squalane,0.6379365780106153,0.43411138447327996,1.062009673725452e-06
binary,SW,223,0.5575,H2O,0.2628458602822972,1.39925710147598,-2.710976725402939e-06
binary,SW,223,0.5575,Heavy_squalane,0.638991050557055,0.4348289456741935,1.06753128879626e-06
binary,SW,224,0.56,H2O,0.2656419228279924,1.4141419102724098,-2.714351152298875e-06
binary,SW,224,0.56,Heavy_squalane,0.6400401367872302,0.4355428415245199,1.072958716485213e-06
binary,SW,225,0.5625,H2O,0.2684426611288608,1.4290516104010587,-2.717444805293414e-06
binary,SW,225,0.5625,Heavy_squalane,0.6410838963888608,0.43625311264133554,1.078294700009223e-06
binary,SW,226,0.565,H2O,0.2712480238788296,1.4439859287346029,-2.720283588003338e-06
binary,SW,226,0.565,Heavy_squalane,0.6421223878112747,0.4369597987989997,1.083541864802905e-06
binary,SW,227,0.5675,H2O,0.2740579608265729,1.45894459776065,-2.722879265979181e-06
binary,SW,227,0.5675,Heavy_squalane,0.6431556683024672,0.43766293895437314,1.088702781376099e-06
binary,SW,228,0.57,H2O,0.276872422745106,1.4739273554198786,-2.725243743829136e-06
binary,SW,228,0.57,Heavy_squalane,0.6441837939412388,0.43836257126868794,1.093779574040924e-06
binary,SW,229,0.5725,H2O,0.279691361409481,1.488933944987299,-2.727372034438518e-06
binary,SW,229,0.5725,Heavy_squalane,0.6452068196675804,0.439058733128224,1.098774748485404e-06
binary,SW,230,0.575,H2O,0.2825147295700111,1.503964114929713,-2.729271416242262e-06
binary,SW,230,0.575,Heavy_squalane,0.6462247993076332,0.4397514611612944,1.103690284419149e-06
binary,SW,231,0.5775,H2O,0.2853424809351051,1.5190176188143343,-2.730956758577192e-06
binary,SW,231,0.5775,Heavy_squalane,0.6472377855992276,0.4404407912556242,1.108528630338907e-06
binary,SW,232,0.58,H2O,0.2881745701481188,1.5340942151855568,-2.732426445400601e-06
binary,SW,232,0.58,Heavy_squalane,0.6482458302131558,0.44112675857282657,1.113291866511207e-06
binary,SW,233,0.5825,H2O,0.2910109527678938,1.5491936674613531,-2.733701366949703e-06
binary,SW,233,0.5825,Heavy_squalane,0.6492489837744065,0.44180939756285265,1.11798156603609e-06
binary,SW,234,0.585,H2O,0.2938515852550891,1.5643157438605115,-2.734793810455328e-06
binary,SW,234,0.585,Heavy_squalane,0.6502472958846918,0.44248874197932087,1.122599916234298e-06
binary,SW,235,0.5875,H2O,0.2966964249521516,1.579460217296008,-2.735695724621905e-06
binary,SW,235,0.5875,Heavy_squalane,0.6512408151424895,0.443164824893156,1.127149269276451e-06
binary,SW,236,0.59,H2O,0.2995454300608345,1.5946268652553268,-2.736420224538402e-06
binary,SW,236,0.59,Heavy_squalane,0.6522295891624528,0.4438376787057968,1.13163114802191e-06
binary,SW,237,0.5925,H2O,0.3023985596279138,1.6098154697244216,-2.736958635248581e-06
binary,SW,237,0.5925,Heavy_squalane,0.6532136645982247,0.44450733516472146,1.136047295709093e-06
binary,SW,238,0.595,H2O,0.3052557735257595,1.6250258170842875,-2.737343487106044e-06
binary,SW,238,0.595,Heavy_squalane,0.654193087164245,0.44517382537828676,1.140399613173515e-06
binary,SW,239,0.5975,H2O,0.3081170324306711,1.6402576979956285,-2.737560620788498e-06
binary,SW,239,0.5975,Heavy_squalane,0.6551679016577188,0.44583717983067794,1.144689734483987e-06
binary,SW,240,0.6,H2O,0.3109822978037379,1.6555109072969694,-2.737635780796011e-06
binary,SW,240,0.6,Heavy_squalane,0.656138151982447,0.44649742839812473,1.148919338208216e-06
binary,SW,241,0.6025,H2O,0.313851531867667,1.6707852438812996,-2.737560253141809e-06
binary,SW,241,0.6025,Heavy_squalane,0.6571038811722846,0.4471546003648648,1.153089692829041e-06
binary,SW,242,0.605,H2O,0.3167246975912824,1.6860805106135526,-2.737335238565535e-06
binary,SW,242,0.605,Heavy_squalane,0.6580651314180859,0.44780872444147973,1.157203090757113e-06
binary,SW,243,0.6075,H2O,0.3196017586554787,1.7013965141493625,-2.736980546054071e-06
binary,SW,243,0.6075,Heavy_squalane,0.6590219440892197,0.44845982877953594,1.161260174997643e-06
binary,SW,244,0.61,H2O,0.3224826794423802,1.7167330648773529,-2.736499455776062e-06
binary,SW,244,0.61,Heavy_squalane,0.659974359763451,0.44910794099191914,1.165262644743457e-06
binary,SW,245,0.6125,H2O,0.3253674250082529,1.7320899767749323,-2.735893959122494e-06
binary,SW,245,0.6125,Heavy_squalane,0.6609224182518384,0.44975308816977644,1.169212335026106e-06
binary,SW,246,0.615,H2O,0.3282559610572155,1.747467067268347,-2.735154659712565e-06
binary,SW,246,0.615,Heavy_squalane,0.6618661586241097,0.45039529689978475,1.173110508133337e-06
binary,SW,247,0.6175,H2O,0.3311482539178291,1.7628641571080548,-2.73430869582437e-06
binary,SW,247,0.6175,Heavy_squalane,0.6628056192350023,0.4510345932820748,1.176957822482541e-06
binary,SW,248,0.62,H2O,0.3340442705281576,1.778281070289196,-2.733352138363603e-06
binary,SW,248,0.62,Heavy_squalane,0.6637408377531318,0.45167100294987644,1.180756116958312e-06
binary,SW,249,0.6225,H2O,0.3369439784026056,1.7937176338750538,-2.73228223240173e-06
binary,SW,249,0.6225,Heavy_squalane,0.6646718511835578,0.45230455108487416,1.184506116235301e-06
binary,SW,250,0.625,H2O,0.3398473456165684,1.8091736779153396,-2.731114989522728e-06
binary,SW,250,0.625,Heavy_squalane,0.6655986958954847,0.4529352624360575,1.188208974187151e-06
binary,SW,251,0.6275,H2O,0.3427543407819841,1.8246490353160443,-2.729839218724571e-06
binary,SW,251,0.6275,Heavy_squalane,0.6665214076463053,0.4535631613360823,1.191865697214093e-06
binary,SW,252,0.63,H2O,0.3456649330277555,1.8401435417352154,-2.728462244693299e-06
binary,SW,252,0.63,Heavy_squalane,0.6674400216063101,0.45418827171808573,1.195477507411331e-06
binary,SW,253,0.6325,H2O,0.3485790919767376,1.8556570354604487,-2.726999227044112e-06
binary,SW,253,0.6325,Heavy_squalane,0.6683545723813035,0.4548106171310758,1.199045312057627e-06
binary,SW,254,0.635,H2O,0.3514967877263703,1.8711893573057883,-2.725437434982284e-06
binary,SW,254,0.635,Heavy_squalane,0.6692650940352783,0.4554302207553617,1.202569791782041e-06
binary,SW,255,0.6375,H2O,0.3544179908332092,1.8867403505293758,-2.723791434669376e-06
binary,SW,255,0.6375,Heavy_squalane,0.6701716201131173,0.4560471054180017,1.206052156062941e-06
binary,SW,256,0.64,H2O,0.3573426722893101,1.9023098607077331,-2.722060281463062e-06
binary,SW,256,0.64,Heavy_squalane,0.6710741836595238,0.45666129360568564,1.209492973791082e-06
binary,SW,257,0.6425,H2O,0.3602708035097081,1.9178977356691078,-2.720246731544781e-06
binary,SW,257,0.6425,Heavy_squalane,0.6719728172401225,0.4572728074790936,1.212893171963754e-06
binary,SW,258,0.645,H2O,0.363202356313608,1.9335038253933408,-2.718347204384567e-06
binary,SW,258,0.645,Heavy_squalane,0.67286755295933,0.45788166888505677,1.21625352564739e-06
binary,SW,259,0.6475,H2O,0.3661373029097838,1.9491279819341405,-2.716373496985994e-06
binary,SW,259,0.6475,Heavy_squalane,0.6737584224782394,0.45848789936872775,1.219574837030844e-06
binary,SW,260,0.65,H2O,0.3690756158791326,1.9647700593262083,-2.714331642386894e-06
binary,SW,260,0.65,Heavy_squalane,0.6746454570303809,0.45909152018430577,1.222857354975488e-06
binary,SW,261,0.6525,H2O,0.3720172681684842,1.980429913552284,-2.712227228485561e-06
binary,SW,261,0.6525,Heavy_squalane,0.6755286874396622,0.45969255230724454,1.226102322957146e-06
binary,SW,262,0.655,H2O,0.3749622330690277,1.9961074024283019,-2.71003802221309e-06
binary,SW,262,0.655,Heavy_squalane,0.6764081441324746,0.4602910164424908,1.229310213767101e-06
binary,SW,263,0.6575,H2O,0.3779104842076544,2.0118023855573015,-2.70778930296556e-06
binary,SW,263,0.6575,Heavy_squalane,0.6772838571525496,0.46088693303459394,1.232481437716865e-06
binary,SW,264,0.66,H2O,0.3808619955369448,2.0275147242761262,-2.705474141057061e-06
binary,SW,264,0.66,Heavy_squalane,0.6781558561743032,0.46148032227678676,1.235616622097268e-06
binary,SW,265,0.6625,H2O,0.3838167413236535,2.0432442815941223,-2.703087398127962e-06
binary,SW,265,0.6625,Heavy_squalane,0.6790241705147005,0.4620712041190592,1.238716428347695e-06
binary,SW,266,0.665,H2O,0.3867746961392243,2.058990922142645,-2.700646848663755e-06
binary,SW,266,0.665,Heavy_squalane,0.6798888291447184,0.46265959827595854,1.241781653746252e-06
binary,SW,267,0.6675,H2O,0.3897358348467712,2.0747545121057525,-2.698140598221582e-06
binary,SW,267,0.6675,Heavy_squalane,0.6807498606988457,0.4632455242330545,1.244812486638844e-06
binary,SW,268,0.67,H2O,0.3927001325971281,2.0905349191991776,-2.695578192817948e-06
binary,SW,268,0.67,Heavy_squalane,0.681607293486345,0.4638290012546024,1.247809445071144e-06
binary,SW,269,0.6725,H2O,0.3956675648193771,2.106332012619904,-2.692958451158992e-06
binary,SW,269,0.6725,Heavy_squalane,0.682461155500061,0.4644100483895376,1.250773114479334e-06
binary,SW,270,0.675,H2O,0.3986381072130126,2.1221456630044515,-2.690280342070593e-06
binary,SW,270,0.675,Heavy_squalane,0.6833114744249138,0.46498868447725467,1.253704075917706e-06
binary,SW,271,0.6775,H2O,0.4016117357379686,2.137975742375789,-2.687544757118292e-06
binary,SW,271,0.6775,Heavy_squalane,0.6841582776450447,0.46556492815247047,1.256602339056646e-06
binary,SW,272,0.68,H2O,0.4045884266153245,2.1538221241470885,-2.684749074877385e-06
binary,SW,272,0.68,Heavy_squalane,0.6850015922533045,0.4661387978516808,1.259468743633307e-06
binary,SW,273,0.6825,H2O,0.4075681563146455,2.169684683054335,-2.681912726875775e-06
binary,SW,273,0.6825,Heavy_squalane,0.6858414450562845,0.4667103118165837,1.262303690288814e-06
binary,SW,274,0.685,H2O,0.4105509015499812,2.1855632951350223,-2.679022610863203e-06
binary,SW,274,0.685,Heavy_squalane,0.6866778625812009,0.46727948809876435,1.265107444732169e-06
binary,SW,275,0.6875,H2O,0.4135366392770958,2.2014578377134097,-2.676084250894429e-06
binary,SW,275,0.6875,Heavy_squalane,0.6875108710825463,0.46784634456422175,1.267880625717064e-06
binary,SW,276,0.69,H2O,0.4165253466843717,2.217368189352097,-2.673092717625485e-06
binary,SW,276,0.69,Heavy_squalane,0.688340496546445,0.4684108988963318,1.270623386307598e-06
binary,SW,277,0.6925,H2O,0.4195170011941009,2.2332942298589,-2.670059759303383e-06
binary,SW,277,0.6925,Heavy_squalane,0.6891667646974132,0.4689731686004481,1.273336520004383e-06
binary,SW,278,0.695,H2O,0.4225115804516296,2.2492358402290593,-2.666986695598102e-06
binary,SW,278,0.695,Heavy_squalane,0.6899897010012986,0.4695331710059021,1.276020209184881e-06
binary,SW,279,0.6975,H2O,0.4255090623247652,2.2651929026420867,-2.663862139092222e-06
binary,SW,279,0.6975,Heavy_squalane,0.6908093306706511,0.47009092326965773,1.278674642270545e-06
binary,SW,280,0.7,H2O,0.4285094249021553,2.281165300453134,-2.660691392205468e-06
binary,SW,280,0.7,Heavy_squalane,0.6916256786694147,0.4706464423795047,1.281300403035463e-06
binary,SW,281,0.7025,H2O,0.4315126464867186,2.2971529181580235,-2.657477570153629e-06
binary,SW,281,0.7025,Heavy_squalane,0.6924387697159311,0.4711997451561017,1.283897860994199e-06
binary,SW,282,0.705,H2O,0.4345187055935592,2.313155641382143,-2.654230830974806e-06
binary,SW,282,0.705,Heavy_squalane,0.6932486282868441,0.47175084825563385,1.28646739404736e-06
binary,SW,283,0.7075,H2O,0.4375275809465748,2.329173356862392,-2.650948040323502e-06
binary,SW,283,0.7075,Heavy_squalane,0.6940552786203747,0.4722997681720413,1.289009294724164e-06
binary,SW,284,0.71,H2O,0.4405392514756338,2.3452059524321522,-2.647622925545097e-06
binary,SW,284,0.71,Heavy_squalane,0.6948587447194874,0.4728465212391735,1.291523778719579e-06
binary,SW,285,0.7125,H2O,0.443553696316177,2.361253317019168,-2.64425445807437e-06
binary,SW,285,0.7125,Heavy_squalane,0.6956590503554704,0.47339112363322616,1.294011379869205e-06
binary,SW,286,0.715,H2O,0.4465708948034791,2.377315340614996,-2.640848670064583e-06
binary,SW,286,0.715,Heavy_squalane,0.6964562190698952,0.47393359137407415,1.2964723607845e-06
binary,SW,287,0.7175,H2O,0.4495908264711796,2.393391914267188,-2.637407777486017e-06
binary,SW,287,0.7175,Heavy_squalane,0.6972502741775171,0.4744739403272456,1.298906881102405e-06
binary,SW,288,0.72,H2O,0.4526134710520924,2.409482930083597,-2.63393793809575e-06
binary,SW,288,0.72,Heavy_squalane,0.6980412387696157,0.47501218620619495,1.301315528223402e-06
binary,SW,289,0.7225,H2O,0.4556388084715808,2.4255882811971112,-2.630422356760423e-06
binary,SW,289,0.7225,Heavy_squalane,0.6988291357152303,0.4755483445731437,1.303698525170798e-06
binary,SW,290,0.725,H2O,0.4586668188470167,2.441707861762775,-2.626879445303946e-06
binary,SW,290,0.725,Heavy_squalane,0.6996139876638683,0.47608243084092333,1.306055990557939e-06
binary,SW,291,0.7275,H2O,0.4616974824894651,2.4578415669667546,-2.623310694397578e-06
binary,SW,291,0.7275,Heavy_squalane,0.7003958170486633,0.47661446027512455,1.308388580913466e-06
binary,SW,292,0.73,H2O,0.4647307798957647,2.4739892929841814,-2.61970471828409e-06
binary,SW,292,0.73,Heavy_squalane,0.7011746460869553,0.47714444799449207,1.310696427014258e-06
binary,SW,293,0.7325,H2O,0.4677666917525813,2.4901509370007293,-2.616062639092662e-06
binary,SW,293,0.7325,Heavy_squalane,0.7019504967838647,0.47767240897335644,1.312980164159434e-06
binary,SW,294,0.735,H2O,0.4708051989268108,2.5063263971615246,-2.612402618825105e-06
binary,SW,294,0.735,Heavy_squalane,0.7027233909322917,0.4781983580416342,1.315239564490492e-06
binary,SW,295,0.7375,H2O,0.4738462824719094,2.522515572604847,-2.608715811780211e-06
binary,SW,295,0.7375,Heavy_squalane,0.7034933501169218,0.4787223098875528,1.317474939801874e-06
binary,SW,296,0.74,H2O,0.4768899236264516,2.5387183634544486,-2.604995287027034e-06
binary,SW,296,0.74,Heavy_squalane,0.7042603957161773,0.47924427905897937,1.319687165414735e-06
binary,SW,297,0.7425,H2O,0.4799361038027993,2.5549346707592395,-2.601251437658202e-06
binary,SW,297,0.7425,Heavy_squalane,0.705024548901635,0.4797642799630241,1.321876028429454e-06
binary,SW,298,0.745,H2O,0.4829848045957782,2.571164396539473,-2.597476559969763e-06
binary,SW,298,0.745,Heavy_squalane,0.705785830642439,0.480282326869043,1.324041976025895e-06
binary,SW,299,0.7475,H2O,0.4860360077774207,2.5874074437587593,-2.593675675677374e-06
binary,SW,299,0.7475,Heavy_squalane,0.7065442617061828,0.48079843390923827,1.326185498674018e-06
binary,SW,300,0.75,H2O,0.4890896952897346,2.6036637162855727,-2.58985082552583e-06
binary,SW,300,0.75,Heavy_squalane,0.7072998626592728,0.4813126150789058,1.328306163926188e-06
binary,SW,301,0.7525,H2O,0.4921458492576275,2.6199331189620514,-2.58600137485424e-06
binary,SW,301,0.7525,Heavy_squalane,0.7080526538722683,0.48182488424006903,1.330405055092438e-06
binary,SW,302,0.755,H2O,0.4952044519715953,2.636215557511841,-2.582124317759427e-06
binary,SW,302,0.755,Heavy_squalane,0.7088026555177256,0.48233525512001135,1.332482126616178e-06
binary,SW,303,0.7575,H2O,0.4982654858946695,2.6525109385770795,-2.578227549963727e-06
binary,SW,303,0.7575,Heavy_squalane,0.7095498875740047,0.48284374131386737,1.334537611040003e-06
binary,SW,304,0.76,H2O,0.5013289336592374,2.6688191697014676,-2.574312010116489e-06
binary,SW,304,0.76,Heavy_squalane,0.7102943698265771,0.4833503562855121,1.336571743701855e-06
binary,SW,305,0.7625,H2O,0.5043947780658848,2.68514015932411,-2.570371466432291e-06
binary,SW,305,0.7625,Heavy_squalane,0.7110361218698185,0.48385511336878134,1.338584825441442e-06
binary,SW,306,0.765,H2O,0.507463002084295,2.7014738167842984,-2.566418594653226e-06
binary,SW,306,0.765,Heavy_squalane,0.7117751631092822,0.4843580257690186,1.340577606695931e-06
binary,SW,307,0.7675,H2O,0.5105335888418042,2.71782005226059,-2.562435623902935e-06
binary,SW,307,0.7675,Heavy_squalane,0.7125115127610033,0.4848591065626014,1.34254966181718e-06
binary,SW,308,0.77,H2O,0.5136065216345217,2.7341787768300025,-2.558440049020523e-06
binary,SW,308,0.77,Heavy_squalane,0.7132451898562214,0.4853583687001554,1.344501440931499e-06
binary,SW,309,0.7725,H2O,0.5166817839199328,2.7505499024286375,-2.554423861172091e-06
binary,SW,309,0.7725,Heavy_squalane,0.7139762132416557,0.48585582500674135,1.346433318539749e-06
binary,SW,310,0.775,H2O,0.5197593593156518,2.766933341845041,-2.550389905244948e-06
binary,SW,310,0.775,Heavy_squalane,0.7147046015812499,0.4863514881830425,1.348345624492798e-06
binary,SW,311,0.7775,H2O,0.5228392315960736,2.7833290087023803,-2.546343639721779e-06
binary,SW,311,0.7775,Heavy_squalane,0.715430373357419,0.48684537080621315,1.350238344511715e-06
binary,SW,312,0.78,H2O,0.5259213846952097,2.799736817473538,-2.542272483760313e-06
binary,SW,312,0.78,Heavy_squalane,0.7161535468737602,0.48733748533172333,1.35211181441581e-06
binary,SW,313,0.7825,H2O,0.5290058027012003,2.8161566834519007,-2.538193032062586e-06
binary,SW,313,0.7825,Heavy_squalane,0.7168741402557955,0.48782784409386415,1.353966079686125e-06
binary,SW,314,0.785,H2O,0.5320924698612228,2.832588522777487,-2.534093258577642e-06
binary,SW,314,0.785,Heavy_squalane,0.7175921714541507,0.488316459307911,1.355801913500348e-06
binary,SW,315,0.7875,H2O,0.5351813705696287,2.849032252373795,-2.529983314066118e-06
binary,SW,315,0.7875,Heavy_squalane,0.718307658243823,0.48880334306962536,1.357619163625428e-06
binary,SW,316,0.79,H2O,0.538272489377035,2.8654877899962017,-2.525853520603674e-06
binary,SW,316,0.79,Heavy_squalane,0.7190206182283152,0.48928850735806784,1.359418428643232e-06
binary,SW,317,0.7925,H2O,0.5413658109783367,2.881955054168146,-2.521715893433911e-06
binary,SW,317,0.7925,Heavy_squalane,0.7197310688388975,0.48977196403509604,1.361199398270315e-06
binary,SW,318,0.795,H2O,0.5444613202218032,2.8984339642295525,-2.517562477434928e-06
binary,SW,318,0.795,Heavy_squalane,0.7204390273387178,0.49025372484816154,1.362962524370638e-06
binary,SW,319,0.7975,H2O,0.5475590021012428,2.914924440295122,-2.513404161384248e-06
binary,SW,319,0.7975,Heavy_squalane,0.7211445108230229,0.49073380143046036,1.364708012364381e-06
binary,SW,320,0.8,H2O,0.5506588417587487,2.9314264032689485,-2.509233040100809e-06
binary,SW,320,0.8,Heavy_squalane,0.721847536221792,0.49121220530272497,1.366436478814288e-06
binary,SW,321,0.8025,H2O,0.5537608244746539,2.947939774791043,-2.505044876262626e-06
binary,SW,321,0.8025,Heavy_squalane,0.7225481202994642,0.49168894787303924,1.368147630057892e-06
binary,SW,322,0.805,H2O,0.5568649356766432,2.964464477285843,-2.500841513438705e-06
binary,SW,322,0.805,Heavy_squalane,0.723246279659003,0.4921640404396036,1.36984189076119e-06
binary,SW,323,0.8075,H2O,0.5599711609317823,2.981000433919778,-2.496634354634273e-06
binary,SW,323,0.8075,Heavy_squalane,0.723942030742092,0.49263749419086894,1.371519401069246e-06
binary,SW,324,0.81,H2O,0.5630794859470892,2.997547568604313,-2.492417265484185e-06
binary,SW,324,0.81,Heavy_squalane,0.7246353898312492,0.4931093202069752,1.373180333613585e-06
binary,SW,325,0.8125,H2O,0.5661898965679435,3.0141058059874783,-2.48819244826538e-06
binary,SW,325,0.8125,Heavy_squalane,0.7253263730514524,0.49357952946085687,1.374824864576578e-06
binary,SW,326,0.815,H2O,0.5693023787786679,3.030675071456968,-2.483960560765519e-06
binary,SW,326,0.815,Heavy_squalane,0.7260149963722312,0.4940481328196674,1.376453486241379e-06
binary,SW,327,0.8175,H2O,0.572416918696598,3.047255291108568,-2.479723152905704e-06
binary,SW,327,0.8175,Heavy_squalane,0.7267012756083162,0.4945151410452205,1.378066321603228e-06
binary,SW,328,0.82,H2O,0.575533502572638,3.063846391749114,-2.475473026746316e-06
binary,SW,328,0.82,Heavy_squalane,0.7273852264217144,0.4949805647954024,1.379663434048493e-06
binary,SW,329,0.8225,H2O,0.5786521167918284,3.0804483008995165,-2.471218374724752e-06
binary,SW,329,0.8225,Heavy_squalane,0.7280668643237724,0.4954444146255762,1.381245120941584e-06
binary,SW,330,0.825,H2O,0.5817727478695541,3.097060946774573,-2.466950263315765e-06
binary,SW,330,0.825,Heavy_squalane,0.7287462046762776,0.49590670098933076,1.382811558691521e-06
binary,SW,331,0.8275,H2O,0.5848953824499455,3.1136842582744553,-2.462684628243155e-06
binary,SW,331,0.8275,Heavy_squalane,0.7294232626930235,0.49636743423954643,1.384362777216063e-06
binary,SW,332,0.83,H2O,0.5880200073064454,3.1303181649877287,-2.458410823599117e-06
binary,SW,332,0.83,Heavy_squalane,0.7300980534418443,0.4968266246297791,1.385898952697582e-06
binary,SW,333,0.8325,H2O,0.5911466093424229,3.14696259719462,-2.454124021916416e-06
binary,SW,333,0.8325,Heavy_squalane,0.7307705918466325,0.49728428231563326,1.387420704191967e-06
binary,SW,334,0.835,H2O,0.5942751755807748,3.1636174858116606,-2.449829919638301e-06
binary,SW,334,0.835,Heavy_squalane,0.7314408926869821,0.4977404173545194,1.388927761834971e-06
binary,SW,335,0.8375,H2O,0.5974056931711522,3.180282762430157,-2.445531589486759e-06
binary,SW,335,0.8375,Heavy_squalane,0.7321089706016064,0.4981950397079797,1.390420240084695e-06
binary,SW,336,0.84,H2O,0.600538149388384,3.1969583593077973,-2.441229554108384e-06
binary,SW,336,0.84,Heavy_squalane,0.7327748400898535,0.4986481592427191,1.391898597226839e-06
binary,SW,337,0.8425,H2O,0.6036725316264988,3.213644209336829,-2.436932390545004e-06
binary,SW,337,0.8425,Heavy_squalane,0.7334385155122654,0.4990997857309863,1.393362966229229e-06
binary,SW,338,0.845,H2O,0.6068088274016116,3.2303402460594253,-2.432629867725995e-06
binary,SW,338,0.845,Heavy_squalane,0.7341000110930137,0.4995499288522306,1.394813766393817e-06
binary,SW,339,0.8475,H2O,0.6099470243437048,3.2470464036239317,-2.428329252311426e-06
binary,SW,339,0.8475,Heavy_squalane,0.7347593409199732,0.4999985981931524,1.396250715466171e-06
binary,SW,340,0.85,H2O,0.6130871102062715,3.263762616836199,-2.424016825237972e-06
binary,SW,340,0.85,Heavy_squalane,0.7354165189485393,0.5004458032503007,1.397674403264371e-06
binary,SW,341,0.8525,H2O,0.6162290728536318,3.2804888210920673,-2.419704393782072e-06
binary,SW,341,0.8525,Heavy_squalane,0.7360715590007458,0.5008915534294731,1.399084663805284e-06
binary,SW,342,0.855,H2O,0.6193729002661723,3.2972249524052546,-2.415393263746547e-06
binary,SW,342,0.855,Heavy_squalane,0.7367244747681186,0.5013358580476571,1.400481513558787e-06
binary,SW,343,0.8575,H2O,0.6225185805433973,3.3139709474235994,-2.411080061155263e-06
binary,SW,343,0.8575,Heavy_squalane,0.737375279814047,0.5017787263346445,1.401865759171177e-06
binary,SW,344,0.86,H2O,0.6256661018867173,3.3307267433374395,-2.406765083910853e-06
binary,SW,344,0.86,Heavy_squalane,0.7380239875719452,0.5022201674317798,1.40323675219765e-06
binary,SW,345,0.8625,H2O,0.6288154526206254,3.347492277992338,-2.402448376790614e-06
binary,SW,345,0.8625,Heavy_squalane,0.7386706113513255,0.5026601903960931,1.404595542404085e-06
binary,SW,346,0.865,H2O,0.6319666211686725,3.3642674897611937,-2.398125715860898e-06
binary,SW,346,0.865,Heavy_squalane,0.7393151643345518,0.5030988041980909,1.405941696662897e-06
binary,SW,347,0.8675,H2O,0.6351195960679813,3.3810523176215033,-2.39380405281124e-06
binary,SW,347,0.8675,Heavy_squalane,0.7399576595814843,0.5035360177249171,1.407275483931735e-06
binary,SW,348,0.87,H2O,0.6382743659610829,3.3978467011119036,-2.389481317907776e-06
binary,SW,348,0.87,Heavy_squalane,0.7405981100294711,0.5039718397803463,1.408596927404418e-06
binary,SW,349,0.8725,H2O,0.6414309195991761,3.414650580349522,-2.385159824092522e-06
binary,SW,349,0.8725,Heavy_squalane,0.7412365284956434,0.5044062790863469,1.409906415709638e-06
binary,SW,350,0.875,H2O,0.644589245833984,3.431463895986628,-2.380841903064476e-06
binary,SW,350,0.875,Heavy_squalane,0.7418729276768891,0.5048393442830625,1.411203748791257e-06
binary,SW,351,0.8775,H2O,0.6477493336279613,3.448286589264967,-2.376516254432922e-06
binary,SW,351,0.8775,Heavy_squalane,0.7425073201535083,0.5052710439312994,1.412489696880517e-06
binary,SW,352,0.88,H2O,0.650911172036993,3.465118601923662,-2.372197263402419e-06
binary,SW,352,0.88,Heavy_squalane,0.7431397183873246,0.5057013865112414,1.41376380826456e-06
binary,SW,353,0.8825,H2O,0.6540747502229913,3.4819598762662687,-2.367878969099464e-06
binary,SW,353,0.8825,Heavy_squalane,0.743770134725775,0.5061303804252332,1.415026275671182e-06
binary,SW,354,0.885,H2O,0.657240057450432,3.4988103551423397,-2.363559576525318e-06
binary,SW,354,0.885,Heavy_squalane,0.7443985814027645,0.5065580339983615,1.416277625683196e-06
binary,SW,355,0.8875,H2O,0.6604070830759695,3.5156699818921404,-2.359238313846666e-06
binary,SW,355,0.8875,Heavy_squalane,0.7450250705381348,0.5069843554780942,1.417517470125209e-06
binary,SW,356,0.89,H2O,0.6635758165612239,3.5325387004147184,-2.354923635040238e-06
binary,SW,356,0.89,Heavy_squalane,0.7456496141417094,0.507409353037032,1.418746383705319e-06
binary,SW,357,0.8925,H2O,0.6667462474600984,3.54941645510039,-2.350608378024952e-06
binary,SW,357,0.8925,Heavy_squalane,0.7462722241122872,0.5078330347722247,1.41996434096321e-06
binary,SW,358,0.895,H2O,0.6699183654247157,3.5663031908623433,-2.346304344258492e-06
binary,SW,358,0.895,Heavy_squalane,0.7468929122402866,0.5082554087069695,1.42117167144755e-06
binary,SW,359,0.8975,H2O,0.6730921601973937,3.5831988530939167,-2.342000063692697e-06
binary,SW,359,0.8975,Heavy_squalane,0.7475116902076395,0.5086764827907394,1.422368129772261e-06
binary,SW,360,0.9,H2O,0.67626762161901,3.600103387713132,-2.337694083157473e-06
binary,SW,360,0.9,Heavy_squalane,0.7481285695908658,0.5090962649012754,1.42355415299352e-06
binary,SW,361,0.9025,H2O,0.6794447396186827,3.6170167411077587,-2.333391803063707e-06
binary,SW,361,0.9025,Heavy_squalane,0.748743561860494,0.5095147628441918,1.424729629221925e-06
binary,SW,362,0.905,H2O,0.6826235042175313,3.633938860155334,-2.329095472398878e-06
binary,SW,362,0.905,Heavy_squalane,0.7493566783832019,0.5099319843544338,1.425894549693687e-06
binary,SW,363,0.9075,H2O,0.6858039055324903,3.650869692243465,-2.324801803412078e-06
binary,SW,363,0.9075,Heavy_squalane,0.7499679304239459,0.5103479370977253,1.427049626919923e-06
binary,SW,364,0.91,H2O,0.6889859337613121,3.6678091851899928,-2.320508838251632e-06
binary,SW,364,0.91,Heavy_squalane,0.7505773291444511,0.5107626286695423,1.428194481186831e-06
binary,SW,365,0.9125,H2O,0.6921695791958856,3.684757287313892,-2.316223692000231e-06
binary,SW,365,0.9125,Heavy_squalane,0.7511848856071308,0.5111760665977797,1.429329503087399e-06
binary,SW,366,0.915,H2O,0.6953548322119679,3.70171394738061,-2.311937341785981e-06
binary,SW,366,0.915,Heavy_squalane,0.7517906107744703,0.5115882583423322,1.430454656282125e-06
binary,SW,367,0.9175,H2O,0.698541683273145,3.7186791146231495,-2.307659207583784e-06
binary,SW,367,0.9175,Heavy_squalane,0.7523945155111122,0.5119992112965133,1.431570119295426e-06
binary,SW,368,0.92,H2O,0.7017301229253244,3.735652738712751,-2.303389664751148e-06
binary,SW,368,0.92,Heavy_squalane,0.7529966105841296,0.5124089327872408,1.432675697284106e-06
binary,SW,369,0.9225,H2O,0.7049201418031659,3.752634769793127,-2.299123891260245e-06
binary,SW,369,0.9225,Heavy_squalane,0.7535969066655389,0.5128174300767474,1.433771787262896e-06
binary,SW,370,0.925,H2O,0.70811173062224,3.7696251584387173,-2.294855197239948e-06
binary,SW,370,0.925,Heavy_squalane,0.7541954143321054,0.513224710362448,1.434858481931525e-06
binary,SW,371,0.9275,H2O,0.7113048801831601,3.7866238556766865,-2.290594357639277e-06
binary,SW,371,0.9275,Heavy_squalane,0.754792144067385,0.5136307807783292,1.435936225372312e-06
binary,SW,372,0.93,H2O,0.7144995813613635,3.803630812932524,-2.286337527725814e-06
binary,SW,372,0.93,Heavy_squalane,0.7553871062610683,0.5140356483945029,1.437004635000558e-06
binary,SW,373,0.9325,H2O,0.7176958251185267,3.820645982090811,-2.282089418390925e-06
binary,SW,373,0.9325,Heavy_squalane,0.7559803112123445,0.5144393202194952,1.438064065825247e-06
binary,SW,374,0.935,H2O,0.720893602494803,3.837669315453902,-2.2778447950389e-06
binary,SW,374,0.935,Heavy_squalane,0.7565717691296757,0.5148418032000934,1.439114744496085e-06
binary,SW,375,0.9375,H2O,0.7240929046058882,3.8547007657262973,-2.273603874892818e-06
binary,SW,375,0.9375,Heavy_squalane,0.7571614901314575,0.515243104221795,1.440156518175619e-06
binary,SW,376,0.94,H2O,0.7272937226473694,3.871740286037802,-2.269369732734705e-06
binary,SW,376,0.94,Heavy_squalane,0.7577494842480085,0.5156432301101617,1.441189507819243e-06
binary,SW,377,0.9425,H2O,0.7304960478894362,3.8887878299153633,-2.265143165255728e-06
binary,SW,377,0.9425,Heavy_squalane,0.7583357614217673,0.5160421876309534,1.442213561420555e-06
binary,SW,378,0.945,H2O,0.7336998716837702,3.905843351319751,-2.260919059883957e-06
binary,SW,378,0.945,Heavy_squalane,0.7589203315097031,0.516439983491769,1.443229222258895e-06
binary,SW,379,0.9475,H2O,0.7369051854510184,3.9229068045788735,-2.256706029235498e-06
binary,SW,379,0.9475,Heavy_squalane,0.7595032042821637,0.5168366243412618,1.444236273808245e-06
binary,SW,380,0.95,H2O,0.7401119806902172,3.939978144437942,-2.252500235330498e-06
binary,SW,380,0.95,Heavy_squalane,0.7600843894257081,0.5172321167710675,1.445235013961867e-06
binary,SW,381,0.9525,H2O,0.7433202489711729,3.957057326018911,-2.248295713536386e-06
binary,SW,381,0.9525,Heavy_squalane,0.7606638965428281,0.5176264673156147,1.446225417486092e-06
binary,SW,382,0.955,H2O,0.7465299819391091,3.974144304845219,-2.244102874541201e-06
binary,SW,382,0.955,Heavy_squalane,0.7612417351538726,0.5180196824534344,1.447207808716648e-06
binary,SW,383,0.9575,H2O,0.7497411713070976,3.9912390368014927,-2.239916381105527e-06
binary,SW,383,0.9575,Heavy_squalane,0.7618179146967545,0.5184117686069603,1.448182034967183e-06
binary,SW,384,0.96,H2O,0.7529538088607847,4.008341478158709,-2.235733723991586e-06
binary,SW,384,0.96,Heavy_squalane,0.7623924445288567,0.5188027321438261,1.449148139905541e-06
binary,SW,385,0.9625,H2O,0.7561678864582556,4.025451585573473,-2.231561783036361e-06
binary,SW,385,0.9625,Heavy_squalane,0.7629653339280448,0.5191925793775545,1.450106443863302e-06
binary,SW,386,0.965,H2O,0.7593833960225302,4.042569316048067,-2.227398948358535e-06
binary,SW,386,0.965,Heavy_squalane,0.7635365920923538,0.5195813165673441,1.4510567296345e-06
binary,SW,387,0.9675,H2O,0.7626003295513722,4.059694626982673,-2.223237318227696e-06
binary,SW,387,0.9675,Heavy_squalane,0.7641062281427424,0.5199689499199436,1.451999515264809e-06
binary,SW,388,0.97,H2O,0.76581867910487,4.076827476109257,-2.219081787649028e-06
binary,SW,388,0.97,Heavy_squalane,0.764674251121889,0.5203554855888324,1.452934652223122e-06
binary,SW,389,0.9725,H2O,0.7690384368103754,4.093967821517862,-2.214940400063224e-06
binary,SW,389,0.9725,Heavy_squalane,0.7652406699960509,0.5207409296754859,1.453862013358956e-06
binary,SW,390,0.975,H2O,0.7722595948650162,4.111115621669981,-2.210802303100528e-06
binary,SW,390,0.975,Heavy_squalane,0.7658054936564752,0.5211252882303359,1.454781874731649e-06
binary,SW,391,0.9775,H2O,0.7754821455307662,4.128270835372316,-2.206667138363713e-06
binary,SW,391,0.9775,Heavy_squalane,0.7663687309194913,0.5215085672528327,1.455694418114263e-06
binary,SW,392,0.98,H2O,0.778706081134533,4.145433421777241,-2.202544493915905e-06
binary,SW,392,0.98,Heavy_squalane,0.7669303905274695,0.5218907726920983,1.456599823995514e-06
binary,SW,393,0.9825,H2O,0.7819313940657576,4.16260334037003,-2.198427380850867e-06
binary,SW,393,0.9825,Heavy_squalane,0.7674904811493377,0.5222719104472775,1.457498072354676e-06
binary,SW,394,0.985,H2O,0.7851580767765411,4.179780550969522,-2.194319094250772e-06
binary,SW,394,0.985,Heavy_squalane,0.768049011381528,0.5226519863681824,1.458389045107255e-06
binary,SW,395,0.9875,H2O,0.7883861217843139,4.1969650137423375,-2.190218076235211e-06
binary,SW,395,0.9875,Heavy_squalane,0.7686059897493495,0.5230310062562262,1.459272915791373e-06
binary,SW,396,0.99,H2O,0.7916155216670068,4.214156689177175,-2.186126498701295e-06
binary,SW,396,0.99,Heavy_squalane,0.7691614247070504,0.5234089758644659,1.460149668466001e-06
binary,SW,397,0.9925,H2O,0.7948462690657752,4.231355538099302,-2.182041992074229e-06
binary,SW,397,0.9925,Heavy_squalane,0.7697153246391776,0.5237859008985268,1.461019493290241e-06
binary,SW,398,0.995,H2O,0.7980783566827298,4.248561521658484,-2.177965053541981e-06
binary,SW,398,0.995,Heavy_squalane,0.7702676978610601,0.5241617870169325,1.461882599990618e-06
binary,SW,399,0.9975,H2O,0.8013117772786695,4.265774601316912,-2.173893029775634e-06
binary,SW,399,0.9975,Heavy_squalane,0.7708185526192892,0.5245366398314305,1.462739026719832e-06
binary,SW,400,1.0,H2O,0.8045465236733685,4.282994738850733,-2.169832987231291e-06
binary,SW,400,1.0,Heavy_squalane,0.7713678970926243,0.5249104649076096,1.463588756932455e-06
binary,CPA,0,0.0,H2O,0.0,0.0,0.0
binary,CPA,0,0.0,Heavy_squalane,0.0,0.0,0.0
binary,CPA,1,0.0025,H2O,0.001111714921981735,0.005178187667119831,4.516587104319569e-11
binary,CPA,1,0.0025,Heavy_squalane,0.003622107350444504,0.002156616686450473,-6.438442630052485e-14
binary,CPA,2,0.005,H2O,0.002223431938411969,0.010356385089840825,4.372044393186059e-11
binary,CPA,2,0.005,Heavy_squalane,0.007244213614235429,0.004313232725903214,1.586474570033467e-15
binary,CPA,3,0.0075,H2O,0.003335150785800118,0.015534591040866609,-5.303718020321924e-10
binary,CPA,3,0.0075,Heavy_squalane,0.01086631925479395,0.006469848394280978,-2.564800554887438e-14
binary,CPA,4,0.01,H2O,0.00444687137204908,0.02071280509122383,-5.415602133407305e-10
binary,CPA,4,0.01,Heavy_squalane,0.01448842438696987,0.00862646375996578,-7.786946014580932e-14
binary,CPA,5,0.0125,H2O,0.005558593680391414,0.025891027162812472,-5.409214187679368e-10
binary,CPA,5,0.0125,Heavy_squalane,0.01811052904954191,0.010783078846046621,-8.606624542431556e-14
binary,CPA,6,0.015,H2O,0.006670317718683588,0.03106925729222668,-3.847884985641592e-08
binary,CPA,6,0.015,Heavy_squalane,0.02173263325606309,0.01293969366059302,-5.658425966452698e-14
binary,CPA,7,0.0175,H2O,0.007782043502965671,0.0362474955541785,-5.236786429496654e-08
binary,CPA,7,0.0175,Heavy_squalane,0.02535473701136389,0.015096308206481068,5.909617773374664e-14
binary,CPA,8,0.02,H2O,0.008893771051274795,0.04142574203268197,-5.820710163861875e-08
binary,CPA,8,0.02,Heavy_squalane,0.02897684031708761,0.017252922484689185,-7.152356186567546e-14
binary,CPA,9,0.0225,H2O,0.01000550038185524,0.04660399681271597,-6.093428991937877e-08
binary,CPA,9,0.0225,Heavy_squalane,0.03259894317568776,0.019409536496678207,-1.082768894047841e-13
binary,CPA,10,0.025,H2O,0.01111723151177019,0.05178225997375805,-6.231497140518627e-08
binary,CPA,10,0.025,Heavy_squalane,0.03622104558949162,0.0215661502438338,-1.106566012598343e-13
binary,CPA,11,0.0275,H2O,0.01222896445687185,0.0569605315896452,-6.306742467154791e-08
binary,CPA,11,0.0275,Heavy_squalane,0.03984314756158604,0.023722763727993885,-1.648611490693111e-13
binary,CPA,12,0.03,H2O,0.01334069923189596,0.06213881172901412,-6.349223802271098e-08
binary,CPA,12,0.03,Heavy_squalane,0.04346524909602675,0.025879376951573274,-2.439204651426455e-13
binary,CPA,13,0.0325,H2O,0.01445243585058329,0.06731710045586707,-6.374560618249703e-08
binary,CPA,13,0.0325,Heavy_squalane,0.04708735019772425,0.028035989917495674,-2.211809963054991e-13
binary,CPA,14,0.035,H2O,0.01556417432565525,0.07249539782945834,-6.391167950425825e-08
binary,CPA,14,0.035,Heavy_squalane,0.05070945087173951,0.030192602628774427,-2.074315500318758e-13
binary,CPA,15,0.0375,H2O,0.01667591466914882,0.0776737039058542,-6.401359115004723e-08
binary,CPA,15,0.0375,Heavy_squalane,0.0543315511237587,0.03234921508879509,-1.877328241206269e-13
binary,CPA,16,0.04,H2O,0.01778765689247229,0.08285201873819262,-6.408357366982642e-08
binary,CPA,16,0.04,Heavy_squalane,0.05795365095969678,0.034505827301079456,-1.898481235473382e-13
binary,CPA,17,0.0425,H2O,0.01889940100655094,0.08803034237736179,-6.412816433432056e-08
binary,CPA,17,0.0425,Heavy_squalane,0.06157575038559934,0.0366624392692271,-2.49869744780271e-13
binary,CPA,18,0.045,H2O,0.02001114702209228,0.09320867487323554,-6.41598814632438e-08
binary,CPA,18,0.045,Heavy_squalane,0.0651978494078327,0.03881905099702853,-2.313608747965472e-13
binary,CPA,19,0.0475,H2O,0.02112289494967516,0.09838701627508847,-6.417926179391742e-08
binary,CPA,19,0.0475,Heavy_squalane,0.06881994803236888,0.04097566248803953,-1.07087033477259e-13
binary,CPA,20,0.05,H2O,0.02223464480006043,0.10356536663304282,-6.420193221501336e-08
binary,CPA,20,0.05,Heavy_squalane,0.07244204626400463,0.043132273745116106,-1.702816038502588e-13
binary,CPA,21,0.0525,H2O,0.02334639658541978,0.1087437260037924,-6.421228099240395e-08
binary,CPA,21,0.0525,Heavy_squalane,0.07606414410690215,0.045288884770736434,-2.396898662892229e-13
binary,CPA,22,0.055,H2O,0.02445815032068363,0.11392209445688063,-6.421933407274594e-08
binary,CPA,22,0.055,Heavy_squalane,0.07968624156220329,0.04744549556558038,-1.364368130228781e-13
binary,CPA,23,0.0575,H2O,0.02556990602638164,0.11910047208793137,-6.422651516180267e-08
binary,CPA,23,0.0575,Heavy_squalane,0.08330833862421436,0.04960210612625791,-1.168702933257987e-13
binary,CPA,24,0.06,H2O,0.0266816637347971,0.12427885904731495,-6.423369919295041e-08
binary,CPA,24,0.06,Heavy_squalane,0.08693043527587586,0.051758716442611714,-1.425182988746731e-13
binary,CPA,25,0.0625,H2O,0.02779342350038839,0.12945725558868965,-6.424241016933507e-08
binary,CPA,25,0.0625,Heavy_squalane,0.0905525314777556,0.053915326491163734,-1.209686859650518e-13
binary,CPA,26,0.065,H2O,0.02890518541848117,0.1346356621560669,-6.424502813073829e-08
binary,CPA,26,0.065,Heavy_squalane,0.09417462714898958,0.05607193622376721,-7.02014997239809e-14
binary,CPA,27,0.0675,H2O,0.03001694965770584,0.13981407953489977,-6.425163712187043e-08
binary,CPA,27,0.0675,Heavy_squalane,0.09779672213459867,0.058228545548146986,-1.727935219194784e-13
binary,CPA,28,0.07,H2O,0.03112871651503539,0.14499250910844025,-6.424827353468388e-08
binary,CPA,28,0.07,Heavy_squalane,0.1014188161515865,0.06038515429580593,-2.025399201076059e-13
binary,CPA,29,0.0725,H2O,0.03224048650546766,0.15017095327546465,-6.425666232434679e-08
binary,CPA,29,0.0725,Heavy_squalane,0.1050409086978345,0.0625417621677807,-5.658425966452698e-14
binary,CPA,30,0.075,H2O,0.03335226050620673,0.15534941612184724,-6.425386256392329e-08
binary,CPA,30,0.075,Heavy_squalane,0.1086629989069695,0.06469836864822939,-5.684867209286589e-15
binary,CPA,31,0.0775,H2O,0.03446403998323568,0.16052790447589924,-6.425678034105431e-08
binary,CPA,31,0.0775,Heavy_squalane,0.1122850853227911,0.06685497287012465,5.552660995117134e-14
binary,CPA,32,0.08,H2O,0.03557582733773772,0.1657064295219423,-6.425580328928149e-08
binary,CPA,32,0.08,Heavy_squalane,0.1159071655506784,0.06901157340769995,4.931291788520692e-14
binary,CPA,33,0.0825,H2O,0.0366876264264201,0.17088500922389288,-6.426366849776599e-08
binary,CPA,33,0.0825,Heavy_squalane,0.119529235736589,0.07116816796624359,9.452744313116072e-14
binary,CPA,34,0.085,H2O,0.03779944332569987,0.1760636718847153,-6.426311000007345e-08
binary,CPA,34,0.085,Heavy_squalane,0.1231512898000103,0.07332475292539493,1.642001179984638e-13
binary,CPA,35,0.0875,H2O,0.0389112874327574,0.1812424612749505,-6.426492865641009e-08
binary,CPA,35,0.0875,Heavy_squalane,0.1267733183300538,0.07548132268187466,2.092824370302482e-13
binary,CPA,36,0.09,H2O,0.04002317302105509,0.18642144387806964,-6.425889537142737e-08
binary,CPA,36,0.09,Heavy_squalane,0.1303953070256495,0.07763786872077051,1.9183121675988e-13
binary,CPA,37,0.0925,H2O,0.04113512139702716,0.19160071893598515,-6.425775539442569e-08
binary,CPA,37,0.0925,Heavy_squalane,0.1340172345327895,0.07979437832782384,1.118464571873594e-13
binary,CPA,38,0.095,H2O,0.04224716383616539,0.19678043212486152,-6.426034176998385e-08
binary,CPA,38,0.095,Heavy_squalane,0.1376390695008267,0.08195083283673846,2.737990695449425e-13
binary,CPA,39,0.0975,H2O,0.04335934550815753,0.20196079383777288,-6.425937087994882e-08
binary,CPA,39,0.0975,Heavy_squalane,0.1412607666442383,0.08410720528433945,3.636992951801723e-13
binary,CPA,40,0.1,H2O,0.04447173063421175,0.2071421032066833,-6.426223192468328e-08
binary,CPA,40,0.1,Heavy_squalane,0.1448822615727874,0.08626345733243136,3.714994618161701e-13
binary,CPA,41,0.1025,H2O,0.04558440914307839,0.21232477910511582,-6.426677406912162e-08
binary,CPA,41,0.1025,Heavy_squalane,0.1485034641164235,0.08841953529341838,3.97015261150875e-13
binary,CPA,42,0.105,H2O,0.04669750511138791,0.21750939946187656,-6.426657472857755e-08
binary,CPA,42,0.105,Heavy_squalane,0.1521242498604616,0.09057536509031722,3.219221315026243e-13
binary,CPA,43,0.1075,H2O,0.04781118727556867,0.22269675022386162,-6.42629747193979e-08
binary,CPA,43,0.1075,Heavy_squalane,0.1557444496052622,0.09273084598100993,3.010335496638503e-13
binary,CPA,44,0.11,H2O,0.04892568187899121,0.22788788519597009,-6.425922888242397e-08
binary,CPA,44,0.11,Heavy_squalane,0.1593638364822343,0.09488584288706241,4.041543967160256e-13
binary,CPA,45,0.1125,H2O,0.05004128806263978,0.23308419772835376,-6.42550599949665e-08
binary,CPA,45,0.1125,Heavy_squalane,0.1629821105194794,0.09704017720404937,3.606585522542747e-13
binary,CPA,46,0.115,H2O,0.05115839590293454,0.23828750473366556,-6.426261484060447e-08
binary,CPA,46,0.115,Heavy_squalane,0.1665988805551438,0.09919361603269444,3.545770664024798e-13
binary,CPA,47,0.1175,H2O,0.0522775070315331,0.24350014273074808,-6.425418347388856e-08
binary,CPA,47,0.1175,Heavy_squalane,0.1702136435584394,0.10134585986652628,3.295900919244527e-13
binary,CPA,48,0.12,H2O,0.05339925753050511,0.24872507448664097,-6.425448928482069e-08
binary,CPA,48,0.12,Heavy_squalane,0.1738257616710844,0.10349652892226373,2.981250129521223e-13
binary,CPA,49,0.1225,H2O,0.05452444245845407,0.2539660032552756,-6.425708326540658e-08
binary,CPA,49,0.1225,Heavy_squalane,0.1774344376124242,0.10564514849593007,2.002924144667252e-13
binary,CPA,50,0.125,H2O,0.05565404092741443,0.2592274895815912,-6.426378301727098e-08
binary,CPA,50,0.125,Heavy_squalane,0.1810386895333067,0.10779113399075327,2.222386460188548e-13
binary,CPA,51,0.1275,H2O,0.05678924014851364,0.26451506330232655,-6.427060816882602e-08
binary,CPA,51,0.1275,Heavy_squalane,0.1846373269022751,0.1099337765597122,2.174792223087544e-13
binary,CPA,52,0.13,H2O,0.05793145632337974,0.2698353208548051,-6.426227461275857e-08
binary,CPA,52,0.13,Heavy_squalane,0.1882289295574828,0.11207223063296605,2.67585377478978e-13
binary,CPA,53,0.1325,H2O,0.05908234976162201,0.27519599569170644,-6.42638873782353e-08
binary,CPA,53,0.1325,Heavy_squalane,0.191811832546989,0.11420550489170775,3.919914250124357e-13
binary,CPA,54,0.135,H2O,0.06024383130098225,0.28060598818508903,-6.426959836547397e-08
binary,CPA,54,0.135,Heavy_squalane,0.1953841196911436,0.11633245843518318,3.767877103829483e-13
binary,CPA,55,0.1375,H2O,0.06141805713819126,0.2860753415493583,-6.426824539218501e-08
binary,CPA,55,0.1375,Heavy_squalane,0.1989436287685997,0.11845180386846296,4.159207497771072e-13
binary,CPA,56,0.14,H2O,0.06260740962276831,0.2916151523819023,-6.426637888523601e-08
binary,CPA,56,0.14,Heavy_squalane,0.2024879707763719,0.12056211876995557,6.960657176021835e-13
binary,CPA,57,0.1425,H2O,0.06381446285049773,0.2972374104030898,-6.427108240059098e-08
binary,CPA,57,0.1425,Heavy_squalane,0.2060145644325637,0.12266186623446411,8.917309145729777e-13
binary,CPA,58,0.145,H2O,0.06504193326081598,0.30295476834691787,-6.427039506151644e-08
binary,CPA,58,0.145,Heavy_squalane,0.209520685720121,0.12474942437172842,1.070738128558421e-12
binary,CPA,59,0.1475,H2O,0.06629261741055696,0.3087802521212172,-6.426459248087824e-08
binary,CPA,59,0.1475,Heavy_squalane,0.2130035302871764,0.12682312345983063,1.373093740363965e-12
binary,CPA,60,0.15,H2O,0.06756932097429319,0.3147269301027649,-6.426245269253172e-08
binary,CPA,60,0.15,Heavy_squalane,0.2164602846451248,0.12888128833680398,1.741552459254238e-12
binary,CPA,61,0.1525,H2O,0.06887478436875234,0.32080756670788896,-6.426411153226397e-08
binary,CPA,61,0.1525,Heavy_squalane,0.2198882007526658,0.1309222828082594,2.102343217722682e-12
binary,CPA,62,0.155,H2O,0.07021161091937521,0.32703428780395377,-6.426495657851916e-08
binary,CPA,62,0.155,Heavy_squalane,0.2232846680500575,0.13294455253685797,2.492351549522576e-12
binary,CPA,63,0.1575,H2O,0.07158220306940753,0.3334182835816638,-6.426250181990056e-08
binary,CPA,63,0.1575,Heavy_squalane,0.2266472774268829,0.13494666312896578,2.732570240668477e-12
binary,CPA,64,0.16,H2O,0.0729887109272434,0.3399695688969404,-6.426922666280532e-08
binary,CPA,64,0.16,Heavy_squalane,0.2299738728187584,0.13692733085553316,2.954280061830654e-12
binary,CPA,65,0.1625,H2O,0.07443299572473909,0.34669681306567857,-6.427201953984607e-08
binary,CPA,65,0.1625,Heavy_squalane,0.2332625878488695,0.13888544446860643,3.158274250294124e-12
binary,CPA,66,0.165,H2O,0.07591660891993562,0.3536072425276204,-6.428323373608436e-08
binary,CPA,66,0.165,Heavy_squalane,0.2365118667823601,0.14082007767765195,3.242092990077559e-12
binary,CPA,67,0.1675,H2O,0.07744078606352664,0.3607066122773579,-6.428330862062737e-08
binary,CPA,67,0.1675,Heavy_squalane,0.2397204706759886,0.14273049281108524,3.148887609088093e-12
binary,CPA,68,0.17,H2O,0.0790064533787816,0.3679992365125474,-6.428936699665044e-08
binary,CPA,68,0.17,Heavy_squalane,0.2428874707794212,0.1446161368873755,3.209438055177703e-12
binary,CPA,69,0.1725,H2O,0.08061424433417413,0.3754880658265226,-6.429650134531784e-08
binary,CPA,69,0.1725,Heavy_squalane,0.2460122319125833,0.14647663171785652,3.122578572468371e-12
binary,CPA,70,0.175,H2O,0.08226452332536881,0.3831747975151449,-6.429216753423006e-08
binary,CPA,70,0.175,Heavy_squalane,0.2490943887192386,0.14831175976801605,3.042197194253342e-12
binary,CPA,71,0.1775,H2O,0.08395741375158018,0.391060006351927,-6.428924803625335e-08
binary,CPA,71,0.1775,Heavy_squalane,0.2521338175099413,0.15012144739268102,2.992487657725627e-12
binary,CPA,72,0.18,H2O,0.08569282815898746,0.39914328499116625,-6.428484516929345e-08
binary,CPA,72,0.18,Heavy_squalane,0.2551306060336937,0.15190574683794583,2.852481276920173e-12
binary,CPA,73,0.1825,H2O,0.08747049857770832,0.4074233852726441,-6.428466281516165e-08
binary,CPA,73,0.1825,Heavy_squalane,0.2580850230570986,0.15366481812848237,2.84600317242587e-12
binary,CPA,74,0.185,H2O,0.08929000572893464,0.4158983542637244,-6.428220233889448e-08
binary,CPA,74,0.185,Heavy_squalane,0.2609974890732162,0.15539891162748048,2.740502613518644e-12
binary,CPA,75,0.1875,H2O,0.0911508062744353,0.42456566118311434,-6.427564730460134e-08
binary,CPA,75,0.1875,Heavy_squalane,0.263868548978353,0.15710835176830268,2.809778669743439e-12
binary,CPA,76,0.19,H2O,0.09305225743916476,0.43342231208897897,-6.428021159798902e-08
binary,CPA,76,0.19,Heavy_squalane,0.266698847377498,0.15879352235124555,2.67122655729385e-12
binary,CPA,77,0.1925,H2O,0.09499366099498043,0.44246505474795755,-1.456982984815447e-07
binary,CPA,77,0.1925,Heavy_squalane,0.2694891203002579,0.16045486161117567,7.811208908844575e-08
binary,CPA,78,0.195,H2O,0.09697421279708253,0.4516901435840913,-2.407288235417582e-07
binary,CPA,78,0.195,Heavy_squalane,0.2722401215142405,0.16209281834423392,1.539956196695944e-07
binary,CPA,79,0.1975,H2O,0.09899308995873593,0.46109374572452866,-3.470785045478486e-07
binary,CPA,79,0.1975,Heavy_squalane,0.2749526781262206,0.16370788501298408,2.274409021112762e-07
binary,CPA,80,0.2,H2O,0.101049441059293,0.4706718953900846,-4.632366791268439e-07
binary,CPA,80,0.2,Heavy_squalane,0.277627645317467,0.16530057079565189,2.98366905638352e-07
binary,CPA,81,0.2025,H2O,0.1031423975399593,0.48042054697486813,-5.877607813231656e-07
binary,CPA,81,0.2025,Heavy_squalane,0.2802658954340974,0.16687139509048038,3.667356173946803e-07
binary,CPA,82,0.205,H2O,0.1052710829990122,0.49033561834190165,-7.193322362764043e-07
binary,CPA,82,0.205,Heavy_squalane,0.2828683086320131,0.1684208819456878,4.325445400048755e-07
binary,CPA,83,0.2075,H2O,0.1074346207689507,0.5004130261162552,-8.56769127310919e-07
binary,CPA,83,0.2075,Heavy_squalane,0.2854357652578082,0.16994955552303168,4.958184348996143e-07
binary,CPA,84,0.21,H2O,0.1096321618074698,0.5106488155966776,-8.567647080681695e-07
binary,CPA,84,0.21,Heavy_squalane,0.2879691688802534,0.17145795381084303,4.958183260938999e-07
binary,CPA,85,0.2125,H2O,0.1118628275921826,0.5210388947684815,-8.567598265285525e-07
binary,CPA,85,0.2125,Heavy_squalane,0.2904693580522104,0.1729465760867299,4.958184066074844e-07
binary,CPA,86,0.215,H2O,0.1141257724679709,0.5315793247073822,-8.567528818614889e-07
binary,CPA,86,0.215,Heavy_squalane,0.2929371807939,0.17441592726520244,4.958184319910775e-07
binary,CPA,87,0.2175,H2O,0.1164201676121295,0.542266244891743,-8.567548885896059e-07
binary,CPA,87,0.2175,Heavy_squalane,0.2953734682448796,0.17586650220995875,4.958184129533827e-07
binary,CPA,88,0.22,H2O,0.1187452033927658,0.5530958841876173,-8.567468811060408e-07
binary,CPA,88,0.22,Heavy_squalane,0.2977790322990782,0.17729878432577553,4.958185312779444e-07
binary,CPA,89,0.2225,H2O,0.121100090989799,0.5640645683991,-8.567394668146378e-07
binary,CPA,89,0.2225,Heavy_squalane,0.3001546639775415,0.17871324458963422,4.958185854824922e-07
binary,CPA,90,0.225,H2O,0.1234840634482562,0.5751687251744098,-8.567385783031511e-07
binary,CPA,90,0.225,Heavy_squalane,0.3025011323741596,0.18011034092300335,4.958185173962919e-07
binary,CPA,91,0.2275,H2O,0.1258963762855789,0.586404886834624,-8.5674379457501e-07
binary,CPA,91,0.2275,Heavy_squalane,0.3048191840472811,0.18149051782960296,4.958185713364273e-07
binary,CPA,92,0.23,H2O,0.1283363077564732,0.5977696916073083,-8.567455938024438e-07
binary,CPA,92,0.23,Heavy_squalane,0.3071095427517458,0.18285420623585616,4.95818524271015e-07
binary,CPA,93,0.2325,H2O,0.1308031588676441,0.6092598836951463,-8.567509300894116e-07
binary,CPA,93,0.2325,Heavy_squalane,0.3093729094272425,0.18420182348395708,4.958185923572153e-07
binary,CPA,94,0.235,H2O,0.1332962532090517,0.6208723124899584,-8.567509149903785e-07
binary,CPA,94,0.235,Heavy_squalane,0.311609962365186,0.18553377343123018,4.95818701427342e-07
binary,CPA,95,0.2375,H2O,0.135814936654473,0.6326039311779675,-8.567513453128228e-07
binary,CPA,95,0.2375,Heavy_squalane,0.3138213575097436,0.1868504466293625,4.958186989154239e-07
binary,CPA,96,0.24,H2O,0.1383585769600342,0.6444517948698272,-8.567525476843585e-07
binary,CPA,96,0.24,Heavy_squalane,0.3160077288619059,0.18815222056498923,4.958187239023984e-07
binary,CPA,97,0.2425,H2O,0.1409265632767993,0.6564130583303387,-8.567488348765195e-07
binary,CPA,97,0.2425,Heavy_squalane,0.3181696889664869,0.189439459949655,4.958186920407008e-07
binary,CPA,98,0.245,H2O,0.1435183055967209,0.6684849733977799,-8.567552673977019e-07
binary,CPA,98,0.245,Heavy_squalane,0.3203078294693966,0.1907125170516166,4.95818743997743e-07
binary,CPA,99,0.2475,H2O,0.1461332341428687,0.6806648861436885,-8.567615179533306e-07
binary,CPA,99,0.2475,Heavy_squalane,0.3224227217274908,0.1919717320589496,4.95818775462822e-07
binary,CPA,100,0.25,H2O,0.1487707987198802,0.6929502338473666,-8.567583693608327e-07
binary,CPA,100,0.25,Heavy_squalane,0.3245149174615515,0.19321743346833548,4.958188632477481e-07
binary,CPA,101,0.2525,H2O,0.1514304680421442,0.705338541866669,-8.567598658304476e-07
binary,CPA,101,0.2525,Heavy_squalane,0.3265849494281842,0.19444993848511202,4.958187679270677e-07
binary,CPA,102,0.255,H2O,0.1541117290570032,0.7178274204855891,-8.567700878758799e-07
binary,CPA,102,0.255,Heavy_squalane,0.3286333321013595,0.1956695534290655,4.95818679216698e-07
binary,CPA,103,0.2575,H2O,0.1568140862655902,0.7304145617508275,-8.567686007321385e-07
binary,CPA,103,0.2575,Heavy_squalane,0.3306605623515297,0.1968765741387796,4.958186788200794e-07
binary,CPA,104,0.26,H2O,0.1595370610469942,0.7430977363238644,-8.567685467752995e-07
binary,CPA,104,0.26,Heavy_squalane,0.3326671201235405,0.19807128637526655,4.958187868325564e-07
binary,CPA,105,0.2625,H2O,0.1622801909873964,0.7558747903561852,-8.567638760670349e-07
binary,CPA,105,0.2625,Heavy_squalane,0.3346534691083269,0.19925396622189745,4.958187080376527e-07
binary,CPA,106,0.265,H2O,0.1650430292249917,0.7687436424380304,-8.567705725992525e-07
binary,CPA,106,0.265,Heavy_squalane,0.3366200574032396,0.20042488047756313,4.958186529076614e-07
binary,CPA,107,0.2675,H2O,0.167825143812508,0.7817022806291148,-8.567590116248525e-07
binary,CPA,107,0.2675,Heavy_squalane,0.338567318148662,0.20158428703571843,4.95818689660989e-07
binary,CPA,108,0.27,H2O,0.1706261171083857,0.7947487596228405,-8.567626696986963e-07
binary,CPA,108,0.27,Heavy_squalane,0.3404956701383928,0.2027324352478064,4.95818692833938e-07
binary,CPA,109,0.2725,H2O,0.1734455451981602,0.8078811980511891,-8.56756893874433e-07
binary,CPA,109,0.2725,Heavy_squalane,0.3424055184010892,0.20386956626945155,4.958186477516191e-07
binary,CPA,110,0.275,H2O,0.1762830373443821,0.8210977759225411,-8.567625329192197e-07
binary,CPA,110,0.275,Heavy_squalane,0.3442972547518824,0.2049959133888943,4.95818621839201e-07
binary,CPA,111,0.2775,H2O,0.1791382154634443,0.8343967321848204,-8.567665382708256e-07
binary,CPA,111,0.2775,Heavy_squalane,0.346171258316647,0.20611170233914258,4.958186966679183e-07
binary,CPA,112,0.28,H2O,0.1820107136261309,0.8477763623991321,-8.567622993282953e-07
binary,CPA,112,0.28,Heavy_squalane,0.348027896031793,0.20721715159555013,4.958186900576076e-07
binary,CPA,113,0.2825,H2O,0.184900177580982,0.8612350165196739,-8.567677932669326e-07
binary,CPA,113,0.2825,Heavy_squalane,0.3498675231240525,0.20831247266148326,4.958185992319385e-07
binary,CPA,114,0.285,H2O,0.1878062642946947,0.8747710967529976,-8.567657491242997e-07
binary,CPA,114,0.285,Heavy_squalane,0.3516904835709395,0.20939787034248056,4.95818490294018e-07
binary,CPA,115,0.2875,H2O,0.1907286415093794,0.8883830554957812,-8.567628801969818e-07
binary,CPA,115,0.2875,Heavy_squalane,0.3534971105449178,0.21047354301071192,4.958185323355941e-07
binary,CPA,116,0.29,H2O,0.1936669873138254,0.902069393337854,-8.567591353036974e-07
binary,CPA,116,0.29,Heavy_squalane,0.3552877268414163,0.21153968285982075,4.958185606277239e-07
binary,CPA,117,0.2925,H2O,0.1966209897320442,0.9158286571456974,-8.567518602342616e-07
binary,CPA,117,0.2925,Heavy_squalane,0.3570626452934501,0.21259647615179073,4.958185373594302e-07
binary,CPA,118,0.295,H2O,0.199590346325652,0.9296594382104076,-8.567549116822448e-07
binary,CPA,118,0.295,Heavy_squalane,0.3588221691706675,0.21364410345454016,4.958186079575485e-07
binary,CPA,119,0.2975,H2O,0.2025747638096322,0.9435603704579799,-8.567509556245412e-07
binary,CPA,119,0.2975,Heavy_squalane,0.3605665925622474,0.2146827398699004,4.958185795332126e-07
binary,CPA,120,0.3,H2O,0.2055739576871339,0.9575301287482583,-8.56759634348947e-07
binary,CPA,120,0.3,Heavy_squalane,0.3622962007465755,0.21571255525372263,4.958186593857659e-07
binary,CPA,121,0.3025,H2O,0.2085876518954311,0.9715674272258723,-8.567589041552637e-07
binary,CPA,121,0.3025,Heavy_squalane,0.3640112705428394,0.21673371442521877,4.958187231091611e-07
binary,CPA,122,0.305,H2O,0.2116155784704555,0.9856710177576844,-8.56757931932961e-07
binary,CPA,122,0.305,Heavy_squalane,0.3657120706492042,0.21774637736831265,4.958186810675851e-07
binary,CPA,123,0.3075,H2O,0.2146574772256994,0.9998396884371716,-8.567544673709904e-07
binary,CPA,123,0.3075,Heavy_squalane,0.3673988619656341,0.2187506994238492,4.958186667893139e-07
binary,CPA,124,0.31,H2O,0.2177130954441213,1.0140722621493727,-8.567543977600067e-07
binary,CPA,124,0.31,Heavy_squalane,0.3690718979010469,0.21974683147247545,4.958186493380936e-07
binary,CPA,125,0.3125,H2O,0.2207821875863684,1.0283675952118352,-8.567555642713387e-07
binary,CPA,125,0.3125,Heavy_squalane,0.3707314246670355,0.22073492010952345,4.958186538331049e-07
binary,CPA,126,0.315,H2O,0.2238645150118998,1.0427245760756525,-8.567579621310273e-07
binary,CPA,126,0.315,Heavy_squalane,0.3723776815566229,0.22171510781098197,4.958186041235684e-07
binary,CPA,127,0.3175,H2O,0.2269598457152565,1.0571421240970527,-8.567503784195907e-07
binary,CPA,127,0.3175,Heavy_squalane,0.3740109012098018,0.22268753309159994,4.958185199082099e-07
binary,CPA,128,0.32,H2O,0.2300679540750516,1.071619188368236,-8.567464501174626e-07
binary,CPA,128,0.32,Heavy_squalane,0.3756313098653012,0.2236523306547892,4.95818531013532e-07
binary,CPA,129,0.3225,H2O,0.2331886206143719,1.0861547466013632,-8.567521311286797e-07
binary,CPA,129,0.3225,Heavy_squalane,0.3772391275990086,0.22460963153458197,4.958185084062693e-07
binary,CPA,130,0.325,H2O,0.2363216317755209,1.100747804079346,-8.567555593863574e-07
binary,CPA,130,0.325,Heavy_squalane,0.3788345685517854,0.22555956323127302,4.958184508965662e-07
binary,CPA,131,0.3275,H2O,0.2394667797046701,1.1153973926527871,-8.567547785665042e-07
binary,CPA,131,0.3275,Heavy_squalane,0.3804178411457259,0.2265022498401812,4.958185407967918e-07
binary,CPA,132,0.33,H2O,0.2426238620445939,1.1301025697745744,-8.567529974357058e-07
binary,CPA,132,0.33,Heavy_squalane,0.3819891482892796,0.22743781217377987,4.958186053134243e-07
binary,CPA,133,0.3325,H2O,0.245792681740274,1.1448624175944158,-8.567513679613725e-07
binary,CPA,133,0.3325,Heavy_squalane,0.3835486875748325,0.22836636787933776,4.958186443142574e-07
binary,CPA,134,0.335,H2O,0.2489730468505536,1.1596760420815562,-8.567453205765574e-07
binary,CPA,134,0.335,Heavy_squalane,0.3850966514663175,0.22928803155062283,4.958185772857069e-07
binary,CPA,135,0.3375,H2O,0.2521647703697322,1.1745425721937952,-8.567438837259189e-07
binary,CPA,135,0.3375,Heavy_squalane,0.3866332274796753,0.23020291483534944,4.958185462172466e-07
binary,CPA,136,0.34,H2O,0.255367670054427,1.1894611590710351,-8.567445557439157e-07
binary,CPA,136,0.34,Heavy_squalane,0.3881585983545907,0.23111112653743066,4.95818546481659e-07
binary,CPA,137,0.3425,H2O,0.2585815682591228,1.2044309752692997,-8.567433152917303e-07
binary,CPA,137,0.3425,Heavy_squalane,0.3896729422197889,0.2320127727153965,4.958185117114247e-07
binary,CPA,138,0.345,H2O,0.2618062917788622,1.2194512140280092,-8.567452204344406e-07
binary,CPA,138,0.345,Heavy_squalane,0.3911764327516354,0.23290795677682485,4.958184642493938e-07
binary,CPA,139,0.3475,H2O,0.2650416716978145,1.2345210885646407,-8.567527021163812e-07
binary,CPA,139,0.3475,Heavy_squalane,0.3926692393257363,0.23379677956860487,4.958184769411904e-07
binary,CPA,140,0.35,H2O,0.2682875432439898,1.249639831398009,-8.56742773391872e-07
binary,CPA,140,0.35,Heavy_squalane,0.3941515271621882,0.23467933946341926,4.958185819129244e-07
binary,CPA,141,0.3525,H2O,0.2715437456498355,1.2648066936989482,-8.567408034121371e-07
binary,CPA,141,0.3525,Heavy_squalane,0.3956234574648897,0.235555732442691,4.958186815964099e-07
binary,CPA,142,0.355,H2O,0.2748101220195069,1.2800209446720783,-8.567383338320411e-07
binary,CPA,142,0.355,Heavy_squalane,0.3970851875557676,0.23642605217650212,4.958187655473558e-07
binary,CPA,143,0.3575,H2O,0.278086519200156,1.2952818709562917,-8.567325201491727e-07
binary,CPA,143,0.3575,Heavy_squalane,0.3985368710031801,0.2372903901000453,4.958187824697513e-07
binary,CPA,144,0.36,H2O,0.2813727876591999,1.3105887760530874,-8.567413776194854e-07
binary,CPA,144,0.36,Heavy_squalane,0.399978657745767,0.23814883548736504,4.958187783713586e-07
binary,CPA,145,0.3625,H2O,0.2846687813652136,1.3259409797717898,-8.567488480881735e-07
binary,CPA,145,0.3625,Heavy_squalane,0.4014106942109655,0.23900147552192214,4.958187358009577e-07
binary,CPA,146,0.365,H2O,0.2879743576749292,1.3413378177032085,-8.567450944241273e-07
binary,CPA,146,0.365,Heavy_squalane,0.4028331234293934,0.23984839536469818,4.9581875946587e-07
binary,CPA,147,0.3675,H2O,0.2912893772232115,1.3567786407071645,-8.567451450502972e-07
binary,CPA,147,0.3675,Heavy_squalane,0.4042460851438391,0.24068967821908827,4.958188409048979e-07
binary,CPA,148,0.37,H2O,0.2946137038185876,1.3722628144258813,-8.567470712872449e-07
binary,CPA,148,0.37,Heavy_squalane,0.4056497159140427,0.24152540539328837,4.958188584883244e-07
binary,CPA,149,0.3725,H2O,0.2979472043443138,1.3877897188231731,-8.551491375696194e-07
binary,CPA,149,0.3725,Heavy_squalane,0.4070441492173367,0.24235565636021708,4.958188313860505e-07
binary,CPA,150,0.375,H2O,0.3012897486621443,1.4033587477362128,-8.48318008760569e-07
binary,CPA,150,0.375,Heavy_squalane,0.4084295155441218,0.24318050881436223,4.958187458486299e-07
binary,CPA,151,0.3775,H2O,0.3046412095215758,1.4189693084528099,-8.415846241083755e-07
binary,CPA,151,0.3775,Heavy_squalane,0.4098059424896103,0.24400003872640533,4.958186749860992e-07
binary,CPA,152,0.38,H2O,0.3080014624724579,1.4346208213043632,-8.349478136090844e-07
binary,CPA,152,0.38,Heavy_squalane,0.4111735548412814,0.24481432039529283,4.958187478317232e-07
binary,CPA,153,0.3825,H2O,0.3113703857797376,1.4503127192687542,-8.28417435218178e-07
binary,CPA,153,0.3825,Heavy_squalane,0.4125324746619535,0.24562342649769758,4.958187400315565e-07
binary,CPA,154,0.385,H2O,0.3147478603461428,1.46604444761022,-8.219855060988408e-07
binary,CPA,154,0.385,Heavy_squalane,0.4138828213712391,0.24642742813651747,4.958187346111017e-07
binary,CPA,155,0.3875,H2O,0.3181337696334182,1.481815463512482,-8.156379304386153e-07
binary,CPA,155,0.3875,Heavy_squalane,0.4152247118219722,0.24722639488638046,4.958187046002912e-07
binary,CPA,156,0.39,H2O,0.3215279995896008,1.4976252357400084,-8.09385992294895e-07
binary,CPA,156,0.39,Heavy_squalane,0.4165582603750232,0.24802039483818994,4.958188122161495e-07
binary,CPA,157,0.3925,H2O,0.3249304385751434,1.513473244293908,-8.0322103323316e-07
binary,CPA,157,0.3925,Heavy_squalane,0.4178835789699619,0.24880949464119748,4.958188406404855e-07
binary,CPA,158,0.395,H2O,0.3283409772968434,1.5293589801041823,-7.971452952967269e-07
binary,CPA,158,0.395,Heavy_squalane,0.4192007771953787,0.24959375954487245,4.95818885987217e-07
binary,CPA,159,0.3975,H2O,0.3317595087391803,1.5452819447099062,-7.911504021654548e-07
binary,CPA,159,0.3975,Heavy_squalane,0.4205099623549919,0.2503732534382626,4.958188841363299e-07
binary,CPA,160,0.4,H2O,0.3351859281011636,1.5612416499650759,-7.85238468345642e-07
binary,CPA,160,0.4,Heavy_squalane,0.4218112395328814,0.25114803888883447,4.95818937812053e-07
binary,CPA,161,0.4025,H2O,0.3386201327322762,1.5772376177402436,-7.794122468016137e-07
binary,CPA,161,0.4025,Heavy_squalane,0.4231047116554986,0.2519181771793941,4.95818938473084e-07
binary,CPA,162,0.405,H2O,0.3420620220736483,1.5932693796485156,-7.736740703127537e-07
binary,CPA,162,0.405,Heavy_squalane,0.4243904795528854,0.25268372834453734,4.958189437613326e-07
binary,CPA,163,0.4075,H2O,0.345511497598635,1.609336476768771,-7.680056407176851e-07
binary,CPA,163,0.4075,Heavy_squalane,0.4256686420169668,0.25344475120535737,4.958189592294597e-07
binary,CPA,164,0.41,H2O,0.3489684283395462,1.625438299074767,-8.115974880274363e-07
binary,CPA,164,0.41,Heavy_squalane,0.4269392835011622,0.2542012960457459,5.01717271652842e-07
binary,CPA,165,0.4125,H2O,0.3524327543805334,1.6415745674882052,-8.537191234310533e-07
binary,CPA,165,0.4125,Heavy_squalane,0.4282025117030487,0.25495342698925555,5.074923356263022e-07
binary,CPA,166,0.415,H2O,0.3559043828289811,1.6577448493303606,-8.946143125392307e-07
binary,CPA,166,0.415,Heavy_squalane,0.429458419555772,0.2557011993686399,5.131600788256986e-07
binary,CPA,167,0.4175,H2O,0.359383222750759,1.6739487210448127,-9.343324503211002e-07
binary,CPA,167,0.4175,Heavy_squalane,0.4307070982296572,0.25644466746706196,5.187231642808029e-07
binary,CPA,168,0.42,H2O,0.3628691849762735,1.6901857672940683,-9.728988839884564e-07
binary,CPA,168,0.42,Heavy_squalane,0.4319486371250891,0.25718388451385576,5.241842518484383e-07
binary,CPA,169,0.4225,H2O,0.3663621820545402,1.7064555807456352,-1.010348512492992e-06
binary,CPA,169,0.4225,Heavy_squalane,0.4331831239194291,0.25791890271246043,5.295459293330408e-07
binary,CPA,170,0.425,H2O,0.3698621282080432,1.722757761861767,-1.046706881543534e-06
binary,CPA,170,0.425,Heavy_squalane,0.4344106446126655,0.25864977326760064,5.348107826881596e-07
binary,CPA,171,0.4275,H2O,0.3733689392885493,1.7390919186936515,-1.082013918208423e-06
binary,CPA,171,0.4275,Heavy_squalane,0.435631283571524,0.2593765464115503,5.399813654768214e-07
binary,CPA,172,0.43,H2O,0.3768825327328712,1.7554576666753627,-1.116307158616887e-06
binary,CPA,172,0.43,Heavy_squalane,0.4368451235716061,0.26009927142922185,5.450598589693537e-07
binary,CPA,173,0.4325,H2O,0.3804028275235076,1.7718546284405294,-1.149602979830003e-06
binary,CPA,173,0.4325,Heavy_squalane,0.4380522458392783,0.26081799668310707,5.500484580533242e-07
binary,CPA,174,0.435,H2O,0.3839297441504316,1.7882824336443508,-1.181939697769221e-06
binary,CPA,174,0.435,Heavy_squalane,0.439252730092051,0.2615327696373192,5.54949672134884e-07
binary,CPA,175,0.4375,H2O,0.387463204568251,1.8047407187640583,-1.213333582067642e-06
binary,CPA,175,0.4375,Heavy_squalane,0.4404466545755645,0.26224363687961416,5.597654334078533e-07
binary,CPA,176,0.44,H2O,0.3910031321629421,1.8212291269439635,-1.243819929578868e-06
binary,CPA,176,0.44,Heavy_squalane,0.4416340961020976,0.2629506441443191,5.644978776636219e-07
binary,CPA,177,0.4425,H2O,0.3945494517135981,1.8377473078172923,-1.273428249066359e-06
binary,CPA,177,0.4425,Heavy_squalane,0.4428151300857446,0.26365383633327666,5.691488637215611e-07
binary,CPA,178,0.445,H2O,0.3981020893604172,1.8542949173570755,-1.302184082719776e-06
binary,CPA,178,0.445,Heavy_squalane,0.4439898305780984,0.26435325753709077,5.737205149456767e-07
binary,CPA,179,0.4475,H2O,0.4016609725679759,1.8708716177050835,-1.330105787666045e-06
binary,CPA,179,0.4475,Heavy_squalane,0.4451582703008716,0.26504895105454956,5.78214602634826e-07
binary,CPA,180,0.45,H2O,0.4052260300951178,1.887477077031573,-1.357216681141302e-06
binary,CPA,180,0.45,Heavy_squalane,0.4463205206792832,0.26574095941250403,5.82633007025787e-07
binary,CPA,181,0.4525,H2O,0.4087971919630068,1.9041109693864828,-1.383539735797979e-06
binary,CPA,181,0.4525,Heavy_squalane,0.4474766518734899,0.266429324384582,5.869776423323346e-07
binary,CPA,182,0.455,H2O,0.4123743894224945,1.920772974547439,-1.409103570952448e-06
binary,CPA,182,0.455,Heavy_squalane,0.4486267328085062,0.2671140870090029,5.91250041353316e-07
binary,CPA,183,0.4575,H2O,0.4159575549271782,1.9374627778942606,-1.433925459795281e-06
binary,CPA,183,0.4575,Heavy_squalane,0.4497708312047359,0.2677952876067564,5.954518783482274e-07
binary,CPA,184,0.46,H2O,0.4195466221036073,1.954180070270188,-1.458026573881774e-06
binary,CPA,184,0.46,Heavy_squalane,0.4509090136064007,0.2684729657985288,5.99584757242859e-07
binary,CPA,185,0.4625,H2O,0.4231415257244529,1.9709245478569095,-1.481426250664699e-06
binary,CPA,185,0.4625,Heavy_squalane,0.4520413454097684,0.26914716052151005,6.03650399097707e-07
binary,CPA,186,0.465,H2O,0.4267422016786162,1.987695912035333,-1.50413957616589e-06
binary,CPA,186,0.465,Heavy_squalane,0.4531678908893161,0.2698179100449718,6.076501056151561e-07
binary,CPA,187,0.4675,H2O,0.4303485869488383,2.0044938692812946,-1.526198126199655e-06
binary,CPA,187,0.4675,Heavy_squalane,0.4542887132251797,0.2704852519866106,6.115854702767056e-07
binary,CPA,188,0.47,H2O,0.4339606195834603,2.0213181310340222,-1.547610039389566e-06
binary,CPA,188,0.47,Heavy_squalane,0.4554038745277309,0.27114922332718133,6.154578537487117e-07
binary,CPA,189,0.4725,H2O,0.4375782386743005,2.0381684135930915,-1.568400771038239e-06
binary,CPA,189,0.4725,Heavy_squalane,0.4565134358630446,0.2718098604256605,6.192688417125073e-07
binary,CPA,190,0.475,H2O,0.4412013843298291,2.0550444379934776,-1.588573883620961e-06
binary,CPA,190,0.475,Heavy_squalane,0.4576174572759403,0.2724671990329653,6.230197024223048e-07
binary,CPA,191,0.4775,H2O,0.4448299976530137,2.0719459299023626,-1.60816174944812e-06
binary,CPA,191,0.4775,Heavy_squalane,0.4587159978135216,0.27312127430596883,6.267115925502721e-07
binary,CPA,192,0.48,H2O,0.4484640207211074,2.0888726195249934,-1.627164633991042e-06
binary,CPA,192,0.48,Heavy_squalane,0.4598091155483909,0.2737721208213226,6.303459474592762e-07
binary,CPA,193,0.4825,H2O,0.4521033965618231,2.105824241493703,-1.645612572812783e-06
binary,CPA,193,0.4825,Heavy_squalane,0.4608968675998972,0.2744197725881073,6.339241270224363e-07
binary,CPA,194,0.485,H2O,0.4557480691305785,2.122800534761924,-1.663508108639728e-06
binary,CPA,194,0.485,Heavy_squalane,0.4619793101548809,0.2750642630601844,6.37447132305206e-07
binary,CPA,195,0.4875,H2O,0.4593979832935946,2.1398012425254618,-1.680874474880887e-06
binary,CPA,195,0.4875,Heavy_squalane,0.4630564984893705,0.2757056251491145,6.409162507316988e-07
binary,CPA,196,0.49,H2O,0.4630530848049858,2.1568261121157866,-1.697727014577041e-06
binary,CPA,196,0.49,Heavy_squalane,0.4641284869877397,0.27634389123556335,6.443325462975265e-07
binary,CPA,197,0.4925,H2O,0.4667133202888892,2.1738748949167914,-1.714068964992386e-06
binary,CPA,197,0.4925,Heavy_squalane,0.4651953291626299,0.27697909318116415,6.476971267585575e-07
binary,CPA,198,0.495,H2O,0.4703786372202697,2.190947346275389,-1.729923869017962e-06
binary,CPA,198,0.495,Heavy_squalane,0.4662570776738014,0.27761126233974126,6.510110933925558e-07
binary,CPA,199,0.4975,H2O,0.4740489839064307,2.2080432254153877,-1.74530574100672e-06
binary,CPA,199,0.4975,Heavy_squalane,0.4673137843465383,0.27824042956826867,6.542755240767856e-07
binary,CPA,200,0.5,H2O,0.4777243094698844,2.225162295357708,-1.760224397847826e-06
binary,CPA,200,0.5,Heavy_squalane,0.4683655001898224,0.27886662523769096,6.57491605229813e-07
binary,CPA,201,0.5025,H2O,0.4814045638275227,2.2423043228233603,-1.774693601771889e-06
binary,CPA,201,0.5025,Heavy_squalane,0.4694122754128542,0.2794898792427596,6.606600540703496e-07
binary,CPA,202,0.505,H2O,0.4850896976789393,2.2594690781790545,-1.788724366659384e-06
binary,CPA,202,0.505,Heavy_squalane,0.4704541594436047,0.2801102210130793,6.637820251552638e-07
binary,CPA,203,0.5075,H2O,0.4887796624859552,2.276656335341831,-1.802324935368259e-06
binary,CPA,203,0.5075,Heavy_squalane,0.4714912009443001,0.28072767952232724,6.668584457789419e-07
binary,CPA,204,0.51,H2O,0.4924744104576975,2.2938658717095604,-1.815505794241481e-06
binary,CPA,204,0.51,Heavy_squalane,0.4725234478279245,0.28134228329807887,6.698902230082193e-07
binary,CPA,205,0.5125,H2O,0.4961738945339967,2.311097468083611,-1.828286027543274e-06
binary,CPA,205,0.5125,Heavy_squalane,0.4735509472737101,0.281954060431031,6.728780882078727e-07
binary,CPA,206,0.515,H2O,0.4998780683729339,2.328350908610847,-1.84067177729478e-06
binary,CPA,206,0.515,Heavy_squalane,0.4745737457432411,0.28256303858459014,6.758230723219602e-07
binary,CPA,207,0.5175,H2O,0.5035868863330117,2.3456259807005813,-1.852672806103336e-06
binary,CPA,207,0.5175,Heavy_squalane,0.4755918889945405,0.2831692450032596,6.787260128768487e-07
binary,CPA,208,0.52,H2O,0.5073003034594488,2.362922474960738,-1.864299452238889e-06
binary,CPA,208,0.52,Heavy_squalane,0.4766054220967803,0.2837727065213982,6.815876806347667e-07
binary,CPA,209,0.5225,H2O,0.511018275471656,2.380240185139521,-1.875559222994098e-06
binary,CPA,209,0.5225,Heavy_squalane,0.4776143894448081,0.28437344957186944,6.844090311822301e-07
binary,CPA,210,0.525,H2O,0.5147407587466715,2.397578908048254,-1.886464694824583e-06
binary,CPA,210,0.525,Heavy_squalane,0.4786188347720833,0.28497150019374373,6.871907418116743e-07
binary,CPA,211,0.5275,H2O,0.5184677103081738,2.4149384435102075,-1.897029615166207e-06
binary,CPA,211,0.5275,Heavy_squalane,0.4796188011646514,0.2855668840406188,6.899335857972459e-07
binary,CPA,212,0.53,H2O,0.5221990878128424,2.4323185942970658,-1.907250853105957e-06
binary,CPA,212,0.53,Heavy_squalane,0.4806143310739454,0.28615962638824155,6.926383153923035e-07
binary,CPA,213,0.5325,H2O,0.5259348495377613,2.449719166070259,-1.917147222493779e-06
binary,CPA,213,0.5325,Heavy_squalane,0.4816054663294269,0.2867497521420347,6.953056786196069e-07
binary,CPA,214,0.535,H2O,0.5296749543680708,2.467139967323444,-1.926716595453783e-06
binary,CPA,214,0.535,Heavy_squalane,0.4825922481508725,0.2873372858444122,6.97936394548755e-07
binary,CPA,215,0.5375,H2O,0.5334193617848079,2.484580809325868,-1.935982680025911e-06
binary,CPA,215,0.5375,Heavy_squalane,0.4835747171603134,0.28792225168188823,7.005311273837676e-07
binary,CPA,216,0.54,H2O,0.537168031853667,2.5020415060700163,-1.944936283948045e-06
binary,CPA,216,0.54,Heavy_squalane,0.4845529133938312,0.28850467349210007,7.030905566645858e-07
binary,CPA,217,0.5425,H2O,0.5409209252146517,2.5195218742234142,-1.953597110391596e-06
binary,CPA,217,0.5425,Heavy_squalane,0.4855268763132181,0.289084574770751,7.05615527849949e-07
binary,CPA,218,0.545,H2O,0.544678003066404,2.537021733055634,-1.961974593441205e-06
binary,CPA,218,0.545,Heavy_squalane,0.4864966448159079,0.2896619786775232,7.081063484515115e-07
binary,CPA,219,0.5475,H2O,0.5484392271629146,2.5545409044229723,-1.970061594795734e-06
binary,CPA,219,0.5475,Heavy_squalane,0.4874622572477734,0.2902369080436972,7.105639460280718e-07
binary,CPA,220,0.55,H2O,0.5522045597963245,2.572079212688342,-1.977884141924934e-06
binary,CPA,220,0.55,Heavy_squalane,0.4884237514120141,0.2908093853774437,7.129888595843652e-07
binary,CPA,221,0.5525,H2O,0.5559739637890033,2.589636484684375,-1.985435157582239e-06
binary,CPA,221,0.5525,Heavy_squalane,0.489381164580116,0.29137943287034934,7.153815981143162e-07
binary,CPA,222,0.555,H2O,0.5597474024848156,2.607212549672741,-1.992726976808964e-06
binary,CPA,222,0.555,Heavy_squalane,0.4903345335023003,0.2919470724036375,7.177428411578656e-07
binary,CPA,223,0.5575,H2O,0.5635248397371836,2.6248072392885495,-1.999759710251734e-06
binary,CPA,223,0.5575,Heavy_squalane,0.4912838944168658,0.29251232555373113,7.20073137899627e-07
binary,CPA,224,0.56,H2O,0.5673062399002041,2.6424203874989676,-2.006550190097086e-06
binary,CPA,224,0.56,Heavy_squalane,0.4922292830600198,0.29307521359810573,7.223730039438358e-07
binary,CPA,225,0.5625,H2O,0.5710915678196525,2.6600518305613234,-2.013099251104802e-06
binary,CPA,225,0.5625,Heavy_squalane,0.4931707346754057,0.2936357575209626,7.246429913836423e-07
binary,CPA,226,0.565,H2O,0.5748807888238758,2.677701406980684,-2.019413355091439e-06
binary,CPA,226,0.565,Heavy_squalane,0.4941082840233292,0.2941939780187219,7.268836995098153e-07
binary,CPA,227,0.5675,H2O,0.5786738687137406,2.695368957463038,-2.025496085028129e-06
binary,CPA,227,0.5675,Heavy_squalane,0.4950419653894901,0.29474989550522135,7.290956040003134e-07
binary,CPA,228,0.57,H2O,0.5824707737548244,2.7130543248789194,-2.031353735183249e-06
binary,CPA,228,0.57,Heavy_squalane,0.4959718125940111,0.2953035301170926,7.312792204593719e-07
binary,CPA,229,0.5725,H2O,0.5862714706694462,2.7307573542262924,-2.036993494603763e-06
binary,CPA,229,0.5725,Heavy_squalane,0.4968978590001737,0.29585490171896206,7.334351695951663e-07
binary,CPA,230,0.575,H2O,0.590075926625277,2.7484778925774966,-2.042423877490926e-06
binary,CPA,230,0.575,Heavy_squalane,0.4978201375220788,0.2964040299080124,7.355637529700712e-07
binary,CPA,231,0.5775,H2O,0.5938841092318505,2.7662157890629984,-2.047643174374388e-06
binary,CPA,231,0.5775,Heavy_squalane,0.4987386806339837,0.2969509340195416,7.376656279133832e-07
binary,CPA,232,0.58,H2O,0.5976959865271151,2.7839708948087476,-2.052663756595156e-06
binary,CPA,232,0.58,Heavy_squalane,0.4996535203770004,0.29749563313095134,7.39741023670678e-07
binary,CPA,233,0.5825,H2O,0.6015115269759919,2.8017430629294657,-2.057484729792109e-06
binary,CPA,233,0.5825,Heavy_squalane,0.500564688368451,0.2980381460673172,7.417906497927068e-07
binary,CPA,234,0.585,H2O,0.6053306994564239,2.8195321484636633,-2.062109332978728e-06
binary,CPA,234,0.585,Heavy_squalane,0.501472215808006,0.2985784914050433,7.438147993806465e-07
binary,CPA,235,0.5875,H2O,0.6091534732558356,2.8373380083571473,-2.066548636884541e-06
binary,CPA,235,0.5875,Heavy_squalane,0.5023761334860884,0.2991166874768662,7.458139009148372e-07
binary,CPA,236,0.59,H2O,0.6129798180632074,2.855160501426109,-2.07080609921556e-06
binary,CPA,236,0.59,Heavy_squalane,0.5032764717910252,0.299652752376113,7.477884348326614e-07
binary,CPA,237,0.5925,H2O,0.6168097039608769,2.872999488318932,-2.074891638530221e-06
binary,CPA,237,0.5925,Heavy_squalane,0.5041732607159252,0.3001867039607964,7.497387726335806e-07
binary,CPA,238,0.595,H2O,0.620643101419353,2.8908548314920406,-2.07879784601616e-06
binary,CPA,238,0.595,Heavy_squalane,0.5050665298660663,0.30071855985801305,7.516654299218302e-07
binary,CPA,239,0.5975,H2O,0.624479981288486,2.9087263951687685,-2.082536160496576e-06
binary,CPA,239,0.5975,Heavy_squalane,0.5059563084652358,0.3012483374677186,7.535687784612844e-07
binary,CPA,240,0.6,H2O,0.6283203147916467,2.926614045312247,-2.086106487506837e-06
binary,CPA,240,0.6,Heavy_squalane,0.506842625362582,0.3017760539668073,7.554491688628233e-07
binary,CPA,241,0.6025,H2O,0.6321640735187182,2.944517649592763,-2.089517947556738e-06
binary,CPA,241,0.6025,Heavy_squalane,0.5077255090390084,0.3023017263129188,7.573068539047282e-07
binary,CPA,242,0.605,H2O,0.6360112294229545,2.962437077373126,-2.092764731562373e-06
binary,CPA,242,0.605,Heavy_squalane,0.5086049876142741,0.3028253712486662,7.591424274573133e-07
binary,CPA,243,0.6075,H2O,0.6398617548098543,2.980372199656844,-2.095856250873451e-06
binary,CPA,243,0.6075,Heavy_squalane,0.5094810888520914,0.3033470053046709,7.609561621297922e-07
binary,CPA,244,0.61,H2O,0.6437156223341133,2.9983228890739277,-2.098807169800113e-06
binary,CPA,244,0.61,Heavy_squalane,0.5103538401669019,0.3038666448035971,7.627484050956833e-07
binary,CPA,245,0.6125,H2O,0.6475728049927701,3.016289019848966,-2.101609084757348e-06
binary,CPA,245,0.6125,Heavy_squalane,0.5112232686296223,0.30438430586357307,7.645194708735701e-07
binary,CPA,246,0.615,H2O,0.651433276120504,3.0342704677792223,-2.104264084419253e-06
binary,CPA,246,0.615,Heavy_squalane,0.5120894009737166,0.3049000044018063,7.662697789537701e-07
binary,CPA,247,0.6175,H2O,0.6552970093819199,3.052267110198702,-2.106784745459091e-06
binary,CPA,247,0.6175,Heavy_squalane,0.5129522636004371,0.3054137561377044,7.679995851553079e-07
binary,CPA,248,0.62,H2O,0.6591639787685508,3.0702788259641856,-2.10917106724494e-06
binary,CPA,248,0.62,Heavy_squalane,0.5138118825849715,0.30592557659653447,7.6970932575869e-07
binary,CPA,249,0.6225,H2O,0.6630341585910874,3.088305495419041,-2.111424812189302e-06
binary,CPA,249,0.6225,Heavy_squalane,0.5146682836813787,0.30643548111236274,7.713993029873222e-07
binary,CPA,250,0.625,H2O,0.6669075234745827,3.1063470003708833,-2.113541558003951e-06
binary,CPA,250,0.625,Heavy_squalane,0.5155214923280491,0.3069434848313048,7.730697594396074e-07
binary,CPA,251,0.6275,H2O,0.6707840483549236,3.1244032240751416,-2.115529401781972e-06
binary,CPA,251,0.6275,Heavy_squalane,0.5163715336533011,0.3074496027148584,7.747211019140666e-07
binary,CPA,252,0.63,H2O,0.674663708471313,3.142474051200042,-2.117395724880259e-06
binary,CPA,252,0.63,Heavy_squalane,0.5172184324799693,0.307953849542635,7.763535826601565e-07
binary,CPA,253,0.6325,H2O,0.6785464793626141,3.1605593678095802,-2.11914571108823e-06
binary,CPA,253,0.6325,Heavy_squalane,0.5180622133307072,0.30845623991551707,7.779674686022234e-07
binary,CPA,254,0.635,H2O,0.682432336862291,3.178659061339953,-2.120775054135225e-06
binary,CPA,254,0.635,Heavy_squalane,0.5189029004328597,0.3089567882585592,7.79563034861399e-07
binary,CPA,255,0.6375,H2O,0.6863212570945924,3.196773020581787,-2.12228884743821e-06
binary,CPA,255,0.6375,Heavy_squalane,0.5197405177234773,0.3094555088239736,7.811406764698515e-07
binary,CPA,256,0.64,H2O,0.6902132164666452,3.214901135643309,-2.123689116065559e-06
binary,CPA,256,0.64,Heavy_squalane,0.5205750888533307,0.3099524156935204,7.827004995891704e-07
binary,CPA,257,0.6425,H2O,0.6941081916688636,3.2330432979522503,-2.124984723304999e-06
binary,CPA,257,0.6425,Heavy_squalane,0.5214066371925953,0.310447522781892,7.842429691886114e-07
binary,CPA,258,0.645,H2O,0.6980061596650081,3.251199400209547,-2.126173692053732e-06
binary,CPA,258,0.645,Heavy_squalane,0.5222351858342066,0.3109408438387115,7.857682086165722e-07
binary,CPA,259,0.6475,H2O,0.701907097691481,3.2693693363860556,-2.127253899168336e-06
binary,CPA,259,0.6475,Heavy_squalane,0.523060757599075,0.3114323924516368,7.872764758073763e-07
binary,CPA,260,0.65,H2O,0.7058109832533669,3.287553001704112,-2.128235245803557e-06
binary,CPA,260,0.65,Heavy_squalane,0.5238833750404973,0.31192218204898786,7.887681987125394e-07
binary,CPA,261,0.6525,H2O,0.7097177941162768,3.30575029259954,-2.129114850254679e-06
binary,CPA,261,0.6525,Heavy_squalane,0.524703060447579,0.312410225901784,7.902434979041287e-07
binary,CPA,262,0.655,H2O,0.7136275083056889,3.3239611067185844,-2.129907168533955e-06
binary,CPA,262,0.655,Heavy_squalane,0.5255198358501335,0.31289653712666127,7.917026175670216e-07
binary,CPA,263,0.6575,H2O,0.7175401041029797,3.342185342899422,-2.130597968746756e-06
binary,CPA,263,0.6575,Heavy_squalane,0.5263337230227843,0.31338112868831425,7.931459317125982e-07
binary,CPA,264,0.66,H2O,0.7214555600381068,3.360422901138079,-2.131197218932043e-06
binary,CPA,264,0.66,Heavy_squalane,0.5271447434882723,0.313864013401466,7.945735400243439e-07
binary,CPA,265,0.6625,H2O,0.725373854888932,3.3786736825852812,-2.131704489675928e-06
binary,CPA,265,0.6625,Heavy_squalane,0.5279529185220495,0.3143452039336027,7.959856675172351e-07
binary,CPA,266,0.665,H2O,0.729294967677177,3.3969375895276133,-2.132121394287131e-06
binary,CPA,266,0.665,Heavy_squalane,0.5287582691560794,0.31482471280723645,7.973826339981041e-07
binary,CPA,267,0.6675,H2O,0.7332188776628162,3.4152145253614017,-2.132458218548727e-06
binary,CPA,267,0.6675,Heavy_squalane,0.5295608161822265,0.31530255240192373,7.987646294472805e-07
binary,CPA,268,0.67,H2O,0.7371455643414797,3.4335043945806194,-2.132707479009453e-06
binary,CPA,268,0.67,Heavy_squalane,0.5303605801561754,0.31577873495659825,8.001318496621676e-07
binary,CPA,269,0.6725,H2O,0.7410750074411905,3.451807102761688,-2.132881176357919e-06
binary,CPA,269,0.6725,Heavy_squalane,0.5311575814011283,0.31625327257177316,8.014845347292502e-07
binary,CPA,270,0.675,H2O,0.7450071869184384,3.4701225565451908,-2.132972599410095e-06
binary,CPA,270,0.675,Heavy_squalane,0.531951840011281,0.31672617721160995,8.028229318741489e-07
binary,CPA,271,0.6775,H2O,0.7489420829544912,3.4884506636186896,-2.132987381446326e-06
binary,CPA,271,0.6775,Heavy_squalane,0.5327433758552665,0.3171974607059695,8.041472526268063e-07
binary,CPA,272,0.68,H2O,0.7528796759510135,3.5067913326963187,-2.132924639962878e-06
binary,CPA,272,0.68,Heavy_squalane,0.533532208579381,0.3176671347523322,8.054575768397759e-07
binary,CPA,273,0.6825,H2O,0.756819946529661,3.525144473516896,-2.132787513914655e-06
binary,CPA,273,0.6825,Heavy_squalane,0.5343183576115261,0.3181352109181457,8.067541940446665e-07
binary,CPA,274,0.685,H2O,0.7607628755262931,3.5435099968169643,-2.132577670717172e-06
binary,CPA,274,0.685,Heavy_squalane,0.5351018421639996,0.3186017006424862,8.080373018897684e-07
binary,CPA,275,0.6875,H2O,0.764708443989168,3.5618878143223873,-2.132300294149474e-06
binary,CPA,275,0.6875,Heavy_squalane,0.5358826812370032,0.31906661523814706,8.09307180784462e-07
binary,CPA,276,0.69,H2O,0.7686566331735865,3.5802778387233976,-2.131952415560269e-06
binary,CPA,276,0.69,Heavy_squalane,0.5366608936213763,0.3195299658932665,8.105639302800263e-07
binary,CPA,277,0.6925,H2O,0.7726074245414718,3.5986799836726435,-2.131533484005511e-06
binary,CPA,277,0.6925,Heavy_squalane,0.5374364979022329,0.31999176367349313,8.118077891408843e-07
binary,CPA,278,0.695,H2O,0.7765607997554868,3.617094163757784,-2.131052265054963e-06
binary,CPA,278,0.695,Heavy_squalane,0.5382095124614543,0.3204520195234699,8.130387972933126e-07
binary,CPA,279,0.6975,H2O,0.7805167406800068,3.635520294506023,-2.130506275283023e-06
binary,CPA,279,0.6975,Heavy_squalane,0.5389799554814562,0.3209107442690773,8.142572589438099e-07
binary,CPA,280,0.7,H2O,0.7844752293746876,3.65395829235415,-2.129895229073985e-06
binary,CPA,280,0.7,Heavy_squalane,0.5397478449474428,0.32136794861877527,8.154633414654435e-07
binary,CPA,281,0.7025,H2O,0.7884362480920422,3.6724080746372496,-2.129226345348995e-06
binary,CPA,281,0.7025,Heavy_squalane,0.5405131986503782,0.3218236431653725,8.166571183648685e-07
binary,CPA,282,0.705,H2O,0.7923997792780954,3.6908695595917553,-2.128500244077259e-06
binary,CPA,282,0.705,Heavy_squalane,0.5412760341904889,0.3222778383881116,8.178389768740861e-07
binary,CPA,283,0.7075,H2O,0.7963658055636275,3.709342666314661,-2.127719404427109e-06
binary,CPA,283,0.7075,Heavy_squalane,0.5420363689788884,0.3227305446536368,8.190089265119436e-07
binary,CPA,284,0.71,H2O,0.8003343097652212,3.7278273147683985,-2.126880076646663e-06
binary,CPA,284,0.71,Heavy_squalane,0.5427942202410304,0.3231817722180497,8.201670391986218e-07
binary,CPA,285,0.7125,H2O,0.8043052748845866,3.7463234257776903,-2.12598285310588e-06
binary,CPA,285,0.7125,Heavy_squalane,0.5435496050197662,0.3236315312287296,8.213136601245457e-07
binary,CPA,286,0.715,H2O,0.8082786841012825,3.764830920995653,-2.125034363872292e-06
binary,CPA,286,0.715,Heavy_squalane,0.5443025401770876,0.32407983172537147,8.224489015327912e-07
binary,CPA,287,0.7175,H2O,0.812254520772407,3.783349722902351,-2.12403406566337e-06
binary,CPA,287,0.7175,Heavy_squalane,0.5450530423971379,0.32452668364177867,8.235728707748042e-07
binary,CPA,288,0.72,H2O,0.8162327684305165,3.801879754795104,-2.122979626441399e-06
binary,CPA,288,0.72,Heavy_squalane,0.5458011281888341,0.32497209680742395,8.246857520138409e-07
binary,CPA,289,0.7225,H2O,0.8202134107807473,3.8204209407750818,-2.121872585036781e-06
binary,CPA,289,0.7225,Heavy_squalane,0.546546813888281,0.32541608094888713,8.257877368167059e-07
binary,CPA,290,0.725,H2O,0.8241964316971161,3.8389732057300723,-2.120724270193075e-06
binary,CPA,290,0.725,Heavy_squalane,0.5472901156609818,0.3258586456911713,8.268788959137236e-07
binary,CPA,291,0.7275,H2O,0.8281818152219406,3.85753647533178,-2.119519941932195e-06
binary,CPA,291,0.7275,Heavy_squalane,0.5480310495045793,0.3262998005593344,8.279593817386589e-07
binary,CPA,292,0.73,H2O,0.83216954556345,3.876110676024701,-2.118276267702015e-06
binary,CPA,292,0.73,Heavy_squalane,0.5487696312512081,0.32673955497989077,8.290294178522201e-07
binary,CPA,293,0.7325,H2O,0.8361596070915823,3.8946957350065428,-2.116984164746973e-06
binary,CPA,293,0.7325,Heavy_squalane,0.5495058765694625,0.32717791828198156,8.300890927003644e-07
binary,CPA,294,0.735,H2O,0.8401519843369011,3.913291580223181,-2.115648243360545e-06
binary,CPA,294,0.735,Heavy_squalane,0.5502398009668925,0.32761489969886215,8.311384979019983e-07
binary,CPA,295,0.7375,H2O,0.8441466619906722,3.931898140369017,-2.11426820281837e-06
binary,CPA,295,0.7375,Heavy_squalane,0.5509714197926653,0.3280505083694857,8.321779654269253e-07
binary,CPA,296,0.74,H2O,0.8481436248971173,3.950515344850895,-2.112846734463616e-06
binary,CPA,296,0.74,Heavy_squalane,0.5517007482387443,0.32848475333920585,8.332074807324623e-07
binary,CPA,297,0.7425,H2O,0.8521428580557926,3.9691431237991837,-2.11138715083089e-06
binary,CPA,297,0.7425,Heavy_squalane,0.5524278013428777,0.3289176435615559,8.342271555328599e-07
binary,CPA,298,0.745,H2O,0.8561443466171096,3.9877814080469083,-2.109888517887239e-06
binary,CPA,298,0.745,Heavy_squalane,0.553152593990292,0.32934918789925716,8.352369895637057e-07
binary,CPA,299,0.7475,H2O,0.8601480758850405,4.006430129142358,-2.108348916775828e-06
binary,CPA,299,0.7475,Heavy_squalane,0.5538751409166417,0.32977939512597504,8.3623737917923e-07
binary,CPA,300,0.75,H2O,0.8641540313068704,4.025089219301347,-2.106774341346288e-06
binary,CPA,300,0.75,Heavy_squalane,0.5545954567085765,0.3302082739266571,8.37228231967289e-07
binary,CPA,301,0.7525,H2O,0.8681621984792272,4.043758611435308,-2.105152585242608e-06
binary,CPA,301,0.7525,Heavy_squalane,0.555313555807202,0.3306358328995933,8.382098329644804e-07
binary,CPA,302,0.755,H2O,0.8721725631411061,4.062438239118794,-2.103499665159984e-06
binary,CPA,302,0.755,Heavy_squalane,0.5560294525091611,0.33106208055706005,8.391823108074506e-07
binary,CPA,303,0.7575,H2O,0.876185111172078,4.081128036581139,-2.101809436370487e-06
binary,CPA,303,0.7575,Heavy_squalane,0.5567431609686081,0.33148702532649527,8.401456477805669e-07
binary,CPA,304,0.76,H2O,0.8801998285936943,4.0998279387129966,-2.100085209355683e-06
binary,CPA,304,0.76,Heavy_squalane,0.5574546951997102,0.3319106755519882,8.411000403422635e-07
binary,CPA,305,0.7625,H2O,0.8842167015649027,4.118537881044993,-2.098329550599953e-06
binary,CPA,305,0.7625,Heavy_squalane,0.5581640690780464,0.3323330394951121,8.420456068171022e-07
binary,CPA,306,0.765,H2O,0.8882357163806496,4.137257799741213,-2.096543854576534e-06
binary,CPA,306,0.765,Heavy_squalane,0.5588712963425345,0.33275412533607174,8.429824332713284e-07
binary,CPA,307,0.7675,H2O,0.8922568594695758,4.155987631588467,-2.094722893705495e-06
binary,CPA,307,0.7675,Heavy_squalane,0.5595763905971632,0.33317394117473426,8.439105256542217e-07
binary,CPA,308,0.77,H2O,0.8962801173959599,4.174727314005348,-2.092869333293494e-06
binary,CPA,308,0.77,Heavy_squalane,0.5602793653134307,0.3335924950320817,8.448301995420153e-07
binary,CPA,309,0.7725,H2O,0.9003054768514642,4.193476785003776,-2.090985326169321e-06
binary,CPA,309,0.7725,Heavy_squalane,0.5609802338309654,0.3340097948505804,8.457413999369242e-07
binary,CPA,310,0.775,H2O,0.9043329246593935,4.212235983208846,-2.089080501527888e-06
binary,CPA,310,0.775,Heavy_squalane,0.5616790093602962,0.33442584849583007,8.466443238262074e-07
binary,CPA,311,0.7775,H2O,0.9083624477697513,4.23100484783579,-2.087140861063301e-06
binary,CPA,311,0.7775,Heavy_squalane,0.562375704983988,0.33484066375724036,8.4753908173426e-07
binary,CPA,312,0.78,H2O,0.9123940332575212,4.24978331868198,-2.085176980980347e-06
binary,CPA,312,0.78,Heavy_squalane,0.5630703336583033,0.3352542483490199,8.484256986480565e-07
binary,CPA,313,0.7825,H2O,0.9164276683241819,4.2685713361339825,-2.083184840463263e-06
binary,CPA,313,0.7825,Heavy_squalane,0.5637629082153899,0.33566660991147906,8.493044290645591e-07
binary,CPA,314,0.785,H2O,0.9204633402899345,4.287368841131352,-2.081164312472897e-06
binary,CPA,314,0.785,Heavy_squalane,0.5644534413638408,0.336077756011363,8.50175134167243e-07
binary,CPA,315,0.7875,H2O,0.9245010366006877,4.306175775199168,-2.079115322651811e-06
binary,CPA,315,0.7875,Heavy_squalane,0.5651419456917514,0.3364876941436724,8.510381582210898e-07
binary,CPA,316,0.79,H2O,0.9285407448173183,4.3249920803980135,-2.077046690994581e-06
binary,CPA,316,0.79,Heavy_squalane,0.5658284336667181,0.3368964317316622,8.518933819760945e-07
binary,CPA,317,0.7925,H2O,0.9325824526229083,4.343817699357684,-2.074951195743824e-06
binary,CPA,317,0.7925,Heavy_squalane,0.5665129176388691,0.3373039761286464,8.527411241814393e-07
binary,CPA,318,0.795,H2O,0.9366261478121592,4.36265257522788,-2.072835482496916e-06
binary,CPA,318,0.795,Heavy_squalane,0.5671954098408419,0.33771033461798444,8.535812232811305e-07
binary,CPA,319,0.7975,H2O,0.9406718182999341,4.381496651717995,-2.070694707675033e-06
binary,CPA,319,0.7975,Heavy_squalane,0.5678759223909657,0.33811551441497634,8.544140437677006e-07
binary,CPA,320,0.8,H2O,0.9447194521097658,4.400349873043591,-2.06853218797152e-06
binary,CPA,320,0.8,Heavy_squalane,0.5685544672930404,0.3385195226667308,8.55239468506444e-07
binary,CPA,321,0.8025,H2O,0.9487690373794466,4.419212183952426,-2.066351042700065e-06
binary,CPA,321,0.8025,Heavy_squalane,0.5692310564389584,0.33892236645372653,8.560576076251368e-07
binary,CPA,322,0.805,H2O,0.9528205623582057,4.438083529711319,-2.06414427663676e-06
binary,CPA,322,0.805,Heavy_squalane,0.5699057016098901,0.3393240527905177,8.568686537482332e-07
binary,CPA,323,0.8075,H2O,0.9568740154029163,4.456963856088475,-2.061916266701722e-06
binary,CPA,323,0.8075,Heavy_squalane,0.5705784144772785,0.3397245886263266,8.57672644951123e-07
binary,CPA,324,0.81,H2O,0.9609293849786573,4.475853109356104,-2.059666265753112e-06
binary,CPA,324,0.81,Heavy_squalane,0.5712492066045377,0.3401239808460545,8.584696542116361e-07
binary,CPA,325,0.8125,H2O,0.9649866596561545,4.494751236278501,-2.057398987965695e-06
binary,CPA,325,0.8125,Heavy_squalane,0.5719180894482057,0.34052223627096834,8.592596763737304e-07
binary,CPA,326,0.815,H2O,0.9690458281136138,4.513658184120587,-2.055112916327531e-06
binary,CPA,326,0.815,Heavy_squalane,0.5725850743597979,0.3409193616598042,8.600429303708967e-07
binary,CPA,327,0.8175,H2O,0.9731068791311017,4.532573900621733,-2.052812082100843e-06
binary,CPA,327,0.8175,Heavy_squalane,0.5732501725864089,0.3413153637091255,8.608194438342333e-07
binary,CPA,328,0.82,H2O,0.9771698015914816,4.551498334000121,-2.050489768361062e-06
binary,CPA,328,0.82,Heavy_squalane,0.5739133952723672,0.3417102490543085,8.615892666054834e-07
binary,CPA,329,0.8225,H2O,0.9812345844803604,4.570431432952496,-2.048153216561866e-06
binary,CPA,329,0.8225,Heavy_squalane,0.5745747534607039,0.3421040242704165,8.623525909124822e-07
binary,CPA,330,0.825,H2O,0.9853012168817753,4.589373146634075,-2.045799343533382e-06
binary,CPA,330,0.825,Heavy_squalane,0.5752342580939036,0.34249669587264703,8.631094502034017e-07
binary,CPA,331,0.8275,H2O,0.9893696879783036,4.608323424659058,-2.043429236712633e-06
binary,CPA,331,0.8275,Heavy_squalane,0.5758919200153545,0.34288827031719515,8.638598543937084e-07
binary,CPA,332,0.83,H2O,0.9934399870512587,4.627282217101543,-2.041037406194029e-06
binary,CPA,332,0.83,Heavy_squalane,0.5765477499707874,0.34327875400211055,8.646039150654467e-07
binary,CPA,333,0.8325,H2O,0.9975121034776926,4.646249474481563,-2.038632312058329e-06
binary,CPA,333,0.8325,Heavy_squalane,0.5772017586091774,0.343668153267834,8.653416913147945e-07
binary,CPA,334,0.835,H2O,1.001586026729658,4.665225147761647,-2.036216010133522e-06
binary,CPA,334,0.835,Heavy_squalane,0.5778539564839897,0.34405647439793946,8.660732089219636e-07
binary,CPA,335,0.8375,H2O,1.005661746374651,4.684209188348887,-2.03378348731238e-06
binary,CPA,335,0.8375,Heavy_squalane,0.5785043540545916,0.3444437236199744,8.667986277242667e-07
binary,CPA,336,0.84,H2O,1.009739252071727,4.703201548076839,-2.031338448191753e-06
binary,CPA,336,0.84,Heavy_squalane,0.5791529616869532,0.3448299071058776,8.675179723120599e-07
binary,CPA,337,0.8425,H2O,1.013818533573197,4.722202179213433,-2.028877234046782e-06
binary,CPA,337,0.8425,Heavy_squalane,0.5797997896552185,0.3452150309729139,8.682314051667802e-07
binary,CPA,338,0.845,H2O,1.017899580719777,4.741211034438372,-2.026400014019873e-06
binary,CPA,338,0.845,Heavy_squalane,0.5804448481422145,0.3455991012839778,8.689388667956313e-07
binary,CPA,339,0.8475,H2O,1.021982383444652,4.760228066862066,-2.02391348869765e-06
binary,CPA,339,0.8475,Heavy_squalane,0.581088147241356,0.3459821240487274,8.696405617216266e-07
binary,CPA,340,0.85,H2O,1.026066931765414,4.779253229988078,-2.021413878346477e-06
binary,CPA,340,0.85,Heavy_squalane,0.5817296969566147,0.34636410522356603,8.703363119952018e-07
binary,CPA,341,0.8525,H2O,1.030153215792752,4.798286477753604,-2.018902630296124e-06
binary,CPA,341,0.8525,Heavy_squalane,0.5823695072051064,0.3467450507131827,8.710264511726352e-07
binary,CPA,342,0.855,H2O,1.034241225720268,4.817327764482032,-2.016380007721024e-06
binary,CPA,342,0.855,Heavy_squalane,0.5830075878166964,0.3471249663703171,8.71710984938794e-07
binary,CPA,343,0.8575,H2O,1.038330951825504,4.836377044887732,-2.013844198800044e-06
binary,CPA,343,0.8575,Heavy_squalane,0.5836439485353468,0.3475038579965619,8.723897783111336e-07
binary,CPA,344,0.86,H2O,1.042422384474422,4.855434274096919,-2.011298763773192e-06
binary,CPA,344,0.86,Heavy_squalane,0.5842785990209791,0.34788173134347156,8.730630604030231e-07
binary,CPA,345,0.8625,H2O,1.046515514115846,4.874499407621764,-2.00874456310355e-06
binary,CPA,345,0.8625,Heavy_squalane,0.5849115488497587,0.3482585921127319,8.737310095606454e-07
binary,CPA,346,0.865,H2O,1.050610331278209,4.893572401345245,-2.006175759530129e-06
binary,CPA,346,0.865,Heavy_squalane,0.5855428075147221,0.3486344459565335,8.743935345617129e-07
binary,CPA,347,0.8675,H2O,1.054706826573116,4.912653211537744,-2.003597127017504e-06
binary,CPA,347,0.8675,Heavy_squalane,0.5861723844274422,0.3490092984785631,8.750506964854963e-07
binary,CPA,348,0.87,H2O,1.058804990692203,4.931741794842411,-2.001010361296482e-06
binary,CPA,348,0.87,Heavy_squalane,0.5868002889186428,0.3493831552343697,8.757025119899787e-07
binary,CPA,349,0.8725,H2O,1.062904814408594,4.950838108281954,-1.998417856739617e-06
binary,CPA,349,0.8725,Heavy_squalane,0.5874265302394999,0.3497560217321391,8.763491573060435e-07
binary,CPA,350,0.875,H2O,1.0670062885716,4.969942109233952,-1.995814770919712e-06
binary,CPA,350,0.875,Heavy_squalane,0.5880511175618962,0.3501279034328458,8.769905861615158e-07
binary,CPA,351,0.8775,H2O,1.071109404109426,4.989053755443453,-1.993206469156844e-06
binary,CPA,351,0.8775,Heavy_squalane,0.5886740599798835,0.3504988057511231,8.776268501168192e-07
binary,CPA,352,0.88,H2O,1.075214152028544,5.0081730050200655,-1.990589444473828e-06
binary,CPA,352,0.88,Heavy_squalane,0.5892953665106181,0.35086873405582075,8.782581185281141e-07
binary,CPA,353,0.8825,H2O,1.079320523409674,5.027299816419229,-1.987957151161834e-06
binary,CPA,353,0.8825,Heavy_squalane,0.5899150460947696,0.35123769367024793,8.788844031617534e-07
binary,CPA,354,0.885,H2O,1.083428509409555,5.046434148450471,-1.985322228730367e-06
binary,CPA,354,0.885,Heavy_squalane,0.590533107597791,0.3516056898729295,8.795057900839825e-07
binary,CPA,355,0.8875,H2O,1.087538101257024,5.065575960259137,-1.982680132427554e-06
binary,CPA,355,0.8875,Heavy_squalane,0.591149559810316,0.35197272789784273,8.801221719433556e-07
binary,CPA,356,0.89,H2O,1.091649290258358,5.084725211351277,-1.980030162075577e-06
binary,CPA,356,0.89,Heavy_squalane,0.5917644114499344,0.3523388129354741,8.807337893551825e-07
binary,CPA,357,0.8925,H2O,1.095762067788844,5.103881861554376,-1.977373424195339e-06
binary,CPA,357,0.8925,Heavy_squalane,0.592377671160888,0.3527039501326386,8.813405676229521e-07
binary,CPA,358,0.895,H2O,1.099876425298253,5.123045871042856,-1.974710450555755e-06
binary,CPA,358,0.895,Heavy_squalane,0.5929893475158322,0.35306814459352837,8.819426649975029e-07
binary,CPA,359,0.8975,H2O,1.103992354304797,5.1422172003099265,-1.972038395157521e-06
binary,CPA,359,0.8975,Heavy_squalane,0.5935994490158679,0.35343140137973156,8.825400139214593e-07
binary,CPA,360,0.9,H2O,1.108109846399566,5.161395810188248,-1.969362818280977e-06
binary,CPA,360,0.9,Heavy_squalane,0.594207984092118,0.3537937255111713,8.831327842798066e-07
binary,CPA,361,0.9025,H2O,1.112228893240575,5.180581661822209,-1.966681092555581e-06
binary,CPA,361,0.9025,Heavy_squalane,0.5948149611057489,0.35415512196611837,8.837209231900591e-07
binary,CPA,362,0.905,H2O,1.116349486556152,5.199774716683703,-1.963994568878673e-06
binary,CPA,362,0.905,Heavy_squalane,0.5954203883493637,0.35451559568202057,8.843045279559905e-07
binary,CPA,363,0.9075,H2O,1.120471618142568,5.218974936561093,-1.961304471595313e-06
binary,CPA,363,0.9075,Heavy_squalane,0.5960242740475292,0.3548751515558167,8.848836979966737e-07
binary,CPA,364,0.91,H2O,1.124595279861692,5.2381822835482845,-1.958607847662984e-06
binary,CPA,364,0.91,Heavy_squalane,0.596626626357299,0.35523379444424796,8.854583997317305e-07
binary,CPA,365,0.9125,H2O,1.128720463642218,5.257396720050445,-1.955905851114652e-06
binary,CPA,365,0.9125,Heavy_squalane,0.5972274533692464,0.3555915291644729,8.860286399036777e-07
binary,CPA,366,0.915,H2O,1.132847161479763,5.276618208784458,-1.953203296570941e-06
binary,CPA,366,0.915,Heavy_squalane,0.5978267631083194,0.3559483604945765,8.865945355150149e-07
binary,CPA,367,0.9175,H2O,1.136975365434673,5.295846712768703,-1.950495620212482e-06
binary,CPA,367,0.9175,Heavy_squalane,0.5984245635343487,0.35630429317387263,8.871561830762783e-07
binary,CPA,368,0.92,H2O,1.141105067629851,5.315082195312941,-1.947778354915957e-06
binary,CPA,368,0.92,Heavy_squalane,0.599020862542552,0.3566593319032044,8.877135390916236e-07
binary,CPA,369,0.9225,H2O,1.145236260254556,5.334324620036008,-1.945058814685118e-06
binary,CPA,369,0.9225,Heavy_squalane,0.5996156679648866,0.35701348134574945,8.882668001516912e-07
binary,CPA,370,0.925,H2O,1.149368935557581,5.353573950834039,-1.94233580161546e-06
binary,CPA,370,0.925,Heavy_squalane,0.6002089875698613,0.3573667461269077,8.888158834953911e-07
binary,CPA,371,0.9275,H2O,1.153503085851146,5.372830151898604,-1.939606907161323e-06
binary,CPA,371,0.9275,Heavy_squalane,0.6008008290638793,0.35771913083510154,8.893608179436779e-07
binary,CPA,372,0.93,H2O,1.157638703508902,5.392093187707408,-1.936877711354937e-06
binary,CPA,372,0.93,Heavy_squalane,0.6013912000917239,0.35807064002206423,8.899016247817521e-07
binary,CPA,373,0.9325,H2O,1.161775780965165,5.411363023020721,-1.934144055033551e-06
binary,CPA,373,0.9325,Heavy_squalane,0.6019801082372097,0.35842127820322844,8.904383192133284e-07
binary,CPA,374,0.935,H2O,1.165914310716584,5.430639622889152,-1.931413207907343e-06
binary,CPA,374,0.935,Heavy_squalane,0.6025675610241699,0.3587710498583133,8.909710970358098e-07
binary,CPA,375,0.9375,H2O,1.170054285316677,5.4499229526281985,-1.928674690342479e-06
binary,CPA,375,0.9375,Heavy_squalane,0.6031535659164186,0.35911995943130265,8.914999331300159e-07
binary,CPA,376,0.94,H2O,1.174195697378777,5.469212977831962,-1.925934080817229e-06
binary,CPA,376,0.94,Heavy_squalane,0.6037381303188993,0.35946801133112843,8.920248817004943e-07
binary,CPA,377,0.9425,H2O,1.178338539573027,5.488509664359158,-1.923191797156497e-06
binary,CPA,377,0.9425,Heavy_squalane,0.6043212615779802,0.3598152099318464,8.925458787594373e-07
binary,CPA,378,0.945,H2O,1.182482804630632,5.507812978352922,-1.920450119181283e-06
binary,CPA,378,0.945,Heavy_squalane,0.6049029669827612,0.36016155957341495,8.93063149586234e-07
binary,CPA,379,0.9475,H2O,1.186628485336105,5.527122886204685,-1.917706847806617e-06
binary,CPA,379,0.9475,Heavy_squalane,0.6054832537646848,0.3605070645614627,8.935766062637519e-07
binary,CPA,380,0.95,H2O,1.190775574531605,5.546439354574385,-1.914957950933354e-06
binary,CPA,380,0.95,Heavy_squalane,0.6060621290988343,0.36085172916806196,8.940862731179344e-07
binary,CPA,381,0.9525,H2O,1.194924065114066,5.565762350377095,-1.91221115712542e-06
binary,CPA,381,0.9525,Heavy_squalane,0.6066396001042142,0.3611955576318956,8.94592080608313e-07
binary,CPA,382,0.955,H2O,1.199073950039648,5.585091840803749,-1.909462636461315e-06
binary,CPA,382,0.955,Heavy_squalane,0.60721567384504,0.3615385541590246,8.950942968490897e-07
binary,CPA,383,0.9575,H2O,1.203225222314856,5.604427793279785,-1.906708389911649e-06
binary,CPA,383,0.9575,Heavy_squalane,0.6077903573301661,0.3618807229225479,8.955928337909262e-07
binary,CPA,384,0.96,H2O,1.207377875002287,5.623770175491904,-1.903954862754903e-06
binary,CPA,384,0.96,Heavy_squalane,0.6083636575145362,0.36222206806346596,8.960877700965197e-07
binary,CPA,385,0.9625,H2O,1.211531901217891,5.64311895537532,-1.901198222280117e-06
binary,CPA,385,0.9625,Heavy_squalane,0.6089355812994491,0.3625625936908386,8.965791750419266e-07
binary,CPA,386,0.965,H2O,1.215687294129481,5.662474101106813,-1.898441676510849e-06
binary,CPA,386,0.965,Heavy_squalane,0.6095061355329893,0.36290230388204164,8.970670285318022e-07
binary,CPA,387,0.9675,H2O,1.219844046957725,5.681835581109357,-1.89569058653745e-06
binary,CPA,387,0.9675,Heavy_squalane,0.6100753270107906,0.3632412026832219,8.975513465630985e-07
binary,CPA,388,0.97,H2O,1.224002152975954,5.701203364051218,-1.892935415734482e-06
binary,CPA,388,0.97,Heavy_squalane,0.6106431624766284,0.3635792941096491,8.980322118969056e-07
binary,CPA,389,0.9725,H2O,1.228161605507538,5.720577418833737,-1.890177744899394e-06
binary,CPA,389,0.9725,Heavy_squalane,0.611209648622672,0.36391658214586664,8.985096088006839e-07
binary,CPA,390,0.975,H2O,1.23232239792699,5.739957714596472,-1.887421155516378e-06
binary,CPA,390,0.975,Heavy_squalane,0.6117747920902374,0.3642530707461398,8.989835473221058e-07
binary,CPA,391,0.9775,H2O,1.236484523661106,5.759344220722506,-1.88466224462529e-06
binary,CPA,391,0.9775,Heavy_squalane,0.6123385994705365,0.3645887638349014,8.994541993292497e-07
binary,CPA,392,0.98,H2O,1.240647976182726,5.778736906809386,-1.881905014123554e-06
binary,CPA,392,0.98,Heavy_squalane,0.6129010773044172,0.36492366530659764,8.9992144173813e-07
binary,CPA,393,0.9825,H2O,1.24481274901689,5.7981357426977995,-1.879150245651888e-06
binary,CPA,393,0.9825,Heavy_squalane,0.613462232083776,0.36525777902652873,9.003853902291845e-07
binary,CPA,394,0.985,H2O,1.248978835737126,5.817540698454282,-1.87639652525705e-06
binary,CPA,394,0.985,Heavy_squalane,0.6140220702516271,0.3655911088308901,9.008461366857316e-07
binary,CPA,395,0.9875,H2O,1.253146229964241,5.83695174436559,-1.873640441753096e-06
binary,CPA,395,0.9875,Heavy_squalane,0.6145805982025039,0.3659236585270116,9.013037012031162e-07
binary,CPA,396,0.99,H2O,1.257314925365133,5.85636885093316,-1.870885020946954e-06
binary,CPA,396,0.99,Heavy_squalane,0.6151378222828572,0.3662554318935946,9.017579696873753e-07
binary,CPA,397,0.9925,H2O,1.261484915656635,5.875791988891023,-1.868129984969021e-06
binary,CPA,397,0.9925,Heavy_squalane,0.6156937487921184,0.3665864326813448,9.022090389134577e-07
binary,CPA,398,0.995,H2O,1.265656194601895,5.895221129188931,-1.865376839923454e-06
binary,CPA,398,0.995,Heavy_squalane,0.6162483839827576,0.366916664613007,9.026569741912332e-07
binary,CPA,399,0.9975,H2O,1.269828756009281,5.91465624298727,-1.862624908013686e-06
binary,CPA,399,0.9975,Heavy_squalane,0.6168017340606732,0.367246131383597,9.031017463031285e-07
binary,CPA,400,1.0,H2O,1.27400259373634,5.934097301675489,-1.85987398471277e-06
binary,CPA,400,1.0,Heavy_squalane,0.6173538051862436,0.367574836661028,9.035435957322472e-07
lmh,PR,0,0.0,H2O,0.0,0.0,0.0
lmh,PR,0,0.0,Light_nC4,0.0,0.0,0.0
lmh,PR,0,0.0,Middle_nC10,0.0,0.0,0.0
lmh,PR,0,0.0,Heavy_squalane,0.0,0.0,0.0
lmh,PR,1,0.0025,H2O,0.0005465125588044789,0.0023856629626858284,-6.561796661586072e-10
lmh,PR,1,0.0025,Light_nC4,6.457766629127728e-05,0.0025164177962492965,1.118223569296362e-12
lmh,PR,1,0.0025,Middle_nC10,0.000395904821053264,0.002520757436973393,2.111921748593204e-12
lmh,PR,1,0.0025,Heavy_squalane,0.002870632591138635,0.0025208978250528505,-8.50011208953445e-12
lmh,PR,2,0.005,H2O,0.001093021343444995,0.004771309450209218,-6.542338060189223e-10
lmh,PR,2,0.005,Light_nC4,0.0001291557273074262,0.005032850973864143,1.169640773124314e-12
lmh,PR,2,0.005,Middle_nC10,0.0007918122166258258,0.005041531266115615,2.42594833110843e-12
lmh,PR,2,0.005,Heavy_squalane,0.005741283880760992,0.00504181207051669,-6.934322493302076e-12
lmh,PR,3,0.0075,H2O,0.001639520719285287,0.00715691486598438,-5.596568208865449e-10
lmh,PR,3,0.0075,Light_nC4,0.0001937347779815306,0.007549322715785111,2.323197190179371e-12
lmh,PR,3,0.0075,Middle_nC10,0.001187726066112297,0.007562346187840243,6.44201358923624e-12
lmh,PR,3,0.0075,Heavy_squalane,0.008611982044518816,0.007562767479348673,-1.921592370360046e-11
lmh,PR,4,0.01,H2O,0.002186007989995453,0.009542467439862071,-5.652366630304329e-10
lmh,PR,4,0.01,Light_nC4,0.000258315103609297,0.010065844139217793,2.478062893773725e-12
lmh,PR,4,0.01,Middle_nC10,0.001583648229692052,0.010083214046057085,6.760619841728044e-12
lmh,PR,4,0.01,Heavy_squalane,0.01148274059265703,0.010083775915814237,-1.851258583640119e-11
lmh,PR,5,0.0125,H2O,0.002732481939634634,0.011927961863958643,-5.662013635721053e-10
lmh,PR,5,0.0125,Light_nC4,0.0003228968327943335,0.012582420255498565,2.472414634135944e-12
lmh,PR,5,0.0125,Middle_nC10,0.001979579545864869,0.012604140179560819,6.606271085729531e-12
lmh,PR,5,0.0125,Heavy_squalane,0.01435356561506872,0.01260484272786292,-1.963964235772412e-11
lmh,PR,6,0.015,H2O,0.003278941990591707,0.014313395616858184,-5.684832882213442e-10
lmh,PR,6,0.015,Light_nC4,0.0003874800272210186,0.015099053468301593,2.515730679331085e-12
lmh,PR,6,0.015,Middle_nC10,0.002375520416664396,0.01512512714813161,6.843692279545621e-12
lmh,PR,6,0.015,Heavy_squalane,0.01722446003161393,0.015125970479622525,-1.816023442912947e-11
lmh,PR,7,0.0175,H2O,0.00382538780356031,0.01669876721740421,-5.635757971411692e-10
lmh,PR,7,0.0175,Light_nC4,0.0004520647229674509,0.01761574518349324,2.521517716846944e-12
lmh,PR,7,0.0175,Middle_nC10,0.002771471077240806,0.017646176448989283,6.867645341301909e-12
lmh,PR,7,0.0175,Heavy_squalane,0.02009542555010914,0.017647160670842914,-1.802022983011392e-11
lmh,PR,8,0.02,H2O,0.004371819118608363,0.01908407553092867,-5.675602210430952e-10
lmh,PR,8,0.02,Light_nC4,0.0005166509479997108,0.02013249649083637,2.543208699190558e-12
lmh,PR,8,0.02,Middle_nC10,0.003167431709789373,0.020167289242185617,6.996514478885274e-12
lmh,PR,8,0.02,Heavy_squalane,0.0229664634937513,0.020168414463513383,-1.720087143866082e-11
lmh,PR,9,0.0225,H2O,0.004918235694997576,0.021469319506549192,-5.732059826790703e-10
lmh,PR,9,0.0225,Light_nC4,0.0005812387280861869,0.022649308394455718,2.550397393275006e-12
lmh,PR,9,0.0225,Middle_nC10,0.003563402482206775,0.022688466596732095,7.037842530976945e-12
lmh,PR,9,0.0225,Heavy_squalane,0.02583757508189193,0.022689732928429466,-1.693665663132646e-11
lmh,PR,10,0.025,H2O,0.005464637295511963,0.023854498108759104,-5.75682890247009e-10
lmh,PR,10,0.025,Light_nC4,0.0006458280886785687,0.02516618188613509,2.545352817406865e-12
lmh,PR,10,0.025,Middle_nC10,0.003959383560309971,0.02520970956839846,7.005063196174888e-12
lmh,PR,10,0.025,Heavy_squalane,0.02870876151877281,0.02521111712311783,-1.714763849223847e-11
lmh,PR,11,0.0275,H2O,0.006011023684829691,0.02623961031032021,-5.728857943587684e-10
lmh,PR,11,0.0275,Light_nC4,0.0007104190550929814,0.02768311795237574,2.566433177086935e-12
lmh,PR,11,0.0275,Middle_nC10,0.004355375109015606,0.0277310192072221,7.133849067031406e-12
lmh,PR,11,0.0275,Heavy_squalane,0.03158002400209166,0.02773256809935834,-1.632672016096347e-11
lmh,PR,12,0.03,H2O,0.006557394631509446,0.028624655100933726,-5.746906284187503e-10
lmh,PR,12,0.03,Light_nC4,0.0007750116520763713,0.030200117557499535,2.569132406815555e-12
lmh,PR,12,0.03,Middle_nC10,0.004751377289558891,0.030252396539800393,7.149614233981083e-12
lmh,PR,12,0.03,Heavy_squalane,0.03445136370281209,0.03025408688545383,-1.622668901988411e-11
lmh,PR,13,0.0325,H2O,0.007103749912900617,0.031009631508674477,-5.757420651342215e-10
lmh,PR,13,0.0325,Light_nC4,0.0008396059035240991,0.032717181632644345,2.548822264358819e-12
lmh,PR,13,0.0325,Middle_nC10,0.005147390257603772,0.03277384255725805,7.025047210618141e-12
lmh,PR,13,0.0325,Heavy_squalane,0.03732278175142908,0.03277567447416886,-1.701913844940944e-11
lmh,PR,14,0.035,H2O,0.007650089318824316,0.03339453861605944,-5.780020906342997e-10
lmh,PR,14,0.035,Light_nC4,0.0009042018321431318,0.03523431106263955,2.568428109084309e-12
lmh,PR,14,0.035,Middle_nC10,0.005543414161036353,0.03529535820119765,7.145006808428889e-12
lmh,PR,14,0.035,Heavy_squalane,0.04019427922194095,0.035297331808654464,-1.625808280879986e-11
lmh,PR,15,0.0375,H2O,0.008196412652482667,0.03577937556401706,-5.41072464610437e-10
lmh,PR,15,0.0375,Light_nC4,0.0009687994589612873,0.03775150666688259,3.172993465194729e-11
lmh,PR,15,0.0375,Middle_nC10,0.005939449136846453,0.037816944343844236,1.979313934974414e-11
lmh,PR,15,0.0375,Heavy_squalane,0.0430658571092163,0.037819059762572445,-1.672179442010748e-10
lmh,PR,16,0.04,H2O,0.008742719734673126,0.038164141570283736,-5.208981579407634e-10
lmh,PR,16,0.04,Light_nC4,0.001033398803424784,0.04026876920314025,5.443595574305959e-11
lmh,PR,16,0.04,Middle_nC10,0.006335495311652289,0.04033860179138606,3.020722560975742e-11
lmh,PR,16,0.04,Heavy_squalane,0.04593751633278369,0.0403408591434234,-2.840215582454997e-10
lmh,PR,17,0.0425,H2O,0.009289010402922395,0.04054883592562321,-4.98140806381997e-10
lmh,PR,17,0.0425,Light_nC4,0.001097999883053291,0.04278609935410687,7.240538030250931e-11
lmh,PR,17,0.0425,Middle_nC10,0.006731552799541375,0.04286033127022738,3.901395873029401e-11
lmh,PR,17,0.0425,Heavy_squalane,0.0488092577211677,0.04286273067879115,-3.765094153235766e-10
lmh,PR,18,0.045,H2O,0.009835284512825847,0.042933457999673436,-4.732807479257417e-10
lmh,PR,18,0.045,Light_nC4,0.001162602713524273,0.04530349773069104,8.679490112739607e-11
lmh,PR,18,0.045,Middle_nC10,0.007127621702574305,0.045382133430196106,4.682768062203024e-11
lmh,PR,18,0.045,Heavy_squalane,0.05168108201553931,0.045384675019548376,-4.500369838363671e-10
lmh,PR,19,0.0475,H2O,0.01038154193693813,0.045318007236103824,-4.633271544207673e-10
lmh,PR,19,0.0475,Light_nC4,0.001227207308589453,0.04782096486876037,9.845551457443591e-11
lmh,PR,19,0.0475,Middle_nC10,0.007523702110281644,0.04790400884134045,5.357120302917906e-11
lmh,PR,19,0.0475,Heavy_squalane,0.05455298986606991,0.047906692736654814,-5.114110611967327e-10
lmh,PR,20,0.05,H2O,0.0109277825652955,0.04770248315489534,-4.557840216357079e-10
lmh,PR,20,0.05,Light_nC4,0.001291813680283348,0.05033850123726761,1.080154091170904e-10
lmh,PR,20,0.05,Middle_nC10,0.007919794100969655,0.050425958002242616,5.950381853914166e-11
lmh,PR,20,0.05,Heavy_squalane,0.05742498184140461,0.050428784329476437,-5.632673607262516e-10
lmh,PR,21,0.0525,H2O,0.01147400630418731,0.05008688534697774,-4.537075715127514e-10
lmh,PR,21,0.0525,Light_nC4,0.001356421838998222,0.05285610724117129,1.159485910062763e-10
lmh,PR,21,0.0525,Middle_nC10,0.008315897742220538,0.052947981343203825,6.507414052059346e-11
lmh,PR,21,0.0525,Heavy_squalane,0.06029705843229767,0.05295095022897794,-6.056994788142381e-10
lmh,PR,22,0.055,H2O,0.01202021307413536,0.05247121346540898,-4.487161198163392e-10
lmh,PR,22,0.055,Light_nC4,0.001421031793517105,0.05537378322272245,1.226195672776598e-10
lmh,PR,22,0.055,Middle_nC10,0.008712013091145054,0.05547007922785284,7.030431792287573e-11
lmh,PR,22,0.055,Heavy_squalane,0.06316922005345459,0.055473190799340454,-6.406723546588529e-10
lmh,PR,23,0.0575,H2O,0.01256640280861127,0.054855467219776154,-4.367601280641509e-10
lmh,PR,23,0.0575,Light_nC4,0.001485643551158794,0.0578915294671149,1.282325842733023e-10
lmh,PR,23,0.0575,Middle_nC10,0.009108140195326183,0.05799225195915427,7.491193776409943e-11
lmh,PR,23,0.0575,Heavy_squalane,0.0660414670503854,0.05799550634397986,-6.715669628315873e-10
lmh,PR,24,0.06,H2O,0.01311257545372395,0.05723964637483126,-4.371782380552247e-10
lmh,PR,24,0.06,Light_nC4,0.001550257118052473,0.06040934621318645,1.329853276110793e-10
lmh,PR,24,0.06,Middle_nC10,0.009504279094560196,0.060514499790494135,7.908104726617182e-11
lmh,PR,24,0.06,Heavy_squalane,0.06891379971204066,0.06051789711664329,-6.983536644758251e-10
lmh,PR,25,0.0625,H2O,0.0136587309662076,0.05962375074170837,-4.344920534471441e-10
lmh,PR,25,0.0625,Light_nC4,0.001614872499208086,0.06292723365616112,1.370919766596757e-10
lmh,PR,25,0.0625,Middle_nC10,0.009900429821344854,0.06303682292878826,8.297854070526967e-11
lmh,PR,25,0.0625,Heavy_squalane,0.07178621827436275,0.06304036332452782,-7.209224838341225e-10
lmh,PR,26,0.065,H2O,0.01420486931123166,0.06200778016836344,-4.274627873890324e-10
lmh,PR,26,0.065,Light_nC4,0.001679489698554322,0.06544519194912936,1.405849013591531e-10
lmh,PR,26,0.065,Middle_nC10,0.01029659240116697,0.06555922153631319,8.618453173347973e-11
lmh,PR,26,0.065,Heavy_squalane,0.07465872292238206,0.0655629051301212,-7.427054835071376e-10
lmh,PR,27,0.0675,H2O,0.01475099046371036,0.06439173454529085,-4.287672439318158e-10
lmh,PR,27,0.0675,Light_nC4,0.001744108719373672,0.067963221220001,1.436826178868866e-10
lmh,PR,27,0.0675,Middle_nC10,0.01069276685522125,0.06808169574801734,8.952380503579604e-11
lmh,PR,27,0.0675,Heavy_squalane,0.07753131380994109,0.06808552266852302,-7.590932363136329e-10
lmh,PR,28,0.07,H2O,0.01529709440349668,0.06677561378454384,-4.233335904046953e-10
lmh,PR,28,0.07,Light_nC4,0.00180872956399169,0.07048132155939658,1.463669151158253e-10
lmh,PR,28,0.07,Middle_nC10,0.01108895319855254,0.0706042456596924,9.241088450018253e-11
lmh,PR,28,0.07,Heavy_squalane,0.08040399104623405,0.07060821603562416,-7.743716769142794e-10
lmh,PR,29,0.0725,H2O,0.01584318111734808,0.06915941782831549,-4.153318244881632e-10
lmh,PR,29,0.0725,Light_nC4,0.001873352234243232,0.07299949303881556,1.48726125165366e-10
lmh,PR,29,0.0725,Middle_nC10,0.01148515144295731,0.07312687134644745,9.504358411405178e-11
lmh,PR,29,0.0725,Heavy_squalane,0.08327675471685356,0.07313098530658929,-7.877713649919248e-10
lmh,PR,30,0.075,H2O,0.01638925059664444,0.07154314663897678,-4.130399910984295e-10
lmh,PR,30,0.075,Light_nC4,0.001937976731409891,0.07551773570819813,1.508088029456012e-10
lmh,PR,30,0.075,Middle_nC10,0.01188136159663816,0.0756495728605091,9.741377149374841e-11
lmh,PR,30,0.075,Heavy_squalane,0.08614960488129311,0.07565383053366372,-7.997731519966697e-10
lmh,PR,31,0.0775,H2O,0.0169353028370358,0.07392680019753908,-4.089653615757527e-10
lmh,PR,31,0.0775,Light_nC4,0.002002603056360389,0.07803604960139605,1.526691204012387e-10
lmh,PR,31,0.0775,Middle_nC10,0.01227758366509802,0.07817235023691493,9.964604141821098e-11
lmh,PR,31,0.0775,Heavy_squalane,0.08902254157943776,0.0781767517518732,-8.099745734544642e-10
lmh,PR,32,0.08,H2O,0.01748133783731506,0.07631037849873311,-4.100859651856581e-10
lmh,PR,32,0.08,Light_nC4,0.002067231209575978,0.08055443473716244,1.543333690012805e-10
lmh,PR,32,0.08,Middle_nC10,0.01267381765132507,0.08069520349469092,1.016844108914228e-10
lmh,PR,32,0.08,Heavy_squalane,0.09189556483291056,0.08069974898020645,-8.190569330825229e-10
lmh,PR,33,0.0825,H2O,0.01802735559881674,0.07869388154838436,-4.167919898101502e-10
lmh,PR,33,0.0825,Light_nC4,0.002131861191215952,0.08307289112170453,1.557845762112375e-10
lmh,PR,33,0.0825,Middle_nC10,0.01307006355621945,0.08321813263956834,1.033119978455233e-10
lmh,PR,33,0.0825,Heavy_squalane,0.09476867464817178,0.08322282222433663,-8.287010660389434e-10
lmh,PR,34,0.085,H2O,0.01857335612572712,0.08107730936476697,-4.156547328548754e-10
lmh,PR,34,0.085,Light_nC4,0.00219649300127126,0.08559141875466963,1.570795021832438e-10
lmh,PR,34,0.085,Middle_nC10,0.01346632137955652,0.08574113767011689,1.047417153010599e-10
lmh,PR,34,0.085,Heavy_squalane,0.09764187102350773,0.08574597148275886,-8.378134545085738e-10
lmh,PR,35,0.0875,H2O,0.01911933942405328,0.08346066197410337,-4.091013638962693e-10
lmh,PR,35,0.0875,Light_nC4,0.002261126639541382,0.08811001762824404,1.582734325544788e-10
lmh,PR,35,0.0875,Middle_nC10,0.01386259111986328,0.08826421857695786,1.061911392152837e-10
lmh,PR,35,0.0875,Heavy_squalane,0.1005151539481381,0.08826919674600622,-8.452258985572883e-10
lmh,PR,36,0.09,H2O,0.01966530550096304,0.08584393940768285,-4.055097924116069e-10
lmh,PR,36,0.09,Light_nC4,0.002325762105639499,0.09062868772735444,1.593819035083932e-10
lmh,PR,36,0.09,Middle_nC10,0.0142588727744653,0.09078737534306294,1.076781996900422e-10
lmh,PR,36,0.09,Heavy_squalane,0.1033885234025594,0.09079249799695133,-8.510222449505141e-10
lmh,PR,37,0.0925,H2O,0.02021125436403484,0.0882271416985872,-4.080075166612573e-10
lmh,PR,37,0.0925,Light_nC4,0.002390399398972198,0.09314742902887713,1.603286323148545e-10
lmh,PR,37,0.0925,Middle_nC10,0.01465516633937491,0.09331060794304233,1.086967182928333e-10
lmh,PR,37,0.0925,Heavy_squalane,0.106261979357737,0.09331587521009695,-8.58587368109297e-10
lmh,PR,38,0.095,H2O,0.02075718602339732,0.09061026889103044,-3.959860772617674e-10
lmh,PR,38,0.095,Light_nC4,0.002455038519051274,0.09566624151378807,1.612430432229583e-10
lmh,PR,38,0.095,Middle_nC10,0.01505147181121352,0.09583391635538424,1.099515201108403e-10
lmh,PR,38,0.095,Heavy_squalane,0.1091355217890455,0.0958393283638178,-8.635821004265439e-10
lmh,PR,39,0.0975,H2O,0.02130310048842871,0.09299332102595086,-3.948492643957024e-10
lmh,PR,39,0.0975,Light_nC4,0.002519679465148646,0.09818512515371593,1.620837838944844e-10
lmh,PR,39,0.0975,Middle_nC10,0.01544778918510433,0.09835730054903774,1.111172820422723e-10
lmh,PR,39,0.0975,Heavy_squalane,0.1120091506609907,0.09836285742694405,-8.682016672166237e-10
lmh,PR,40,0.1,H2O,0.02184899776950144,0.09537629814862669,-4.027547184648483e-10
lmh,PR,40,0.1,Light_nC4,0.002584322236540853,0.10070407992046934,1.628586918100972e-10
lmh,PR,40,0.1,Middle_nC10,0.01584411845617829,0.1008807604930012,1.122306414469421e-10
lmh,PR,40,0.1,Heavy_squalane,0.1148828659381306,0.10088646236835164,-8.723144485570638e-10
lmh,PR,41,0.1025,H2O,0.0223948778772356,0.0977592003054173,-3.96450705597573e-10
lmh,PR,41,0.1025,Light_nC4,0.00264896683245188,0.10322310578380912,1.635679335032503e-10
lmh,PR,41,0.1025,Middle_nC10,0.01624045961922928,0.10340429615412682,1.132405003101411e-10
lmh,PR,41,0.1025,Heavy_squalane,0.1177566675825763,0.10341014315476775,-8.763309036135015e-10
lmh,PR,42,0.105,H2O,0.02294074082232002,0.10014202754298202,-3.969009565452097e-10
lmh,PR,42,0.105,Light_nC4,0.002713613252057902,0.10574220271163302,1.641859738443774e-10
lmh,PR,42,0.105,Middle_nC10,0.01663681266874792,0.10592790749733592,1.139701388819248e-10
lmh,PR,42,0.105,Heavy_squalane,0.1206305555542383,0.10593389975098706,-8.814642755824197e-10
lmh,PR,43,0.1075,H2O,0.02348658661636202,0.10252477991198973,-3.962996042439215e-10
lmh,PR,43,0.1075,Light_nC4,0.002778261494607749,0.10826137067466995,1.647818305416937e-10
lmh,PR,43,0.1075,Middle_nC10,0.01703317759966381,0.10845159449034493,1.147908434973033e-10
lmh,PR,43,0.1075,Heavy_squalane,0.1235045298162086,0.10845773212459817,-8.853994187756408e-10
lmh,PR,44,0.11,H2O,0.02403241527063671,0.10490745746165905,-3.967361439372041e-10
lmh,PR,44,0.11,Light_nC4,0.0028429115592901,0.11078060964130494,1.653687985159191e-10
lmh,PR,44,0.11,Middle_nC10,0.01742955440653408,0.11097535709849861,1.15772058606467e-10
lmh,PR,44,0.11,Heavy_squalane,0.126378590328878,0.1109816402408175,-8.877633125832529e-10
lmh,PR,45,0.1125,H2O,0.02457822679577903,0.10729006023841418,-3.885652910540216e-10
lmh,PR,45,0.1125,Light_nC4,0.002907563445209839,0.11329991957665772,1.658837060769525e-10
lmh,PR,45,0.1125,Middle_nC10,0.01782594308340078,0.11349919528386221,1.164911223039411e-10
lmh,PR,45,0.1125,Heavy_squalane,0.1292527370489022,0.11350562406158152,-8.912893615581807e-10
lmh,PR,46,0.115,H2O,0.02512402120333719,0.10967258829266589,-3.778503065987593e-10
lmh,PR,46,0.115,Light_nC4,0.002972217151580856,0.11581930045009567,1.66366035531107e-10
lmh,PR,46,0.115,Middle_nC10,0.01822234362497455,0.116023109012758,1.171973629254808e-10
lmh,PR,46,0.115,Heavy_squalane,0.1321269699377852,0.11602968355308424,-8.94431665336921e-10
lmh,PR,47,0.1175,H2O,0.02566979850423007,0.1120550416720778,-3.772909762389531e-10
lmh,PR,47,0.1175,Light_nC4,0.003036872677552397,0.11833875222846724,1.667950499939508e-10
lmh,PR,47,0.1175,Middle_nC10,0.01861875602557162,0.11854709824899695,1.177120900752726e-10
lmh,PR,47,0.1175,Heavy_squalane,0.1350012889541714,0.11855381867900852,-8.983652485903202e-10
lmh,PR,48,0.12,H2O,0.02621555870999353,0.11443742042700682,-3.778362622774978e-10
lmh,PR,48,0.12,Light_nC4,0.003101530022359867,0.1208582748819782,1.672218440107454e-10
lmh,PR,48,0.12,Middle_nC10,0.01901518028003899,0.12107116295976947,1.183536879612035e-10
lmh,PR,48,0.12,Heavy_squalane,0.1378756940605544,0.12107802940641739,-9.010998230981114e-10
lmh,PR,49,0.1225,H2O,0.02676130183126715,0.11681972460389733,-3.73977904200018e-10
lmh,PR,49,0.1225,Light_nC4,0.003166189185153431,0.12337786837751279,1.676076950840599e-10
lmh,PR,49,0.1225,Middle_nC10,0.01941161638270501,0.12359530310896373,1.188566745025099e-10
lmh,PR,49,0.1225,Heavy_squalane,0.140750185215668,0.12360231569907226,-9.043531750929232e-10
lmh,PR,50,0.125,H2O,0.02730702787914474,0.11920195425117659,-3.704089812650579e-10
lmh,PR,50,0.125,Light_nC4,0.003230850165156799,0.12589753268482107,1.679738639848161e-10
lmh,PR,50,0.125,Middle_nC10,0.01980806432835262,0.12611951866336232,1.193537768617858e-10
lmh,PR,50,0.125,Heavy_squalane,0.1436247623815432,0.1261266775236299,-9.073050687171528e-10
lmh,PR,51,0.1275,H2O,0.02785273686456234,0.12158410941658312,-3.77891773428729e-10
lmh,PR,51,0.1275,Light_nC4,0.003295512961601798,0.12841726777396936,1.683361401660921e-10
lmh,PR,51,0.1275,Middle_nC10,0.0202045241118196,0.12864380959009694,1.199511046046098e-10
lmh,PR,51,0.1275,Heavy_squalane,0.1464994255206094,0.12865111484709704,-9.093040341026791e-10
lmh,PR,52,0.13,H2O,0.02839842879788891,0.12396619014538,-3.881741594824462e-10
lmh,PR,52,0.13,Light_nC4,0.003360177573678483,0.13093707361339632,1.686637704501059e-10
lmh,PR,52,0.13,Middle_nC10,0.02060099572769232,0.13116817585469862,1.204252531028516e-10
lmh,PR,52,0.13,Heavy_squalane,0.1493741745934744,0.13117562763488072,-9.117952579982538e-10
lmh,PR,53,0.1325,H2O,0.02894410368976955,0.12634819648403575,-3.889608080065443e-10
lmh,PR,53,0.1325,Light_nC4,0.003424844000636596,0.13345695017386647,1.689715450892137e-10
lmh,PR,53,0.1325,Middle_nC10,0.02099747917092818,0.13369261742506067,1.20841947559569e-10
lmh,PR,53,0.1325,Heavy_squalane,0.1522490095634371,0.1337002158547512,-9.143821257041588e-10
lmh,PR,54,0.135,H2O,0.0294897615506996,0.1287301284783651,-3.88438170517702e-10
lmh,PR,54,0.135,Light_nC4,0.003489512241734413,0.13597689742647673,1.692626455662705e-10
lmh,PR,54,0.135,Middle_nC10,0.02139397443654179,0.13621713426944074,1.212501765657237e-10
lmh,PR,54,0.135,Heavy_squalane,0.1551239303942127,0.13622487947484432,-9.1677107604516e-10
lmh,PR,55,0.1375,H2O,0.03003540239145832,0.13111198617542225,-3.865665565427889e-10
lmh,PR,55,0.1375,Light_nC4,0.003554182296290368,0.13849691534466835,1.695997682571448e-10
lmh,PR,55,0.1375,Middle_nC10,0.02179048151992158,0.13874172635847662,1.219845058297864e-10
lmh,PR,55,0.1375,Heavy_squalane,0.1579989370522273,0.13874961846567654,-9.168478055851498e-10
lmh,PR,56,0.14,H2O,0.0305810262213869,0.13349376961598375,-3.896418188098494e-10
lmh,PR,56,0.14,Light_nC4,0.003618854163477219,0.14101700389620594,1.698771089075901e-10
lmh,PR,56,0.14,Middle_nC10,0.02218700041556739,0.14126639365714835,1.224245427255966e-10
lmh,PR,56,0.14,Heavy_squalane,0.1608740294974657,0.14127443279210783,-9.185778763438761e-10
lmh,PR,57,0.1425,H2O,0.03112663305059822,0.13587547884419487,-3.889570332482606e-10
lmh,PR,57,0.1425,Light_nC4,0.003683527842583608,0.14353716305336978,1.701015543698059e-10
lmh,PR,57,0.1425,Middle_nC10,0.02258353111869417,0.1437911361349891,1.225857471087721e-10
lmh,PR,57,0.1425,Heavy_squalane,0.1637492076950983,0.1437993224235519,-9.218796839694056e-10
lmh,PR,58,0.145,H2O,0.03167222288996296,0.1382571139075088,-3.906995282854098e-10
lmh,PR,58,0.145,Light_nC4,0.003748203333012941,0.14605739279291222,1.703773233607819e-10
lmh,PR,58,0.145,Middle_nC10,0.02298007362522516,0.14631595376604184,1.23119320294407e-10
lmh,PR,58,0.145,Heavy_squalane,0.1666244716154326,0.14632428733393377,-9.226220203321525e-10
lmh,PR,59,0.1475,H2O,0.03221779574893763,0.14063867484720557,-3.830059047693624e-10
lmh,PR,59,0.1475,Light_nC4,0.003812880634024625,0.14857769308597435,1.706573216075924e-10
lmh,PR,59,0.1475,Middle_nC10,0.02337662793020511,0.14884084651875612,1.237260016662134e-10
lmh,PR,59,0.1475,Heavy_squalane,0.169499821222407,0.14884932749158533,-9.227196140672601e-10
lmh,PR,60,0.15,H2O,0.03276335163686521,0.14302016170406964,-3.861097552793069e-10
lmh,PR,60,0.15,Light_nC4,0.003877559744889048,0.15109806390412514,1.708886677997956e-10
lmh,PR,60,0.15,Middle_nC10,0.02377319402875068,0.15136581436203927,1.241063085632987e-10
lmh,PR,60,0.15,Heavy_squalane,0.1723752564804824,0.15137444286529722,-9.24091093659427e-10
lmh,PR,61,0.1525,H2O,0.03330889056339063,0.14540157452020344,-3.925649805225362e-10
lmh,PR,61,0.1525,Light_nC4,0.003942240664937827,0.1536185052213195,1.710794700349183e-10
lmh,PR,61,0.1525,Middle_nC10,0.02416977191635866,0.15389085726721904,1.242589642291847e-10
lmh,PR,61,0.1525,Heavy_squalane,0.1752507773568768,0.15389963342628135,-9.267607356721315e-10
lmh,PR,62,0.155,H2O,0.03385441253853323,0.14778291333934399,-3.914056856402226e-10
lmh,PR,62,0.155,Light_nC4,0.00400692339356932,0.1561390170141131,1.712839627077134e-10
lmh,PR,62,0.155,Middle_nC10,0.02456636158893922,0.15641597520825518,1.2453196807094e-10
lmh,PR,62,0.155,Heavy_squalane,0.1781263838218068,0.15642489914838287,-9.285170329191135e-10
lmh,PR,63,0.1575,H2O,0.03439991757181678,0.1501641782030648,-3.915503477003313e-10
lmh,PR,63,0.1575,Light_nC4,0.004071607930145011,0.15865959925762463,1.715109929079084e-10
lmh,PR,63,0.1575,Middle_nC10,0.02496296304218053,0.15894116815769388,1.249862158214654e-10
lmh,PR,63,0.1575,Heavy_squalane,0.18100207584388,0.15895024000403407,-9.289877447603719e-10
lmh,PR,64,0.16,H2O,0.03494540567187912,0.15254536914907224,-3.999298114898409e-10
lmh,PR,64,0.16,Light_nC4,0.004136294273941105,0.1611802519236498,1.716780537175389e-10
lmh,PR,64,0.16,Middle_nC10,0.0253595762712516,0.16146643608477582,1.251004300151237e-10
lmh,PR,64,0.16,Heavy_squalane,0.1838778533879404,0.16147565596236196,-9.314929106181047e-10
lmh,PR,65,0.1625,H2O,0.03549087684867642,0.15492648622082747,-3.930611947033924e-10
lmh,PR,65,0.1625,Light_nC4,0.004200982424409682,0.1637009749908376,1.718667777539373e-10
lmh,PR,65,0.1625,Middle_nC10,0.02575620127240342,0.1639917789656308,1.253789017052753e-10
lmh,PR,65,0.1625,Heavy_squalane,0.1867537164266782,0.164001146999384,-9.32834458864939e-10
lmh,PR,66,0.165,H2O,0.0360363311113149,0.15730752945808138,-4.009000353910608e-10
lmh,PR,66,0.165,Light_nC4,0.004265672380920234,0.16622176843461886,1.720686614026246e-10
lmh,PR,66,0.165,Middle_nC10,0.02615283804138405,0.1665171967731864,1.25766980163533e-10
lmh,PR,66,0.165,Heavy_squalane,0.1896296649291375,0.16652671308791572,-9.333645459156685e-10
lmh,PR,67,0.1675,H2O,0.03658176846849687,0.1596884988988217,-3.997427944213428e-10
lmh,PR,67,0.1675,Light_nC4,0.004330364142812266,0.16874263222925587,1.722364161016454e-10
lmh,PR,67,0.1675,Middle_nC10,0.026549486573761,0.16904268947922058,1.25976395981553e-10
lmh,PR,67,0.1675,Heavy_squalane,0.1925056988630544,0.16905235419962397,-9.349260456773907e-10
lmh,PR,68,0.17,H2O,0.03712718892943589,0.16206939458326794,-3.956699967666566e-10
lmh,PR,68,0.17,Light_nC4,0.004395057709502314,0.1712635663520126,1.723945708409502e-10
lmh,PR,68,0.17,Middle_nC10,0.02694614686557719,0.17156825705853826,1.26143345768881e-10
lmh,PR,68,0.17,Heavy_squalane,0.1953818181996122,0.17157807030920286,-9.366601137819105e-10
lmh,PR,69,0.1725,H2O,0.03767259250340692,0.16445021655190756,-3.899551792585498e-10
lmh,PR,69,0.1725,Light_nC4,0.004459753080430976,0.17378457078109064,1.725803562557804e-10
lmh,PR,69,0.1725,Middle_nC10,0.02734281891302621,0.1740938994869038,1.265052507193332e-10
lmh,PR,69,0.1725,Heavy_squalane,0.1982580229110878,0.1741038613923068,-9.370568259778676e-10
lmh,PR,70,0.175,H2O,0.03821797919891416,0.16683096484186358,-3.940124893020425e-10
lmh,PR,70,0.175,Light_nC4,0.004524450254962222,0.17630564549170563,1.727496201642253e-10
lmh,PR,70,0.175,Middle_nC10,0.0277395027118346,0.17661961673710766,1.267877747235246e-10
lmh,PR,70,0.175,Heavy_squalane,0.2011343129663722,0.17662972742161692,-9.3786848216645e-10
lmh,PR,71,0.1775,H2O,0.03876334902454981,0.169211639490643,-3.924849889536119e-10
lmh,PR,71,0.1775,Light_nC4,0.004589149232486075,0.17882679046008845,1.728759253805112e-10
lmh,PR,71,0.1775,Middle_nC10,0.02813619825789156,0.1791454087829761,1.268323224223877e-10
lmh,PR,71,0.1775,Heavy_squalane,0.2040106883355363,0.17915566837085042,-9.401104081792373e-10
lmh,PR,72,0.18,H2O,0.03930870198944679,0.1715922405381133,-3.833148243259643e-10
lmh,PR,72,0.18,Light_nC4,0.004653850012471734,0.18134800566555515,1.730060920912546e-10
lmh,PR,72,0.18,Middle_nC10,0.02853290554757457,0.18167127560144422,1.269231386658021e-10
lmh,PR,72,0.18,Heavy_squalane,0.2068871489921922,0.18168168421683434,-9.419796060708292e-10
lmh,PR,73,0.1825,H2O,0.0398540381024344,0.17397276802281664,-3.964694128555379e-10
lmh,PR,73,0.1825,Light_nC4,0.004718552594365944,0.18386929108654687,1.731594069520614e-10
lmh,PR,73,0.1825,Middle_nC10,0.02892962457712601,0.184197217168587,1.271672489533415e-10
lmh,PR,73,0.1825,Heavy_squalane,0.209763694908973,0.18420777493553583,-9.42796234567594e-10
lmh,PR,74,0.185,H2O,0.04039935737160353,0.17635322198007167,-4.040546786043819e-10
lmh,PR,74,0.185,Light_nC4,0.004783256977541202,0.18639064669861158,1.73271869075009e-10
lmh,PR,74,0.185,Middle_nC10,0.0293263553423355,0.1867232334575966,1.271805993852126e-10
lmh,PR,74,0.185,Heavy_squalane,0.2126403260552293,0.18673394050003966,-9.450066692952267e-10
lmh,PR,75,0.1875,H2O,0.04094465980607723,0.1787336024497028,-4.029895306345566e-10
lmh,PR,75,0.1875,Light_nC4,0.004847963161505231,0.18891207248256653,1.734104491946109e-10
lmh,PR,75,0.1875,Middle_nC10,0.02972309783982422,0.18924932444695977,1.273716132565994e-10
lmh,PR,75,0.1875,Heavy_squalane,0.2155170424063419,0.18926018088872598,-9.460159503599962e-10
lmh,PR,76,0.19,H2O,0.04148994541425693,0.18111390946838438,-4.065929815055824e-10
lmh,PR,76,0.19,Light_nC4,0.004912671145692753,0.19143356841638431,1.735633338439957e-10
lmh,PR,76,0.19,Middle_nC10,0.03011985206576812,0.19177549011232847,1.276656003135201e-10
lmh,PR,76,0.19,Heavy_squalane,0.2183938439344638,0.1917864960771405,-9.463031742797034e-10
lmh,PR,77,0.1925,H2O,0.04203521420427823,0.18349414307163028,-4.097555628135297e-10
lmh,PR,77,0.1925,Light_nC4,0.004977380929518849,0.19395513447727228,1.736933895324366e-10
lmh,PR,77,0.1925,Middle_nC10,0.03051661801622494,0.1943017304286021,1.278337713461752e-10
lmh,PR,77,0.1925,Heavy_squalane,0.2212707306108914,0.19431288604007657,-9.473290297050806e-10
lmh,PR,78,0.195,H2O,0.04258046618486465,0.1858743032975209,-4.144096177327583e-10
lmh,PR,78,0.195,Light_nC4,0.005042092512481266,0.19647677064565894,1.738396301909084e-10
lmh,PR,78,0.195,Middle_nC10,0.03091339568776176,0.19682804537392293,1.281178496626012e-10
lmh,PR,78,0.195,Heavy_squalane,0.2241477024106148,0.19683935075557135,-9.475532710544789e-10
lmh,PR,79,0.1975,H2O,0.04312570136403455,0.18825439018105827,-4.040658918569306e-10
lmh,PR,79,0.1975,Light_nC4,0.00510680589400595,0.19899847689917496,1.739653594790003e-10
lmh,PR,79,0.1975,Middle_nC10,0.03131018507650761,0.19935443492364416,1.282855766060464e-10
lmh,PR,79,0.1975,Heavy_squalane,0.2270247593054484,0.19936589019887313,-9.484636909330353e-10
lmh,PR,80,0.2,H2O,0.04367091975000567,0.19063440375811497,-4.050044744019488e-10
lmh,PR,80,0.2,Light_nC4,0.005171521073553261,0.20152025321679204,1.740621535795128e-10
lmh,PR,80,0.2,Middle_nC10,0.03170698617880458,0.20188089905447565,1.28285826406227e-10
lmh,PR,80,0.2,Heavy_squalane,0.2299019012687518,0.20189250434658715,-9.503839768537945e-10
lmh,PR,81,0.2025,H2O,0.04421612135160634,0.19301434406722878,-3.946558635448127e-10
lmh,PR,81,0.2025,Light_nC4,0.00523623805066791,0.20404209958076877,1.742003381821622e-10
lmh,PR,81,0.2025,Middle_nC10,0.0321037989915142,0.20440743774643447,1.285504341863586e-10
lmh,PR,81,0.2025,Heavy_squalane,0.2327791282776517,0.20441919317862683,-9.505668797979122e-10
lmh,PR,82,0.205,H2O,0.04476130617651917,0.19539421114193622,-4.003427589438502e-10
lmh,PR,82,0.205,Light_nC4,0.005300956824770534,0.20656401596852897,1.743204920690022e-10
lmh,PR,82,0.205,Middle_nC10,0.03250062351073947,0.20693405097470813,1.287185635856503e-10
lmh,PR,82,0.205,Heavy_squalane,0.2356564403037751,0.20694595667007587,-9.513141884688415e-10
lmh,PR,83,0.2075,H2O,0.0453064742330671,0.197774005018569,-3.979397922293515e-10
lmh,PR,83,0.2075,Light_nC4,0.005365677395368374,0.2090860023608711,1.744459056374215e-10
lmh,PR,83,0.2075,Middle_nC10,0.03289745973311641,0.2094607387178779,1.289289786043923e-10
lmh,PR,83,0.2075,Heavy_squalane,0.2385338373226144,0.20947279479941253,-9.517448293559248e-10
lmh,PR,84,0.21,H2O,0.04585162552934115,0.2001537257324464,-4.012410403930744e-10
lmh,PR,84,0.21,Light_nC4,0.005430399761951513,0.21160805873792513,1.745773560435371e-10
lmh,PR,84,0.21,Middle_nC10,0.0332943076551778,0.2119875009538677,1.291856899232613e-10
lmh,PR,84,0.21,Heavy_squalane,0.2414113193089139,0.21199970754445802,-9.51830821038607e-10
lmh,PR,85,0.2125,H2O,0.04639676007318928,0.20253337331782678,-4.104382389513717e-10
lmh,PR,85,0.2125,Light_nC4,0.005495123923991994,0.21413018507911796,1.746923057599492e-10
lmh,PR,85,0.2125,Middle_nC10,0.03369116727334784,0.2145143376599101,1.293528617551942e-10
lmh,PR,85,0.2125,Heavy_squalane,0.244288886236631,0.21452669488234255,-9.524433899074195e-10
lmh,PR,86,0.215,H2O,0.04694187787267891,0.20491294780992636,-4.053135604920044e-10
lmh,PR,86,0.215,Light_nC4,0.005559849880997719,0.21665238136527382,1.748007294466447e-10
lmh,PR,86,0.215,Middle_nC10,0.03408803858427246,0.21704124881464953,1.294864077072688e-10
lmh,PR,86,0.215,Heavy_squalane,0.2471665380813314,0.21705375679160874,-9.532314520061957e-10
lmh,PR,87,0.2175,H2O,0.04748697893610682,0.20729244924496268,-4.126720076769175e-10
lmh,PR,87,0.2175,Light_nC4,0.005624577632513193,0.21917464757864336,1.749437192333225e-10
lmh,PR,87,0.2175,Middle_nC10,0.03448492158482382,0.21956823439817083,1.298401386407022e-10
lmh,PR,87,0.2175,Heavy_squalane,0.2500442748202213,0.21958089325223978,-9.525760822885198e-10
lmh,PR,88,0.22,H2O,0.04803206327111845,0.20967187765630993,-4.196036851311646e-10
lmh,PR,88,0.22,Light_nC4,0.00568930717801511,0.2216969836988347,1.750905809227987e-10
lmh,PR,88,0.22,Middle_nC10,0.03488181627146003,0.22209529438792236,1.302247337742202e-10
lmh,PR,88,0.22,Heavy_squalane,0.2529220964275055,0.2221081042415832,-9.516820417780933e-10
lmh,PR,89,0.2225,H2O,0.04857713088514454,0.21205123307640522,-4.161113675849037e-10
lmh,PR,89,0.2225,Light_nC4,0.00575403851696425,0.22421938970483593,1.751899771085252e-10
lmh,PR,89,0.2225,Middle_nC10,0.03527872264054353,0.2246224287607436,1.303279151265713e-10
lmh,PR,89,0.2225,Heavy_squalane,0.2558000028766951,0.22463538973637717,-9.525452734770374e-10
lmh,PR,90,0.225,H2O,0.04912218178629425,0.21443051554064702,-4.107010287413004e-10
lmh,PR,90,0.225,Light_nC4,0.005818771648910832,0.2267418655791203,1.752766681795137e-10
lmh,PR,90,0.225,Middle_nC10,0.03567564068898674,0.2271496374969756,1.30359348315956e-10
lmh,PR,90,0.225,Heavy_squalane,0.2586779941452897,0.2271627497168627,-9.538304688978054e-10
lmh,PR,91,0.2275,H2O,0.04966721598247647,0.21680972508355953,-4.065933145724898e-10
lmh,PR,91,0.2275,Light_nC4,0.005883506573390242,0.229264411303583,1.753655033687185e-10
lmh,PR,91,0.2275,Middle_nC10,0.03607257041361292,0.22967692057639189,1.304128471879551e-10
lmh,PR,91,0.2275,Heavy_squalane,0.2615560702101426,0.22969018416271303,-9.54939878599893e-10
lmh,PR,92,0.23,H2O,0.05021223348139246,0.21918886173876076,-4.074547366172965e-10
lmh,PR,92,0.23,Light_nC4,0.005948243289922463,0.23178702685951913,1.754527183261967e-10
lmh,PR,92,0.23,Middle_nC10,0.03646951181115258,0.2322042779781753,1.304621133346728e-10
lmh,PR,92,0.23,Heavy_squalane,0.2644342310474352,0.2322176930530114,-9.560430485426931e-10
lmh,PR,93,0.2325,H2O,0.05075723429055307,0.22156792553903737,-4.103982709224852e-10
lmh,PR,93,0.2325,Light_nC4,0.006012981798013389,0.23430971222767463,1.75515952466343e-10
lmh,PR,93,0.2325,Middle_nC10,0.03686646487825146,0.23473170968096904,1.303700480903558e-10
lmh,PR,93,0.2325,Heavy_squalane,0.2673124766327346,0.2347452763663017,-9.580161774249192e-10
lmh,PR,94,0.235,H2O,0.05130221841816398,0.22394691652020918,-3.996635244973845e-10
lmh,PR,94,0.235,Light_nC4,0.006077722097259555,0.23683246739232763,1.756198693414479e-10
lmh,PR,94,0.235,Middle_nC10,0.03726342961211265,0.23725921566696498,1.305328622969171e-10
lmh,PR,94,0.235,Heavy_squalane,0.2701908069456493,0.23727293408467667,-9.583371350432752e-10
lmh,PR,95,0.2375,H2O,0.05184718587131049,0.22632583471320536,-4.018728683163886e-10
lmh,PR,95,0.2375,Light_nC4,0.006142464187135187,0.2393552923329901,1.757025150372904e-10
lmh,PR,95,0.2375,Middle_nC10,0.03766040600919128,0.23978679591359253,1.3056500325348e-10
lmh,PR,95,0.2375,Heavy_squalane,0.2730692219603651,0.23980066618546717,-9.594584392865048e-10
lmh,PR,96,0.24,H2O,0.05239213665775082,0.22870468015189235,-3.955892280416151e-10
lmh,PR,96,0.24,Light_nC4,0.00620720806720344,0.24187818703263936,1.757841268379412e-10
lmh,PR,96,0.24,Middle_nC10,0.03805739406648947,0.24231445040176405,1.306037222814638e-10
lmh,PR,96,0.24,Heavy_squalane,0.2759477216550343,0.2423284726494872,-9.605131535985872e-10
lmh,PR,97,0.2425,H2O,0.05293707078507367,0.23108345286939683,-3.971588613538302e-10
lmh,PR,97,0.2425,Light_nC4,0.006271953737014942,0.2444011514737646,1.758720703792793e-10
lmh,PR,97,0.2425,Middle_nC10,0.03845439378093397,0.24484217911191192,1.306849906068663e-10
lmh,PR,97,0.2425,Heavy_squalane,0.2788263060072631,0.24485635345707132,-9.6126962691597e-10
lmh,PR,98,0.245,H2O,0.05348198826069343,0.2334621528980844,-3.888902533333294e-10
lmh,PR,98,0.245,Light_nC4,0.006336701196107413,0.24692418563835203,1.75955500170133e-10
lmh,PR,98,0.245,Middle_nC10,0.03885140514937387,0.24736998202397403,1.30745095305862e-10
lmh,PR,98,0.245,Heavy_squalane,0.2817049749940947,0.24738430858805951,-9.62132761118675e-10
lmh,PR,99,0.2475,H2O,0.05402688909228026,0.23584078027143715,-3.918226854082718e-10
lmh,PR,99,0.2475,Light_nC4,0.006401450444057058,0.24944728950988743,1.760590388755201e-10
lmh,PR,99,0.2475,Middle_nC10,0.03924842816889577,0.2498978591194005,1.309335972976555e-10
lmh,PR,99,0.2475,Heavy_squalane,0.2845837285942953,0.249912338023805,-9.621570376821534e-10
lmh,PR,100,0.25,H2O,0.05457177328690407,0.23821933502031709,-3.970327400182327e-10
lmh,PR,100,0.25,Light_nC4,0.006466201480376065,0.25197046306936216,1.761398839283945e-10
lmh,PR,100,0.25,Middle_nC10,0.03964546283619515,0.25242581037715117,1.309860137022056e-10
lmh,PR,100,0.25,Heavy_squalane,0.2874625667837948,0.2524404417431701,-9.63022804283308e-10
lmh,PR,101,0.2525,H2O,0.05511664085235556,0.24059781717873255,-3.965684447493345e-10
lmh,PR,101,0.2525,Light_nC4,0.006530954304669193,0.25449370630137474,1.762441269315129e-10
lmh,PR,101,0.2525,Middle_nC10,0.04004250914853638,0.2549538357798082,1.311868808029359e-10
lmh,PR,101,0.2525,Heavy_squalane,0.2903414895426489,0.2549686197286405,-9.62921115706168e-10
lmh,PR,102,0.255,H2O,0.05566149179538952,0.24297622677616978,-3.897407951924947e-10
lmh,PR,102,0.255,Light_nC4,0.006595708916425325,0.2570170191860083,1.762990066433989e-10
lmh,PR,102,0.255,Middle_nC10,0.04043956710247473,0.25748193530543856,1.310898611883715e-10
lmh,PR,102,0.255,Heavy_squalane,0.2932204968457719,0.2574968719581866,-9.646934023363244e-10
lmh,PR,103,0.2575,H2O,0.05620632612434608,0.24535456384903562,-3.860365360708329e-10
lmh,PR,103,0.2575,Light_nC4,0.006660465315329053,0.25954040171097215,1.764242571478114e-10
lmh,PR,103,0.2575,Middle_nC10,0.04083663669576686,0.26001010893975884,1.314275077657356e-10
lmh,PR,103,0.2575,Heavy_squalane,0.2960995886767894,0.2600251984174291,-9.636741766551904e-10
lmh,PR,104,0.26,H2O,0.05675114384566229,0.2477328284254293,-3.861866382237622e-10
lmh,PR,104,0.26,Light_nC4,0.006725223500845713,0.262063853855432,1.765168983203225e-10
lmh,PR,104,0.26,Middle_nC10,0.04123371792482635,0.2625383566599339,1.315693665127071e-10
lmh,PR,104,0.26,Heavy_squalane,0.2989787650095889,0.2625535990834366,-9.638840860574748e-10
lmh,PR,105,0.2625,H2O,0.05729594496649755,0.25011102053660345,-3.868769749004741e-10
lmh,PR,105,0.2625,Light_nC4,0.006789983472533301,0.2645873756021641,1.765634825845463e-10
lmh,PR,105,0.2625,Middle_nC10,0.04163081078663624,0.26506667844675463,1.314330311252832e-10
lmh,PR,105,0.2625,Heavy_squalane,0.3018580258221875,0.26508207393690464,-9.658447354211257e-10
lmh,PR,106,0.265,H2O,0.05784072949516458,0.2524891402188451,-3.885219923560612e-10
lmh,PR,106,0.265,Light_nC4,0.006854745230093935,0.2671109669395608,1.766915259937551e-10
lmh,PR,106,0.265,Middle_nC10,0.04202791527906462,0.2675950742866469,1.318006120909487e-10
lmh,PR,106,0.265,Heavy_squalane,0.3047373710990195,0.2676106229641637,-9.645761143609653e-10
lmh,PR,107,0.2675,H2O,0.05838549743808021,0.25486718750016535,-3.784201840772994e-10
lmh,PR,107,0.2675,Light_nC4,0.006919508773011007,0.2696346278474913,1.768071106189595e-10
lmh,PR,107,0.2675,Middle_nC10,0.04242503139863967,0.2701235441575055,1.320943493476889e-10
lmh,PR,107,0.2675,Heavy_squalane,0.3076168008148046,0.27013924614301366,-9.637596808566783e-10
lmh,PR,108,0.27,H2O,0.05893024880196734,0.2572451624099113,-3.817107740999859e-10
lmh,PR,108,0.27,Light_nC4,0.006984274100810201,0.2721583583074727,1.768555128733862e-10
lmh,PR,108,0.27,Middle_nC10,0.04282215914215004,0.27265208803888336,1.319789832976426e-10
lmh,PR,108,0.27,Heavy_squalane,0.3104963149461509,0.2726679434529124,-9.65530992524446e-10
lmh,PR,109,0.2725,H2O,0.05947498359470803,0.25962306498249016,-3.698282791120278e-10
lmh,PR,109,0.2725,Light_nC4,0.007049041213161746,0.27468215830665477,1.769238158755293e-10
lmh,PR,109,0.2725,Middle_nC10,0.04321929850727197,0.275180705915985,1.319866438365125e-10
lmh,PR,109,0.2725,Heavy_squalane,0.3133759134761028,0.27519671487897,-9.66500397627518e-10
lmh,PR,110,0.275,H2O,0.06001970182359311,0.26200089524972814,-3.747346877247537e-10
lmh,PR,110,0.275,Light_nC4,0.007113810109672464,0.2772060278297164,1.770314034255094e-10
lmh,PR,110,0.275,Middle_nC10,0.04361644949129421,0.2777093977715476,1.322415510429664e-10
lmh,PR,110,0.275,Heavy_squalane,0.3162555963848955,0.27772556040382973,-9.658797365708796e-10
lmh,PR,111,0.2775,H2O,0.06056440349485427,0.2643786532388281,-3.709943463547916e-10
lmh,PR,111,0.2775,Light_nC4,0.007178580789831428,0.27972996685674817,1.770769711417763e-10
lmh,PR,111,0.2775,Middle_nC10,0.04401361209078503,0.2802381635837211,1.321227155459681e-10
lmh,PR,111,0.2775,Heavy_squalane,0.3191353636475402,0.28025448000554715,-9.67620824404598e-10
lmh,PR,112,0.28,H2O,0.06110908861633969,0.2667563389840493,-3.725758590533701e-10
lmh,PR,112,0.28,Light_nC4,0.007243353253325748,0.2822539753755576,1.771557275875857e-10
lmh,PR,112,0.28,Middle_nC10,0.04441078630352815,0.2827670033383943,1.322063292175102e-10
lmh,PR,112,0.28,Heavy_squalane,0.3220152152478617,0.2827834736699178,-9.680569250810578e-10
lmh,PR,113,0.2825,H2O,0.06165375719444668,0.2691339525133177,-3.766978950991984e-10
lmh,PR,113,0.2825,Light_nC4,0.00730812749967632,0.2847780533674752,1.77192024941597e-10
lmh,PR,113,0.2825,Middle_nC10,0.04480797212628932,0.2852959170149744,1.320323433917636e-10
lmh,PR,113,0.2825,Heavy_squalane,0.3248951511623036,0.2853125413762551,-9.701190680293712e-10
lmh,PR,114,0.285,H2O,0.06219840923674869,0.2715114938596932,-3.749301979993902e-10
lmh,PR,114,0.285,Light_nC4,0.007372903528549867,0.28730220081951424,1.772541731448474e-10
lmh,PR,114,0.285,Middle_nC10,0.04520516955672958,0.2878249045985692,1.320178272257166e-10
lmh,PR,114,0.285,Heavy_squalane,0.3277751713738016,0.2878416831095738,-9.711505782366027e-10
lmh,PR,115,0.2875,H2O,0.0627430447502466,0.2738889630537363,-3.837731243905296e-10
lmh,PR,115,0.2875,Light_nC4,0.007437681339551101,0.2898264177162712,1.773450518383068e-10
lmh,PR,115,0.2875,Middle_nC10,0.04560237859213088,0.29035396607187247,1.32182945145054e-10
lmh,PR,115,0.2875,Heavy_squalane,0.3306552758625431,0.2903708988524752,-9.71024028118551e-10
lmh,PR,116,0.29,H2O,0.06328766374138077,0.27626636012356093,-3.870204157152557e-10
lmh,PR,116,0.29,Light_nC4,0.007502460932223648,0.2923507040399626,1.774042093782846e-10
lmh,PR,116,0.29,Middle_nC10,0.04599959922940172,0.2928831014152006,1.321569242929144e-10
lmh,PR,116,0.29,Heavy_squalane,0.3335354646060076,0.29290018858518224,-9.720991191445569e-10
lmh,PR,117,0.2925,H2O,0.06383226621734235,0.2786436851005581,-3.788416247374471e-10
lmh,PR,117,0.2925,Light_nC4,0.007567242306205896,0.2948750597764973,1.774637312101923e-10
lmh,PR,117,0.2925,Middle_nC10,0.04639683146603268,0.29541231061257567,1.321352055549951e-10
lmh,PR,117,0.2925,Heavy_squalane,0.3364157375858956,0.29542955229162515,-9.731325792765659e-10
lmh,PR,118,0.295,H2O,0.0643768521852147,0.28102093801564854,-3.805467052586664e-10
lmh,PR,118,0.295,Light_nC4,0.007632025461128293,0.29739948491147494,1.775452944385858e-10
lmh,PR,118,0.295,Middle_nC10,0.04679407529946659,0.29794159364771616,1.322508769163733e-10
lmh,PR,118,0.295,Heavy_squalane,0.3392960947835617,0.29795898995543,-9.732815535295574e-10
lmh,PR,119,0.2975,H2O,0.06492142165153593,0.28339811889737265,-3.702512740844099e-10
lmh,PR,119,0.2975,Light_nC4,0.007696810396561364,0.2999239794281599,1.776082406146351e-10
lmh,PR,119,0.2975,Middle_nC10,0.04719133072677979,0.30047095050200684,1.322555120975011e-10
lmh,PR,119,0.2975,Heavy_squalane,0.3421765361777033,0.3004885015578896,-9.741238235371447e-10
lmh,PR,120,0.3,H2O,0.06546597462316055,0.2857752277756521,-3.714517582409371e-10
lmh,PR,120,0.3,Light_nC4,0.007761597112118633,0.30244854331149235,1.776528299468616e-10
lmh,PR,120,0.3,Middle_nC10,0.04758859774531336,0.30300038115851813,1.321491388539542e-10
lmh,PR,120,0.3,Heavy_squalane,0.3450570617489373,0.30301808708198225,-9.75658414336939e-10
lmh,PR,121,0.3025,H2O,0.06601051110726906,0.28815226468183164,-3.685662885999363e-10
lmh,PR,121,0.3025,Light_nC4,0.007826385607457362,0.3049731765481166,1.777205084485534e-10
lmh,PR,121,0.3025,Middle_nC10,0.04798587635267747,0.3055298856020338,1.321866921477621e-10
lmh,PR,121,0.3025,Heavy_squalane,0.3479376714798326,0.3055477465124006,-9.762655234163747e-10
lmh,PR,122,0.305,H2O,0.06655503111050592,0.29052922964491584,-3.690429073444079e-10
lmh,PR,122,0.305,Light_nC4,0.007891175882175583,0.3074978791223692,1.777915765999172e-10
lmh,PR,122,0.305,Middle_nC10,0.04838316654612,0.3080594638150309,1.32246921746848e-10
lmh,PR,122,0.305,Heavy_squalane,0.350818365350331,0.30807747983153005,-9.767168335060983e-10
lmh,PR,123,0.3075,H2O,0.06709953463940624,0.29290612269343214,-3.628565226065916e-10
lmh,PR,123,0.3075,Light_nC4,0.007955967935863239,0.31002265101827126,1.778357530679564e-10
lmh,PR,123,0.3075,Middle_nC10,0.04878046832284021,0.31058911577967696,1.321447673507947e-10
lmh,PR,123,0.3075,Heavy_squalane,0.353699143340022,0.3106072870214469,-9.781887342243e-10
lmh,PR,124,0.31,H2O,0.06764402170126547,0.29528294385922704,-3.546298810164217e-10
lmh,PR,124,0.31,Light_nC4,0.008020761768205733,0.31254749222356376,1.779162824011582e-10
lmh,PR,124,0.31,Middle_nC10,0.04917778168062362,0.313118841481872,1.32267433117228e-10
lmh,PR,124,0.31,Heavy_squalane,0.3565800054327464,0.31313716806796066,-9.7822061549441e-10
lmh,PR,125,0.3125,H2O,0.0681884923023884,0.2976596931698224,-3.550919558392707e-10
lmh,PR,125,0.3125,Light_nC4,0.00808555737877591,0.31507240272160164,1.779819798486404e-10
lmh,PR,125,0.3125,Middle_nC10,0.04957510661656661,0.3156486409031287,1.322954940041754e-10
lmh,PR,125,0.3125,Heavy_squalane,0.3594609516073483,0.3156671229524928,-9.788452738968423e-10
lmh,PR,126,0.315,H2O,0.06873294644941313,0.30003637065419525,-3.552846905563456e-10
lmh,PR,126,0.315,Light_nC4,0.008150354767190898,0.3175973824974654,1.780213997049085e-10
lmh,PR,126,0.315,Middle_nC10,0.04997244312803799,0.3181785140266939,1.321697473688488e-10
lmh,PR,126,0.315,Heavy_squalane,0.3623419818446473,0.3181971516581996,-9.80435340056553e-10
lmh,PR,127,0.3175,H2O,0.069277384149739,0.30241297634464553,-3.602035336669474e-10
lmh,PR,127,0.3175,Light_nC4,0.008215153933163325,0.32012243153995695,1.781195330119445e-10
lmh,PR,127,0.3175,Middle_nC10,0.05036979121299312,0.3207084608395493,1.324019782700248e-10
lmh,PR,127,0.3175,Heavy_squalane,0.3652230961297164,0.3207272541719729,-9.797390219185523e-10
lmh,PR,128,0.32,H2O,0.06982180540933643,0.3047895102672356,-3.525455483099904e-10
lmh,PR,128,0.32,Light_nC4,0.008279954876241221,0.32264754983146415,1.781931859012875e-10
lmh,PR,128,0.32,Middle_nC10,0.05076715086837908,0.32323848132225663,1.324783061029677e-10
lmh,PR,128,0.32,Heavy_squalane,0.3681042944403178,0.32325743047428407,-9.800233209510935e-10
lmh,PR,129,0.3225,H2O,0.07036621023495972,0.3071659724514497,-3.544163851287863e-10
lmh,PR,129,0.3225,Light_nC4,0.008344757596069856,0.32517273735816427,1.782518299631164e-10
lmh,PR,129,0.3225,Middle_nC10,0.05116452209174004,0.3257685754591795,1.324730325436008e-10
lmh,PR,129,0.3225,Heavy_squalane,0.3709855767585433,0.3257876805494067,-9.808199627188903e-10
lmh,PR,130,0.325,H2O,0.07091059863327082,0.30954236292636883,-3.61220497957504e-10
lmh,PR,130,0.325,Light_nC4,0.008409562092287697,0.3276979941059692,1.782994620003198e-10
lmh,PR,130,0.325,Middle_nC10,0.05156190488057923,0.3282987432344207,1.324046150497082e-10
lmh,PR,130,0.325,Heavy_squalane,0.3738669430661881,0.32831800438135383,-9.820086368631782e-10
lmh,PR,131,0.3275,H2O,0.07145497061127273,0.31191868172256293,-3.619819999300944e-10
lmh,PR,131,0.3275,Light_nC4,0.008474368364578055,0.3302233200625385,1.783824650491983e-10
lmh,PR,131,0.3275,Middle_nC10,0.05195929923267571,0.3308289846338394,1.325544535246692e-10
lmh,PR,131,0.3275,Heavy_squalane,0.3767483933470477,0.3308484019558953,-9.817977524985052e-10
lmh,PR,132,0.33,H2O,0.07199932617501957,0.31429492886645954,-3.616533739148053e-10
lmh,PR,132,0.33,Light_nC4,0.00853917641251488,0.33274871521127025,1.784359777989852e-10
lmh,PR,132,0.33,Middle_nC10,0.05235670514513866,0.33335929963902955,1.325246024030946e-10
lmh,PR,132,0.33,Heavy_squalane,0.3796299275800607,0.33337887325453563,-9.827229918053696e-10
lmh,PR,133,0.3325,H2O,0.07254366533178934,0.31667110438982915,-3.565028272589643e-10
lmh,PR,133,0.3325,Light_nC4,0.00860398623582154,0.3352741795413846,1.785424932898572e-10
lmh,PR,133,0.3325,Middle_nC10,0.05275412261599423,0.3358896882374234,1.328224336072381e-10
lmh,PR,133,0.3325,Heavy_squalane,0.3825115457508142,0.33590941826461784,-9.815545968787663e-10
lmh,PR,134,0.335,H2O,0.07308798808746621,0.3190472083183575,-3.582961705106413e-10
lmh,PR,134,0.335,Light_nC4,0.008668797834059473,0.33779971303579215,1.786212046328561e-10
lmh,PR,134,0.335,Middle_nC10,0.0531515516422764,0.33842015041013607,1.329507059999457e-10
lmh,PR,134,0.335,Heavy_squalane,0.3853932478377018,0.3384400369671679,-9.814572956323753e-10
lmh,PR,135,0.3375,H2O,0.07363229444872463,0.32142324068118017,-3.555413741196389e-10
lmh,PR,135,0.3375,Light_nC4,0.00873361120688784,0.3403253156812113,1.786872594333744e-10
lmh,PR,135,0.3375,Middle_nC10,0.05354899222161912,0.3409506861421028,1.330022342260762e-10
lmh,PR,135,0.3375,Heavy_squalane,0.3882750338234676,0.34097072934703226,-9.818407483398463e-10
lmh,PR,136,0.34,H2O,0.07417658442217087,0.32379920150713537,-3.509752488639606e-10
lmh,PR,136,0.34,Light_nC4,0.008798426353960834,0.3428509874641668,1.787491300808686e-10
lmh,PR,136,0.34,Middle_nC10,0.05394644435162651,0.34348129541806877,1.33029975923904e-10
lmh,PR,136,0.34,Heavy_squalane,0.3911569036906394,0.3435014953888674,-9.823679105034097e-10
lmh,PR,137,0.3425,H2O,0.07472085801433302,0.3261750908247196,-3.400651982232716e-10
lmh,PR,137,0.3425,Light_nC4,0.0088632432749269,0.3453767283709596,1.788081870068847e-10
lmh,PR,137,0.3425,Middle_nC10,0.05434390802986817,0.34601197822255947,1.330421189882358e-10
lmh,PR,137,0.3425,Heavy_squalane,0.394038857421495,0.3460323350771102,-9.829858416653598e-10
lmh,PR,138,0.345,H2O,0.07526511523165466,0.3285509086620609,-3.335257625636245e-10
lmh,PR,138,0.345,Light_nC4,0.008928061969428245,0.34790253838764745,1.788578590788958e-10
lmh,PR,138,0.345,Middle_nC10,0.0547413832538762,0.3485427345398616,1.329979043562801e-10
lmh,PR,138,0.345,Heavy_squalane,0.3969208949980403,0.3485632483959587,-9.839573916856871e-10
lmh,PR,139,0.3475,H2O,0.0758093560809443,0.3309266550488799,-3.35748651103529e-10
lmh,PR,139,0.3475,Light_nC4,0.008992882437153737,0.3504284175021063,1.789367230775607e-10
lmh,PR,139,0.3475,Middle_nC10,0.05513887002146951,0.35107356435608794,1.331331295206795e-10
lmh,PR,139,0.3475,Heavy_squalane,0.3998030164043611,0.35109423533143785,-9.837775111249743e-10
lmh,PR,140,0.35,H2O,0.07635358056849191,0.33330233001263404,-3.393391123651668e-10
lmh,PR,140,0.35,Light_nC4,0.009057704677734287,0.35295436569995375,1.790241010990457e-10
lmh,PR,140,0.35,Middle_nC10,0.05553636833011231,0.3536044676550929,1.33318023287643e-10
lmh,PR,140,0.35,Heavy_squalane,0.4026852216219715,0.35362529586731367,-9.83273358073784e-10
lmh,PR,141,0.3525,H2O,0.07689778870050615,0.3356779335804256,-3.332172315850812e-10
lmh,PR,141,0.3525,Light_nC4,0.009122528690794801,0.3554803829665735,1.790899477327468e-10
lmh,PR,141,0.3525,Middle_nC10,0.05593387817723277,0.3561354444205015,1.333770038858262e-10
lmh,PR,141,0.3525,Heavy_squalane,0.4055675106321243,0.3561564299871231,-9.835670167452566e-10
lmh,PR,142,0.355,H2O,0.07744198048355354,0.33805346578091905,-3.255005154301216e-10
lmh,PR,142,0.355,Light_nC4,0.009187354476006292,0.35800646928914576,1.791507810156023e-10
lmh,PR,142,0.355,Middle_nC10,0.05633139956054247,0.35866649463774314,1.334053423285297e-10
lmh,PR,142,0.355,Heavy_squalane,0.4084498834181275,0.3586876376762077,-9.840466007442521e-10
lmh,PR,143,0.3575,H2O,0.07798615592410833,0.3404289266423762,-3.235397505463311e-10
lmh,PR,143,0.3575,Light_nC4,0.009252182033032918,0.36053262465458363,1.792132414690784e-10
lmh,PR,143,0.3575,Middle_nC10,0.05672893247771174,0.36119761829198466,1.33445976491231e-10
lmh,PR,143,0.3575,Heavy_squalane,0.4113323399629901,0.3612189189196466,-9.844436054289256e-10
lmh,PR,144,0.36,H2O,0.07853031502851064,0.3428043161924731,-3.283454619307236e-10
lmh,PR,144,0.36,Light_nC4,0.009317011361528727,0.3630588490494064,1.792718647142255e-10
lmh,PR,144,0.36,Middle_nC10,0.05712647692635002,0.3637288153680051,1.334625188142979e-10
lmh,PR,144,0.36,Heavy_squalane,0.4142148802492798,0.36375027370213114,-9.84986464486947e-10
lmh,PR,145,0.3625,H2O,0.07907445780300888,0.34517963445848565,-3.291773520430752e-10
lmh,PR,145,0.3625,Light_nC4,0.009381842461140957,0.36558514245986773,1.793114857984168e-10
lmh,PR,145,0.3625,Middle_nC10,0.05752403290402574,0.36626008585032255,1.333657767554897e-10
lmh,PR,145,0.3625,Heavy_squalane,0.4170975042592668,0.36628170200809174,-9.862424110360543e-10
lmh,PR,146,0.365,H2O,0.07961858425465942,0.34755488147121677,-3.266932280254764e-10
lmh,PR,146,0.365,Light_nC4,0.009446675331615905,0.36811150487608163,1.794158641099663e-10
lmh,PR,146,0.365,Middle_nC10,0.05792160040891526,0.3687914297273257,1.336660365724995e-10
lmh,PR,146,0.365,Heavy_squalane,0.4199802119796297,0.36881320382582994,-9.849682326902785e-10
lmh,PR,147,0.3675,H2O,0.08016269438872481,0.3499300572536386,-3.304655438185478e-10
lmh,PR,147,0.3675,Light_nC4,0.009511509972488844,0.37063793627993885,1.794556135636949e-10
lmh,PR,147,0.3675,Middle_nC10,0.05831917943790135,0.37132284697916695,1.335716398598308e-10
lmh,PR,147,0.3675,Heavy_squalane,0.422863003387667,0.37134477913541,-9.861984402323247e-10
lmh,PR,148,0.37,H2O,0.0807067882125678,0.35230516183789157,-3.208153742662034e-10
lmh,PR,148,0.37,Light_nC4,0.009576346383548501,0.3731644366632067,1.795536982984736e-10
lmh,PR,148,0.37,Middle_nC10,0.05871676998942141,0.37385433759589703,1.33836566829082e-10
lmh,PR,148,0.37,Heavy_squalane,0.4257458784719497,0.3738764279267952,-9.851358287248939e-10
lmh,PR,149,0.3725,H2O,0.08125086573175196,0.35468019524826194,-3.21198623254304e-10
lmh,PR,149,0.3725,Light_nC4,0.009641184564372178,0.3756910060094138,1.796203602522084e-10
lmh,PR,149,0.3725,Middle_nC10,0.05911437206061672,0.3763859015593143,1.339093835817096e-10
lmh,PR,149,0.3725,Heavy_squalane,0.4286288372116506,0.376408150181696,-9.852905552559786e-10
lmh,PR,150,0.375,H2O,0.08179492695309229,0.3570551575144989,-3.171714002547787e-10
lmh,PR,150,0.375,Light_nC4,0.009706024514688726,0.3782176443079941,1.797161967853622e-10
lmh,PR,150,0.375,Middle_nC10,0.05951198564955797,0.3789175388571347,1.341618482975093e-10
lmh,PR,150,0.375,Heavy_squalane,0.431511879592681,0.37893994588773994,-9.842948261684119e-10
lmh,PR,151,0.3775,H2O,0.08233897188204203,0.35943004866040723,-3.131230830177856e-10
lmh,PR,151,0.3775,Light_nC4,0.009770866234067596,0.3807443515421704,1.79740906186554e-10
lmh,PR,151,0.3775,Middle_nC10,0.05990961075333843,0.38144924947085074,1.339793137544731e-10
lmh,PR,151,0.3775,Heavy_squalane,0.4343950055938647,0.3814718150263309,-9.860647728888356e-10
lmh,PR,152,0.38,H2O,0.08288300052571701,0.3618048687170492,-3.101725543075418e-10
lmh,PR,152,0.38,Light_nC4,0.009835709722279781,0.3832711277030188,1.797942524028873e-10
lmh,PR,152,0.38,Middle_nC10,0.06030724737028716,0.38398103338982353,1.339732907945645e-10
lmh,PR,152,0.38,Heavy_squalane,0.4372782152029853,0.3840037575867408,-9.867065906293086e-10
lmh,PR,153,0.3825,H2O,0.08342701288986282,0.36417961770950574,-3.048963304053132e-10
lmh,PR,153,0.3825,Light_nC4,0.00990055497893629,0.3857979727753814,1.79814489686958e-10
lmh,PR,153,0.3825,Middle_nC10,0.06070489549775181,0.38651289059716526,1.337643468213301e-10
lmh,PR,153,0.3825,Heavy_squalane,0.4401615084007096,0.3865357735519918,-9.886337012867887e-10
lmh,PR,154,0.385,H2O,0.0839710089810443,0.36655429566643416,-2.976704438495403e-10
lmh,PR,154,0.385,Light_nC4,0.009965402003748276,0.3883248867480027,1.798384011153509e-10
lmh,PR,154,0.385,Middle_nC10,0.06110255513369325,0.38904482107989274,1.335796334656081e-10
lmh,PR,154,0.385,Heavy_squalane,0.4430448851721489,0.38906786290900913,-9.904046229696009e-10
lmh,PR,155,0.3875,H2O,0.08451498880575492,0.36892890261617994,-2.895109707523602e-10
lmh,PR,155,0.3875,Light_nC4,0.01003025079642193,0.3908518696094336,1.798967433352949e-10
lmh,PR,155,0.3875,Middle_nC10,0.06150022627604074,0.3915768248248213,1.336042526611791e-10
lmh,PR,155,0.3875,Heavy_squalane,0.4459283455021842,0.3916000256445158,-9.9083477637549e-10
lmh,PR,156,0.39,H2O,0.0850589523695549,0.3713034385830148,-2.78994050084691e-10
lmh,PR,156,0.39,Light_nC4,0.01009510135655567,0.3933789213440257,1.799093617138592e-10
lmh,PR,156,0.39,Middle_nC10,0.06189790892206068,0.39410890181454594,1.333520516233477e-10
lmh,PR,156,0.39,Heavy_squalane,0.4488118893708874,0.3941322617410115,-9.930234694418548e-10
lmh,PR,157,0.3925,H2O,0.08560289967926606,0.37367790359671776,-2.856348491064864e-10
lmh,PR,157,0.3925,Light_nC4,0.01015995368390071,0.3959060419420843,1.799486983034004e-10
lmh,PR,157,0.3925,Middle_nC10,0.06229560306995376,0.39664105203761035,1.332646215601585e-10
lmh,PR,157,0.3925,Heavy_squalane,0.4516955167651021,0.39666457118694287,-9.941579356773317e-10
lmh,PR,158,0.395,H2O,0.08614683074123158,0.37605229768497833,-2.891247241620931e-10
lmh,PR,158,0.395,Light_nC4,0.01022480777815414,0.398433231391806,1.800308912364157e-10
lmh,PR,158,0.395,Middle_nC10,0.06269330871758468,0.39917327548041875,1.334413135545276e-10
lmh,PR,158,0.395,Heavy_squalane,0.454579227669231,0.39919695396861266,-9.93605716980379e-10
lmh,PR,159,0.3975,H2O,0.08669074556130425,0.3784266208733454,-2.845013113983441e-10
lmh,PR,159,0.3975,Light_nC4,0.01028966363895822,0.4009604896792504,1.801152369612646e-10
lmh,PR,159,0.3975,Middle_nC10,0.06309102586247667,0.40170557212720154,1.336313698585556e-10
lmh,PR,159,0.3975,Heavy_squalane,0.4574630220651962,0.40172941007014557,-9.929649716985336e-10
lmh,PR,160,0.4,H2O,0.08723464414529689,0.38080087318719336,-2.928877140817576e-10
lmh,PR,160,0.4,Light_nC4,0.0103545212659537,0.40348781679041873,1.801570333886948e-10
lmh,PR,160,0.4,Middle_nC10,0.06348875450213647,0.4042379419620838,1.335615645858823e-10
lmh,PR,160,0.4,Heavy_squalane,0.4603468999347926,0.40426193947555444,-9.93974935236975e-10
lmh,PR,161,0.4025,H2O,0.0877785264998585,0.38317505465554674,-2.983797653399733e-10
lmh,PR,161,0.4025,Light_nC4,0.01041938065888426,0.40601521271532276,1.80212114328504e-10
lmh,PR,161,0.4025,Middle_nC10,0.06388649463469244,0.4067703849731487,1.335740268393337e-10
lmh,PR,161,0.4025,Heavy_squalane,0.4632308612643135,0.4067945421728025,-9.944559816795536e-10
lmh,PR,162,0.405,H2O,0.0883223926311593,0.38554916530534017,-3.048340468936317e-10
lmh,PR,162,0.405,Light_nC4,0.010484241817441,0.4085426774419255,1.802805994766121e-10
lmh,PR,162,0.405,Middle_nC10,0.06428424625793744,0.4093029011463432,1.336688676412123e-10
lmh,PR,162,0.405,Heavy_squalane,0.4661149060376074,0.4093272181477059,-9.944080135300302e-10
lmh,PR,163,0.4075,H2O,0.08886624254532272,0.3879232051633038,-3.027746942052545e-10
lmh,PR,163,0.4075,Light_nC4,0.01054910474131462,0.4110702109581744,1.803577669157175e-10
lmh,PR,163,0.4075,Middle_nC10,0.06468200936964516,0.4118354904674923,1.338184979493562e-10
lmh,PR,163,0.4075,Heavy_squalane,0.4689990342383682,0.41185996738594527,-9.940074014845183e-10
lmh,PR,164,0.41,H2O,0.08941007624801761,0.3902971742541837,-3.107930579560048e-10
lmh,PR,164,0.41,Light_nC4,0.01061396943014669,0.4135978132501024,1.803856005538895e-10
lmh,PR,164,0.41,Middle_nC10,0.06507978396726567,0.4143681529203602,1.336658422834702e-10
lmh,PR,164,0.41,Heavy_squalane,0.4718832458479231,0.41439278987112277,-9.955272703522435e-10
lmh,PR,165,0.4125,H2O,0.08995389374575531,0.3926710726064034,-3.123035163810073e-10
lmh,PR,165,0.4125,Light_nC4,0.01067883588368561,0.41612548430790536,1.804067242816565e-10
lmh,PR,165,0.4125,Middle_nC10,0.06547757004887464,0.4169008884926947,1.334741900338443e-10
lmh,PR,165,0.4125,Heavy_squalane,0.4747675408521086,0.4169256855908003,-9.97291269802096e-10
lmh,PR,166,0.415,H2O,0.09049769504501466,0.3950449002482446,-3.122873071248478e-10
lmh,PR,166,0.415,Light_nC4,0.01074370410168409,0.41865322412194694,1.804616438921824e-10
lmh,PR,166,0.415,Middle_nC10,0.06587536761253585,0.4194336971721676,1.334859583979053e-10
lmh,PR,166,0.415,Heavy_squalane,0.4776519192366412,0.4194586545324347,-9.977555468915892e-10
lmh,PR,167,0.4175,H2O,0.0910414801513945,0.39741865720414776,-3.205312681942019e-10
lmh,PR,167,0.4175,Light_nC4,0.0108085740837991,0.42118103267886026,1.804838639651862e-10
lmh,PR,167,0.4175,Middle_nC10,0.06627317665567578,0.42196657894239326,1.333012172866077e-10
lmh,PR,167,0.4175,Heavy_squalane,0.4805363809825714,0.42199169667938513,-9.994692382821855e-10
lmh,PR,168,0.42,H2O,0.09158524907179298,0.39979234350422493,-3.17143866723768e-10
lmh,PR,168,0.42,Light_nC4,0.01087344582985309,0.4237089099717267,1.805624330608602e-10
lmh,PR,168,0.42,Middle_nC10,0.06667099717666976,0.42449953379302713,1.334631710703249e-10
lmh,PR,168,0.42,Heavy_squalane,0.4834209260777718,0.4245248120210016,-9.989696675542218e-10
lmh,PR,169,0.4225,H2O,0.09212900181175512,0.4021659591726815,-3.113197477588869e-10
lmh,PR,169,0.4225,Light_nC4,0.0109383193395212,0.4262368559878873,1.80623967172e-10
lmh,PR,169,0.4225,Middle_nC10,0.06706882917290444,0.42703256170742987,1.335170585203826e-10
lmh,PR,169,0.4225,Heavy_squalane,0.4863055545028711,0.42705800054027293,-9.991570553253278e-10
lmh,PR,170,0.425,H2O,0.09267273837763337,0.40453950423724755,-3.071121135178601e-10
lmh,PR,170,0.425,Light_nC4,0.01100319461258746,0.4287648707189263,1.806832322648333e-10
lmh,PR,170,0.425,Middle_nC10,0.06746667264232192,0.4295656626724987,1.335625776643923e-10
lmh,PR,170,0.425,Heavy_squalane,0.4891902662424279,0.4295912622236389,-9.99390851306135e-10
lmh,PR,171,0.4275,H2O,0.09321645877603356,0.4069129787267591,-3.014354321706492e-10
lmh,PR,171,0.4275,Light_nC4,0.01106807164887208,0.43129295415783775,1.80771057844975e-10
lmh,PR,171,0.4275,Middle_nC10,0.06786452758293827,0.43209883667560167,1.337833038794756e-10
lmh,PR,171,0.4275,Heavy_squalane,0.49207506128141,0.4321245970578988,-9.985078278707006e-10
lmh,PR,172,0.43,H2O,0.09376016301338522,0.4092863826692827,-3.116490399079908e-10
lmh,PR,172,0.43,Light_nC4,0.0111329504481558,0.43382110629607773,1.80851795344994e-10
lmh,PR,172,0.43,Middle_nC10,0.06826239399233067,0.43463208370131257,1.339613142636864e-10
lmh,PR,172,0.43,Heavy_squalane,0.4949599396014374,0.4346580050269119,-9.978950640094103e-10
lmh,PR,173,0.4325,H2O,0.09430385109725226,0.4116597160978366,-3.134343895538905e-10
lmh,PR,173,0.4325,Light_nC4,0.01119783101025758,0.4363493271265915,1.809031882626932e-10
lmh,PR,173,0.4325,Middle_nC10,0.06866027186804105,0.43716540373398066,1.339600791405715e-10
lmh,PR,173,0.4325,Heavy_squalane,0.4978449011836563,0.4371914861141213,-9.984156939249695e-10
lmh,PR,174,0.435,H2O,0.094847523038263,0.4140329790588162,-3.119470237678001e-10
lmh,PR,174,0.435,Light_nC4,0.01126271333502527,0.4388776166434503,1.809245912809399e-10
lmh,PR,174,0.435,Middle_nC10,0.06905816120739877,0.4396987967566018,1.337756294628178e-10
lmh,PR,174,0.435,Heavy_squalane,0.5007299460073803,0.4397250403013609,-1.000102671346116e-09
lmh,PR,175,0.4375,H2O,0.09539117885564968,0.4164061716361749,-3.097774259330777e-10
lmh,PR,175,0.4375,Light_nC4,0.01132759742229419,0.4414059748402369,1.809661327040191e-10
lmh,PR,175,0.4375,Middle_nC10,0.06945606200703679,0.4422322627477377,1.337134153400754e-10
lmh,PR,175,0.4375,Heavy_squalane,0.5036150740464697,0.44225866756567567,-1.001005584014279e-09
lmh,PR,176,0.44,H2O,0.09593481859140712,0.4187792940132305,-3.202221821041462e-10
lmh,PR,176,0.44,Light_nC4,0.01139248327156428,0.44393440169746545,1.810270856827945e-10
lmh,PR,176,0.44,Middle_nC10,0.06985397426040504,0.4447658016656837,1.337732563611027e-10
lmh,PR,176,0.44,Heavy_squalane,0.5065002852511084,0.4447923678633187,-1.001130671688748e-09
lmh,PR,177,0.4425,H2O,0.09647844235322821,0.4211523466600892,-3.2088465218294e-10
lmh,PR,177,0.4425,Light_nC4,0.01145737088131834,0.44646289715601456,1.810446619010531e-10
lmh,PR,177,0.4425,Middle_nC10,0.07025189795232868,0.4472994134138201,1.335672683566713e-10
lmh,PR,177,0.4425,Heavy_squalane,0.5093855795079582,0.44732614109476004,-1.002944979197857e-09
lmh,PR,178,0.445,H2O,0.09702205043962606,0.4235253308798349,-3.086163546939247e-10
lmh,PR,178,0.445,Light_nC4,0.01152226024728585,0.4489914610494737,1.811140890040086e-10
lmh,PR,178,0.445,Middle_nC10,0.07064983304499663,0.449833097751401,1.336800947715489e-10
lmh,PR,178,0.445,Heavy_squalane,0.512270956537665,0.4498599870146798,-1.002726490126552e-09
lmh,PR,179,0.4475,H2O,0.09756564368792522,0.4258982503275971,-3.151789940147864e-10
lmh,PR,179,0.4475,Light_nC4,0.01158715135645737,0.4515200928708999,1.811296772291637e-10
lmh,PR,179,0.4475,Middle_nC10,0.07104777943199593,0.4523668540008866,1.334639482264421e-10
lmh,PR,179,0.4475,Heavy_squalane,0.5151564155592854,0.45239390493727843,-1.004598515409071e-09
lmh,PR,180,0.45,H2O,0.09810922449184026,0.4282711154525338,-3.130322667743712e-10
lmh,PR,180,0.45,Light_nC4,0.0116520441711781,0.45404879115298713,1.812030074599402e-10
lmh,PR,180,0.45,Middle_nC10,0.07144573681444076,0.4549006802592471,1.336016436370713e-10
lmh,PR,180,0.45,Heavy_squalane,0.5180419543858852,0.45492789294206026,-1.004215160197839e-09
lmh,PR,181,0.4525,H2O,0.09865279975352682,0.4306439563842677,-3.197818676525799e-10
lmh,PR,181,0.4525,Light_nC4,0.01171693858107817,0.4565775515949186,1.812603418055447e-10
lmh,PR,181,0.4525,Middle_nC10,0.07184370433003125,0.45743457103615076,1.336347282832051e-10
lmh,PR,181,0.4525,Heavy_squalane,0.5209275667172274,0.4574619454963584,-1.004494486922198e-09
lmh,PR,182,0.455,H2O,0.09919638943348766,0.4330168602553474,-3.178554086602503e-10
lmh,PR,182,0.455,Light_nC4,0.01178183426538613,0.4591063616970945,1.813149144713755e-10
lmh,PR,182,0.455,Middle_nC10,0.07224167948917956,0.45996851048019405,1.335838106797382e-10
lmh,PR,182,0.455,Heavy_squalane,0.5238132343752996,0.4599960466368231,-1.005321645012761e-09
lmh,PR,183,0.4575,H2O,0.09974005160605785,0.43539008057465944,-2.914711805246384e-10
lmh,PR,183,0.4575,Light_nC4,0.01184673028834836,0.4616351849957156,1.812218795166354e-10
lmh,PR,183,0.4575,Middle_nC10,0.0726396550514549,0.46250245249097915,1.319410830591394e-10
lmh,PR,183,0.4575,Heavy_squalane,0.526698904508756,0.4625301499510911,-1.016417691958415e-09
lmh,PR,184,0.46,H2O,0.1002839561721014,0.43776435900164434,-1.25010002349768e-11
lmh,PR,184,0.46,Light_nC4,0.01191162391020681,0.46416391472978674,1.796589023383977e-10
lmh,PR,184,0.46,Middle_nC10,0.07303760984539662,0.46503626226813477,1.154384920987184e-10
lmh,PR,184,0.46,Heavy_squalane,0.529584422597121,0.4650641197442177,-1.123302818630243e-09
lmh,PR,185,0.4625,H2O,0.1008285897203118,0.4401418196167198,1.521892389888535e-09
lmh,PR,185,0.4625,Light_nC4,0.01197650728463112,0.46669224514893803,1.712781496493454e-10
lmh,PR,185,0.4625,Middle_nC10,0.073435483269118,0.4675695539546354,2.740714599713812e-11
lmh,PR,185,0.4625,Heavy_squalane,0.5324693463604541,0.46759756762008986,-1.691599717831017e-09
lmh,PR,186,0.465,H2O,0.101375264523111,0.44252819081471123,5.449773188281881e-09
lmh,PR,186,0.465,Light_nC4,0.01204135923091911,0.46921935089822936,1.530797693466424e-10
lmh,PR,186,0.465,Middle_nC10,0.07383311179638197,0.47010128636594284,-1.764728224662448e-10
lmh,PR,186,0.465,Heavy_squalane,0.5353524823989095,0.4701294455730922,-3.008705462588353e-09
lmh,PR,187,0.4675,H2O,0.1019271066633468,0.44493711872313796,8.68327609815367e-09
lmh,PR,187,0.4675,Light_nC4,0.01210612922180303,0.4717432630660683,1.460173197631587e-10
lmh,PR,187,0.4675,Middle_nC10,0.07423010546909278,0.4726289766078925,-2.945082094862883e-10
lmh,PR,187,0.4675,Heavy_squalane,0.5382309848834101,0.47265725448705304,-3.775675225047716e-09
lmh,PR,188,0.47,H2O,0.1024902109107697,0.4473952085246726,9.10124930975087e-09
lmh,PR,188,0.47,Light_nC4,0.0121707187633226,0.4742601436079931,1.514627590015749e-10
lmh,PR,188,0.47,Middle_nC10,0.07462570414929597,0.47514778482176084,-2.696307899174855e-10
lmh,PR,188,0.47,Heavy_squalane,0.5410993065210165,0.4751761229065486,-3.619386219238874e-09
lmh,PR,189,0.4725,H2O,0.1030741851270195,0.44994440092002813,9.199785822033846e-09
lmh,PR,189,0.4725,Light_nC4,0.01223497265287049,0.47676394469624006,1.465360350422218e-10
lmh,PR,189,0.4725,Middle_nC10,0.07501870999320837,0.4776500842410521,-3.032121359547446e-10
lmh,PR,189,0.4725,Heavy_squalane,0.5439487057698547,0.47767837428879684,-3.834290061351857e-09
lmh,PR,190,0.475,H2O,0.10369180543441,0.45264046685411635,9.828313496385022e-09
lmh,PR,190,0.475,Light_nC4,0.01229868448906279,0.4792466234245619,1.278150606187634e-10
lmh,PR,190,0.475,Middle_nC10,0.07540753007813182,0.4801257326004429,-4.36085820232357e-10
lmh,PR,190,0.475,Heavy_squalane,0.5467675579499649,0.4801538002112646,-4.684353528289336e-09
lmh,PR,191,0.4775,H2O,0.1043575791484209,0.4555467343596977,1.121255044367331e-08
lmh,PR,191,0.4775,Light_nC4,0.0123616198877121,0.4816990464721963,9.570763799537918e-11
lmh,PR,191,0.4775,Middle_nC10,0.07579035558974202,0.48256321303548094,-6.703922833528608e-10
lmh,PR,191,0.4775,Heavy_squalane,0.549542662913728,0.4825908087260564,-6.184124813822829e-09
lmh,PR,192,0.48,H2O,0.1050853350398378,0.4587235694535292,1.306579877624614e-08
lmh,PR,192,0.48,Light_nC4,0.0124235554201864,0.48411250742687867,5.868040255097018e-11
lmh,PR,192,0.48,Middle_nC10,0.07616546232446367,0.4849515474050722,-9.466602779450994e-10
lmh,PR,192,0.48,Heavy_squalane,0.5522614380259608,0.4849783501649687,-7.953398517709487e-09
lmh,PR,193,0.4825,H2O,0.1058861317424561,0.46221924581686213,1.473747279767679e-08
lmh,PR,193,0.4825,Light_nC4,0.01248431240307333,0.4864800434770895,2.852611029335872e-11
lmh,PR,193,0.4825,Middle_nC10,0.07653147145488091,0.48728195660555856,-1.175042591006203e-09
lmh,PR,193,0.4825,Heavy_squalane,0.5549138211451732,0.4873075882768293,-9.416566692788242e-09
lmh,PR,194,0.485,H2O,0.1067674176574686,0.4660662775695838,1.584859921077708e-08
lmh,PR,194,0.485,Light_nC4,0.01254377047445045,0.48879696444275555,9.603534981139639e-12
lmh,PR,194,0.485,Middle_nC10,0.07688745428302833,0.4895485275432403,-1.319970133195625e-09
lmh,PR,194,0.485,Heavy_squalane,0.5574930350666077,0.48957257153695155,-1.034538030926599e-08
lmh,PR,195,0.4875,H2O,0.1077332209098451,0.4702822484769614,1.644770808439944e-08
lmh,PR,195,0.4875,Light_nC4,0.01260186452950944,0.4910607333647749,7.760285469782247e-14
lmh,PR,195,0.4875,Middle_nC10,0.0772329085689665,0.4917480624165371,-1.393771070778982e-09
lmh,PR,195,0.4875,Heavy_squalane,0.5599954147599479,0.4917700814328088,-1.081856592259321e-08
lmh,PR,196,0.49,H2O,0.1087847989252938,0.47487264751430197,1.667777604907883e-08
lmh,PR,196,0.49,Light_nC4,0.0126585742278904,0.4932705576340835,-3.55131722640234e-12
lmh,PR,196,0.49,Middle_nC10,0.07756767753937181,0.4938795630372471,-1.422171574949616e-09
lmh,PR,196,0.49,Heavy_squalane,0.5624198163069746,0.4938991134119693,-1.100079497270795e-08
lmh,PR,197,0.4925,H2O,0.1099213669176247,0.47983404889510367,1.670431593048249e-08
lmh,PR,197,0.4925,Light_nC4,0.01271391222544998,0.49542693041534236,-4.034592104851242e-12
lmh,PR,197,0.4925,Middle_nC10,0.0778918590572527,0.4959436525069169,-1.426046586372465e-09
lmh,PR,197,0.4925,Heavy_squalane,0.5647669540420455,0.49596029478004283,-1.102579593324107e-08
lmh,PR,198,0.495,H2O,0.1111407374971591,0.48515690412051243,1.664200466322541e-08
lmh,PR,198,0.495,Light_nC4,0.01276791384067277,0.49753122797480975,-3.182570526560902e-12
lmh,PR,198,0.495,Middle_nC10,0.0782057258687053,0.4979420674216013,-1.419187448115089e-09
lmh,PR,198,0.495,Heavy_squalane,0.5670388185328807,0.4979553735900029,-1.098192828053198e-08
lmh,PR,199,0.4975,H2O,0.1124398247010343,0.4908277421967019,1.653589165595548e-08
lmh,PR,199,0.4975,Light_nC4,0.01282062891185825,0.49958539237683935,-1.867053386894746e-12
lmh,PR,199,0.4975,Middle_nC10,0.07850966275875491,0.49987725773811437,-1.408537786407038e-09
lmh,PR,199,0.4975,Heavy_squalane,0.569238217960839,0.4998868158969974,-1.091372693154859e-08
lmh,PR,200,0.5,H2O,0.113815016055797,0.49683079378043843,1.643116986915771e-08
lmh,PR,200,0.5,Light_nC4,0.01287211578565594,0.5015916972332793,-5.633497140999921e-13
lmh,PR,200,0.5,Middle_nC10,0.07880412015829705,0.5017520913857395,-1.397813545467308e-09
lmh,PR,200,0.5,Heavy_squalane,0.5713684395579269,0.5017575084431479,-1.084501606722087e-08
lmh,PR,201,0.5025,H2O,0.1152624350806978,0.5031491370711149,1.633006285750582e-08
lmh,PR,201,0.5025,Light_nC4,0.01292243707605308,0.50355258244264,5.304576222719959e-13
lmh,PR,201,0.5025,Middle_nC10,0.07908958141471428,0.5035696458756473,-1.388609963126619e-09
lmh,PR,201,0.5025,Heavy_squalane,0.5734330107579002,0.5035705489080773,-1.078603025772784e-08
lmh,PR,202,0.505,H2O,0.116778118488343,0.5097654713355764,1.62308162465763e-08
lmh,PR,202,0.505,Light_nC4,0.01297165680140664,0.5054705426279391,1.412767472452892e-12
lmh,PR,202,0.505,Middle_nC10,0.07936654069805646,0.5053330676277904,-1.381089603791352e-09
lmh,PR,202,0.505,Heavy_squalane,0.5754355379629331,0.5053291043189507,-1.073783542944903e-08
lmh,PR,203,0.5075,H2O,0.1183581317430651,0.5166626213490891,1.616084999156442e-08
lmh,PR,203,0.5075,Light_nC4,0.01301983851715218,0.5073480543733934,2.086081307695054e-12
lmh,PR,203,0.5075,Middle_nC10,0.07963548859178524,0.5070454802260294,-1.375250344159973e-09
lmh,PR,203,0.5075,Heavy_squalane,0.5773796013901565,0.507036318708065,-1.070042251523425e-08
lmh,PR,204,0.51,H2O,0.1199986434487218,0.5238238621165459,1.610781685812412e-08
lmh,PR,204,0.51,Light_nC4,0.0130670441139099,0.5091875293898471,2.581880889640509e-12
lmh,PR,204,0.51,Middle_nC10,0.07989690281841764,0.5087099253675691,-1.370857954929861e-09
lmh,PR,204,0.51,Heavy_squalane,0.5792686873911576,0.5086952536779953,-1.067229299789207e-08
lmh,PR,205,0.5125,H2O,0.1216959739500827,0.5312331310295817,1.606687294319897e-08
lmh,PR,205,0.5125,Light_nC4,0.01311333303211403,0.5109912839109939,2.941208041007393e-12
lmh,PR,205,0.5125,Middle_nC10,0.0801512421798288,0.510329324280385,-1.367599311574708e-09
lmh,PR,205,0.5125,Heavy_squalane,0.5811061442311677,0.5103088495682909,-1.065143962485667e-08
lmh,PR,206,0.515,H2O,0.1234466288989593,0.5388751743910623,1.602877941486724e-08
lmh,PR,206,0.515,Light_nC4,0.0131587617195866,0.5127615175564867,3.236036438813983e-12
lmh,PR,206,0.515,Middle_nC10,0.08039894237247988,0.5119064510784468,-1.364999127617672e-09
lmh,PR,206,0.515,Heavy_squalane,0.5828951515509464,0.5118798986378776,-1.063483162804657e-08
lmh,PR,207,0.5175,H2O,0.1252473244454619,0.5467356573811731,1.600646337696077e-08
lmh,PR,207,0.5175,Light_nC4,0.01320338322416545,0.5145002974577481,3.446532989559437e-12
lmh,PR,207,0.5175,Middle_nC10,0.08064041284535614,0.5134439127559605,-1.363093873885113e-09
lmh,PR,207,0.5175,Heavy_squalane,0.5846386974381963,0.5134110249299068,-1.062268125677379e-08
lmh,PR,208,0.52,H2O,0.1270950069689639,0.5548012501879755,1.599757737391627e-08
lmh,PR,208,0.52,Light_nC4,0.01324724687497832,0.5162095458380799,3.615985982863279e-12
lmh,PR,208,0.52,Middle_nC10,0.0808760343415056,0.5149441335341501,-1.361590534765256e-09
lmh,PR,208,0.52,Heavy_squalane,0.5863395604876557,0.5149046685175016,-1.061311794819939e-08
lmh,PR,209,0.5225,H2O,0.1289868672548617,0.5630596898924825,1.598046417417009e-08
lmh,PR,209,0.5225,Light_nC4,0.01329039805298727,0.5178910310713967,3.721162267211753e-12
lmh,PR,209,0.5225,Middle_nC10,0.08110615712917758,0.5164093435987761,-1.360566145858222e-09
lmh,PR,209,0.5225,Heavy_squalane,0.588000296893821,0.5163630741689987,-1.060662001887127e-08
lmh,PR,210,0.525,H2O,0.1309203440524989,0.5714997959998807,1.59808117849991e-08
lmh,PR,210,0.525,Light_nC4,0.01333287813357808,0.5195463654450896,3.81756258549526e-12
lmh,PR,210,0.525,Middle_nC10,0.08133110055985285,0.5178415762860783,-1.359697271441362e-09
lmh,PR,210,0.525,Heavy_squalane,0.5896232372266479,0.5177882885164715,-1.060112981066809e-08
lmh,PR,211,0.5275,H2O,0.1328931133612378,0.5801114236705733,1.597705823197515e-08
lmh,PR,211,0.5275,Light_nC4,0.01337472465929751,0.5211770118911319,3.90285893880904e-12
lmh,PR,211,0.5275,Middle_nC10,0.0815511544026452,0.5192426765790165,-1.358969770048901e-09
lmh,PR,211,0.5275,Heavy_squalane,0.5912104961704496,0.5191821686081199,-1.059655499465165e-08
lmh,PR,212,0.53,H2O,0.1349030636824726,0.5888853556890759,1.597663468189126e-08
lmh,PR,212,0.53,Light_nC4,0.01341597173968587,0.5227842995664781,3.939678444586647e-12
lmh,PR,212,0.53,Middle_nC10,0.08176658193029884,0.5206143207560614,-1.358558460173853e-09
lmh,PR,212,0.53,Heavy_squalane,0.5927639950448854,0.5205464016854828,-1.059399191602803e-08
lmh,PR,213,0.5325,H2O,0.136948260089638,0.5978131456206851,1.597825027843669e-08
lmh,PR,213,0.5325,Light_nC4,0.01345665063201844,0.5243694464829937,3.976194373755959e-12
lmh,PR,213,0.5325,Middle_nC10,0.08197762440047822,0.5219580449239223,-1.35820257818331e-09
lmh,PR,213,0.5325,Heavy_squalane,0.5942854945078524,0.5218825339020725,-1.059179542326256e-08
lmh,PR,214,0.535,H2O,0.1390269035755998,0.6068869403527497,1.59658568588128e-08
lmh,PR,214,0.535,Light_nC4,0.01349679039794062,0.5259335850947585,4.007802770211732e-12
lmh,PR,214,0.535,Middle_nC10,0.0821845061229515,0.5232752772807069,-1.357913184674153e-09
lmh,PR,214,0.535,Heavy_squalane,0.5957766315338159,0.5231920027965632,-1.059002986387288e-08
lmh,PR,215,0.5375,H2O,0.1411372925401824,0.6160993119781688,1.597098098216065e-08
lmh,PR,215,0.5375,Light_nC4,0.01353641852587088,0.5274777865514348,4.017808655221167e-12
lmh,PR,215,0.5375,Middle_nC10,0.08238743926194819,0.5245673686929139,-1.357767426268808e-09
lmh,PR,215,0.5375,Heavy_squalane,0.5972389544592783,0.524476168068602,-1.058917667428654e-08
lmh,PR,216,0.54,H2O,0.1432777918440604,0.6254431227079483,1.595781606855695e-08
lmh,PR,216,0.54,Light_nC4,0.01357556143118144,0.5290030801889614,4.033513106849185e-12
lmh,PR,216,0.54,Middle_nC10,0.08258662769530795,0.5258356172669395,-1.357616893904456e-09
lmh,PR,216,0.54,Heavy_squalane,0.5986739511450349,0.5257363363100024,-1.058830086557278e-08
lmh,PR,217,0.5425,H2O,0.1454468123509678,0.6349114355678661,1.596844778628537e-08
lmh,PR,217,0.5425,Light_nC4,0.01361424478663965,0.5305104664059642,4.04865377334751e-12
lmh,PR,217,0.5425,Middle_nC10,0.08278226956432251,0.5270812845841241,-1.357490717057708e-09
lmh,PR,217,0.5425,Heavy_squalane,0.6000830675837762,0.5269737773453458,-1.058758007587883e-08
lmh,PR,218,0.545,H2O,0.1476428018046489,0.6444974745740987,1.597700538535918e-08
lmh,PR,218,0.545,Light_nC4,0.01365249366987711,0.5320009224102316,4.056630031890052e-12
lmh,PR,218,0.545,Middle_nC10,0.08297455841164335,0.5283056029458998,-1.357415665981243e-09
lmh,PR,218,0.545,Heavy_squalane,0.6014677162040905,0.5281897315242915,-1.058718736102866e-08
lmh,PR,219,0.5475,H2O,0.149864245814031,0.6541946290337443,1.598010757053459e-08
lmh,PR,219,0.5475,Light_nC4,0.01369033254744037,0.5334754015972124,4.059195687911021e-12
lmh,PR,219,0.5475,Middle_nC10,0.08316368305856049,0.5295097745924159,-1.357378279220889e-09
lmh,PR,219,0.5475,Heavy_squalane,0.6028292749751468,0.5293854089353377,-1.058703526689603e-08
lmh,PR,220,0.55,H2O,0.1521096768914175,0.6639964929987793,1.59843464020426e-08
lmh,PR,220,0.55,Light_nC4,0.01372778512871035,0.5349348278576498,4.09037907711518e-12
lmh,PR,220,0.55,Middle_nC10,0.08334982647841173,0.530694964529445,-1.357206111385345e-09
lmh,PR,220,0.55,Heavy_squalane,0.6041690791857797,0.5305619821864765,-1.058603222559055e-08
lmh,PR,221,0.5525,H2O,0.1543776889056821,0.6738969283578381,1.598421917048398e-08
lmh,PR,221,0.5525,Light_nC4,0.01376487413197673,0.5363800864621292,4.082890275869389e-12
lmh,PR,221,0.5525,Middle_nC10,0.08353316399286749,0.5318622890439864,-1.357231826926153e-09
lmh,PR,221,0.5525,Heavy_squalane,0.6054884082824965,0.5317205748467526,-1.058627937855608e-08
lmh,PR,222,0.555,H2O,0.1566669541650137,0.6838901394066342,1.597437576163565e-08
lmh,PR,222,0.555,Light_nC4,0.01380162100871973,0.5378120133170821,4.100239245352633e-12
lmh,PR,222,0.555,Middle_nC10,0.08371386114493465,0.5330128021615115,-1.357138554314297e-09
lmh,PR,222,0.555,Heavy_squalane,0.6067884703483034,0.5328622478160636,-1.058577386055754e-08
lmh,PR,223,0.5575,H2O,0.1589762404173455,0.6939707470590533,1.587919217189115e-08
lmh,PR,223,0.5575,Light_nC4,0.01383804566828117,0.5392313842359582,4.102740716604991e-12
lmh,PR,223,0.5575,Middle_nC10,0.0838920715763769,0.5341474821313315,-1.357120346656693e-09
lmh,PR,223,0.5575,Heavy_squalane,0.6080703866140961,0.5339879857235591,-1.058574256426487e-08
lmh,PR,224,0.56,H2O,0.1613044256059074,0.7041338532588011,1.578135170566799e-08
lmh,PR,224,0.56,Light_nC4,0.01387416623961932,0.5406389056554538,4.120650001770976e-12
lmh,PR,224,0.56,Middle_nC10,0.08406793519017167,0.535267219726814,-1.357028447945829e-09
lmh,PR,224,0.56,Heavy_squalane,0.609335178049951,0.5350986851525401,-1.058524484596544e-08
lmh,PR,225,0.5625,H2O,0.1636505087326773,0.7143750884010652,1.569144013970688e-08
lmh,PR,225,0.5625,Light_nC4,0.01390999889536751,0.542035207779549,4.1302378184227e-12
lmh,PR,225,0.5625,Middle_nC10,0.08424157679447421,0.5363728096113958,-1.35697855729866e-09
lmh,PR,225,0.5625,Heavy_squalane,0.6105837554703557,0.5361951459511893,-1.058501182995454e-08
lmh,PR,226,0.565,H2O,0.1660136158907448,0.7246906376652794,1.55895529736936e-08
lmh,PR,226,0.565,Light_nC4,0.01394555775436606,0.5434208407814396,4.121928492972771e-12
lmh,PR,226,0.565,Middle_nC10,0.0844131053513957,0.5374649455554918,-1.357015860792288e-09
lmh,PR,226,0.565,Heavy_squalane,0.6118169140529046,0.5372780664190643,-1.058532849773839e-08
lmh,PR,227,0.5675,H2O,0.1683930010242463,0.7350772443324295,1.550089286499723e-08
lmh,PR,227,0.5675,Light_nC4,0.01398085486933832,0.5447962743233056,4.127505628948036e-12
lmh,PR,227,0.5675,Middle_nC10,0.08458261388265252,0.5385442198357577,-1.356986120693016e-09
lmh,PR,227,0.5675,Heavy_squalane,0.6130353326504143,0.5383480427030191,-1.05852193994471e-08
lmh,PR,228,0.57,H2O,0.1707880414308198,0.7455321901521513,1.540307618143794e-08
lmh,PR,228,0.57,Light_nC4,0.01401590029930416,0.54616190037807,4.127030314715618e-12
lmh,PR,228,0.57,Middle_nC10,0.08475018002913767,0.5396111267979252,-1.356985426803625e-09
lmh,PR,228,0.57,Heavy_squalane,0.6142395778749425,0.5394055723836597,-1.058529330159616e-08
lmh,PR,229,0.5725,H2O,0.173198228446613,0.7560532546804803,1.531915361076652e-08
lmh,PR,229,0.5725,Light_nC4,0.01405070226024526,0.5475180391004193,4.132763575803722e-12
lmh,PR,229,0.5725,Middle_nC10,0.08491586721347492,0.5406660702588767,-1.356954465459026e-09
lmh,PR,229,0.5725,Heavy_squalane,0.6154301125817933,0.540451061925726,-1.058517445368098e-08
lmh,PR,230,0.575,H2O,0.175623154100309,0.7666386570213604,1.52291133910032e-08
lmh,PR,230,0.575,Light_nC4,0.01408526734067858,0.5488649472271216,4.146112272951363e-12
lmh,PR,230,0.575,Middle_nC10,0.0850797263034803,0.5417093740980365,-1.356887838199761e-09
lmh,PR,230,0.575,Heavy_squalane,0.616607308008767,0.5414848373383931,-1.058482921949914e-08
lmh,PR,231,0.5775,H2O,0.1780624948755487,0.7772869849455878,1.514124548113851e-08
lmh,PR,231,0.5775,Light_nC4,0.01411960076404897,0.55020282830176,4.142854462263479e-12
lmh,PR,231,0.5775,Middle_nC10,0.08524179763652695,0.5427412951466629,-1.356899925752941e-09
lmh,PR,231,0.5775,Heavy_squalane,0.6177714585489009,0.5425071571482207,-1.058498102114306e-08
lmh,PR,232,0.58,H2O,0.1805159940219732,0.7879971176741208,1.505460507213148e-08
lmh,PR,232,0.58,Light_nC4,0.01415370667478344,0.5515318438214971,4.143917847754253e-12
lmh,PR,232,0.58,Middle_nC10,0.08540211322601626,0.543762037236625,-1.356891279891137e-09
lmh,PR,232,0.58,Heavy_squalane,0.6189227978519292,0.5435182265389401,-1.05850004228946e-08
lmh,PR,233,0.5825,H2O,0.1829834438439879,0.7987681485641396,1.497001992427398e-08
lmh,PR,233,0.5825,Light_nC4,0.01418758842444776,0.5528521243878277,4.157207564303711e-12
lmh,PR,233,0.5825,Middle_nC10,0.08556069896888037,0.5447717652557461,-1.356826304088621e-09
lmh,PR,233,0.5825,Heavy_squalane,0.6200615149332265,0.5445182114978144,-1.058466220844196e-08
lmh,PR,234,0.585,H2O,0.1854646691535382,0.8095993128763042,1.487512946251478e-08
lmh,PR,234,0.585,Light_nC4,0.01422124883917459,0.5541637801275331,4.153890773017643e-12
lmh,PR,234,0.585,Middle_nC10,0.08571757670840822,0.545770618281982,-1.356838488786316e-09
lmh,PR,234,0.585,Heavy_squalane,0.6211877692268931,0.5455072520347766,-1.058481098770248e-08
lmh,PR,235,0.5875,H2O,0.1879595128050202,0.8204899246310504,1.477935205365808e-08
lmh,PR,235,0.5875,Light_nC4,0.01425469045370448,0.5554669098126281,4.163948699731357e-12
lmh,PR,235,0.5875,Middle_nC10,0.08587276603909935,0.5467587210750671,-1.356788140172149e-09
lmh,PR,235,0.5875,Heavy_squalane,0.6223017037562016,0.5464854737482948,-1.058456500469181e-08
lmh,PR,236,0.59,H2O,0.1904678237639454,0.8314393245253493,1.469082382731694e-08
lmh,PR,236,0.59,Light_nC4,0.01428791570396922,0.5567616083648166,4.139537670977411e-12
lmh,PR,236,0.59,Middle_nC10,0.08602628579239317,0.5477361935362718,-1.356897469384499e-09
lmh,PR,236,0.59,Heavy_squalane,0.6234034559753782,0.5474529973462791,-1.058532372042269e-08
lmh,PR,237,0.5925,H2O,0.1929894478336085,0.8424468394523111,1.46031021433363e-08
lmh,PR,237,0.5925,Light_nC4,0.01432092707744249,0.558047972714251,4.148979770857153e-12
lmh,PR,237,0.5925,Middle_nC10,0.0861781551956012,0.5487031580874153,-1.356849715916653e-09
lmh,PR,237,0.5925,Heavy_squalane,0.6244931662264388,0.5484099460726038,-1.058509002193812e-08
lmh,PR,238,0.595,H2O,0.1955242207880813,0.8535117525249984,1.452006758814255e-08
lmh,PR,238,0.595,Light_nC4,0.0143537272236259,0.5593261061048758,4.135202597010945e-12
lmh,PR,238,0.595,Middle_nC10,0.08632839472469143,0.5496597451006122,-1.356909987149102e-09
lmh,PR,238,0.595,Heavy_squalane,0.6255709839622079,0.5493564511719645,-1.058553869962939e-08
lmh,PR,239,0.5975,H2O,0.1980719636505059,0.8646332824650048,1.443076308059108e-08
lmh,PR,239,0.5975,Light_nC4,0.01438631903088033,0.5605961210883385,4.13183723346755e-12
lmh,PR,239,0.5975,Middle_nC10,0.08647702669606551,0.5506060966661639,-1.3569217138798e-09
lmh,PR,239,0.5975,Heavy_squalane,0.6266370720644339,0.5502926556819085,-1.058567997167951e-08
lmh,PR,240,0.6,H2O,0.200632479706878,0.8758105705668776,1.435437878006935e-08
lmh,PR,240,0.6,Light_nC4,0.01441870567440788,0.5618581413937165,4.127266237108351e-12
lmh,PR,240,0.6,Middle_nC10,0.08662407563693358,0.5515423689507654,-1.356938811314379e-09
lmh,PR,240,0.6,Heavy_squalane,0.6276916095464773,0.5512187168062496,-1.058585536741324e-08
lmh,PR,241,0.6025,H2O,0.2032055530023289,0.8870426741340149,1.427768318761723e-08
lmh,PR,241,0.6025,Light_nC4,0.01445089064071535,0.563112302880793,4.126232341916669e-12
lmh,PR,241,0.6025,Middle_nC10,0.0867695684736843,0.5524687333968714,-1.356939630103859e-09
lmh,PR,241,0.6025,Heavy_squalane,0.6287347929277598,0.5521348071220651,-1.058592566220146e-08
lmh,PR,242,0.605,H2O,0.2057909480801776,0.8983285653395645,1.420771722437096e-08
lmh,PR,242,0.605,Light_nC4,0.0144828777317904,0.5643587537027914,4.126730207554274e-12
lmh,PR,242,0.605,Middle_nC10,0.08691353456407579,0.5533853769276595,-1.356934078988736e-09
lmh,PR,242,0.605,Heavy_squalane,0.6297668364686011,0.5530411147859221,-1.058595588603551e-08
lmh,PR,243,0.6075,H2O,0.2083884108235356,0.9096671349002368,1.411998450109008e-08
lmh,PR,243,0.6075,Light_nC4,0.01451467105153451,0.5655976537777037,4.132373263021627e-12
lmh,PR,243,0.6075,Middle_nC10,0.08705600559248901,0.5542925012800997,-1.356905615645942e-09
lmh,PR,243,0.6075,Heavy_squalane,0.6307879714057902,0.5539378428625807,-1.058584035299245e-08
lmh,PR,244,0.61,H2O,0.2109976701379352,0.9210571994213946,1.403564248266329e-08
lmh,PR,244,0.61,Light_nC4,0.01454627497847894,0.5668291737251049,4.115536036963796e-12
lmh,PR,244,0.61,Middle_nC10,0.08719701535958273,0.5551903216656705,-1.356977474831211e-09
lmh,PR,244,0.61,Heavy_squalane,0.6317984444176347,0.5548252079770495,-1.058635649808102e-08
lmh,PR,245,0.6125,H2O,0.2136184403861917,0.9324975120258326,1.395007247975057e-08
lmh,PR,245,0.6125,Light_nC4,0.01457769412666484,0.5680534933417565,4.121156541025961e-12
lmh,PR,245,0.6125,Middle_nC10,0.08733659948023934,0.5560790648471565,-1.356949233533022e-09
lmh,PR,245,0.6125,Heavy_squalane,0.6327985154197309,0.5557034383789006,-1.058624271997026e-08
lmh,PR,246,0.615,H2O,0.2162504243509374,0.9439867752859714,1.387492458880525e-08
lmh,PR,246,0.615,Light_nC4,0.01460893329739154,0.5692707997213671,4.115093682477422e-12
lmh,PR,246,0.615,Middle_nC10,0.08747479501194827,0.556958966772536,-1.356972839650084e-09
lmh,PR,246,0.615,Heavy_squalane,0.6337884548533013,0.5565727715609753,-1.058645389682365e-08
lmh,PR,247,0.6175,H2O,0.2188933165637248,0.9555236557562213,1.379722618596484e-08
lmh,PR,247,0.6175,Light_nC4,0.01463999742573593,0.5704812851705967,4.131734884782468e-12
lmh,PR,247,0.6175,Middle_nC10,0.08761164004191813,0.5578302699460909,-1.356896470183777e-09
lmh,PR,247,0.6175,Heavy_squalane,0.6347685406722154,0.557433451613481,-1.058603446800404e-08
lmh,PR,248,0.62,H2O,0.2215468067402747,0.9671067989686915,1.372303090868976e-08
lmh,PR,248,0.62,Light_nC4,0.01467089152472229,0.5716851450335051,4.153994856426202e-12
lmh,PR,248,0.62,Middle_nC10,0.0877471732569746,0.5586932206899126,-1.35679630031138e-09
lmh,PR,248,0.62,Heavy_squalane,0.6357390552045776,0.5582857264679386,-1.058546645491639e-08
lmh,PR,249,0.6225,H2O,0.2242105832140342,0.9787348444215234,1.364151048593904e-08
lmh,PR,249,0.6225,Light_nC4,0.01470162062987947,0.5728825755310948,4.147062901416199e-12
lmh,PR,249,0.6225,Middle_nC10,0.08788143351596266,0.5595480664213531,-1.356823556286635e-09
lmh,PR,249,0.6225,Heavy_squalane,0.6367002820325156,0.5591298451571124,-1.058569752100251e-08
lmh,PR,250,0.625,H2O,0.2268843361734455,0.9904064397103723,1.355888158377708e-08
lmh,PR,250,0.625,Light_nC4,0.01473218974714166,0.5740737717311439,4.163747471808144e-12
lmh,PR,250,0.625,Middle_nC10,0.08801445944771308,0.5603950530932459,-1.356746520686514e-09
lmh,PR,250,0.625,Heavy_squalane,0.6376525030584899,0.5599660552387362,-1.058527311987471e-08
lmh,PR,251,0.6275,H2O,0.2295677605276021,1.0021202530377087,1.348667693761008e-08
lmh,PR,251,0.6275,Light_nC4,0.0147626038061208,0.5752589257273579,4.185299676273679e-12
lmh,PR,251,0.6275,Middle_nC10,0.08814628909132971,0.5612344229035858,-1.356650097816825e-09
lmh,PR,251,0.6275,Heavy_squalane,0.6385959958805928,0.5607946004905856,-1.05847257759897e-08
lmh,PR,252,0.63,H2O,0.2322605583077943,1.013874983696159,1.340849093223571e-08
lmh,PR,252,0.63,Light_nC4,0.01479286762140169,0.5764382251311445,4.177425766416221e-12
lmh,PR,252,0.63,Middle_nC10,0.08827695959762892,0.5620664123945713,-1.356681184061515e-09
lmh,PR,252,0.63,Heavy_squalane,0.6395310316139592,0.56161571899731,-1.058497946120324e-08
lmh,PR,253,0.6325,H2O,0.2349624405579684,1.0256693703208304,1.333651619500042e-08
lmh,PR,253,0.6325,Light_nC4,0.01482298586214499,0.577611851887124,4.165704239889045e-12
lmh,PR,253,0.6325,Middle_nC10,0.08840650699458358,0.5628912509591668,-1.356729228962905e-09
lmh,PR,253,0.6325,Heavy_squalane,0.640457873179216,0.5624296416474035,-1.058533917357655e-08
lmh,PR,254,0.635,H2O,0.2376731286940411,1.0375021968230558,1.326865293897277e-08
lmh,PR,254,0.635,Light_nC4,0.01485296302992151,0.5787799814093916,4.162285099917895e-12
lmh,PR,254,0.635,Middle_nC10,0.08853496601673673,0.5637091597549663,-1.356740136904122e-09
lmh,PR,254,0.635,Heavy_squalane,0.6413767740578141,0.5632365910401778,-1.058546284755555e-08
lmh,PR,255,0.6375,H2O,0.2403923553750882,1.0493722961933467,1.320166692150482e-08
lmh,PR,255,0.6375,Light_nC4,0.01488280344461856,0.5799427820323255,4.169109502072388e-12
lmh,PR,255,0.6375,Middle_nC10,0.08866236999660553,0.5645203510127537,-1.356707995947559e-09
lmh,PR,255,0.6375,Heavy_squalane,0.6422879774996592,0.5640367807899279,-1.058531840687767e-08
lmh,PR,256,0.64,H2O,0.2431198649269048,1.0612785523503412,1.312995306917598e-08
lmh,PR,256,0.64,Light_nC4,0.01491251123752834,0.5811004147412604,4.154994057148365e-12
lmh,PR,256,0.64,Middle_nC10,0.08878875081153857,0.5653250276981391,-1.356765200188903e-09
lmh,PR,256,0.64,Heavy_squalane,0.6431917161353999,0.5648304151854573,-1.058573374085525e-08
lmh,PR,257,0.6425,H2O,0.2458554133946983,1.0732199003708205,1.305285789140076e-08
lmh,PR,257,0.6425,Light_nC4,0.01494209035071703,0.582253033147902,4.149016200050148e-12
lmh,PR,257,0.6425,Middle_nC10,0.08891413887860142,0.5661233834789944,-1.356787487916122e-09
lmh,PR,257,0.6425,Heavy_squalane,0.6440882119391036,0.5656176891572995,-1.058592961079914e-08
lmh,PR,258,0.645,H2O,0.2485987682807548,1.0851953253445576,1.299310890962439e-08
lmh,PR,258,0.645,Light_nC4,0.01497154454105616,0.5834007836474198,4.158296970646624e-12
lmh,PR,258,0.645,Middle_nC10,0.08903856318600425,0.5669156029255562,-1.356744064318072e-09
lmh,PR,258,0.645,Heavy_squalane,0.6449776764576822,0.566398788479194,-1.058570941554365e-08
lmh,PR,259,0.6475,H2O,0.2513497080857728,1.0972038603721261,1.293525962215542e-08
lmh,PR,259,0.6475,Light_nC4,0.01500087738760447,0.5845438057060969,4.158019414890468e-12
lmh,PR,259,0.6475,Middle_nC10,0.08916205135011468,0.5677018618734301,-1.356741580194054e-09
lmh,PR,259,0.6475,Heavy_squalane,0.6458603112269652,0.567173890133467,-1.058574675660314e-08
lmh,PR,260,0.65,H2O,0.254108021691198,1.109244583868637,1.285654708604494e-08
lmh,PR,260,0.65,Light_nC4,0.01503009230177378,0.5856822322574675,4.163587877248354e-12
lmh,PR,260,0.65,Middle_nC10,0.08928462969363268,0.5684823279213375,-1.356715351175097e-09
lmh,PR,260,0.65,Heavy_squalane,0.6467363083421329,0.5679431628119684,-1.058563561089083e-08
lmh,PR,261,0.6525,H2O,0.25687350764873,1.1213166164622597,1.27831717896079e-08
lmh,PR,261,0.6525,Light_nC4,0.01505919253867969,0.5868161901446233,4.177531584548255e-12
lmh,PR,261,0.6525,Middle_nC10,0.08940632333333552,0.5692571609897936,-1.356653386852535e-09
lmh,PR,261,0.6525,Heavy_squalane,0.6476058510980561,0.5687067674783977,-1.058529905387425e-08
lmh,PR,262,0.655,H2O,0.259645973392162,1.1334191175537072,1.271743485757091e-08
lmh,PR,262,0.655,Light_nC4,0.01508818120986324,0.5879458006159413,4.183067087160097e-12
lmh,PR,262,0.655,Middle_nC10,0.08952715627822833,0.570026513946041,-1.35662733824482e-09
lmh,PR,262,0.655,Heavy_squalane,0.6484691147055311,0.569464857997278,-1.058518824939878e-08
lmh,PR,263,0.6575,H2O,0.2624252344167087,1.1455512817337976,1.265314265135576e-08
lmh,PR,263,0.6575,Light_nC4,0.01511706129664811,0.5890711798455788,4.178610582550313e-12
lmh,PR,263,0.6575,Middle_nC10,0.08964715153243752,0.5707905332591795,-1.356642465033531e-09
lmh,PR,263,0.6575,Heavy_squalane,0.6493262670420917,0.5702175817932958,-1.058533483499392e-08
lmh,PR,264,0.66,H2O,0.265211113439699,1.1577123351196708,1.258795274620677e-08
lmh,PR,264,0.66,Light_nC4,0.01514583566371133,0.5901924394622875,4.179026916184547e-12
lmh,PR,264,0.66,Middle_nC10,0.08976633119986867,0.5715493596665313,-1.356637857607979e-09
lmh,PR,264,0.66,Heavy_squalane,0.6501774694157122,0.5709650805219606,-1.058535716163262e-08
lmh,PR,265,0.6625,H2O,0.2680034395623014,1.16990153169551,1.252072038291578e-08
lmh,PR,265,0.6625,Light_nC4,0.01517450707254004,0.5913096870737864,4.177696383278473e-12
lmh,PR,265,0.6625,Middle_nC10,0.08988471658811743,0.57230312883525,-1.356642173599987e-09
lmh,PR,265,0.6625,Heavy_squalane,0.6510228773230815,0.5717074907354963,-1.058543608483798e-08
lmh,PR,266,0.665,H2O,0.2708020474691766,1.1821181498188282,1.246611289938297e-08
lmh,PR,266,0.665,Light_nC4,0.01520307819446401,0.5924230267746048,4.181464202668295e-12
lmh,PR,266,0.665,Middle_nC10,0.09000232830884351,0.5730519720014099,-1.356623688386627e-09
lmh,PR,266,0.665,Heavy_squalane,0.6518626411820161,0.5724449445260236,-1.058537085985418e-08
lmh,PR,267,0.6675,H2O,0.2736067766754601,1.19436148893336,1.240659080892965e-08
lmh,PR,267,0.6675,Light_nC4,0.0152315516227779,0.593532559618454,4.192389491119997e-12
lmh,PR,267,0.6675,Middle_nC10,0.09011918637132618,0.5737960165656812,-1.356576073696658e-09
lmh,PR,267,0.6675,Heavy_squalane,0.6526969070141527,0.5731775701250783,-1.058512151322327e-08
lmh,PR,268,0.67,H2O,0.2764174708526438,1.206630866626367,1.235002572565347e-08
lmh,PR,268,0.67,Light_nC4,0.01525992988360309,0.5946383840414831,4.191954075527526e-12
lmh,PR,268,0.67,Middle_nC10,0.09023531026627966,0.5745353866269893,-1.356574991229209e-09
lmh,PR,268,0.67,Heavy_squalane,0.6535258170565624,0.573905492440712,-1.058516494779769e-08
lmh,PR,269,0.6725,H2O,0.2792339772651272,1.2189256161690445,1.228689254196567e-08
lmh,PR,269,0.6725,Light_nC4,0.01528821544511487,0.5957405962218381,4.186880009360294e-12
lmh,PR,269,0.6725,Middle_nC10,0.09035071903685102,0.5752702034345637,-1.35659315725345e-09
lmh,PR,269,0.6725,Heavy_squalane,0.6543495102797967,0.5746288335124228,-1.058532766902036e-08
lmh,PR,270,0.675,H2O,0.2820561463295558,1.2312450845929233,1.222258551243713e-08
lmh,PR,270,0.675,Light_nC4,0.01531641072457545,0.5968392903537195,4.174180098792668e-12
lmh,PR,270,0.675,Middle_nC10,0.09046543133299333,0.576000585734137,-1.356641909922018e-09
lmh,PR,270,0.675,Heavy_squalane,0.6551681227846784,0.5753477128596048,-1.058568197035241e-08
lmh,PR,271,0.6775,H2O,0.2848838313340039,1.2435886314640345,1.21562753856481e-08
lmh,PR,271,0.6775,Light_nC4,0.01534451809293025,0.5979345588264873,4.164035435905156e-12
lmh,PR,271,0.6775,Middle_nC10,0.09057946544685067,0.5767266499932431,-1.356680268127519e-09
lmh,PR,271,0.6775,Heavy_squalane,0.6559817880605021,0.5760622477082917,-1.058597060796758e-08
lmh,PR,272,0.68,H2O,0.2877168883275219,1.2559556284007543,1.210354821743954e-08
lmh,PR,272,0.68,Light_nC4,0.01537253987657609,0.5990264922935622,4.17420091547438e-12
lmh,PR,272,0.68,Middle_nC10,0.09069283932644642,0.5774485104883722,-1.356636344929107e-09
lmh,PR,272,0.68,Heavy_squalane,0.6567906370849393,0.57677255307889,-1.058574251551675e-08
lmh,PR,273,0.6825,H2O,0.290555176190761,1.2683454593821,1.203664343400766e-08
lmh,PR,273,0.6825,Light_nC4,0.0154004783560975,0.6001151796231834,4.186418572915684e-12
lmh,PR,273,0.6825,Middle_nC10,0.0908055705661484,0.5781662792442616,-1.356584594658372e-09
lmh,PR,273,0.6825,Heavy_squalane,0.6575947982545183,0.5774787417251281,-1.058546611367955e-08
lmh,PR,274,0.685,H2O,0.2933985569060794,1.2807575219268093,1.196917068654714e-08
lmh,PR,274,0.685,Light_nC4,0.01542833576206696,0.6012007077347553,4.212682286341973e-12
lmh,PR,274,0.685,Middle_nC10,0.09091767637410354,0.5788800658265493,-1.356476125868866e-09
lmh,PR,274,0.685,Heavy_squalane,0.6583943971469879,0.5781809239253733,-1.05848331193487e-08
lmh,PR,275,0.6875,H2O,0.2962468959834881,1.2931912289526997,1.191705488909167e-08
lmh,PR,275,0.6875,Light_nC4,0.01545611426797854,0.6022831613234901,4.231883940497561e-12
lmh,PR,275,0.6875,Middle_nC10,0.09102917351806397,0.5795899769968448,-1.356396300833396e-09
lmh,PR,275,0.6875,Heavy_squalane,0.6591895561261004,0.5788792071355633,-1.058437917686052e-08
lmh,PR,276,0.69,H2O,0.2991000630824566,1.3056460114910058,1.185726168909354e-08
lmh,PR,276,0.69,Light_nC4,0.01548381598028303,0.6033626224721041,4.22785244313939e-12
lmh,PR,276,0.69,Middle_nC10,0.09114007824850323,0.5802961162232037,-1.356409512487389e-09
lmh,PR,276,0.69,Heavy_squalane,0.6599803937806263,0.5795736954965671,-1.058450840812515e-08
lmh,PR,277,0.6925,H2O,0.3019579327772804,1.3181213220273964,1.179758968193775e-08
lmh,PR,277,0.6925,Light_nC4,0.01551144292608371,0.6044391701713547,4.221383659297473e-12
lmh,PR,277,0.6925,Middle_nC10,0.0912504062037314,0.5809985830759881,-1.356432521859574e-09
lmh,PR,277,0.6925,Heavy_squalane,0.6607670242320309,0.5802644892262098,-1.05846981845541e-08
lmh,PR,278,0.695,H2O,0.3048203854113207,1.3306166382309452,1.173816732284999e-08
lmh,PR,278,0.695,Light_nC4,0.01553899703913015,0.6055128797742565,4.203514272771436e-12
lmh,PR,278,0.695,Middle_nC10,0.09136017230226648,0.581697472542587,-1.35650110588692e-09
lmh,PR,278,0.695,Heavy_squalane,0.6615495563492362,0.5809516839296999,-1.058517260125244e-08
lmh,PR,279,0.6975,H2O,0.3076873080273995,1.3431314670155339,1.167680781154036e-08
lmh,PR,279,0.6975,Light_nC4,0.01556648014493263,0.6065838224160303,4.200924330621802e-12
lmh,PR,279,0.6975,Middle_nC10,0.09146939062794339,0.5823928742958958,-1.356508502747822e-09
lmh,PR,279,0.6975,Heavy_squalane,0.6623280929103101,0.5816353698634532,-1.058526361399142e-08
lmh,PR,280,0.7,H2O,0.3105585953034037,1.3556653486239982,1.1625244364802e-08
lmh,PR,280,0.7,Light_nC4,0.01559389394541104,0.6076520644159121,4.199834924278889e-12
lmh,PR,280,0.7,Middle_nC10,0.09157807431197033,0.58308487194336,-1.356510043182269e-09
lmh,PR,280,0.7,Heavy_squalane,0.663102729741982,0.5823156311794417,-1.058531801689271e-08
lmh,PR,281,0.7025,H2O,0.313434150477552,1.368217860667147,1.157157656338751e-08
lmh,PR,281,0.7025,Light_nC4,0.01562124000412419,0.6087176667015795,4.223541655301588e-12
lmh,PR,281,0.7025,Middle_nC10,0.09168623541888803,0.5837735423008683,-1.35641362031258e-09
lmh,PR,281,0.7025,Heavy_squalane,0.6638735548875381,0.5829925451944664,-1.058475731602298e-08
lmh,PR,282,0.705,H2O,0.3163138861822943,1.380788621763939,1.151691977433879e-08
lmh,PR,282,0.705,Light_nC4,0.01564851973251137,0.6097806842730215,4.237237297144425e-12
lmh,PR,282,0.705,Middle_nC10,0.09179388484097924,0.5844589547204504,-1.356356915671597e-09
lmh,PR,282,0.705,Heavy_squalane,0.6646406478364952,0.5836661817136813,-1.05844453280586e-08
lmh,PR,283,0.7075,H2O,0.3191977251801757,1.3933772947537137,1.146071337392436e-08
lmh,PR,283,0.7075,Light_nC4,0.01567573437822238,0.6108411657477919,4.239209677736611e-12
lmh,PR,283,0.7075,Middle_nC10,0.09190103220807669,0.5851411705160158,-1.356346562841892e-09
lmh,PR,283,0.7075,Heavy_squalane,0.6654040788665085,0.5843366024526778,-1.058442329390861e-08
lmh,PR,284,0.71,H2O,0.322085600932526,1.405983589178661,1.141079509954675e-08
lmh,PR,284,0.71,Light_nC4,0.01570288501587698,0.6118991530009296,4.249557303270812e-12
lmh,PR,284,0.71,Middle_nC10,0.09200768581647412,0.5858202425107255,-1.356303264143932e-09
lmh,PR,284,0.71,Heavy_squalane,0.6661639085247362,0.5850038605820356,-1.058419515270966e-08
lmh,PR,285,0.7125,H2O,0.3249774579771227,1.418607262932414,1.135861172121612e-08
lmh,PR,285,0.7125,Light_nC4,0.0157299725408168,0.6129546809214874,4.263115901959047e-12
lmh,PR,285,0.7125,Middle_nC10,0.09211385258103193,0.5864962147320452,-1.356247517070308e-09
lmh,PR,285,0.7125,Heavy_squalane,0.66692018727847,0.585668000420518,-1.058388920951209e-08
lmh,PR,286,0.715,H2O,0.3278732521052355,1.4312481230328922,1.130208701102728e-08
lmh,PR,286,0.715,Light_nC4,0.01575699766627424,0.6140077773022118,4.26497726024877e-12
lmh,PR,286,0.715,Middle_nC10,0.09221953801337303,0.5871691222729153,-1.356237538940874e-09
lmh,PR,286,0.715,Heavy_squalane,0.6676729553560907,0.5863290572954037,-1.058386883279817e-08
lmh,PR,287,0.7175,H2O,0.3307729503237276,1.443906025456865,1.124690011052199e-08
lmh,PR,287,0.7175,Light_nC4,0.0157839609240233,0.6150584628649038,4.247536350421299e-12
lmh,PR,287,0.7175,Middle_nC10,0.09232474622689939,0.5878389913236929,-1.356302986588176e-09
lmh,PR,287,0.7175,Heavy_squalane,0.6684222427837183,0.5869870575746721,-1.058431829045935e-08
lmh,PR,288,0.72,H2O,0.3336765306082895,1.4565808740627546,1.119803624739028e-08
lmh,PR,288,0.72,Light_nC4,0.01581086266843809,0.6161067514185687,4.237008313645596e-12
lmh,PR,288,0.72,Middle_nC10,0.09242947996802178,0.5885058393709937,-1.356341081115708e-09
lmh,PR,288,0.72,Heavy_squalane,0.6691680696131169,0.5876420188671415,-1.058459844590174e-08
lmh,PR,289,0.7225,H2O,0.3365839814551118,1.4692726186335778,1.114530625622995e-08
lmh,PR,289,0.7225,Light_nC4,0.0158377030835854,0.6171526501357933,4.23668738980254e-12
lmh,PR,289,0.7225,Middle_nC10,0.09253374067107877,0.589169675547365,-1.356339623947989e-09
lmh,PR,289,0.7225,Heavy_squalane,0.6699104463225012,0.5882939503744453,-1.058462823100272e-08
lmh,PR,290,0.725,H2O,0.3394953012758626,1.481981252235872,1.108625235459404e-08
lmh,PR,290,0.725,Light_nC4,0.01586448219306946,0.6181961599363711,4.249255461385992e-12
lmh,PR,290,0.725,Middle_nC10,0.09263752853415405,0.5898305011140216,-1.356288484299917e-09
lmh,PR,290,0.725,Heavy_squalane,0.6706493743697697,0.5889428533768637,-1.058434963550015e-08
lmh,PR,291,0.7275,H2O,0.3424104976570103,1.4947068079864543,1.103489150284776e-08
lmh,PR,291,0.7275,Light_nC4,0.01589119987195367,0.6192372759518594,4.255300972699771e-12
lmh,PR,291,0.7275,Middle_nC10,0.09274084261105563,0.5904883100464838,-1.356262394058838e-09
lmh,PR,291,0.7275,Heavy_squalane,0.6713848468636858,0.5895887218227326,-1.058422513280311e-08
lmh,PR,292,0.73,H2O,0.3453295865324381,1.50744935544068,1.098393339078774e-08
lmh,PR,292,0.73,Light_nC4,0.01591785586027713,0.6202759880522815,4.261743735689549e-12
lmh,PR,292,0.73,Middle_nC10,0.09284368091530909,0.5911430896967114,-1.356234763383313e-09
lmh,PR,292,0.73,Heavy_squalane,0.6721168493226677,0.5902315429947896,-1.058409156295586e-08
lmh,PR,293,0.7325,H2O,0.348252591287767,1.5202089966825885,1.09335120890794e-08
lmh,PR,293,0.7325,Light_nC4,0.01594444977744693,0.6213122814069564,4.266151668042006e-12
lmh,PR,293,0.7325,Middle_nC10,0.09294604053121205,0.5917948215001956,-1.356215514891623e-09
lmh,PR,293,0.7325,Heavy_squalane,0.6728453604851504,0.5908712982218077,-1.058401039733701e-08
lmh,PR,294,0.735,H2O,0.3511795418401089,1.5329858623077994,1.08819046425781e-08
lmh,PR,294,0.735,Light_nC4,0.01597098113716198,0.6223461370660398,4.268920286709665e-12
lmh,PR,294,0.735,Middle_nC10,0.09304791772879047,0.5924434817078954,-1.356202095070813e-09
lmh,PR,294,0.735,Heavy_squalane,0.6735703531483802,0.5915079636151976,-1.058396550031901e-08
lmh,PR,295,0.7375,H2O,0.3541104737076518,1.5457801073620183,1.082561804211539e-08
lmh,PR,295,0.7375,Light_nC4,0.01599744936246266,0.6233775325469689,4.272379325320763e-12
lmh,PR,295,0.7375,Middle_nC10,0.09314930807977316,0.5930890421246567,-1.356186052348107e-09
lmh,PR,295,0.7375,Heavy_squalane,0.6742917950146408,0.5921415108121368,-1.058390281023741e-08
lmh,PR,296,0.74,H2O,0.3570454270812011,1.5585919072880863,1.077869250104218e-08
lmh,PR,296,0.74,Light_nC4,0.01602385380071472,0.6244064424183439,4.266165545829814e-12
lmh,PR,296,0.74,Middle_nC10,0.09325020657310003,0.5937314708446618,-1.356207104952212e-09
lmh,PR,296,0.74,Heavy_squalane,0.6750096495340806,0.5927719077157135,-1.058407177121937e-08
lmh,PR,297,0.7425,H2O,0.3599844459060144,1.5714214539179596,1.073360601934746e-08
lmh,PR,297,0.7425,Light_nC4,0.0160501937385175,0.6254328388808615,4.245321108542477e-12
lmh,PR,297,0.7425,Middle_nC10,0.09335060772971612,0.5943707329823329,-1.35628377972985e-09
lmh,PR,297,0.7425,Heavy_squalane,0.6757238767423006,0.5933991192304694,-1.05845878188117e-08
lmh,PR,298,0.745,H2O,0.3629275769682566,1.5842689514848607,1.068399826834517e-08
lmh,PR,298,0.745,Light_nC4,0.01607646841656679,0.6264566923464813,4.238324968763862e-12
lmh,PR,298,0.745,Middle_nC10,0.09345050571696807,0.5950067914007025,-1.356307760547182e-09
lmh,PR,298,0.745,Heavy_squalane,0.6764344340950266,0.5940231079953818,-1.058477423162042e-08
lmh,PR,299,0.7475,H2O,0.3658748689564735,1.5971346125263761,1.063919128114526e-08
lmh,PR,299,0.7475,Light_nC4,0.01610267704463543,0.6274779720221778,4.232628136868755e-12
lmh,PR,299,0.7475,Middle_nC10,0.09354989446429972,0.5956396074480574,-1.356326440049571e-09
lmh,PR,299,0.7475,Heavy_squalane,0.6771412773123254,0.5946438351252287,-1.05849276907004e-08
lmh,PR,300,0.75,H2O,0.3688263715417407,1.6100186538690793,1.058793649290834e-08
lmh,PR,300,0.75,Light_nC4,0.01612881881659951,0.6284966464954731,4.224143604347752e-12
lmh,PR,300,0.75,Middle_nC10,0.09364876777880982,0.5962691416937038,-1.356355749937421e-09
lmh,PR,300,0.75,Heavy_squalane,0.6778443612217209,0.5952612609509842,-1.058514627726795e-08
lmh,PR,301,0.7525,H2O,0.3717821344439388,1.6229212925525895,1.053780437321475e-08
lmh,PR,301,0.7525,Light_nC4,0.01615489292552523,0.6295126843223291,4.207417400592384e-12
lmh,PR,301,0.7525,Middle_nC10,0.09374711946149648,0.5968953546681043,-1.356416007292083e-09
lmh,PR,301,0.7525,Heavy_squalane,0.6785436406063546,0.5958753457646483,-1.058556039254254e-08
lmh,PR,302,0.755,H2O,0.374742206486926,1.6358427417051657,1.048735851954028e-08
lmh,PR,302,0.755,Light_nC4,0.01618089857903772,0.6305260546260306,4.201959960536961e-12
lmh,PR,302,0.755,Middle_nC10,0.09384494342552625,0.5975182076159068,-1.35643368759375e-09
lmh,PR,302,0.755,Heavy_squalane,0.6792390710678867,0.5964860505770174,-1.058570454073171e-08
lmh,PR,303,0.7575,H2O,0.377706634644745,1.648783206380163,1.044347920202689e-08
lmh,PR,303,0.7575,Light_nC4,0.01620683501466282,0.6315367276950121,4.217235935466412e-12
lmh,PR,303,0.7575,Middle_nC10,0.09394223381452727,0.5981376632491266,-1.35637373555042e-09
lmh,PR,303,0.7575,Heavy_squalane,0.6799306098896072,0.5970933378756415,-1.058536549756104e-08
lmh,PR,304,0.76,H2O,0.3806754631038715,1.661742879462515,1.039845368751708e-08
lmh,PR,304,0.76,Light_nC4,0.01623270151488007,0.6325446755694335,4.207852816184854e-12
lmh,PR,304,0.76,Middle_nC10,0.09403898511869334,0.5987536864863903,-1.356405890384771e-09
lmh,PR,304,0.76,Heavy_squalane,0.6806182168835762,0.5976971723687556,-1.058560148720722e-08
lmh,PR,305,0.7625,H2O,0.3836487323885036,1.6747219378504044,1.035106403370842e-08
lmh,PR,305,0.7625,Light_nC4,0.01625849742170551,0.6335498726094307,4.220982938174522e-12
lmh,PR,305,0.7625,Middle_nC10,0.09413519228649814,0.5993662451642283,-1.356354140114036e-09
lmh,PR,305,0.7625,Heavy_squalane,0.681301855205592,0.5982975217009595,-1.058531387330256e-08
lmh,PR,306,0.765,H2O,0.386626478516121,1.6877205387690695,1.03032533043745e-08
lmh,PR,306,0.765,Light_nC4,0.01628422214986323,0.6345522960083777,4.221073143795273e-12
lmh,PR,306,0.765,Middle_nC10,0.09423085082681362,0.599975310687272,-1.356352002934713e-09
lmh,PR,306,0.765,Heavy_squalane,0.6819814921003707,0.598894357107609,-1.058533356754281e-08
lmh,PR,307,0.7675,H2O,0.3896087322829746,1.7007388166517894,1.02513704033496e-08
lmh,PR,307,0.7675,Light_nC4,0.01630987519875952,0.635551926259485,4.23028452545271e-12
lmh,PR,307,0.7675,Middle_nC10,0.09432595690054615,0.600580858611707,-1.356315060263569e-09
lmh,PR,307,0.7675,Heavy_squalane,0.6826570995700135,0.5994876540018438,-1.058513740511021e-08
lmh,PR,308,0.77,H2O,0.3925955186385842,1.7137768804094102,1.020748773904875e-08
lmh,PR,308,0.77,Light_nC4,0.01633545616231503,0.6365487475389339,4.226280783670155e-12
lmh,PR,308,0.77,Middle_nC10,0.09442050739674474,0.6011828691298613,-1.356327036794447e-09
lmh,PR,308,0.77,Heavy_squalane,0.6833286549293525,0.6000773924622744,-1.058524547969099e-08
lmh,PR,309,0.7725,H2O,0.3955868562183981,1.7268348113902887,1.015808439572876e-08
lmh,PR,309,0.7725,Light_nC4,0.01636096473679042,0.6375427480108197,4.230362588009129e-12
lmh,PR,309,0.7725,Middle_nC10,0.09451449999248675,0.6017813274515023,-1.356309300981628e-09
lmh,PR,309,0.7725,Heavy_squalane,0.6839961412427935,0.6006635576166033,-1.058516811642545e-08
lmh,PR,310,0.775,H2O,0.3985827570079239,1.7399126619141407,1.011787228570951e-08
lmh,PR,310,0.775,Light_nC4,0.0163864007260785,0.6385339200333735,4.255902921745935e-12
lmh,PR,310,0.775,Middle_nC10,0.09460793319381232,0.6023762240644688,-1.356212926684197e-09
lmh,PR,310,0.775,Heavy_squalane,0.6846595476229862,0.6012461399039069,-1.058459917712353e-08
lmh,PR,311,0.7775,H2O,0.4015832261583271,1.7530104544670824,1.007770476614222e-08
lmh,PR,311,0.7775,Light_nC4,0.0164117640445244,0.6395222602688556,4.250495788671316e-12
lmh,PR,311,0.7775,Middle_nC10,0.09470080635764866,0.6029675548742651,-1.356229843707535e-09
lmh,PR,311,0.7775,Heavy_squalane,0.6853188693907987,0.6018251352151213,-1.058473796301956e-08
lmh,PR,312,0.78,H2O,0.4045882619765337,1.7661281816584251,1.003548442055671e-08
lmh,PR,312,0.78,Light_nC4,0.01643705471753929,0.6405077697074708,4.250839263919559e-12
lmh,PR,312,0.78,Middle_nC10,0.09479311969588532,0.6035553212300089,-1.356225846904646e-09
lmh,PR,312,0.78,Heavy_squalane,0.68597410810491,0.6024005449190285,-1.058474478775628e-08
lmh,PR,313,0.7825,H2O,0.4075978560206909,1.779265806637386,9.98595799449617e-09
lmh,PR,313,0.7825,Light_nC4,0.01646227287965744,0.6414904535916572,4.245022736104609e-12
lmh,PR,313,0.7825,Middle_nC10,0.09488487426094125,0.6041395298325354,-1.356244880290625e-09
lmh,PR,313,0.7825,Heavy_squalane,0.6866252714565771,0.6029723757698449,-1.058489600442277e-08
lmh,PR,314,0.785,H2O,0.410611993345103,1.7924232641622946,9.935428385365458e-09
lmh,PR,314,0.785,Light_nC4,0.01648741877077944,0.6424703212696953,4.242474427318399e-12
lmh,PR,314,0.785,Middle_nC10,0.09497607191652514,0.6047201925482255,-1.356251333461955e-09
lmh,PR,314,0.785,Heavy_squalane,0.6872723730562212,0.6035406397198072,-1.058496810289141e-08
lmh,PR,315,0.7875,H2O,0.4136306528409713,1.8056004620880046,9.90041306857211e-09
lmh,PR,315,0.7875,Light_nC4,0.01651249273061032,0.6434473859789752,4.258478986107761e-12
lmh,PR,315,0.7875,Middle_nC10,0.09506671529484968,0.6052973261365868,-1.356190937329416e-09
lmh,PR,315,0.7875,Heavy_squalane,0.6879154321212462,0.6041053536450256,-1.058462306370206e-08
lmh,PR,316,0.79,H2O,0.4166538076572354,1.8187972832029735,9.856946320124379e-09
lmh,PR,316,0.79,Light_nC4,0.01653749519167902,0.6444216645739854,4.256086802434389e-12
lmh,PR,316,0.79,Middle_nC10,0.09515680774309243,0.6058709519093644,-1.356196814572552e-09
lmh,PR,316,0.79,Heavy_squalane,0.6885544730854325,0.6046665390024656,-1.058469101858055e-08
lmh,PR,317,0.7925,H2O,0.4196814257061853,1.8320135874363825,9.814992468265977e-09
lmh,PR,317,0.7925,Light_nC4,0.0165624266715089,0.645393177221218,4.266588818357953e-12
lmh,PR,317,0.7925,Middle_nC10,0.09524635326259666,0.6064410953434287,-1.356156471843395e-09
lmh,PR,317,0.7925,Heavy_squalane,0.6891895251552342,0.6052242214403019,-1.05844706770807e-08
lmh,PR,318,0.795,H2O,0.4227134701838939,1.8452492141299557,9.782359530102763e-09
lmh,PR,318,0.795,Light_nC4,0.01658728776387616,0.6463619470585329,4.282199594918268e-12
lmh,PR,318,0.795,Middle_nC10,0.09533535644198295,0.6070077856548913,-1.356098226767966e-09
lmh,PR,318,0.795,Heavy_squalane,0.6898206218218182,0.6057784303694072,-1.058413758118061e-08
lmh,PR,319,0.7975,H2O,0.4257499001307271,1.8585039844847238,9.740071358405945e-09
lmh,PR,319,0.7975,Light_nC4,0.01661207912984384,0.6473279998457768,4.292347727252732e-12
lmh,PR,319,0.7975,Middle_nC10,0.09542382238794772,0.6075710553584942,-1.356059257939801e-09
lmh,PR,319,0.7975,Heavy_squalane,0.6904478003561243,0.6063291985199301,-1.05839265993197e-08
lmh,PR,320,0.8,H2O,0.4287906709940635,1.8717777040174364,9.69836844716969e-09
lmh,PR,320,0.8,Light_nC4,0.01663680148867924,0.6482913636108601,4.29344407248955e-12
lmh,PR,320,0.8,Middle_nC10,0.09551175665527878,0.6081309398220122,-1.35605283946294e-09
lmh,PR,320,0.8,Heavy_squalane,0.6910711012982361,0.6068765614928766,-1.058391641096273e-08
lmh,PR,321,0.8025,H2O,0.4318357351817948,1.885070164976729,9.660498295855805e-09
lmh,PR,321,0.8025,Light_nC4,0.01666145560891622,0.6492520683014784,4.29623350783892e-12
lmh,PR,321,0.8025,Middle_nC10,0.09559916517799542,0.6086874768278173,-1.356040106592626e-09
lmh,PR,321,0.8025,Heavy_squalane,0.6916905679549611,0.6074205573189017,-1.05838676628433e-08
lmh,PR,322,0.805,H2O,0.4348850425893128,1.8983811486435507,9.620086275045459e-09
lmh,PR,322,0.805,Light_nC4,0.01668604229970731,0.650210145448127,4.287526930712993e-12
lmh,PR,322,0.805,Middle_nC10,0.09568605420291572,0.6092407061498966,-1.356068375646391e-09
lmh,PR,322,0.805,Heavy_squalane,0.6923062459151549,0.6079612260326815,-1.058407201495997e-08
lmh,PR,323,0.8075,H2O,0.4379385411103101,1.9117104275609365,9.584672425828848e-09
lmh,PR,323,0.8075,Light_nC4,0.01671056240276591,0.6511656278501113,4.300870423690206e-12
lmh,PR,323,0.8075,Middle_nC10,0.09577243022731634,0.6097906691569264,-1.356018859699493e-09
lmh,PR,323,0.8075,Heavy_squalane,0.6929181825948277,0.6084986092734415,-1.058379385819048e-08
lmh,PR,324,0.81,H2O,0.4409961770883992,1.9250577675054383,9.540071052572337e-09
lmh,PR,324,0.81,Light_nC4,0.01673501678470589,0.6521185492770405,4.301092468295131e-12
lmh,PR,324,0.81,Middle_nC10,0.09585829994043044,0.6103374084397856,-1.356015369435859e-09
lmh,PR,324,0.81,Heavy_squalane,0.6935264268103932,0.6090327499101964,-1.058380131665275e-08
lmh,PR,325,0.8125,H2O,0.4440578957604033,1.9384229294221964,9.50589603283695e-09
lmh,PR,325,0.8125,Light_nC4,0.01675940633028556,0.653068944205564,4.324426233770495e-12
lmh,PR,325,0.8125,Middle_nC10,0.09594367017084607,0.6108809674766364,-1.355931193713911e-09
lmh,PR,325,0.8125,Heavy_squalane,0.6941310283947795,0.6095636917046314,-1.058330618200365e-08
lmh,PR,326,0.815,H2O,0.4471236416195467,1.9518056710103593,9.469476313071363e-09
lmh,PR,326,0.815,Light_nC4,0.0167837319360308,0.6540168475708819,4.314748211498021e-12
lmh,PR,326,0.815,Middle_nC10,0.09602854783809649,0.6114213903246968,-1.355963057114717e-09
lmh,PR,326,0.815,Heavy_squalane,0.6947320378443522,0.6100914790010417,-1.058353256827031e-08
lmh,PR,327,0.8175,H2O,0.450193358783689,1.9652057483305132,9.429219393657507e-09
lmh,PR,327,0.8175,Light_nC4,0.01680799450492917,0.6549622945599879,4.339733433722515e-12
lmh,PR,327,0.8175,Middle_nC10,0.09611293991090243,0.6119587213543651,-1.355873552322251e-09
lmh,PR,327,0.8175,Heavy_squalane,0.6953295060140882,0.6106161564586428,-1.058300482112931e-08
lmh,PR,328,0.82,H2O,0.4532669912638155,1.978622916976713,9.394099524454256e-09
lmh,PR,328,0.82,Light_nC4,0.01683219494134197,0.6559053204134073,4.348509399787481e-12
lmh,PR,328,0.82,Middle_nC10,0.09619685336902821,0.612493005006355,-1.35584054400395e-09
lmh,PR,328,0.82,Heavy_squalane,0.69592348383946,0.6111377688073396,-1.058282801170012e-08
lmh,PR,329,0.8225,H2O,0.4563444832454714,1.9920569333050109,9.361510262696471e-09
lmh,PR,329,0.8225,Light_nC4,0.01685633414698692,0.656845960268652,4.348832058354013e-12
lmh,PR,329,0.8225,Middle_nC10,0.09628029517160974,0.6130242855900373,-1.355836963534696e-09
lmh,PR,329,0.8225,Heavy_squalane,0.6965140221052258,0.6116563606446841,-1.058283361773386e-08
lmh,PR,330,0.825,H2O,0.4594257793034257,2.0055075553705164,9.322465995212443e-09
lmh,PR,330,0.825,Light_nC4,0.01688041301730104,0.6577842490184921,4.354490726332649e-12
lmh,PR,330,0.825,Middle_nC10,0.09636327222938189,0.6135526071066101,-1.355814946424339e-09
lmh,PR,330,0.825,Heavy_squalane,0.6971011712428419,0.6121719762579698,-1.058272490942752e-08
lmh,PR,331,0.8275,H2O,0.4625108245838503,2.0189745437226554,9.285485674742582e-09
lmh,PR,331,0.8275,Light_nC4,0.0169044324383877,0.6587202211919903,4.352292831688587e-12
lmh,PR,331,0.8275,Middle_nC10,0.09644579138132352,0.6140780131003947,-1.355819942427949e-09
lmh,PR,331,0.8275,Heavy_squalane,0.6976849811600925,0.6126846594746185,-1.058278360216332e-08
lmh,PR,332,0.83,H2O,0.4655995649655708,2.0324576621090693,9.245428045346875e-09
lmh,PR,332,0.83,Light_nC4,0.0169283932845629,0.6596539108588868,4.353807245283114e-12
lmh,PR,332,0.83,Middle_nC10,0.09652785937555712,0.614600546537223,-1.3558123720947e-09
lmh,PR,332,0.83,Heavy_squalane,0.6982655011016984,0.6131944535397703,-1.058276254297572e-08
lmh,PR,333,0.8325,H2O,0.4686919471810702,2.045956678003825,9.206871245078188e-09
lmh,PR,333,0.8325,Light_nC4,0.01695229641627367,0.6605853515484863,4.355992996862845e-12
lmh,PR,333,0.8325,Middle_nC10,0.09660948285350095,0.6151202497035323,-1.355802317637433e-09
lmh,PR,333,0.8325,Heavy_squalane,0.6988427795337234,0.6137014010147743,-1.058272851678836e-08
lmh,PR,334,0.835,H2O,0.4717879189161042,2.059471363042262,9.166210557772516e-09
lmh,PR,334,0.835,Light_nC4,0.01697614267846014,0.6615145761858306,4.333951600377084e-12
lmh,PR,334,0.835,Middle_nC10,0.09669066833730297,0.6156371641263569,-1.355874891528774e-09
lmh,PR,334,0.835,Heavy_squalane,0.6994168640519026,0.6142055436966842,-1.058320498090771e-08
lmh,PR,335,0.8375,H2O,0.4748874288998906,2.0730014934146905,9.127309706321158e-09
lmh,PR,335,0.8375,Light_nC4,0.01699993289937982,0.6624416170458853,4.33319873038851e-12
lmh,PR,335,0.8375,Middle_nC10,0.09677142222040558,0.6161513305132522,-1.355874974795501e-09
lmh,PR,335,0.8375,Heavy_squalane,0.6999878013127352,0.6147069225577468,-1.058323237735083e-08
lmh,PR,336,0.84,H2O,0.4779904269446878,2.0865468500391624,9.090550361948941e-09
lmh,PR,336,0.84,Light_nC4,0.01702366788950831,0.6633665057107022,4.322372321174939e-12
lmh,PR,336,0.84,Middle_nC10,0.09685175075972795,0.6166627887025194,-1.355909197420235e-09
lmh,PR,336,0.84,Heavy_squalane,0.7005556369765638,0.6152055776954164,-1.058347080440299e-08
lmh,PR,337,0.8425,H2O,0.4810968640019275,2.1001072188065026,9.052552817561904e-09
lmh,PR,337,0.8425,Light_nC4,0.01704734844096989,0.6642892730472321,4.303345874090425e-12
lmh,PR,337,0.8425,Middle_nC10,0.09693166007082403,0.6171715776323763,-1.35597095357598e-09
lmh,PR,337,0.8425,Heavy_squalane,0.7011204156721665,0.6157015483012599,-1.058388043485059e-08
lmh,PR,338,0.845,H2O,0.4842066921891559,2.1136823906979165,9.01451434859427e-09
lmh,PR,338,0.845,Light_nC4,0.01707097532708724,0.6652099491897778,4.306876036364038e-12
lmh,PR,338,0.845,Middle_nC10,0.09701115612444719,0.6176777353190837,-1.355956569248917e-09
lmh,PR,338,0.845,Heavy_squalane,0.7016821809716995,0.6161948726389528,-1.058381779351712e-08
lmh,PR,339,0.8475,H2O,0.4873198647938281,2.1272721618015513,8.97575820908872e-09
lmh,PR,339,0.8475,Light_nC4,0.01709454930204591,0.6661285635269197,4.305692954953422e-12
lmh,PR,339,0.8475,Middle_nC10,0.097090244744359,0.618181298842994,-1.355958109683364e-09
lmh,PR,339,0.8475,Heavy_squalane,0.7022409753747807,0.6166855880303015,-1.058385142971953e-08
lmh,PR,340,0.85,H2O,0.4904363362916814,2.1408763333927014,8.941326516661205e-09
lmh,PR,340,0.85,Light_nC4,0.01711807110091326,0.6670451447022538,4.316181093089178e-12
lmh,PR,340,0.85,Middle_nC10,0.09716893160705019,0.6186823043467745,-1.355920611900707e-09
lmh,PR,340,0.85,Heavy_squalane,0.702796840306379,0.6171737308533903,-1.058364498143372e-08
lmh,PR,341,0.8525,H2O,0.4935560623313976,2.154494711866855,8.906941419312577e-09
lmh,PR,341,0.8525,Light_nC4,0.01714154143960363,0.6679597206130348,4.308801579422372e-12
lmh,PR,341,0.8525,Middle_nC10,0.09724722224187783,0.6191807870362808,-1.355942774727836e-09
lmh,PR,341,0.8525,Heavy_squalane,0.7033498161178876,0.6176593365435236,-1.058380843387819e-08
lmh,PR,342,0.855,H2O,0.4966789997364285,2.1681271087476626,8.874441718213873e-09
lmh,PR,342,0.855,Light_nC4,0.01716496101513874,0.6688723184203221,4.300863484796302e-12
lmh,PR,342,0.855,Middle_nC10,0.09732512203268233,0.6196767811908523,-1.355966804117426e-09
lmh,PR,342,0.855,Heavy_squalane,0.7038999420988533,0.6181424396035259,-1.058398158719842e-08
lmh,PR,343,0.8575,H2O,0.4998051064814237,2.1817733405840394,8.839274501193915e-09
lmh,PR,343,0.8575,Light_nC4,0.01718833050585015,0.6697829645568707,4.300193881534575e-12
lmh,PR,343,0.8575,Middle_nC10,0.09740263621960848,0.6201703201749073,-1.355966526561669e-09
lmh,PR,343,0.8575,Heavy_squalane,0.7044472564903101,0.6186230736154517,-1.058400498629575e-08
lmh,PR,344,0.86,H2O,0.5029343416680937,2.1954332288448004,8.79700997405052e-09
lmh,PR,344,0.86,Light_nC4,0.01721165057168468,0.6706916847390313,4.278903620313912e-12
lmh,PR,344,0.86,Middle_nC10,0.09747976990158984,0.6206614364537602,-1.356034708133169e-09
lmh,PR,344,0.86,Heavy_squalane,0.7049917965029281,0.6191012712565223,-1.058445166531412e-08
lmh,PR,345,0.8625,H2O,0.5060666655144979,2.2091065998719017,8.767289627930602e-09
lmh,PR,345,0.8625,Light_nC4,0.01723492185469279,0.6715985039857817,4.273381995489878e-12
lmh,PR,345,0.8625,Middle_nC10,0.09755652803968748,0.6211501616148812,-1.356050355338922e-09
lmh,PR,345,0.8625,Heavy_squalane,0.7055335983412984,0.6195770643204529,-1.058457431558262e-08
lmh,PR,346,0.865,H2O,0.5092020393132278,2.222793284697898,8.735839776092027e-09
lmh,PR,346,0.865,Light_nC4,0.01725814497934791,0.6725034466311706,4.272355039192099e-12
lmh,PR,346,0.865,Middle_nC10,0.09763291546005907,0.6216365263867996,-1.356051909651157e-09
lmh,PR,346,0.865,Heavy_squalane,0.7060726972256861,0.6200504837365554,-1.058460809802939e-08
lmh,PR,347,0.8675,H2O,0.5123404254113632,2.236493118958446,8.700878678311768e-09
lmh,PR,347,0.8675,Light_nC4,0.01728132055307455,0.6734065363448953,4.281158760832682e-12
lmh,PR,347,0.8675,Middle_nC10,0.09770893685775894,0.6221205606632987,-1.356020747078635e-09
lmh,PR,347,0.8675,Heavy_squalane,0.7066091274197075,0.6205215595940425,-1.058443796709256e-08
lmh,PR,348,0.87,H2O,0.5154817871741519,2.250205942733762,8.669585749834003e-09
lmh,PR,348,0.87,Light_nC4,0.01730444916668779,0.6743077961494293,4.276620724219526e-12
lmh,PR,348,0.87,Middle_nC10,0.09778459680034297,0.6226022935263699,-1.356033077493102e-09
lmh,PR,348,0.87,Heavy_squalane,0.7071429222566703,0.6209903211651603,-1.058454048438773e-08
lmh,PR,349,0.8725,H2O,0.5186260889631588,2.263931600453229,8.63851400829854e-09
lmh,PR,349,0.8725,Light_nC4,0.0173275313949599,0.6752072484421,4.273921494490907e-12
lmh,PR,349,0.8725,Middle_nC10,0.09785989973195346,0.62308175327222,-1.356039551481114e-09
lmh,PR,349,0.8725,Heavy_squalane,0.7076741141693261,0.6214567969313148,-1.058460307697309e-08
lmh,PR,350,0.875,H2O,0.5217732960972614,2.277669940725141,8.60597578017462e-09
lmh,PR,350,0.875,Light_nC4,0.01735056779707123,0.6761049150126608,4.270918688153991e-12
lmh,PR,350,0.875,Middle_nC10,0.09793484997705725,0.6235589674350729,-1.356046948342016e-09
lmh,PR,350,0.875,Heavy_squalane,0.7082027347171906,0.6219210146070646,-1.058467327426507e-08
lmh,PR,351,0.8775,H2O,0.524923374826898,2.2914208162242837,8.575189725926848e-09
lmh,PR,351,0.8775,Light_nC4,0.0173735589171614,0.6770008170647673,4.290670249651463e-12
lmh,PR,351,0.8775,Middle_nC10,0.09800945174452093,0.6240339628131164,-1.35598064027187e-09
lmh,PR,351,0.8775,Heavy_squalane,0.708728814616245,0.6223830011662029,-1.058428489799754e-08
lmh,PR,352,0.88,H2O,0.5280762922893156,2.305184083496585,8.53904508118907e-09
lmh,PR,352,0.88,Light_nC4,0.01739650528473788,0.6778949752319002,4.284210139426925e-12
lmh,PR,352,0.88,Middle_nC10,0.09808370913121194,0.6245067654914308,-1.355999500185501e-09
lmh,PR,352,0.88,Heavy_squalane,0.7092523837652891,0.6228427828649004,-1.058442509758903e-08
lmh,PR,353,0.8825,H2O,0.5312320165010279,2.3189596029261876,8.508914646154913e-09
lmh,PR,353,0.8825,Light_nC4,0.01741940741534737,0.6787874096035266,4.301460229672038e-12
lmh,PR,353,0.8825,Middle_nC10,0.09815762612642547,0.6249774008701754,-1.355941560421403e-09
lmh,PR,353,0.8825,Heavy_squalane,0.7097734712781066,0.6233003852699517,-1.058408888180929e-08
lmh,PR,354,0.885,H2O,0.534390516302897,2.3327472384957213,8.477425372876273e-09
lmh,PR,354,0.885,Light_nC4,0.01744226581088902,0.6796781397373048,4.313950238699071e-12
lmh,PR,354,0.885,Middle_nC10,0.09823120661511202,0.6254458936851387,-1.355898983368409e-09
lmh,PR,354,0.885,Heavy_squalane,0.7102921055071569,0.623755833279581,-1.058384874857296e-08
lmh,PR,355,0.8875,H2O,0.5375517613435498,2.3465468577139097,8.44973046284219e-09
lmh,PR,355,0.8875,Light_nC4,0.01746508096019089,0.6805671846815484,4.310782633631938e-12
lmh,PR,355,0.8875,Middle_nC10,0.09830445438190849,0.6259122680334042,-1.355906935340823e-09
lmh,PR,355,0.8875,Heavy_squalane,0.7108083140729113,0.6242091511492034,-1.058392079829348e-08
lmh,PR,356,0.89,H2O,0.5407157220496102,2.360358331485626,8.411229692966824e-09
lmh,PR,356,0.89,Light_nC4,0.01748785333947179,0.6814545629932223,4.293296620994091e-12
lmh,PR,356,0.89,Middle_nC10,0.09837737311474218,0.626376547396298,-1.355960628501851e-09
lmh,PR,356,0.89,Heavy_squalane,0.711322123890155,0.6246603625145237,-1.058427495338118e-08
lmh,PR,357,0.8925,H2O,0.5438823696015967,2.3741815340066807,8.377529420172875e-09
lmh,PR,357,0.8925,Light_nC4,0.01751058341282415,0.6823402927567591,4.304310380343068e-12
lmh,PR,357,0.8925,Middle_nC10,0.09844996640843984,0.6268387546623675,-1.355923165413664e-09
lmh,PR,357,0.8925,Heavy_squalane,0.711833561194297,0.6251094904146396,-1.058406587269692e-08
lmh,PR,358,0.895,H2O,0.5470516758893791,2.3880163425693777,8.345539508476439e-09
lmh,PR,358,0.895,Light_nC4,0.01753327163252879,0.6832243915963246,4.304051906545148e-12
lmh,PR,358,0.895,Middle_nC10,0.09852223776773517,0.6272989121465306,-1.355921867840504e-09
lmh,PR,358,0.895,Heavy_squalane,0.7123426515634137,0.6255565573114007,-1.058407942467412e-08
lmh,PR,359,0.8975,H2O,0.5502236135037124,2.4018626375255603,8.318887883812872e-09
lmh,PR,359,0.8975,Light_nC4,0.01755591843960721,0.6841068766973395,4.298806102753794e-12
lmh,PR,359,0.8975,Middle_nC10,0.0985941906109674,0.6277570416136244,-1.35593616890084e-09
lmh,PR,359,0.8975,Heavy_squalane,0.7128494199451343,0.6260015851130178,-1.058419003415712e-08
lmh,PR,360,0.9,H2O,0.5533981557038604,2.4157203021452784,8.288580165550866e-09
lmh,PR,360,0.9,Light_nC4,0.01757852426417955,0.6849877648204276,4.290729230249646e-12
lmh,PR,360,0.9,Middle_nC10,0.09866582827308948,0.6282131642975594,-1.355959455828781e-09
lmh,PR,360,0.9,Heavy_squalane,0.7133538906786292,0.6264445951933729,-1.058435665522935e-08
lmh,PR,361,0.9025,H2O,0.556575276395169,2.4295892225188895,8.257682198697164e-09
lmh,PR,361,0.9025,Light_nC4,0.01760108952587153,0.6858670723172733,4.292260991078933e-12
lmh,PR,361,0.9025,Middle_nC10,0.09873715400876329,0.6286673009210262,-1.355952385095893e-09
lmh,PR,361,0.9025,Heavy_squalane,0.7138560875171845,0.6268856084118428,-1.058433437733876e-08
lmh,PR,362,0.905,H2O,0.5597549501015251,2.4434692874368364,8.231297996039714e-09
lmh,PR,362,0.905,Light_nC4,0.01762361463416272,0.6867448151441932,4.297262198860174e-12
lmh,PR,362,0.905,Middle_nC10,0.09880817099519919,0.6291194717135754,-1.355934441116258e-09
lmh,PR,362,0.905,Heavy_squalane,0.7143560336489438,0.6273246451315143,-1.058424458330277e-08
lmh,PR,363,0.9075,H2O,0.5629371519478897,2.4573603883134014,8.203729266634523e-09
lmh,PR,363,0.9075,Light_nC4,0.0176460999887843,0.687621008877635,4.317133456277489e-12
lmh,PR,363,0.9075,Middle_nC10,0.09887888233508331,0.6295696964302562,-1.355869749808392e-09
lmh,PR,363,0.9075,Heavy_squalane,0.7148537517182388,0.6277617252379161,-1.058386581041476e-08
lmh,PR,364,0.91,H2O,0.566121857630041,2.471262419054623,8.16968849944386e-09
lmh,PR,364,0.91,Light_nC4,0.01766854598000462,0.6884956687253059,4.319834420729585e-12
lmh,PR,364,0.91,Middle_nC10,0.0989492910590835,0.6300179943675713,-1.355858911256114e-09
lmh,PR,364,0.91,Heavy_squalane,0.715349263843924,0.6281968681551194,-1.058381993843437e-08
lmh,PR,365,0.9125,H2O,0.569309043405849,2.4851752760202106,8.145819043597212e-09
lmh,PR,365,0.9125,Light_nC4,0.01769095298904582,0.6893688095424061,4.314526166893096e-12
lmh,PR,365,0.9125,Middle_nC10,0.09901940012870086,0.6304643843816335,-1.3558734968111e-09
lmh,PR,365,0.9125,Heavy_squalane,0.7158425916401153,0.6286300928639503,-1.058393127913916e-08
lmh,PR,366,0.915,H2O,0.5724986860698518,2.4990988579125646,8.121598484244766e-09
lmh,PR,366,0.915,Light_nC4,0.01771332138836166,0.690240445842456,4.311998674788597e-12
lmh,PR,366,0.915,Middle_nC10,0.09908921243862011,0.6309088849031302,-1.355879124254056e-09
lmh,PR,366,0.915,Heavy_squalane,0.7163337562333716,0.6290614179170779,-1.05839870469878e-08
lmh,PR,367,0.9175,H2O,0.5756907629339577,2.5130330656925333,8.0978239604202e-09
lmh,PR,367,0.9175,Light_nC4,0.0177356515419389,0.6911105918090399,4.322547528246012e-12
lmh,PR,367,0.9175,Middle_nC10,0.0991587308190717,0.6313515139523636,-1.355844193862143e-09
lmh,PR,367,0.9175,Heavy_squalane,0.7168227782799328,0.6294908614541521,-1.058379156702886e-08
lmh,PR,368,0.92,H2O,0.5788852518026961,2.526977802471378,8.067920110056755e-09
lmh,PR,368,0.92,Light_nC4,0.01775794380554134,0.6919792613053148,4.309792106527155e-12
lmh,PR,368,0.92,Middle_nC10,0.09922795803795473,0.6317922891527669,-1.355881497355771e-09
lmh,PR,368,0.92,Heavy_squalane,0.7173096779812485,0.6299184412154405,-1.058404271734019e-08
lmh,PR,369,0.9225,H2O,0.582082130973866,2.540932973513605,8.04231683795793e-09
lmh,PR,369,0.9225,Light_nC4,0.01778019852711272,0.6928464678897119,4.316670285109403e-12
lmh,PR,369,0.9225,Middle_nC10,0.09929689680339499,0.6322312277471921,-1.355858002261012e-09
lmh,PR,369,0.9225,Heavy_squalane,0.7177944751025398,0.6303441745581287,-1.058391889711683e-08
lmh,PR,370,0.925,H2O,0.5852813791987956,2.5548984860634887,8.013950746956108e-09
lmh,PR,370,0.925,Light_nC4,0.01780241604687975,0.6937122248199501,4.303821188322843e-12
lmh,PR,370,0.925,Middle_nC10,0.09936554976531449,0.6326683466079032,-1.355895687393804e-09
lmh,PR,370,0.925,Heavy_squalane,0.7182771889843853,0.630768078466495,-1.058417097364242e-08
lmh,PR,371,0.9275,H2O,0.5884829756872533,2.568874249366507,7.984022170235303e-09
lmh,PR,371,0.9275,Light_nC4,0.01782459669774925,0.6945765450685115,4.294210820265931e-12
lmh,PR,371,0.9275,Middle_nC10,0.09943391951785935,0.6331036622520344,-1.355923227863709e-09
lmh,PR,371,0.9275,Heavy_squalane,0.7187578385603183,0.6311901695673632,-1.058436118880445e-08
lmh,PR,372,0.93,H2O,0.5916869000794543,2.5828601745471476,7.955492602300342e-09
lmh,PR,372,0.93,Light_nC4,0.01784674080545976,0.6954394413285506,4.283849316943922e-12
lmh,PR,372,0.93,Middle_nC10,0.09950200860101456,0.6335371908518721,-1.355952926329618e-09
lmh,PR,372,0.93,Heavy_squalane,0.7192364423686827,0.6316104641405148,-1.058456417597378e-08
lmh,PR,373,0.9325,H2O,0.5948931324354904,2.5968561745627605,7.92756391010654e-09
lmh,PR,373,0.9325,Light_nC4,0.01786884868883869,0.6963009260239128,4.268989675648704e-12
lmh,PR,373,0.9325,Middle_nC10,0.09956981950249585,0.6339689482468998,-1.355996336049881e-09
lmh,PR,373,0.9325,Heavy_squalane,0.7197130185664163,0.6320289781307926,-1.058485271609271e-08
lmh,PR,374,0.935,H2O,0.5981016532266457,2.610862164165655,7.905767879968907e-09
lmh,PR,374,0.935,Light_nC4,0.01789092066005711,0.6971610113190644,4.28145279646186e-12
lmh,PR,374,0.935,Middle_nC10,0.09963735465958533,0.6343989499554861,-1.355956069648556e-09
lmh,PR,374,0.935,Heavy_squalane,0.720187584942416,0.6324457271598372,-1.058462311245018e-08
lmh,PR,375,0.9375,H2O,0.6013124433049342,2.6248780597701185,7.878560621950276e-09
lmh,PR,375,0.9375,Light_nC4,0.01791295702472038,0.6980197091226235,4.270036581266456e-12
lmh,PR,375,0.9375,Middle_nC10,0.09970461646041874,0.634827211183081,-1.355988966944555e-09
lmh,PR,375,0.9375,Heavy_squalane,0.7206601589270293,0.632860726534423,-1.058484598885223e-08
lmh,PR,376,0.94,H2O,0.6045254839174882,2.63890377951523,7.853096237056734e-09
lmh,PR,376,0.94,Light_nC4,0.01793495808225362,0.6988770311023809,4.28619986725387e-12
lmh,PR,376,0.94,Middle_nC10,0.09977160724613161,0.6352537468358805,-1.355937549740727e-09
lmh,PR,376,0.94,Heavy_squalane,0.7211307576075614,0.6332739912600756,-1.058454847907932e-08
lmh,PR,377,0.9425,H2O,0.6077407566675396,2.6529392430945307,7.827019295371909e-09
lmh,PR,377,0.9425,Light_nC4,0.01795692412590734,0.6997329886855194,4.299155649534203e-12
lmh,PR,377,0.9425,Middle_nC10,0.09983832931180268,0.635678571526833,-1.355895964949561e-09
lmh,PR,377,0.9425,Heavy_squalane,0.7215993977353128,0.6336855360472516,-1.058431107573767e-08
lmh,PR,378,0.945,H2O,0.6109582435162372,2.6669843717639576,7.795182325510323e-09
lmh,PR,378,0.945,Light_nC4,0.01797885544303107,0.7005875930692766,4.287626677312861e-12
lmh,PR,378,0.945,Middle_nC10,0.09990478490817714,0.6361016995866121,-1.355928938573392e-09
lmh,PR,378,0.945,Heavy_squalane,0.722066095738078,0.6340953753223156,-1.058453331841418e-08
lmh,PR,379,0.9475,H2O,0.614177926782116,2.681039088339528,7.769467639745881e-09
lmh,PR,379,0.9475,Light_nC4,0.01800075231531833,0.7014408552304908,4.311261417311307e-12
lmh,PR,379,0.9475,Middle_nC10,0.09997097624326164,0.6365231450737712,-1.355855337725753e-09
lmh,PR,379,0.9475,Heavy_squalane,0.7225308677317259,0.6345035232377086,-1.058409848518882e-08
lmh,PR,380,0.95,H2O,0.6173997891022867,2.695103317027919,7.742970960644602e-09
lmh,PR,380,0.95,Light_nC4,0.01802261501877986,0.7022927859245571,4.318221995258664e-12
lmh,PR,380,0.95,Middle_nC10,0.1000369054830615,0.6369429217794385,-1.355832390803613e-09
lmh,PR,380,0.95,Heavy_squalane,0.722993729525739,0.6349099936768131,-1.058397515244665e-08
lmh,PR,381,0.9525,H2O,0.620623813446474,2.709176983487754,7.716542688045765e-09
lmh,PR,381,0.9525,Light_nC4,0.01804444382406626,0.7031433956980011,4.309608225838701e-12
lmh,PR,381,0.9525,Middle_nC10,0.1001025747533422,0.6373610432385313,-1.355856205087491e-09
lmh,PR,381,0.9525,Heavy_squalane,0.7234546966359316,0.6353148002651214,-1.058414148103016e-08
lmh,PR,382,0.955,H2O,0.6238499831046131,2.723260014775452,7.69013781219189e-09
lmh,PR,382,0.955,Light_nC4,0.01806623899660018,0.7039926948936285,4.320574280292089e-12
lmh,PR,382,0.955,Middle_nC10,0.1001679861407809,0.637777522737089,-1.355821240001109e-09
lmh,PR,382,0.955,Heavy_squalane,0.7239137842928685,0.6357179563776288,-1.058394453862765e-08
lmh,PR,383,0.9575,H2O,0.6270782816635982,2.7373523392437322,7.66336756296591e-09
lmh,PR,383,0.9575,Light_nC4,0.01808800079662598,0.7048406936524617,4.325819216721705e-12
lmh,PR,383,0.9575,Middle_nC10,0.100233141693841,0.6381923733178407,-1.355803497249397e-09
lmh,PR,383,0.9575,Heavy_squalane,0.7243710074483243,0.6361194751445064,-1.05838536233849e-08
lmh,PR,384,0.96,H2O,0.6303086930091194,2.7514538865496325,7.640658177018543e-09
lmh,PR,384,0.96,Light_nC4,0.01810972947942007,0.7056874019219349,4.312007348405977e-12
lmh,PR,384,0.96,Middle_nC10,0.1002980434240998,0.6386056077886589,-1.355842715877742e-09
lmh,PR,384,0.96,Heavy_squalane,0.7248263807849161,0.6365193694595591,-1.058411306087653e-08
lmh,PR,385,0.9625,H2O,0.6335412013246917,2.7655645876502706,7.613278729712883e-09
lmh,PR,385,0.9625,Light_nC4,0.01813142529547293,0.7065328294629877,4.328370127593129e-12
lmh,PR,385,0.9625,Middle_nC10,0.1003626933074626,0.6390172387302895,-1.35579205501335e-09
lmh,PR,385,0.9625,Heavy_squalane,0.7252799187249154,0.636917651987965,-1.058381935345694e-08
lmh,PR,386,0.965,H2O,0.6367757910595475,2.7796843746626854,7.583938897911616e-09
lmh,PR,386,0.965,Light_nC4,0.01815308849045383,0.7073769858486904,4.32542023032223e-12
lmh,PR,386,0.965,Middle_nC10,0.1004270932847009,0.6394272784997788,-1.355798834312694e-09
lmh,PR,386,0.965,Heavy_squalane,0.7257316354343171,0.6373143351698484,-1.058387892365889e-08
lmh,PR,387,0.9675,H2O,0.640012446945772,2.79381318093864,7.55707429409127e-09
lmh,PR,387,0.9675,Light_nC4,0.01817471930549849,0.7082198804754525,4.322819879831741e-12
lmh,PR,387,0.9675,Middle_nC10,0.1004912452629301,0.6398357392398819,-1.355804364611135e-09
lmh,PR,387,0.9675,Heavy_squalane,0.7261815448334774,0.6377094312296211,-1.058393235159779e-08
lmh,PR,388,0.97,H2O,0.6432511539802129,2.8079509409856516,7.533837551658204e-09
lmh,PR,388,0.97,Light_nC4,0.01819631797725248,0.709061522564715,4.337845187218914e-12
lmh,PR,388,0.97,Middle_nC10,0.1005551511163334,0.6402426328836721,-1.35575792953313e-09
lmh,PR,388,0.97,Heavy_squalane,0.7266296606024596,0.6381029521806777,-1.058366365196347e-08
lmh,PR,389,0.9725,H2O,0.6464918974112505,2.822097590409237,7.509336371907473e-09
lmh,PR,389,0.9725,Light_nC4,0.01821788473794057,0.709901921165652,4.345212557821387e-12
lmh,PR,389,0.9725,Middle_nC10,0.1006188126869418,0.6406479711595072,-1.355734309538281e-09
lmh,PR,389,0.9725,Heavy_squalane,0.7270759961867608,0.6384949098304242,-1.058353520066876e-08
lmh,PR,390,0.975,H2O,0.6497346627385794,2.836253065911966,7.48294185247729e-09
lmh,PR,390,0.975,Light_nC4,0.01823941981551604,0.7107410851609889,4.32166021718805e-12
lmh,PR,390,0.975,Middle_nC10,0.1006822317856295,0.641051765597367,-1.3558016723203e-09
lmh,PR,390,0.975,Heavy_squalane,0.7275205648045373,0.6388853157866233,-1.05839674989919e-08
lmh,PR,391,0.9775,H2O,0.6529794357179763,2.8504173053142674,7.456522892218694e-09
lmh,PR,391,0.9775,Light_nC4,0.01826092343383603,0.7115790232738359,4.321329752365877e-12
lmh,PR,391,0.9775,Middle_nC10,0.1007454101931626,0.6414540275355306,-1.355800673119578e-09
lmh,PR,391,0.9775,Heavy_squalane,0.7279633794541963,0.6392741814640607,-1.058397934478492e-08
lmh,PR,392,0.98,H2O,0.6562262023302117,2.864590247418725,7.429924291355e-09
lmh,PR,392,0.98,Light_nC4,0.01828239581259283,0.71241574406501,4.311421011871097e-12
lmh,PR,392,0.98,Middle_nC10,0.1008083496605103,0.641854768122558,-1.355827748683591e-09
lmh,PR,392,0.98,Heavy_squalane,0.7284044529168048,0.639661518086661,-1.058416205273657e-08
lmh,PR,393,0.9825,H2O,0.6594749487954913,2.8787718320731166,7.40356097651412e-09
lmh,PR,393,0.9825,Light_nC4,0.01830383716754134,0.7132512559418988,4.308436420130679e-12
lmh,PR,393,0.9825,Middle_nC10,0.1008710519100091,0.6422539983247024,-1.355834451655102e-09
lmh,PR,393,0.9825,Heavy_squalane,0.7288437977644698,0.6400473366948473,-1.058422162293851e-08
lmh,PR,394,0.985,H2O,0.6627256615560119,2.8929620000942666,7.380039503719538e-09
lmh,PR,394,0.985,Light_nC4,0.0183252477105096,0.7140855671588708,4.301333594858292e-12
lmh,PR,394,0.985,Middle_nC10,0.1009335186358707,0.6426517289291445,-1.355853200546431e-09
lmh,PR,394,0.985,Heavy_squalane,0.7292814263641137,0.6404316481488552,-1.058435451031209e-08
lmh,PR,395,0.9875,H2O,0.6659783272755244,2.9071606932661376,7.359597398493831e-09
lmh,PR,395,0.9875,Light_nC4,0.0183466276495165,0.7149186858218622,4.285897158007312e-12
lmh,PR,395,0.9875,Middle_nC10,0.1009957515049879,0.6430479705491227,-1.355896256383105e-09
lmh,PR,395,0.9875,Heavy_squalane,0.7297173508833265,0.6408144631338738,-1.058463564071687e-08
lmh,PR,396,0.99,H2O,0.669232932839603,2.9213678543410055,7.335851787798509e-09
lmh,PR,396,0.99,Light_nC4,0.01836797718888867,0.7157506198929314,4.3017698778125e-12
lmh,PR,396,0.99,Middle_nC10,0.101057752157721,0.6434427336289418,-1.355848246176183e-09
lmh,PR,396,0.99,Heavy_squalane,0.7301515832960709,0.6411957921650546,-1.058435689896994e-08
lmh,PR,397,0.9925,H2O,0.6724894653276862,2.9355834269174133,7.306197103567471e-09
lmh,PR,397,0.9925,Light_nC4,0.01838929652918739,0.7165813771874118,4.283202265087382e-12
lmh,PR,397,0.9925,Middle_nC10,0.1011195222081166,0.6438360284453643,-1.355900114408115e-09
lmh,PR,397,0.9925,Heavy_squalane,0.7305841353844094,0.6415756455890284,-1.058469209103918e-08
lmh,PR,398,0.995,H2O,0.6757479120433874,2.949807355572481,7.287889673334409e-09
lmh,PR,398,0.995,Light_nC4,0.01841058586751311,0.717410965385777,4.290578309307236e-12
lmh,PR,398,0.995,Middle_nC10,0.1011810632452087,0.6442278651158959,-1.3558769107469e-09
lmh,PR,398,0.995,Heavy_squalane,0.7310150187478026,0.6419540335920707,-1.058456593090608e-08
lmh,PR,399,0.9975,H2O,0.6790082604752457,2.964039585690578,7.260977521809737e-09
lmh,PR,399,0.9975,Light_nC4,0.01843184539734977,0.7182393920275755,4.284907498264268e-12
lmh,PR,399,0.9975,Middle_nC10,0.101242376832971,0.6446182535984817,-1.355891364462902e-09
lmh,PR,399,0.9975,Heavy_squalane,0.7314442448029542,0.6423309661999662,-1.058467147058465e-08
lmh,PR,400,1.0,H2O,0.6822704983158104,2.9782800635466264,7.241152347641242e-09
lmh,PR,400,1.0,Light_nC4,0.01845307530878676,0.7190666645200788,4.283008843419811e-12
lmh,PR,400,1.0,Middle_nC10,0.1013034645113503,0.6450072036980848,-1.355894792276491e-09
lmh,PR,400,1.0,Heavy_squalane,0.7318718247912204,0.6427064532845147,-1.058470998159901e-08
lmh,CPA,0,0.0,H2O,0.0,0.0,0.0
lmh,CPA,0,0.0,Light_nC4,0.0,0.0,0.0
lmh,CPA,0,0.0,Middle_nC10,0.0,0.0,0.0
lmh,CPA,0,0.0,Heavy_squalane,0.0,0.0,0.0
lmh,CPA,1,0.0025,H2O,0.001300429050598144,0.005402123996442172,-2.678048893756113e-10
lmh,CPA,1,0.0025,Light_nC4,6.992170148167053e-05,0.00259287352509209,-8.510830928898372e-13
lmh,CPA,1,0.0025,Middle_nC10,0.0002748907193844745,0.001665594540395123,1.102590241330859e-12
lmh,CPA,1,0.0025,Heavy_squalane,0.001486416850191324,0.0012421876187233487,-2.235713654171905e-11
lmh,CPA,2,0.005,H2O,0.002603520233450857,0.010815306780387971,-2.596227399731532e-10
lmh,CPA,2,0.005,Light_nC4,0.0001398424823493576,0.005185712911489412,-9.636562381398761e-13
lmh,CPA,2,0.005,Middle_nC10,0.0005498033359421905,0.0033313217582858078,4.562739075453237e-13
lmh,CPA,2,0.005,Heavy_squalane,0.002975240710050708,0.002486386757705921,-2.531553622868683e-11
lmh,CPA,3,0.0075,H2O,0.003909686451163676,0.016241263594258766,-6.748995806660218e-11
lmh,CPA,3,0.0075,Light_nC4,0.0002097615605252018,0.007778489157767039,-1.571697633151459e-12
lmh,CPA,3,0.0075,Middle_nC10,0.0008247452897120817,0.004997226733725161,1.82336368226288e-11
lmh,CPA,3,0.0075,Heavy_squalane,0.004466914876624784,0.003732967877026041,-1.270970664990023e-10
lmh,CPA,4,0.01,H2O,0.005218519206978058,0.021678297498001754,-2.975780732938915e-11
lmh,CPA,4,0.01,Light_nC4,0.0002796785469130301,0.010371187835254841,-1.957017881082379e-12
lmh,CPA,4,0.01,Middle_nC10,0.001099716595136301,0.0066633095542198515,1.791641834891777e-11
lmh,CPA,4,0.01,Heavy_squalane,0.005961128162608193,0.004981670919743576,-1.459905206373505e-10
lmh,CPA,5,0.0125,H2O,0.006529889116594013,0.027125871015134514,2.655975439580516e-11
lmh,CPA,5,0.0125,Light_nC4,0.0003495930107273486,0.012963792969337232,-2.600048648604414e-12
lmh,CPA,5,0.0125,Middle_nC10,0.001374719267157185,0.008329582428537647,1.422068018896994e-11
lmh,CPA,5,0.0125,Heavy_squalane,0.007457816265208863,0.006232442148488588,-1.684849723498879e-10
lmh,CPA,6,0.015,H2O,0.00784353243846828,0.0325828885345439,1.206947319865037e-10
lmh,CPA,6,0.015,Light_nC4,0.0004195047590554795,0.01555629740632424,-3.404072163037952e-12
lmh,CPA,6,0.015,Middle_nC10,0.001649753050175254,0.009996043807971854,1.288791295905867e-11
lmh,CPA,6,0.015,Heavy_squalane,0.008956772999052223,0.007485109255661483,-2.030664991931853e-10
lmh,CPA,7,0.0175,H2O,0.00915924379851533,0.03804849690989703,1.23773546967243e-10
lmh,CPA,7,0.0175,Light_nC4,0.0004894136667042494,0.01814869650373637,-3.246247021193582e-12
lmh,CPA,7,0.0175,Middle_nC10,0.001924817634624771,0.011662691816828002,9.784784094080123e-12
lmh,CPA,7,0.0175,Heavy_squalane,0.01045783561639321,0.008739536234169858,-2.002396622847448e-10
lmh,CPA,8,0.02,H2O,0.01047706530035505,0.043522871044219355,1.862138776509425e-10
lmh,CPA,8,0.02,Light_nC4,0.0005593192983414454,0.02074097411835421,-2.913252972192026e-12
lmh,CPA,8,0.02,Middle_nC10,0.002199916218560825,0.013329545832490342,3.815309179699966e-12
lmh,CPA,8,0.02,Heavy_squalane,0.01196109017803858,0.00999579500439634,-2.190334701437289e-10
lmh,CPA,9,0.0225,H2O,0.01179666550830743,0.04900463411757638,2.216727357229331e-10
lmh,CPA,9,0.0225,Light_nC4,0.0006292218653679066,0.02333313808945551,-3.248335628258658e-12
lmh,CPA,9,0.0225,Middle_nC10,0.002475045596117787,0.014996586430249665,2.859240622044013e-12
lmh,CPA,9,0.0225,Heavy_squalane,0.01346622792260484,0.011253627536725841,-2.311918007144812e-10
lmh,CPA,10,0.025,H2O,0.01311812357890723,0.05449411495483993,2.503677820619998e-10
lmh,CPA,10,0.025,Light_nC4,0.0006991209373469256,0.025925172455358567,-3.623396721552652e-12
lmh,CPA,10,0.025,Middle_nC10,0.002750209214523906,0.0166638344972591,-6.011857678345223e-13
lmh,CPA,10,0.025,Heavy_squalane,0.01497336712889785,0.012513132675885653,-2.373585508115144e-10
lmh,CPA,11,0.0275,H2O,0.01444123138890041,0.059990448989331556,3.505287171634563e-10
lmh,CPA,11,0.0275,Light_nC4,0.0007690166508529929,0.028517082280590893,-4.534296549341121e-12
lmh,CPA,11,0.0275,Middle_nC10,0.003025405071614754,0.018331277902173707,-5.977995876094155e-12
lmh,CPA,11,0.0275,Heavy_squalane,0.01648231385132903,0.013774148342975223,-2.711223101442763e-10
lmh,CPA,12,0.03,H2O,0.0157656528599396,0.06549224011497058,4.281987542320564e-10
lmh,CPA,12,0.03,Light_nC4,0.0008389095106861204,0.031108886284413585,-3.931039521676283e-12
lmh,CPA,12,0.03,Middle_nC10,0.003300627938304881,0.019998884961362262,-5.904027267078504e-12
lmh,CPA,12,0.03,Heavy_squalane,0.01799272176120329,0.015036385113653732,-3.056405606723723e-10
lmh,CPA,13,0.0325,H2O,0.01709159321413629,0.07100034084677316,4.376392581662003e-10
lmh,CPA,13,0.0325,Light_nC4,0.0009087988779965814,0.0337005607766631,-3.336855097790803e-12
lmh,CPA,13,0.0325,Middle_nC10,0.003575883470393716,0.02166668994396515,-6.521838624706788e-12
lmh,CPA,13,0.0325,Heavy_squalane,0.01950484259073118,0.016300053358676285,-3.099322164435692e-10
lmh,CPA,14,0.035,H2O,0.0184189820910275,0.07651445889970822,4.376387585658392e-10
lmh,CPA,14,0.035,Light_nC4,0.0009786847166167378,0.03629210441615196,-3.364083317469735e-12
lmh,CPA,14,0.035,Middle_nC10,0.003851171635461188,0.023334692653545416,-6.536715613236765e-12
lmh,CPA,14,0.035,Heavy_squalane,0.02101862112384186,0.017565106934378988,-3.114653217696513e-10
lmh,CPA,15,0.0375,H2O,0.01974751397906853,0.08203332514552454,4.297401323682948e-10
lmh,CPA,15,0.0375,Light_nC4,0.001048567627095456,0.03888353947275093,-2.490462697180007e-12
lmh,CPA,15,0.0375,Middle_nC10,0.004126486664671957,0.025002858136065082,-7.027961546057782e-12
lmh,CPA,15,0.0375,Heavy_squalane,0.02253372573135864,0.018831268700700322,-3.051710912370071e-10
lmh,CPA,16,0.04,H2O,0.02107733287425982,0.08755753775930061,4.312405432749244e-10
lmh,CPA,16,0.04,Light_nC4,0.001118447100550749,0.04147484707582895,-2.462328951846615e-12
lmh,CPA,16,0.04,Middle_nC10,0.004401833016445152,0.02667121340559933,-7.043421401675687e-12
lmh,CPA,16,0.04,Heavy_squalane,0.02405034084009968,0.020098692781774483,-3.048227931618368e-10
lmh,CPA,17,0.0425,H2O,0.0224083737428878,0.09308682658390285,4.326529690068526e-10
lmh,CPA,17,0.0425,Light_nC4,0.001188323160129429,0.044066028083728365,-2.468782123177249e-12
lmh,CPA,17,0.0425,Middle_nC10,0.004677210271344682,0.028339755920736565,-7.108896804552955e-12
lmh,CPA,17,0.0425,Heavy_squalane,0.02556840889127108,0.02136733107614115,-3.048599053701661e-10
lmh,CPA,18,0.045,H2O,0.02374067291055464,0.09862134251984149,4.273276732469355e-10
lmh,CPA,18,0.045,Light_nC4,0.001258195551421367,0.046657073062278176,-2.443496793791411e-12
lmh,CPA,18,0.045,Middle_nC10,0.004952620547063757,0.03000849851282392,-7.165712467838148e-12
lmh,CPA,18,0.045,Heavy_squalane,0.0270879923399834,0.022637235777076426,-3.040903837304587e-10
lmh,CPA,19,0.0475,H2O,0.02507400997729194,0.10416017000162865,4.172898693255433e-10
lmh,CPA,19,0.0475,Light_nC4,0.001328064800065938,0.04924800150351576,-2.272057542107575e-12
lmh,CPA,19,0.0475,Middle_nC10,0.005228058992212364,0.03167741178673037,-7.97695243193175e-12
lmh,CPA,19,0.0475,Heavy_squalane,0.0286088406689534,0.023908197529131016,-2.978753877625975e-10
lmh,CPA,20,0.05,H2O,0.02640830174217167,0.1097029634035421,4.16958301219239e-10
lmh,CPA,20,0.05,Light_nC4,0.0013979310639997,0.051838819264128116,-2.259678555383005e-12
lmh,CPA,20,0.05,Middle_nC10,0.00550352410849037,0.03334648666408277,-7.993772310754821e-12
lmh,CPA,20,0.05,Heavy_squalane,0.03013086459209435,0.02518014171657956,-2.975220795393028e-10
lmh,CPA,21,0.0525,H2O,0.02774354994477503,0.11524972995199172,4.133465791866797e-10
lmh,CPA,21,0.0525,Light_nC4,0.001467794247098051,0.054429522779571915,-2.238979834867649e-12
lmh,CPA,21,0.0525,Middle_nC10,0.005779016690567038,0.035015727959873746,-7.92552135031599e-12
lmh,CPA,21,0.0525,Heavy_squalane,0.03165407809179524,0.026453080024401596,-2.971342569622619e-10
lmh,CPA,22,0.055,H2O,0.02907964463131818,0.12080001288697674,4.131027186993208e-10
lmh,CPA,22,0.055,Light_nC4,0.001537654626219386,0.05702012231645662,-2.237942470229015e-12
lmh,CPA,22,0.055,Middle_nC10,0.006054534211102281,0.03668512036065852,-7.958522729722972e-12
lmh,CPA,22,0.055,Heavy_squalane,0.03317835442479854,0.02772690653418989,-2.970401775141472e-10
lmh,CPA,23,0.0575,H2O,0.03041656530368032,0.12635372705706943,4.058605673762372e-10
lmh,CPA,23,0.0575,Light_nC4,0.00160751219932407,0.05961061779914739,-2.234389756550215e-12
lmh,CPA,23,0.0575,Middle_nC10,0.006330076649124791,0.03835466373936952,-8.03282440564601e-12
lmh,CPA,23,0.0575,Heavy_squalane,0.03470367706759778,0.029001607437371735,-2.967965358664656e-10
lmh,CPA,24,0.06,H2O,0.03175425953399031,0.13191065467117957,4.060626834778702e-10
lmh,CPA,24,0.06,Light_nC4,0.001677367080965406,0.06220101347557042,-2.213718791610475e-12
lmh,CPA,24,0.06,Middle_nC10,0.006605642951995358,0.0400243517179445,-7.99904587012179e-12
lmh,CPA,24,0.06,Heavy_squalane,0.03622998796502723,0.03027713421767253,-2.963226129661008e-10
lmh,CPA,25,0.0625,H2O,0.03309270961334393,0.13747072216458905,4.046071255814354e-10
lmh,CPA,25,0.0625,Light_nC4,0.001747219273173211,0.06479130942099648,-2.208167676487349e-12
lmh,CPA,25,0.0625,Middle_nC10,0.006881233076418973,0.04169418403405401,-7.979034100102922e-12
lmh,CPA,25,0.0625,Heavy_squalane,0.03775727241529209,0.03155347458891059,-2.96214430878821e-10
lmh,CPA,26,0.065,H2O,0.03443188465289283,0.14303380122165565,4.105523698783031e-10
lmh,CPA,26,0.065,Light_nC4,0.001817068829923024,0.06738150763697502,-2.216813538291618e-12
lmh,CPA,26,0.065,Middle_nC10,0.007156846522397884,0.04336415765815406,-8.021250330614293e-12
lmh,CPA,26,0.065,Heavy_squalane,0.03928549808081536,0.032830601526810894,-2.96387002647552e-10
lmh,CPA,27,0.0675,H2O,0.03577172467292682,0.14859964268012663,4.136267439669439e-10
lmh,CPA,27,0.0675,Light_nC4,0.001886915920260437,0.06997161439214414,-2.215210653799815e-12
lmh,CPA,27,0.0675,Middle_nC10,0.007432481772082251,0.04503426339341759,-8.087225333852643e-12
lmh,CPA,27,0.0675,Heavy_squalane,0.04081459357052668,0.03410845537038151,-2.962040394604887e-10
lmh,CPA,28,0.07,H2O,0.03711221512012282,0.15416818608391183,4.1290521002324e-10
lmh,CPA,28,0.07,Light_nC4,0.001956760553042811,0.07256163001495718,-2.191555964481395e-12
lmh,CPA,28,0.07,Middle_nC10,0.007708138736817062,0.046704500702673665,-8.01822497287219e-12
lmh,CPA,28,0.07,Heavy_squalane,0.04234454593262695,0.035387025295899294,-2.957200962638751e-10
lmh,CPA,29,0.0725,H2O,0.03845332862826699,0.15973931775077674,4.616514392985493e-10
lmh,CPA,29,0.0725,Light_nC4,0.002026602789209237,0.07515155676518977,-2.270354043654166e-12
lmh,CPA,29,0.0725,Middle_nC10,0.007983816866868795,0.048374866255023546,-8.785527860766251e-12
lmh,CPA,29,0.0725,Heavy_squalane,0.04387532481744133,0.036666285940364404,-3.209114921557005e-10
lmh,CPA,30,0.075,H2O,0.039795060268449,0.1653130172054906,4.624957083976255e-10
lmh,CPA,30,0.075,Light_nC4,0.002096442606805001,0.07774139382870554,-2.280921979069817e-12
lmh,CPA,30,0.075,Middle_nC10,0.008259516352810524,0.05004536120517143,-8.82890982545348e-12
lmh,CPA,30,0.075,Heavy_squalane,0.04540692927119077,0.03794623650671072,-3.211156093015115e-10
lmh,CPA,31,0.0775,H2O,0.04113735276055525,0.17088904650021922,4.629908123554571e-10
lmh,CPA,31,0.0775,Light_nC4,0.002166280193505692,0.08033114816499003,-2.257371373159955e-12
lmh,CPA,31,0.0775,Middle_nC10,0.008535235524476204,0.05171597543338885,-8.741757318020404e-12
lmh,CPA,31,0.0775,Heavy_squalane,0.04693928763441782,0.039226817109657204,-3.20669891679477e-10
lmh,CPA,32,0.08,H2O,0.04248020567482088,0.17646740384967244,4.577322965104713e-10
lmh,CPA,32,0.08,Light_nC4,0.002236115517054731,0.08292081857788768,-2.259682024829957e-12
lmh,CPA,32,0.08,Middle_nC10,0.008810974667185686,0.05338671066846162,-8.754136304744975e-12
lmh,CPA,32,0.08,Heavy_squalane,0.04847240400351645,0.040508031172530136,-3.207066327657229e-10
lmh,CPA,33,0.0825,H2O,0.04382359312095628,0.1820479817027658,5.210697984203705e-10
lmh,CPA,33,0.0825,Light_nC4,0.002305948649721256,0.08551040774732088,-2.72224257025222e-12
lmh,CPA,33,0.0825,Middle_nC10,0.00908673313964682,0.055057563024726745,-1.0128731187109e-11
lmh,CPA,33,0.0825,Heavy_squalane,0.05000624774585768,0.041789853095867,-3.474977503975816e-10
lmh,CPA,34,0.085,H2O,0.04516750587071729,0.1876307417243673,5.243370182483886e-10
lmh,CPA,34,0.085,Light_nC4,0.002375779598689269,0.08809991593969063,-2.742639448882755e-12
lmh,CPA,34,0.085,Middle_nC10,0.009362510879761103,0.05672853212592223,-1.021299711467805e-11
lmh,CPA,34,0.085,Heavy_squalane,0.05154081052426328,0.04307227591234932,-3.478688724808742e-10
lmh,CPA,35,0.0875,H2O,0.0465119297357302,0.19321562497442638,5.194205066061386e-10
lmh,CPA,35,0.0875,Light_nC4,0.002445608393546266,0.09068934425217609,-2.747132382685535e-12
lmh,CPA,35,0.0875,Middle_nC10,0.00963830762812424,0.05839961640028756,-1.023062190519397e-11
lmh,CPA,35,0.0875,Heavy_squalane,0.05307607696924611,0.044355286777809845,-3.479551583652398e-10
lmh,CPA,36,0.09,H2O,0.04785682296170092,0.19880245800105495,5.553602022700943e-10
lmh,CPA,36,0.09,Light_nC4,0.002515435183810229,0.09327869822928218,-3.020216021720756e-12
lmh,CPA,36,0.09,Middle_nC10,0.009914122058314054,0.060070807810877945,-1.043659603183755e-11
lmh,CPA,36,0.09,Heavy_squalane,0.05461199313412055,0.04563884060940057,-3.648493778408903e-10
lmh,CPA,37,0.0925,H2O,0.04920220342224477,0.2043913150531989,6.055519419234656e-10
lmh,CPA,37,0.0925,Light_nC4,0.002585259867720921,0.09586797409748193,-3.418369753926953e-12
lmh,CPA,37,0.0925,Middle_nC10,0.01018995508073284,0.06174211187392578,-1.098848789737872e-11
lmh,CPA,37,0.0925,Heavy_squalane,0.05614858740681214,0.04692296113070185,-3.881517623287558e-10
lmh,CPA,38,0.095,H2O,0.05054803767671889,0.20998205721478355,6.048613832021488e-10
lmh,CPA,38,0.095,Light_nC4,0.002655082565099102,0.09845717630003219,-3.416697480496111e-12
lmh,CPA,38,0.095,Middle_nC10,0.01046580563396838,0.06341352215821215,-1.09841857831583e-11
lmh,CPA,38,0.095,Heavy_squalane,0.05768581658919608,0.048207612241358846,-3.881159490477181e-10
lmh,CPA,39,0.0975,H2O,0.0518943023394501,0.21557458733917387,6.069524882690303e-10
lmh,CPA,39,0.0975,Light_nC4,0.002724903356287951,0.10104630781626119,-3.40726405423375e-12
lmh,CPA,39,0.0975,Middle_nC10,0.01074167300807205,0.06508503436207655,-1.094643820032104e-11
lmh,CPA,39,0.0975,Heavy_squalane,0.05922365096683492,0.04949276910923491,-3.87942820595862e-10
lmh,CPA,40,0.1,H2O,0.0532410023141841,0.22116892579706388,6.153377252182679e-10
lmh,CPA,40,0.1,Light_nC4,0.002794722198403179,0.10363536705591106,-3.569637641032131e-12
lmh,CPA,40,0.1,Middle_nC10,0.01101755759056069,0.06675665083352815,-1.105279756608013e-11
lmh,CPA,40,0.1,Heavy_squalane,0.06076210044838971,0.05077844001492515,-3.956421193358525e-10
lmh,CPA,41,0.1025,H2O,0.05458811497418843,0.22676497859454114,6.406739028186337e-10
lmh,CPA,41,0.1025,Light_nC4,0.002864539172256154,0.1062243570156717,-3.792716141148844e-12
lmh,CPA,41,0.1025,Middle_nC10,0.01129345866745169,0.06842836724646406,-1.163041885021698e-11
lmh,CPA,41,0.1025,Heavy_squalane,0.06230113586043333,0.052064600578411294,-4.08446759014659e-10
lmh,CPA,42,0.105,H2O,0.05593564367870744,0.23236275968627274,6.423347409523217e-10
lmh,CPA,42,0.105,Light_nC4,0.002934354243134808,0.10881327640833184,-3.775139922890247e-12
lmh,CPA,42,0.105,Middle_nC10,0.01156937655460879,0.07010018551473907,-1.156139073366091e-11
lmh,CPA,42,0.105,Heavy_squalane,0.06384076475921416,0.053351257114394486,-4.081231405580277e-10
lmh,CPA,43,0.1075,H2O,0.05728355341872316,0.2379621236409828,6.432234744835341e-10
lmh,CPA,43,0.1075,Light_nC4,0.003004167552659562,0.11140213048553485,-3.758573313694669e-12
lmh,CPA,43,0.1075,Middle_nC10,0.01184530999317373,0.07177209801078593,-1.149685902035458e-11
lmh,CPA,43,0.1075,Heavy_squalane,0.06538093963604828,0.054638369920217325,-4.07816037034103e-10
lmh,CPA,44,0.11,H2O,0.05863183465092908,0.243563030814736,6.527934304223493e-10
lmh,CPA,44,0.11,Light_nC4,0.003073979128578528,0.11399092027625089,-3.849080776330283e-12
lmh,CPA,44,0.11,Middle_nC10,0.01212125873918079,0.07344410325638827,-1.135100347049445e-11
lmh,CPA,44,0.11,Heavy_squalane,0.06692164906376055,0.05592592944627368,-4.130019114649936e-10
lmh,CPA,45,0.1125,H2O,0.05998049573965634,0.24916551595387545,6.949310016324262e-10
lmh,CPA,45,0.1125,Light_nC4,0.003143788915824442,0.11657964373844655,-4.189149027666872e-12
lmh,CPA,45,0.1125,Middle_nC10,0.01239722328792349,0.07511620425258655,-1.183961262363198e-11
lmh,CPA,45,0.1125,Heavy_squalane,0.06846290737808947,0.057213947672834664,-4.296606539787948e-10
lmh,CPA,46,0.115,H2O,0.06132951162803722,0.254769474969442,8.037150944772975e-10
lmh,CPA,46,0.115,Light_nC4,0.003213597016590021,0.11916830466168622,-5.371945943632994e-12
lmh,CPA,46,0.115,Middle_nC10,0.01267320272703664,0.07678839547125502,-1.786235048761853e-11
lmh,CPA,46,0.115,Heavy_squalane,0.07000468039937448,0.058502396036209596,-4.749468261925869e-10
lmh,CPA,47,0.1175,H2O,0.06267887088409593,0.26037486037176233,8.447294530533611e-10
lmh,CPA,47,0.1175,Light_nC4,0.003283403471170932,0.12175690454023516,-5.71302033458565e-12
lmh,CPA,47,0.1175,Middle_nC10,0.01294919669399515,0.07846067471581232,-1.68374203468602e-11
lmh,CPA,47,0.1175,Heavy_squalane,0.07154695335852047,0.05979126219397442,-4.917571720774133e-10
lmh,CPA,48,0.12,H2O,0.06402856442698966,0.2659816344380258,8.686351637976486e-10
lmh,CPA,48,0.12,Light_nC4,0.003353208309966139,0.12434544450136384,-5.90446441739445e-12
lmh,CPA,48,0.12,Middle_nC10,0.01322520490946769,0.0801330402937578,-1.696948137563936e-11
lmh,CPA,48,0.12,Heavy_squalane,0.07308971466201576,0.06108053645751676,-5.017654068586093e-10
lmh,CPA,49,0.1225,H2O,0.06537859455256217,0.27158980670541755,1.043720831983563e-09
lmh,CPA,49,0.1225,Light_nC4,0.003423011509474935,0.12693392367360656,-8.152836045161038e-12
lmh,CPA,49,0.1225,Middle_nC10,0.01350122757158888,0.08180549340561191,-2.14894213534933e-11
lmh,CPA,49,0.1225,Heavy_squalane,0.07463296920415563,0.062370222916963154,-5.848876610251342e-10
lmh,CPA,50,0.125,H2O,0.06672893970191653,0.2771992876159302,1.051029818732729e-09
lmh,CPA,50,0.125,Light_nC4,0.003492813162905405,0.1295223455133549,-8.154397296289417e-12
lmh,CPA,50,0.125,Middle_nC10,0.01377726382435559,0.0834780288647531,-2.149513900207012e-11
lmh,CPA,50,0.125,Heavy_squalane,0.07617668650196753,0.06366029609791786,-5.849201342074223e-10
lmh,CPA,51,0.1275,H2O,0.06807959274391234,0.2828100475460296,1.059164866923368e-09
lmh,CPA,51,0.1275,Light_nC4,0.00356261329518686,0.13211071094505072,-8.206289814349788e-12
lmh,CPA,51,0.1275,Middle_nC10,0.01405331341188785,0.08515064512077511,-2.120478792555502e-11
lmh,CPA,51,0.1275,Heavy_squalane,0.07772085690725472,0.06495074793745391,-5.902780237239191e-10
lmh,CPA,52,0.13,H2O,0.06943054962540554,0.2884220696585134,1.074191458005913e-09
lmh,CPA,52,0.13,Light_nC4,0.003632411917340483,0.13469902037738737,-8.344398089166205e-12
lmh,CPA,52,0.13,Middle_nC10,0.0143293761885462,0.08682334129123169,-2.116049002687248e-11
lmh,CPA,52,0.13,Heavy_squalane,0.07926547495094685,0.06624157386510945,-5.967886184311229e-10
lmh,CPA,53,0.1325,H2O,0.07078180173145852,0.294035318165992,1.069230315398073e-09
lmh,CPA,53,0.1325,Light_nC4,0.003702209064284391,0.13728727510521693,-8.360985515043495e-12
lmh,CPA,53,0.1325,Middle_nC10,0.0146054517735919,0.08849611506918295,-2.122571562956921e-11
lmh,CPA,53,0.1325,Heavy_squalane,0.0808105279032798,0.06753276324271433,-5.970977631265058e-10
lmh,CPA,54,0.135,H2O,0.07213333963422208,0.2996497539041523,1.183339370935954e-09
lmh,CPA,54,0.135,Light_nC4,0.003772004777064137,0.1398754766506123,-9.780679738335962e-12
lmh,CPA,54,0.135,Middle_nC10,0.01488153970748336,0.09016896367021345,-2.40080177960067e-11
lmh,CPA,54,0.135,Heavy_squalane,0.0823560011837473,0.0688243038854468,-6.481285340675857e-10
lmh,CPA,55,0.1375,H2O,0.07348515265711923,0.3052653325213301,1.193543153199528e-09
lmh,CPA,55,0.1375,Light_nC4,0.003841799105196128,0.14246362684976716,-9.859741495477081e-12
lmh,CPA,55,0.1375,Middle_nC10,0.01515763942103077,0.09184188364553654,-2.406091992313009e-11
lmh,CPA,55,0.1375,Heavy_squalane,0.08390187755439314,0.07011618138767378,-6.517003985582363e-10
lmh,CPA,56,0.14,H2O,0.07483724821887164,0.31088208483570356,1.227729584662995e-09
lmh,CPA,56,0.14,Light_nC4,0.003911592008710218,0.1450517242204873,-1.027537777087417e-11
lmh,CPA,56,0.14,Middle_nC10,0.01543375111009832,0.09351487618191594,-2.327815717961812e-11
lmh,CPA,56,0.14,Heavy_squalane,0.08544816610997351,0.07140840334981603,-6.717331974922932e-10
lmh,CPA,57,0.1425,H2O,0.07618960724123865,0.31649993159418194,1.250863579382866e-09
lmh,CPA,57,0.1425,Light_nC4,0.00398138358484379,0.14763977236858086,-1.050890624521017e-11
lmh,CPA,57,0.1425,Middle_nC10,0.01570987368597416,0.09518793468272108,-2.322575465285581e-11
lmh,CPA,57,0.1425,Heavy_squalane,0.08699483494854444,0.07270094311165387,-6.816826094232872e-10
lmh,CPA,58,0.145,H2O,0.07754222498332954,0.3221188531025885,1.267484284195319e-09
lmh,CPA,58,0.145,Light_nC4,0.004051173861225874,0.15022777231860213,-1.062611804103497e-11
lmh,CPA,58,0.145,Middle_nC10,0.01598600662510503,0.09686105597568247,-2.319630598712763e-11
lmh,CPA,58,0.145,Heavy_squalane,0.088541872426618,0.07399379094281013,-6.869933664352058e-10
lmh,CPA,59,0.1475,H2O,0.07889510678533848,0.3277388715446718,1.277820571576882e-09
lmh,CPA,59,0.1475,Light_nC4,0.00412096281665325,0.15281572328428208,-1.070098523681118e-11
lmh,CPA,59,0.1475,Middle_nC10,0.01626214976968359,0.09853423910462723,-2.306238533478222e-11
lmh,CPA,59,0.1475,Heavy_squalane,0.09008928068459883,0.07528694863200522,-6.90572838928564e-10
lmh,CPA,60,0.15,H2O,0.08024823699944199,0.3333599219176678,1.332923993402346e-09
lmh,CPA,60,0.15,Light_nC4,0.004190750542684277,0.15540362866083623,-1.130769783364016e-11
lmh,CPA,60,0.15,Middle_nC10,0.01653830185818271,0.10020747642581714,-2.455105563292648e-11
lmh,CPA,60,0.15,Heavy_squalane,0.09163702810725098,0.0765803897586192,-7.122832952401455e-10
lmh,CPA,61,0.1525,H2O,0.08160161674218565,0.3389820088598285,1.343774869155823e-09
lmh,CPA,61,0.1525,Light_nC4,0.004260537048632001,0.1579914887936159,-1.144625713656033e-11
lmh,CPA,61,0.1525,Middle_nC10,0.01681446226670893,0.10188076415900985,-2.441161162103356e-11
lmh,CPA,61,0.1525,Heavy_squalane,0.09318510643560661,0.07787410742069345,-7.181724460188757e-10
lmh,CPA,62,0.155,H2O,0.0829552411223813,0.34460511205262523,1.354169831824237e-09
lmh,CPA,62,0.155,Light_nC4,0.004330322380447837,0.16057930538661572,-1.157073048485557e-11
lmh,CPA,62,0.155,Middle_nC10,0.01709062992135303,0.10355409579726564,-2.447114733072908e-11
lmh,CPA,62,0.155,Heavy_squalane,0.0947334957677822,0.07916808498637044,-7.229706834337671e-10
lmh,CPA,63,0.1575,H2O,0.08430911713884066,0.3502292605698847,1.530642557145967e-09
lmh,CPA,63,0.1575,Light_nC4,0.004400106527291602,0.16316707803785432,-1.396051677038379e-11
lmh,CPA,63,0.1575,Middle_nC10,0.01736680412493498,0.1052274671162904,-2.626632245039673e-11
lmh,CPA,63,0.1575,Heavy_squalane,0.09628219165486594,0.08046231873772733,-8.080021751577913e-10
lmh,CPA,64,0.16,H2O,0.08566324271730139,0.35585444579489495,1.659604120796132e-09
lmh,CPA,64,0.16,Light_nC4,0.004469889532537756,0.1657548083557664,-1.565633039879444e-11
lmh,CPA,64,0.16,Middle_nC10,0.01764298353802031,0.10690087000029638,-2.680194954862714e-11
lmh,CPA,64,0.16,Heavy_squalane,0.09783117261951615,0.08175679072630777,-8.711109287385906e-10
lmh,CPA,65,0.1625,H2O,0.0870176103995273,0.36148063674533015,1.672478655567744e-09
lmh,CPA,65,0.1625,Light_nC4,0.004539671475862801,0.1683424992949581,-1.568636887050445e-11
lmh,CPA,65,0.1625,Middle_nC10,0.01791916632772884,0.10857429334365136,-2.668801291072498e-11
lmh,CPA,65,0.1625,Heavy_squalane,0.09938040541126694,0.08305147316494221,-8.728513057481918e-10
lmh,CPA,66,0.165,H2O,0.0883722286013119,0.36710786838131376,1.683357397919139e-09
lmh,CPA,66,0.165,Light_nC4,0.004609452359811859,0.170930150949809,-1.567625890208646e-11
lmh,CPA,66,0.165,Middle_nC10,0.01819535117714072,0.11024772916698625,-2.652092434551889e-11
lmh,CPA,66,0.165,Heavy_squalane,0.1009298776145522,0.08434635567803347,-8.763049678553137e-10
lmh,CPA,67,0.1675,H2O,0.08972709658422927,0.37273613763534386,1.807463789749164e-09
lmh,CPA,67,0.1675,Light_nC4,0.004679232243933769,0.17351776552854067,-1.735396201740791e-11
lmh,CPA,67,0.1675,Middle_nC10,0.01847153606773663,0.1119211652398599,-2.872102555784295e-11
lmh,CPA,67,0.1675,Heavy_squalane,0.102479558835757,0.08564141286586131,-9.369526253407574e-10
lmh,CPA,68,0.17,H2O,0.09108222090167618,0.378365471730945,1.814379702036462e-09
lmh,CPA,68,0.17,Light_nC4,0.004749011156611428,0.17610534408366268,-1.740992766618987e-11
lmh,CPA,68,0.17,Middle_nC10,0.01874771907375582,0.1135945898938661,-2.865260806395042e-11
lmh,CPA,68,0.17,Heavy_squalane,0.1040294261214663,0.08693662554642576,-9.39297745785084e-10
lmh,CPA,69,0.1725,H2O,0.092437608370306,0.38399589898523795,1.820648853900764e-09
lmh,CPA,69,0.1725,Light_nC4,0.004818789132365233,0.1786928878952787,-1.744731789599108e-11
lmh,CPA,69,0.1725,Middle_nC10,0.01902389803092178,0.11526799001540407,-2.860406356219869e-11
lmh,CPA,69,0.1725,Heavy_squalane,0.1055794532221919,0.08823197178322274,-9.410071341007302e-10
lmh,CPA,70,0.175,H2O,0.09379326661521088,0.3896274510736867,1.928120219041318e-09
lmh,CPA,70,0.175,Light_nC4,0.004888566208268753,0.18128039833817042,-1.874373573018673e-11
lmh,CPA,70,0.175,Middle_nC10,0.01930007058811313,0.11694135135875851,-2.906283547154942e-11
lmh,CPA,70,0.175,Heavy_squalane,0.1071296118050286,0.08952742789865203,-9.89404422738765e-10
lmh,CPA,71,0.1775,H2O,0.09514920143136438,0.39526015206924275,1.956054485052761e-09
lmh,CPA,71,0.1775,Light_nC4,0.00495834243695573,0.18386787736413007,-1.91699954521507e-11
lmh,CPA,71,0.1775,Middle_nC10,0.01957623412201241,0.11861465802894666,-2.934671949894607e-11
lmh,CPA,71,0.1775,Heavy_squalane,0.1086798680008816,0.09082296558856041,-1.005383269595974e-09
lmh,CPA,72,0.18,H2O,0.09650542277830222,0.40089404334490303,1.99048039162264e-09
lmh,CPA,72,0.18,Light_nC4,0.005028117851766545,0.18645532620950328,-1.953119263542469e-11
lmh,CPA,72,0.18,Middle_nC10,0.01985238610519579,0.12028789471201638,-2.870509385743958e-11
lmh,CPA,72,0.18,Heavy_squalane,0.1102301928256279,0.09211856063112968,-1.020798567569703e-09
lmh,CPA,73,0.1825,H2O,0.09786193667646123,0.4065291499102181,2.081914973750543e-09
lmh,CPA,73,0.1825,Light_nC4,0.005097892507929632,0.18904274692230014,-2.083596489788064e-11
lmh,CPA,73,0.1825,Middle_nC10,0.02012852380880796,0.1219610448735189,-2.668953946738384e-11
lmh,CPA,73,0.1825,Heavy_squalane,0.1117805510477915,0.0934141835836747,-1.071478813703113e-09
lmh,CPA,74,0.185,H2O,0.0992187486576491,0.4121654947449201,2.083377359518579e-09
lmh,CPA,74,0.185,Light_nC4,0.005167666459480108,0.19163014150627936,-2.087639436321176e-11
lmh,CPA,74,0.185,Middle_nC10,0.02040464461795477,0.1236340926695093,-2.667710496950804e-11
lmh,CPA,74,0.185,Heavy_squalane,0.1133309087111692,0.09470980606924648,-1.073104328427935e-09
lmh,CPA,75,0.1875,H2O,0.1005758691387044,0.41780312112169155,2.08868794482342e-09
lmh,CPA,75,0.1875,Light_nC4,0.005237439723259454,0.1942175105859657,-2.092223269634097e-11
lmh,CPA,75,0.1875,Middle_nC10,0.02068074649473563,0.1253070257521131,-2.669592324977543e-11
lmh,CPA,75,0.1875,Heavy_squalane,0.1148812444573263,0.09600541023875833,-1.074678071622138e-09
lmh,CPA,76,0.19,H2O,0.101933303269377,0.4234420504331547,2.101751106486915e-09
lmh,CPA,76,0.19,Light_nC4,0.005307212327581447,0.1968048552113056,-2.108361055186414e-11
lmh,CPA,76,0.19,Middle_nC10,0.02095682772731713,0.12697983374913446,-2.630737294673224e-11
lmh,CPA,76,0.19,Heavy_squalane,0.1164315373525669,0.09730097859807475,-1.081831264216563e-09
lmh,CPA,77,0.1925,H2O,0.1032910509294035,0.4290822821797222,2.12091466611497e-09
lmh,CPA,77,0.1925,Light_nC4,0.005376984302335077,0.1993921764906584,-2.140097127290019e-11
lmh,CPA,77,0.1925,Middle_nC10,0.02123288725604733,0.1286525102400202,-2.643185670336834e-11
lmh,CPA,77,0.1925,Heavy_squalane,0.1179817717045941,0.09859649803325873,-1.09348857997487e-09
lmh,CPA,78,0.195,H2O,0.1046491049951711,0.43472378676913037,2.137511834199302e-09
lmh,CPA,78,0.195,Light_nC4,0.005446755676384751,0.20197947549438935,-2.161953255308546e-11
lmh,CPA,78,0.195,Middle_nC10,0.02150892500232172,0.13032505474849645,-2.611411087372062e-11
lmh,CPA,78,0.195,Heavy_squalane,0.1195319404592646,0.09989196264921463,-1.102402190171394e-09
lmh,CPA,79,0.1975,H2O,0.1060074554031452,0.4403665223963594,2.142364841084543e-09
lmh,CPA,79,0.1975,Light_nC4,0.005516526438706847,0.2045667518137146,-2.166314697071847e-11
lmh,CPA,79,0.1975,Middle_nC10,0.02178494259502477,0.131997477144162,-2.60767796245176e-11
lmh,CPA,79,0.1975,Heavy_squalane,0.1210820593177644,0.10118738556730802,-1.104215121548279e-09
lmh,CPA,80,0.2,H2O,0.1073660786564308,0.4460103914527471,2.148442979077458e-09
lmh,CPA,80,0.2,Light_nC4,0.005586296577718488,0.2071540050191118,-2.175584712382772e-11
lmh,CPA,80,0.2,Middle_nC10,0.02206094349129223,0.1336697983742006,-2.586428293760434e-11
lmh,CPA,80,0.2,Heavy_squalane,0.1226321597596265,0.10248279309475286,-1.108200230478676e-09
lmh,CPA,81,0.2025,H2O,0.1087249379814556,0.4516552411768665,2.145930322328127e-09
lmh,CPA,81,0.2025,Light_nC4,0.005656066056205416,0.20974123373058215,-2.17726878193325e-11
lmh,CPA,81,0.2025,Middle_nC10,0.02233693378410386,0.13534205535667868,-2.573719015686038e-11
lmh,CPA,81,0.2025,Heavy_squalane,0.1241823010873515,0.10377823479021232,-1.109159395502946e-09
lmh,CPA,82,0.205,H2O,0.1100839813750096,0.4573008555417158,2.156907874528713e-09
lmh,CPA,82,0.205,Light_nC4,0.005725834792355887,0.21232843491433928,-2.198238119310858e-11
lmh,CPA,82,0.205,Middle_nC10,0.02261292308565416,0.1370143063329901,-2.499242479636621e-11
lmh,CPA,82,0.205,Heavy_squalane,0.125732581833345,0.10507379299649237,-1.118634698972534e-09
lmh,CPA,83,0.2075,H2O,0.111443129166048,0.4629469035850925,2.21484997009469e-09
lmh,CPA,83,0.2075,Light_nC4,0.005795602694217334,0.2149156051605495,-2.272275423376158e-11
lmh,CPA,83,0.2075,Middle_nC10,0.02288892509079617,0.13868663428182737,-2.52453058458002e-11
lmh,CPA,83,0.2075,Heavy_squalane,0.1272831376804387,0.10636958110273657,-1.145005520845063e-09
lmh,CPA,84,0.21,H2O,0.1128022790433272,0.46859296029494085,2.216835603974232e-09
lmh,CPA,84,0.21,Light_nC4,0.005865369586720261,0.21750273797719308,-2.274972918381302e-11
lmh,CPA,84,0.21,Middle_nC10,0.0231649592840684,0.1403591572622542,-2.525324394042627e-11
lmh,CPA,84,0.21,Heavy_squalane,0.1288341708489754,0.10766576810299665,-1.145924233562254e-09
lmh,CPA,85,0.2125,H2O,0.114161289201157,0.47423843659496995,2.275281740793389e-09
lmh,CPA,85,0.2125,Light_nC4,0.005935135254651363,0.22008982538361638,-2.344281019306393e-11
lmh,CPA,85,0.2125,Middle_nC10,0.02344105182696906,0.14203203378980248,-2.466010728952028e-11
lmh,CPA,85,0.2125,Heavy_squalane,0.1303859491068395,0.10896257776892233,-1.171779937983174e-09
lmh,CPA,86,0.215,H2O,0.1155199740951719,0.47988256171366467,2.30508967469234e-09
lmh,CPA,86,0.215,Light_nC4,0.006004899403106187,0.2226768564440165,-2.389309236572323e-11
lmh,CPA,86,0.215,Middle_nC10,0.02371723743349673,0.14370547420058916,-2.431094214827567e-11
lmh,CPA,86,0.215,Heavy_squalane,0.1319388298930219,0.11026030880964677,-1.188792545403395e-09
lmh,CPA,87,0.2175,H2O,0.1168780934483645,0.4855243375141512,2.308393920458229e-09
lmh,CPA,87,0.2175,Light_nC4,0.00607466164455897,0.2252638167879581,-2.390653994210901e-11
lmh,CPA,87,0.2175,Middle_nC10,0.02399356129691987,0.14537975232583483,-2.433497847675881e-11
lmh,CPA,87,0.2175,Heavy_squalane,0.1334932795530207,0.11155935094666958,-1.189209129941891e-09
lmh,CPA,88,0.22,H2O,0.11823533925795,0.4911624845192954,2.303163437744615e-09
lmh,CPA,88,0.22,Light_nC4,0.006144421483949339,0.22785068805735048,-2.392716580423837e-11
lmh,CPA,88,0.22,Middle_nC10,0.02427008135545318,0.1470552192198577,-2.431535528479856e-11
lmh,CPA,88,0.22,Heavy_squalane,0.1350498959049303,0.11286020377217107,-1.190046381361799e-09
lmh,CPA,89,0.2225,H2O,0.1195913250107817,0.4967953971113637,2.30557839486778e-09
lmh,CPA,89,0.2225,Light_nC4,0.006214178275787606,0.23043744631580357,-2.396219681011225e-11
lmh,CPA,89,0.2225,Middle_nC10,0.0245468711727515,0.14873232061331815,-2.429231815703758e-11
lmh,CPA,89,0.2225,Heavy_squalane,0.1366094417096771,0.114163504719842,-1.191474459138309e-09
lmh,CPA,90,0.225,H2O,0.1209455634764803,0.5024210512822626,2.324825554289589e-09
lmh,CPA,90,0.225,Light_nC4,0.006283931232416474,0.23302406235499276,-2.412885516389629e-11
lmh,CPA,90,0.225,Middle_nC10,0.02482402271347032,0.1504116137306595,-2.429353940236467e-11
lmh,CPA,90,0.225,Heavy_squalane,0.1381728670629228,0.11547004777763231,-1.197682960469713e-09
lmh,CPA,91,0.2275,H2O,0.122297455821172,0.5080369594108194,2.354407224736121e-09
lmh,CPA,91,0.2275,Light_nC4,0.006353679349911621,0.23561049894686525,-2.453988401374119e-11
lmh,CPA,91,0.2275,Middle_nC10,0.0251016502660816,0.1520937910589012,-2.340982963033866e-11
lmh,CPA,91,0.2275,Heavy_squalane,0.1397413581287715,0.11678082421415122,-1.214079505231668e-09
lmh,CPA,92,0.23,H2O,0.1236462631848768,0.5136400521921566,2.378972685512792e-09
lmh,CPA,92,0.23,Light_nC4,0.00642342142376373,0.23819671142516938,-2.487634057080079e-11
lmh,CPA,92,0.23,Middle_nC10,0.02537989383474149,0.15377970089935591,-2.327793513501319e-11
lmh,CPA,92,0.23,Heavy_squalane,0.1413163634390006,0.11809704455674103,-1.226770581552987e-09
lmh,CPA,93,0.2325,H2O,0.1249910919489112,0.5192266174368766,2.396717158070771e-09
lmh,CPA,93,0.2325,Light_nC4,0.006493155973098568,0.24078264487534334,-2.500024839924286e-11
lmh,CPA,93,0.2325,Middle_nC10,0.02565892365591769,0.15547037473439537,-2.320402203714877e-11
lmh,CPA,93,0.2325,Heavy_squalane,0.1428996481469116,0.11942018393102082,-1.2315239131958e-09
lmh,CPA,94,0.235,H2O,0.1263308682607557,0.5247921942445856,2.406131405230383e-09
lmh,CPA,94,0.235,Light_nC4,0.006562881226494621,0.24336823360859744,-2.516634817206764e-11
lmh,CPA,94,0.235,Middle_nC10,0.02593894418202457,0.1571670513647543,-2.280886590710907e-11
lmh,CPA,94,0.235,Heavy_squalane,0.1444933314805669,0.12075201336028053,-1.238242707391731e-09
lmh,CPA,95,0.2375,H2O,0.1276643171256877,0.5303314861482572,2.422176015315358e-09
lmh,CPA,95,0.2375,Light_nC4,0.00663259509006332,0.24595339997824803,-2.540491081393093e-11
lmh,CPA,95,0.2375,Middle_nC10,0.02622019801796843,0.15887120076151176,-2.258779274733058e-11
lmh,CPA,95,0.2375,Heavy_squalane,0.1460999273107545,0.12209463366783069,-1.247283426901783e-09
lmh,CPA,96,0.24,H2O,0.1289899468526768,0.5358382965007874,2.432968160270832e-09
lmh,CPA,96,0.24,Light_nC4,0.006702295109260667,0.24853805296359602,-2.562663276028943e-11
lmh,CPA,96,0.24,Middle_nC10,0.02650296935222615,0.1605845448553921,-2.247144137434987e-11
lmh,CPA,96,0.24,Heavy_squalane,0.1477223816800055,0.12345050683972578,-1.255614932110662e-09
lmh,CPA,97,0.2425,H2O,0.1303060373216771,0.5413054797360475,2.439084267891189e-09
lmh,CPA,97,0.2425,Light_nC4,0.006771978457300696,0.2511220877402688,-2.563709314284957e-11
lmh,CPA,97,0.2425,Middle_nC10,0.02678758600011012,0.16230906991714242,-2.244629482284211e-11
lmh,CPA,97,0.2425,Heavy_squalane,0.1493640930723159,0.12482247296402163,-1.256080875886236e-09
lmh,CPA,98,0.245,H2O,0.1316106381231623,0.5467249336403103,2.43888231832301e-09
lmh,CPA,98,0.245,Light_nC4,0.006841641941873322,0.25370538592933495,-2.562806217243363e-11
lmh,CPA,98,0.245,Middle_nC10,0.02707441949341897,0.16404702710073682,-2.238428886691679e-11
lmh,CPA,98,0.245,Heavy_squalane,0.1510289121364985,0.12621374999958268,-1.256023166402284e-09
lmh,CPA,99,0.2475,H2O,0.1329015830009924,0.5520876593494924,2.430704859612831e-09
lmh,CPA,99,0.2475,Light_nC4,0.006911282019059402,0.2562878161133099,-2.562825993090989e-11
lmh,CPA,99,0.2475,Middle_nC10,0.02736388272596383,0.16580091817734868,-2.238068064208676e-11
lmh,CPA,99,0.2475,Heavy_squalane,0.152721118894163,0.12762791472895876,-1.256058237439156e-09
lmh,CPA,100,0.25,H2O,0.1341765191858364,0.5573838832033893,2.438455659614647e-09
lmh,CPA,100,0.25,Light_nC4,0.006980894854427919,0.2588692361017943,-2.564280732197943e-11
lmh,CPA,100,0.25,Middle_nC10,0.02765642399175711,0.16757345941204954,-2.243744079422072e-11
lmh,CPA,100,0.25,Heavy_squalane,0.1544453592796362,0.1290688497252634,-1.256389649459536e-09
lmh,CPA,101,0.2525,H2O,0.1354329588368507,0.5626032704400122,2.44551656702896e-09
lmh,CPA,101,0.2525,Light_nC4,0.007050476402788791,0.2614494958889094,-2.5647893531211e-11
lmh,CPA,101,0.2525,Middle_nC10,0.02795251739882555,0.16936752347999798,-2.244093799674829e-11
lmh,CPA,101,0.2525,Heavy_squalane,0.1562065466122503,0.13054066101329073,-1.2565614789841e-09
lmh,CPA,102,0.255,H2O,0.1366683495032264,0.5677352179005364,2.445552649277261e-09
lmh,CPA,102,0.255,Light_nC4,0.007120022530393393,0.2640284421848018,-2.567422316412937e-11
lmh,CPA,102,0.255,Middle_nC10,0.02825264924282034,0.17118605690257332,-2.235564511288146e-11
lmh,CPA,102,0.255,Heavy_squalane,0.1580097194760312,0.13204755930061723,-1.257788408591466e-09
lmh,CPA,103,0.2575,H2O,0.1378801629886787,0.5727692231820725,2.449090596989834e-09
lmh,CPA,103,0.2575,Light_nC4,0.0071895291590911,0.2666059237613326,-2.567605850156696e-11
lmh,CPA,103,0.2575,Middle_nC10,0.02855730113250832,0.17303197780278257,-2.236058560534104e-11
lmh,CPA,103,0.2575,Heavy_squalane,0.1598598670385842,0.13359371399788045,-1.257839437877919e-09
lmh,CPA,104,0.26,H2O,0.1390659948847225,0.5776952981097421,2.441691293597614e-09
lmh,CPA,104,0.26,Light_nC4,0.007258992433062776,0.2691817976349767,-2.566674650594791e-11
lmh,CPA,104,0.26,Middle_nC10,0.02886693084655513,0.174908059914304,-2.231650975126342e-11
lmh,CPA,104,0.26,Heavy_squalane,0.1617617299532507,0.13518308683417718,-1.257634949610025e-09
lmh,CPA,105,0.2625,H2O,0.1402236663734549,0.5825043916365299,2.441935098573822e-09
lmh,CPA,105,0.2625,Light_nC4,0.007328408885371875,0.271755935242959,-2.565752818539657e-11
lmh,CPA,105,0.2625,Middle_nC10,0.02918195281041935,0.17681681428873935,-2.226338557953511e-11
lmh,CPA,105,0.2625,Heavy_squalane,0.1637195976545375,0.13681926245834597,-1.257453285350253e-09
lmh,CPA,106,0.265,H2O,0.1413513166923914,0.5871887739522899,2.443685698239051e-09
lmh,CPA,106,0.265,Light_nC4,0.0073977755925361,0.27432822817516234,-2.566607343323923e-11
lmh,CPA,106,0.265,Middle_nC10,0.0295027200679898,0.17876038005968706,-2.230235440769945e-11
lmh,CPA,106,0.265,Heavy_squalane,0.1657371202289035,0.13850529122076866,-1.257660928155855e-09
lmh,CPA,107,0.2675,H2O,0.142447475416371,0.5917423367506571,2.446549296486467e-09
lmh,CPA,107,0.2675,Light_nC4,0.007467090284289025,0.27689859224436614,-2.567163842615017e-11
lmh,CPA,107,0.2675,Middle_nC10,0.02982951041007728,0.18074044039367557,-2.23269458476949e-11
lmh,CPA,107,0.2675,Heavy_squalane,0.1678171647801719,0.14024356913900268,-1.257803810157923e-09
lmh,CPA,108,0.27,H2O,0.1435106914271136,0.5961590519281534,2.444772828624764e-09
lmh,CPA,108,0.27,Light_nC4,0.007536352151860668,0.27946699745933395,-2.567701953837265e-11
lmh,CPA,108,0.27,Middle_nC10,0.03016259893012995,0.18275866211360225,-2.020075773323526e-11
lmh,CPA,108,0.27,Heavy_squalane,0.1699625478368796,0.14203644996521114,-1.239598973045124e-09
lmh,CPA,109,0.2725,H2O,0.1445383302981037,0.600427975789935,2.586376446345184e-09
lmh,CPA,109,0.2725,Light_nC4,0.007605575733906968,0.2820339829501968,-2.157663631097151e-11
lmh,CPA,109,0.2725,Middle_nC10,0.03050250200206219,0.18481817398850858,-1.661651372053541e-11
lmh,CPA,109,0.2725,Heavy_squalane,0.1721782728751588,0.1438881150675621,-1.271182946821667e-09
lmh,CPA,110,0.275,H2O,0.1455303317012281,0.604548857726445,2.584689684503871e-09
lmh,CPA,110,0.275,Light_nC4,0.007674759183853963,0.28459948024132214,-2.156666858987855e-11
lmh,CPA,110,0.275,Middle_nC10,0.03084923116892126,0.18691904595904785,-1.656697001806151e-11
lmh,CPA,110,0.275,Heavy_squalane,0.1744644803785666,0.14579868184713007,-1.27090831648003e-09
lmh,CPA,111,0.2775,H2O,0.1464868454576302,0.6085223201110403,2.586313274655083e-09
lmh,CPA,111,0.2775,Light_nC4,0.007743902868378214,0.2871635029300041,-2.15680945325758e-11
lmh,CPA,111,0.2775,Middle_nC10,0.03120275923950927,0.18906111327061917,-1.657424197887281e-11
lmh,CPA,111,0.2775,Heavy_squalane,0.1768208755263831,0.14776790392440983,-1.270947655420859e-09
lmh,CPA,112,0.28,H2O,0.1474084123565746,0.6123506094412613,2.584395253357741e-09
lmh,CPA,112,0.28,Light_nC4,0.007813007736449043,0.28972608620642515,-2.157011375070184e-11
lmh,CPA,112,0.28,Middle_nC10,0.03156298427265648,0.19124375824992995,-1.658442827512374e-11
lmh,CPA,112,0.28,Heavy_squalane,0.1792463897123979,0.14979488827305848,-1.271005364904811e-09
lmh,CPA,113,0.2825,H2O,0.1482958958215373,0.6160373124723229,2.614067073913873e-09
lmh,CPA,113,0.2825,Light_nC4,0.007882075269293342,0.2922872849982245,-1.789319734046835e-11
lmh,CPA,113,0.2825,Middle_nC10,0.03192974271462834,0.19346598990605857,-4.306582868096598e-12
lmh,CPA,113,0.2825,Heavy_squalane,0.181739315842774,0.151878208287324,-1.301349976484197e-09
lmh,CPA,114,0.285,H2O,0.1491504113042655,0.6195870629123443,2.605179516557143e-09
lmh,CPA,114,0.285,Light_nC4,0.007951107376697093,0.2948471701250963,-1.789438042187896e-11
lmh,CPA,114,0.285,Middle_nC10,0.03230282288656479,0.19572652565240328,-4.313133183941886e-12
lmh,CPA,114,0.285,Heavy_squalane,0.1842974480991125,0.15401602058100966,-1.30138411971586e-09
lmh,CPA,115,0.2875,H2O,0.149973253863657,0.6230052405771221,2.603263160594338e-09
lmh,CPA,115,0.2875,Light_nC4,0.008020106313343567,0.29740582519639847,-1.790272791124536e-11
lmh,CPA,115,0.2875,Middle_nC10,0.03268197885088169,0.19802387532480606,-4.35876335025398e-12
lmh,CPA,115,0.2875,Heavy_squalane,0.1869182251622512,0.156206184678548,-1.301649472005414e-09
lmh,CPA,116,0.29,H2O,0.1507658577766931,0.6262978036095435,2.606653337622333e-09
lmh,CPA,116,0.29,Light_nC4,0.008089074440358682,0.29996333776865125,-1.791352136071289e-11
lmh,CPA,116,0.29,Middle_nC10,0.03306693785812088,0.20035638630287483,-4.418881927037432e-12
lmh,CPA,116,0.29,Heavy_squalane,0.1895988106409518,0.1584463302286626,-1.301998512324751e-09
lmh,CPA,117,0.2925,H2O,0.1515297179293234,0.6294709619287552,2.607440041657583e-09
lmh,CPA,117,0.2925,Light_nC4,0.008158014302547353,0.3025198022096569,-1.790806392065747e-11
lmh,CPA,117,0.2925,Middle_nC10,0.03345741566069484,0.2027223362977273,-4.388378549435856e-12
lmh,CPA,117,0.2925,Heavy_squalane,0.1923362481237179,0.16073398658003105,-1.301815363576646e-09
lmh,CPA,118,0.295,H2O,0.1522663490613978,0.6325310079291695,2.608026683503795e-09
lmh,CPA,118,0.295,Light_nC4,0.008226928539175485,0.3050753163900699,-1.789705536547892e-11
lmh,CPA,118,0.295,Middle_nC10,0.0338531242690119,0.20511998034724652,-4.325206859334685e-12
lmh,CPA,118,0.295,Heavy_squalane,0.1951275419426731,0.16306665027506306,-1.30144387037127e-09
lmh,CPA,119,0.2975,H2O,0.152977269583827,0.6354842492551854,2.610509142186856e-09
lmh,CPA,119,0.2975,Light_nC4,0.008295819715277089,0.3076299754278385,-1.790725553951766e-11
lmh,CPA,119,0.2975,Middle_nC10,0.03425377481505342,0.2075475681668256,-4.384714813454593e-12
lmh,CPA,119,0.2975,Heavy_squalane,0.1979696895187517,0.16544181208053843,-1.301795230203628e-09
lmh,CPA,120,0.3,H2O,0.1536639714423309,0.6383368836119149,2.616091898666184e-09
lmh,CPA,120,0.3,Light_nC4,0.008364690308873721,0.31018387121426894,-1.792154966095971e-11
lmh,CPA,120,0.3,Middle_nC10,0.03465908335974827,0.21000337933691837,-4.468897474296796e-12
lmh,CPA,120,0.3,Heavy_squalane,0.2008597408929471,0.16785700673743284,-1.302293832722531e-09
lmh,CPA,121,0.3025,H2O,0.1543278830302919,0.6410948447011342,2.607811189214715e-09
lmh,CPA,121,0.3025,Light_nC4,0.00843354280253735,0.3127370958094083,-1.791647732951596e-11
lmh,CPA,121,0.3025,Middle_nC10,0.0350687782345333,0.21248576778640033,-4.438560630148913e-12
lmh,CPA,121,0.3025,Heavy_squalane,0.2037948718507183,0.17030987407044626,-1.302113745731614e-09
lmh,CPA,122,0.305,H2O,0.1549703842511009,0.6437638647919106,2.611514116068747e-09
lmh,CPA,122,0.305,Light_nC4,0.008502379487567196,0.31528973418042644,-1.791417014729291e-11
lmh,CPA,122,0.305,Middle_nC10,0.03548259679550057,0.2149931421255727,-4.424960398097255e-12
lmh,CPA,122,0.305,Heavy_squalane,0.2067723544831558,0.17279813438618583,-1.302030614384956e-09
lmh,CPA,123,0.3075,H2O,0.1555927776428584,0.6463493547694635,2.617713934505161e-09
lmh,CPA,123,0.3075,Light_nC4,0.008571202588966724,0.31784186883607907,-1.791139458973134e-11
lmh,CPA,123,0.3075,Middle_nC10,0.03590029123488853,0.21752400085865686,-4.40797398582049e-12
lmh,CPA,123,0.3075,Heavy_squalane,0.2097896140415309,0.17531963598609424,-1.301927256884759e-09
lmh,CPA,124,0.31,H2O,0.1561962955845201,0.6488564340702793,2.619967465200546e-09
lmh,CPA,124,0.31,Light_nC4,0.008640014186604657,0.3203935769031583,-1.791758755254058e-11
lmh,CPA,124,0.31,Middle_nC10,0.03632162705153869,0.22007692311611543,-4.445832590960208e-12
lmh,CPA,124,0.31,Heavy_squalane,0.2128442147987674,0.17787234335098567,-1.302155868088067e-09
lmh,CPA,125,0.3125,H2O,0.1567820899808662,0.6512898878323489,2.627230544227643e-09
lmh,CPA,125,0.3125,Light_nC4,0.008708816273580262,0.32294493229082566,-1.791322992716893e-11
lmh,CPA,125,0.3125,Middle_nC10,0.03674638516008687,0.22265058143448482,-4.419131727217973e-12
lmh,CPA,125,0.3125,Heavy_squalane,0.2159338803699175,0.180454354122718,-1.301992852712981e-09
lmh,CPA,126,0.315,H2O,0.1573512356297803,0.6536541808832118,2.634302664894506e-09
lmh,CPA,126,0.315,Light_nC4,0.008777610741418551,0.3254960051416123,-1.79250815579568e-11
lmh,CPA,126,0.315,Middle_nC10,0.03717436121865059,0.2252437376827558,-4.49293380277993e-12
lmh,CPA,126,0.315,Heavy_squalane,0.2190564870809664,0.18306389356255154,-1.302439776481786e-09
lmh,CPA,127,0.3175,H2O,0.1579047367279732,0.6559534847654418,2.640595742064988e-09
lmh,CPA,127,0.3175,Light_nC4,0.008846399353226146,0.32804686083597073,-1.791464199207837e-11
lmh,CPA,127,0.3175,Middle_nC10,0.03760536432288984,0.22785523514953715,-4.427680444507587e-12
lmh,CPA,127,0.3175,Heavy_squalane,0.2222100511367003,0.18569930382743077,-1.302040449120163e-09
lmh,CPA,128,0.32,H2O,0.1584435319813184,0.6581916989655371,2.64409982797531e-09
lmh,CPA,128,0.32,Light_nC4,0.00891518373149022,0.3305975595398286,-1.791053416688726e-11
lmh,CPA,128,0.32,Middle_nC10,0.03803921599799353,0.2304839924353853,-4.401506936702049e-12
lmh,CPA,128,0.32,Heavy_squalane,0.2253927185572937,0.18835903556006445,-1.301880588282785e-09
lmh,CPA,129,0.3225,H2O,0.1589684931019738,0.6603724446708006,2.644173435761843e-09
lmh,CPA,129,0.3225,Light_nC4,0.008983965398328733,0.3331481576971695,-1.790265505285937e-11
lmh,CPA,129,0.3225,Middle_nC10,0.0384757506169798,0.23312900598733446,-4.351768945198842e-12
lmh,CPA,129,0.3225,Heavy_squalane,0.2286027686281156,0.19104165077190338,-1.30157237139261e-09
lmh,CPA,130,0.325,H2O,0.1594804473855061,0.6624991585571746,2.650478725385597e-09
lmh,CPA,130,0.325,Light_nC4,0.009052745637492372,0.33569870291271536,-1.790839698756486e-11
lmh,CPA,130,0.325,Middle_nC10,0.03891481106863292,0.23578932385042695,-4.388739371918859e-12
lmh,CPA,130,0.325,Heavy_squalane,0.2318385726746821,0.19374578839167167,-1.301799126985502e-09
lmh,CPA,131,0.3275,H2O,0.1599801711498822,0.6645750655340964,2.647482455486738e-09
lmh,CPA,131,0.3275,Light_nC4,0.009121525531656084,0.33824923533479145,-1.791224460423457e-11
lmh,CPA,131,0.3275,Middle_nC10,0.03935625220884442,0.23846406657978664,-4.427569422205124e-12
lmh,CPA,131,0.3275,Heavy_squalane,0.2350986296794459,0.19647019403005545,-1.302068376056931e-09
lmh,CPA,132,0.33,H2O,0.1604685444849497,0.666603821590705,2.646136421091683e-09
lmh,CPA,132,0.33,Light_nC4,0.009190304467460286,0.34079973221847315,-1.792228518371353e-11
lmh,CPA,132,0.33,Middle_nC10,0.03979992121763273,0.24115230822153796,-4.515526841331052e-12
lmh,CPA,132,0.33,Heavy_squalane,0.238381404098713,0.19921358444449436,-1.302621255180516e-09
lmh,CPA,133,0.3325,H2O,0.1609472371386987,0.6685923630421194,2.652666752922528e-09
lmh,CPA,133,0.3325,Light_nC4,0.00925907284520168,0.3433498375824843,-1.792228518371353e-11
lmh,CPA,133,0.3325,Middle_nC10,0.04024558302439405,0.24385262445580877,-4.596781288945806e-12
lmh,CPA,133,0.3325,Heavy_squalane,0.241684756284507,0.2019741715469265,-1.303157433810354e-09
lmh,CPA,134,0.335,H2O,0.161421199218478,0.6705612531737277,2.65417765543674e-09
lmh,CPA,134,0.335,Light_nC4,0.009327785687409999,0.3458978835484779,-1.79202798433753e-11
lmh,CPA,134,0.335,Middle_nC10,0.04069264926355595,0.24656145030780696,-4.630240635350447e-12
lmh,CPA,134,0.335,Heavy_squalane,0.2450038702053794,0.204747930615326,-1.303383261598037e-09
lmh,CPA,135,0.3375,H2O,0.1619021147742485,0.6725590288023906,2.654665487433761e-09
lmh,CPA,135,0.3375,Light_nC4,0.009396326522403808,0.3484395510519459,-1.790591633299421e-11
lmh,CPA,135,0.3375,Middle_nC10,0.04113979601051123,0.24927076396580097,-4.640954287538079e-12
lmh,CPA,135,0.3375,Heavy_squalane,0.2483283011316829,0.20752613306602055,-1.303491443685317e-09
lmh,CPA,136,0.34,H2O,0.1624083458636602,0.6746619679166761,2.64565702678965e-09
lmh,CPA,136,0.34,Light_nC4,0.009464508587435173,0.3509679144578661,-1.790224565811904e-11
lmh,CPA,136,0.34,Middle_nC10,0.04158496366974875,0.2519680861032917,-4.632641492641199e-12
lmh,CPA,136,0.34,Heavy_squalane,0.2516419435161404,0.2102953196117195,-1.303446166791155e-09
lmh,CPA,137,0.3425,H2O,0.1629634860105089,0.6769680805856451,2.65240041041892e-09
lmh,CPA,137,0.3425,Light_nC4,0.009532090576195102,0.35347402551803,-1.789154935316617e-11
lmh,CPA,137,0.3425,Middle_nC10,0.04202551434644188,0.25463743341159845,-4.570455125474382e-12
lmh,CPA,137,0.3425,Heavy_squalane,0.2549242259552486,0.21303829888196155,-1.303061869873906e-09
lmh,CPA,138,0.345,H2O,0.1635927094657136,0.6795819433910955,2.660238251905866e-09
lmh,CPA,138,0.345,Light_nC4,0.009598815502957585,0.3559483545517922,-1.79006670597559e-11
lmh,CPA,138,0.345,Middle_nC10,0.04245862865224792,0.25726172289191584,-4.634528871783061e-12
lmh,CPA,138,0.345,Heavy_squalane,0.2581531400657277,0.2157366786328652,-1.303467877433028e-09
lmh,CPA,139,0.3475,H2O,0.1643169509220224,0.6825905213281573,2.666916909532802e-09
lmh,CPA,139,0.3475,Light_nC4,0.009664471821881997,0.3583830569043764,-1.789141057528809e-11
lmh,CPA,139,0.3475,Middle_nC10,0.04288194399024914,0.2598266392973118,-4.5759923628097e-12
lmh,CPA,139,0.3475,Heavy_squalane,0.2613101470252489,0.21837496610709284,-1.303103249986193e-09
lmh,CPA,140,0.35,H2O,0.1651500308864606,0.6860512262891676,2.670347498678893e-09
lmh,CPA,140,0.35,Light_nC4,0.009728923036952216,0.360773070958302,-1.790069134588457e-11
lmh,CPA,140,0.35,Middle_nC10,0.04329387787360103,0.26232259415766873,-4.635722361534533e-12
lmh,CPA,140,0.35,Heavy_squalane,0.2643826991005725,0.2209426752563523,-1.30347260923959e-09
lmh,CPA,141,0.3525,H2O,0.1660989798721568,0.6899932637918449,2.823056122203127e-09
lmh,CPA,141,0.3525,Light_nC4,0.009792103746526584,0.3631159714552937,-1.942762270501497e-11
lmh,CPA,141,0.3525,Middle_nC10,0.04369359417978133,0.2647445213102898,-1.537074634239133e-11
lmh,CPA,141,0.3525,Heavy_squalane,0.2673639966648333,0.22343412368253113,-1.362037622374116e-09
lmh,CPA,142,0.355,H2O,0.1671656041209322,0.694424137161558,2.829512069091322e-09
lmh,CPA,142,0.355,Light_nC4,0.009854002789478875,0.3654113445125642,-1.943117888814072e-11
lmh,CPA,142,0.355,Middle_nC10,0.04408083404985524,0.2670908522990647,-1.539310345854972e-11
lmh,CPA,142,0.355,Heavy_squalane,0.2702517043028679,0.22584735969637051,-1.362176236472226e-09
lmh,CPA,143,0.3575,H2O,0.1683481327355388,0.6993364898981472,2.829977807650152e-09
lmh,CPA,143,0.3575,Light_nC4,0.00991464575387157,0.3676601390001832,-1.943094643519494e-11
lmh,CPA,143,0.3575,Middle_nC10,0.04445573930402838,0.2693624464289592,-1.539209038003975e-11
lmh,CPA,143,0.3575,Heavy_squalane,0.2730466094933147,0.22818304138797124,-1.362166123395456e-09
lmh,CPA,144,0.36,H2O,0.1696425664853331,0.7047137087616846,2.448091285245368e-09
lmh,CPA,144,0.36,Light_nC4,0.009974080771736227,0.3698641397756082,-5.340481529225727e-12
lmh,CPA,144,0.36,Middle_nC10,0.04481870255513011,0.2715616825863412,5.116736201404848e-11
lmh,CPA,144,0.36,Heavy_squalane,0.2757514650580914,0.23044346927034356,-1.26862591566778e-09
lmh,CPA,145,0.3625,H2O,0.1710436613903513,0.7105340096879138,2.440514124124604e-09
lmh,CPA,145,0.3625,Light_nC4,0.01003236824475238,0.3720255866858743,-5.33542654501673e-12
lmh,CPA,145,0.3625,Middle_nC10,0.04517025992156454,0.27369180917439057,5.119558943444957e-11
lmh,CPA,145,0.3625,Heavy_squalane,0.2783701649731352,0.23263189751051094,-1.268456591217277e-09
lmh,CPA,146,0.365,H2O,0.1725455811216054,0.7167731479301777,2.444382141142398e-09
lmh,CPA,146,0.365,Light_nC4,0.01008957406829184,0.3741469232980195,-5.343312597938521e-12
lmh,CPA,146,0.365,Middle_nC10,0.04551101913488893,0.2757565085086326,5.114865475608354e-11
lmh,CPA,146,0.365,Heavy_squalane,0.2809071891715843,0.23475206995561565,-1.268748478735787e-09
lmh,CPA,147,0.3675,H2O,0.174142268046048,0.7234059594206387,2.441034818723153e-09
lmh,CPA,147,0.3675,Light_nC4,0.01014576580220584,0.37623065490218854,-5.342788711448776e-12
lmh,CPA,147,0.3675,Middle_nC10,0.04584161484062369,0.27775962597939646,5.114884904511285e-11
lmh,CPA,147,0.3675,Heavy_squalane,0.2833672459297815,0.23680792127753517,-1.268755993957974e-09
lmh,CPA,148,0.37,H2O,0.1758277517778176,0.7304076425257781,2.438300117368897e-09
lmh,CPA,148,0.37,Light_nC4,0.01020100954145653,0.3782792324667341,-5.345467124495684e-12
lmh,CPA,148,0.37,Middle_nC10,0.04616267732779263,0.2797049805804964,5.113308387816318e-11
lmh,CPA,148,0.37,Heavy_squalane,0.2857550372811531,0.2388033809309875,-1.268852578480151e-09
lmh,CPA,149,0.3725,H2O,0.1775963097595377,0.7377544251186117,2.403373500214911e-09
lmh,CPA,149,0.3725,Light_nC4,0.01025536831136753,0.3802949931300491,6.423084286666381e-12
lmh,CPA,149,0.3725,Middle_nC10,0.0464748136297032,0.2815962503966819,9.082132268467547e-11
lmh,CPA,149,0.3725,Heavy_squalane,0.2880751081089107,0.2407422470414132,-1.325822323339643e-09
lmh,CPA,150,0.375,H2O,0.1794425573714102,0.7454239389016843,2.401395304829634e-09
lmh,CPA,150,0.375,Light_nC4,0.0103089011730644,0.3822801270280367,6.427216397986157e-12
lmh,CPA,150,0.375,Middle_nC10,0.0467785960396301,0.28343690301884134,9.084487329058533e-11
lmh,CPA,150,0.375,Heavy_squalane,0.2903317517415785,0.2426281075118526,-1.325674152847888e-09
lmh,CPA,151,0.3775,H2O,0.1813615478579416,0.7533956345135804,2.403360732650128e-09
lmh,CPA,151,0.3775,Light_nC4,0.01036166229844326,0.38423664299160737,6.428919896439567e-12
lmh,CPA,151,0.3775,Middle_nC10,0.04707455316289947,0.2852301413275492,9.085410201947752e-11
lmh,CPA,151,0.3775,Heavy_squalane,0.2925289452624034,0.24446428596149583,-1.325614402192478e-09
lmh,CPA,152,0.38,H2O,0.1833486725839242,0.7616503671814001,2.393464537675527e-09
lmh,CPA,152,0.38,Light_nC4,0.0104137019639073,0.38616640539694197,6.433239357894749e-12
lmh,CPA,152,0.38,Middle_nC10,0.04736317620465792,0.28697894159138326,9.087801344787039e-11
lmh,CPA,152,0.38,Heavy_squalane,0.2946703838835148,0.2462538704519153,-1.325467345066974e-09
lmh,CPA,153,0.3825,H2O,0.1853996767275029,0.7701704619114683,2.397078202598379e-09
lmh,CPA,153,0.3825,Light_nC4,0.01046506652746883,0.3880711333163779,6.424482473788018e-12
lmh,CPA,153,0.3825,Middle_nC10,0.04764492050760443,0.28868606278421916,9.082781748936952e-11
lmh,CPA,153,0.3825,Heavy_squalane,0.2967595004777008,0.24799972980962728,-1.325785860594959e-09
lmh,CPA,154,0.385,H2O,0.1875105601485916,0.7789393016859336,2.469230819812651e-09
lmh,CPA,154,0.385,Light_nC4,0.0105157994682525,0.38995243906581717,1.673070709751201e-11
lmh,CPA,154,0.385,Middle_nC10,0.04792021473670575,0.2903541022364792,1.218930650859207e-10
lmh,CPA,154,0.385,Heavy_squalane,0.2987995307224766,0.24970456806651029,-1.408369616618627e-09
lmh,CPA,155,0.3875,H2O,0.1896775473986247,0.7879412028800077,2.471965521166908e-09
lmh,CPA,155,0.3875,Light_nC4,0.01056594174867482,0.39181184163525923,1.673178609551407e-11
lmh,CPA,155,0.3875,Middle_nC10,0.04818946445645893,0.29198551731017824,1.218985745676804e-10
lmh,CPA,155,0.3875,Heavy_squalane,0.3007935406079317,0.2513709474479102,-1.408333153873943e-09
lmh,CPA,156,0.39,H2O,0.1918970893212902,0.7971614219115848,2.632186468787268e-09
lmh,CPA,156,0.39,Light_nC4,0.01061553182950704,0.3936507672473704,3.64021972287798e-11
lmh,CPA,156,0.39,Middle_nC10,0.04845305188232832,0.29358262389285195,1.779487529551815e-10
lmh,CPA,156,0.39,Heavy_squalane,0.3027444237239852,0.25300128610562,-1.57336567026348e-09
lmh,CPA,157,0.3925,H2O,0.194165858829122,0.8065861376967458,2.628622874922826e-09
lmh,CPA,157,0.3925,Light_nC4,0.01066460566867262,0.39547054931289144,3.639788123677157e-11
lmh,CPA,157,0.3925,Middle_nC10,0.04871133485904983,0.2951475902069845,1.779259378720255e-10
lmh,CPA,157,0.3925,Heavy_squalane,0.3046548893761454,0.25459784818630693,-1.573505954410964e-09
lmh,CPA,158,0.395,H2O,0.1964808375929404,0.8162028117671424,2.620391570395952e-09
lmh,CPA,158,0.395,Light_nC4,0.01071319591674485,0.39727239859765423,3.640517401426457e-11
lmh,CPA,158,0.395,Middle_nC10,0.04896463898196584,0.2966823890722688,1.779639630106189e-10
lmh,CPA,158,0.395,Heavy_squalane,0.3065274055180083,0.25616269614062226,-1.573270848571198e-09
lmh,CPA,159,0.3975,H2O,0.1988393123876986,0.8260001730902434,2.621000083635749e-09
lmh,CPA,159,0.3975,Light_nC4,0.0107613319020983,0.39905740267196005,3.640467094445654e-11
lmh,CPA,159,0.3975,Middle_nC10,0.04921325647898628,0.29818879113128033,1.779609376528768e-10
lmh,CPA,159,0.3975,Heavy_squalane,0.3083641861784506,0.2576976802161986,-1.573288105748072e-09
lmh,CPA,160,0.4,H2O,0.2012389222035859,0.8359684137739936,2.622391526152512e-09
lmh,CPA,160,0.4,Light_nC4,0.01080903922532154,0.40082651087037796,3.640304030438912e-11
lmh,CPA,160,0.4,Middle_nC10,0.04945744213758045,0.29966834017065114,1.779525554690409e-10
lmh,CPA,160,0.4,Heavy_squalane,0.3101671622469895,0.2592044140431901,-1.573338949473483e-09
lmh,CPA,161,0.4025,H2O,0.2036776031054821,0.8460989600069766,2.624723549615737e-09
lmh,CPA,161,0.4025,Light_nC4,0.0108563402484655,0.4025805524343106,3.640450441100285e-11
lmh,CPA,161,0.4025,Middle_nC10,0.04969741762878985,0.3011223793207614,1.779600078410937e-10
lmh,CPA,161,0.4025,Heavy_squalane,0.3119380106068819,0.2606842989805896,-1.573292280871509e-09
lmh,CPA,162,0.405,H2O,0.2061535918792838,0.8563844872056525,2.62918165017112e-09
lmh,CPA,162,0.405,Light_nC4,0.01090325414565788,0.40432023838890513,3.640399440230091e-11
lmh,CPA,162,0.405,Middle_nC10,0.04993337227874599,0.3025520557304554,1.779572877946833e-10
lmh,CPA,162,0.405,Heavy_squalane,0.3136781623893934,0.2621385310142596,-1.573307775218486e-09
lmh,CPA,163,0.4075,H2O,0.2086653670726088,0.8668186750910185,2.63225419239177e-09
lmh,CPA,163,0.4075,Light_nC4,0.01094979751163659,0.40604618410901183,3.641060369874438e-11
lmh,CPA,163,0.4075,Middle_nC10,0.05016546917709779,0.3039583575787063,1.779905667298465e-10
lmh,CPA,163,0.4075,Heavy_squalane,0.3153888489063347,0.2635681391424155,-1.573104493097363e-09
lmh,CPA,164,0.41,H2O,0.2112115949584224,0.8773959832156233,2.633892548509209e-09
lmh,CPA,164,0.41,Light_nC4,0.01099598494755367,0.4077589310422752,3.64029188737458e-11
lmh,CPA,164,0.41,Middle_nC10,0.05039385122718507,0.3053421507333147,1.779524305689506e-10
lmh,CPA,164,0.41,Heavy_squalane,0.3170711482115884,0.26497402428675043,-1.573336258838379e-09
lmh,CPA,165,0.4125,H2O,0.213791051682224,0.8881113275544963,2.615302752489042e-09
lmh,CPA,165,0.4125,Light_nC4,0.01104182982668848,0.40945897510371515,3.639832879542837e-11
lmh,CPA,165,0.4125,Middle_nC10,0.05061864904519641,0.30670422661281627,1.779296709969458e-10
lmh,CPA,165,0.4125,Heavy_squalane,0.3187260444913509,0.26635700892442304,-1.573477006888468e-09
lmh,CPA,166,0.415,H2O,0.2164025921881265,0.8989599514206945,2.599362703363132e-09
lmh,CPA,166,0.415,Light_nC4,0.0110873446741225,0.41114678075502953,3.640450441100285e-11
lmh,CPA,166,0.415,Middle_nC10,0.05083998501208771,0.30804532673752294,1.779598829410034e-10
lmh,CPA,166,0.415,Heavy_squalane,0.3203544603854494,0.2677178640987445,-1.573291167505259e-09
lmh,CPA,167,0.4175,H2O,0.219045120791712,0.909937303221739,2.569971389628243e-09
lmh,CPA,167,0.4175,Light_nC4,0.01113254151406974,0.4128227938844832,3.640048332198553e-11
lmh,CPA,167,0.4175,Middle_nC10,0.05105797683409315,0.3093661643030692,1.7794034301577e-10
lmh,CPA,167,0.4175,Heavy_squalane,0.3219572847881547,0.2690573326521129,-1.573410854377121e-09
lmh,CPA,168,0.42,H2O,0.2217175306035747,0.9210387848184094,2.54975117585216e-09
lmh,CPA,168,0.42,Light_nC4,0.01117743241379682,0.4144874619768411,3.640192314247059e-11
lmh,CPA,168,0.42,Middle_nC10,0.05127274322783595,0.31066745862715306,1.77947059865069e-10
lmh,CPA,168,0.42,Heavy_squalane,0.3235354148064063,0.27037616429019307,-1.57336789699598e-09
lmh,CPA,169,0.4225,H2O,0.2244187057334178,0.9322597606808039,2.523399284136153e-09
lmh,CPA,169,0.4225,Light_nC4,0.01122202952218774,0.4161412355434468,3.640654791525755e-11
lmh,CPA,169,0.4225,Middle_nC10,0.05148440431383828,0.3119499375338582,1.779690422809566e-10
lmh,CPA,169,0.4225,Heavy_squalane,0.3250897598436496,0.2716751189947493,-1.573233550801828e-09
lmh,CPA,170,0.425,H2O,0.2271475176422467,0.9435955427349507,2.501762622504779e-09
lmh,CPA,170,0.425,Light_nC4,0.0112663451338898,0.41778457050091566,3.640103496405089e-11
lmh,CPA,170,0.425,Middle_nC10,0.05169308218586934,0.3132143408033992,1.779429797954535e-10
lmh,CPA,170,0.425,Heavy_squalane,0.326621246102027,0.2729549707860934,-1.573390813784623e-09
lmh,CPA,171,0.4275,H2O,0.2299028081107846,0.9550413196117521,2.483559517306381e-09
lmh,CPA,171,0.4275,Light_nC4,0.01131039182213965,0.4194179330966608,3.639423137857811e-11
lmh,CPA,171,0.4275,Middle_nC10,0.0518989023251512,0.31446142874095795,1.779110192501321e-10
lmh,CPA,171,0.4275,Heavy_squalane,0.3281308266562916,0.2742165161417799,-1.573586673464081e-09
lmh,CPA,172,0.43,H2O,0.2326833937516943,0.9665921753912442,2.464124345538358e-09
lmh,CPA,172,0.43,Light_nC4,0.01135418238824419,0.42104179803551706,3.639275686362353e-11
lmh,CPA,172,0.43,Middle_nC10,0.05210199307216783,0.3156919789763137,1.779045383232258e-10
lmh,CPA,172,0.43,Heavy_squalane,0.3296194773149582,0.27546057053780076,-1.573629909186784e-09
lmh,CPA,173,0.4325,H2O,0.2354881003793637,0.9782432323784318,2.448049861932338e-09
lmh,CPA,173,0.4325,Light_nC4,0.01139772959028466,0.4226566384194023,3.640397878978963e-11
lmh,CPA,173,0.4325,Middle_nC10,0.0523024824826008,0.3169067674135949,1.779559832826294e-10
lmh,CPA,173,0.4325,Heavy_squalane,0.3310881731421332,0.27668794882805126,-1.573312785366611e-09
lmh,CPA,174,0.435,H2O,0.2383157481767066,0.9899895894845628,2.43105769749384e-09
lmh,CPA,174,0.435,Light_nC4,0.01144104619615864,0.4242629277142492,3.640783854952367e-11
lmh,CPA,174,0.435,Middle_nC10,0.05250049910036792,0.31810657291521005,1.779734692952673e-10
lmh,CPA,174,0.435,Heavy_squalane,0.3325378931798161,0.2778994691907228,-1.57320451049881e-09
lmh,CPA,175,0.4375,H2O,0.2411651807033012,1.0018264427300971,2.412754788077609e-09
lmh,CPA,175,0.4375,Light_nC4,0.01148414472204426,0.42586113005159676,3.6412581283507e-11
lmh,CPA,175,0.4375,Middle_nC10,0.05269616905615877,0.31929215972153935,1.779951880331865e-10
lmh,CPA,175,0.4375,Heavy_squalane,0.3339695984297529,0.2790959347278995,-1.573072391037158e-09
lmh,CPA,176,0.44,H2O,0.2440352955599648,1.0137492126286902,2.394969109596116e-09
lmh,CPA,176,0.44,Light_nC4,0.01152703716642283,0.42745169036547637,3.641786525121482e-11
lmh,CPA,176,0.44,Middle_nC10,0.05288961298834102,0.32046425879435186,1.780187525168841e-10
lmh,CPA,176,0.44,Heavy_squalane,0.3353842083131119,0.28027811379308304,-1.572926540058424e-09
lmh,CPA,177,0.4425,H2O,0.2469250399939348,1.025753525930638,2.373701703246953e-09
lmh,CPA,177,0.4425,Light_nC4,0.01156973497458267,0.42903503307612434,3.641698401168902e-11
lmh,CPA,177,0.4425,Middle_nC10,0.05308094591592418,0.3216235670470783,1.780149638808126e-10
lmh,CPA,177,0.4425,Heavy_squalane,0.3367825989619819,0.28144673856340996,-1.572950106310713e-09
lmh,CPA,178,0.445,H2O,0.2498334421880168,1.0378353456014064,2.35479800166521e-09
lmh,CPA,178,0.445,Light_nC4,0.01161224877873374,0.4306115524527753,3.642039274331932e-11
lmh,CPA,178,0.445,Middle_nC10,0.05327027417781427,0.32277072879940205,1.780298963804938e-10
lmh,CPA,178,0.445,Heavy_squalane,0.3381655799234408,0.28260248557141326,-1.572856954667806e-09
lmh,CPA,179,0.4475,H2O,0.2527596138205332,1.0499909814559378,2.334678260668144e-09
lmh,CPA,179,0.4475,Light_nC4,0.01165458833582562,0.43218161030779534,3.642410331683443e-11
lmh,CPA,179,0.4475,Middle_nC10,0.05345769487413365,0.32390633239215194,1.780462999256827e-10
lmh,CPA,179,0.4475,Heavy_squalane,0.3395338895232338,0.2837459718304828,-1.572756751705317e-09
lmh,CPA,180,0.45,H2O,0.2557027606867293,1.0622171342811295,2.317366379478161e-09
lmh,CPA,180,0.45,Light_nC4,0.01169676242705312,0.4337455322700958,3.641402283871553e-11
lmh,CPA,180,0.45,Middle_nC10,0.05364329472166302,0.32503090325229334,1.780019465158489e-10
lmh,CPA,180,0.45,Heavy_squalane,0.3408881860090855,0.2848777474333959,-1.573026557459871e-09
lmh,CPA,181,0.4525,H2O,0.2586621930325959,1.0745109387636576,2.303594367113292e-09
lmh,CPA,181,0.4525,Light_nC4,0.01173877877878307,0.43530360485289904,3.641918537578004e-11
lmh,CPA,181,0.4525,Middle_nC10,0.05382714902757337,0.3261448976746518,1.780241648541292e-10
lmh,CPA,181,0.4525,Heavy_squalane,0.3422290396129924,0.2859982889188341,-1.572888314483845e-09
lmh,CPA,182,0.455,H2O,0.2616373159215551,1.0868699234721415,2.28337975712174e-09
lmh,CPA,182,0.455,Light_nC4,0.01178064411728445,0.4368560774832698,3.641504979501331e-11
lmh,CPA,182,0.455,Middle_nC10,0.05400932247487974,0.32724870758106794,1.780061376077668e-10
lmh,CPA,182,0.455,Heavy_squalane,0.3435569384152603,0.2871080041719156,-1.572999187206228e-09
lmh,CPA,183,0.4575,H2O,0.2646276404699382,1.0992920575305434,2.267525551110002e-09
lmh,CPA,183,0.4575,Light_nC4,0.01182236411841654,0.4384031606364246,3.641488326155962e-11
lmh,CPA,183,0.4575,Middle_nC10,0.05418986819350045,0.3283426548918383,1.78005402085013e-10
lmh,CPA,183,0.4575,Heavy_squalane,0.3448722812230391,0.2882072264728397,-1.573002063402374e-09
lmh,CPA,184,0.46,H2O,0.2676327659275771,1.1117756761789912,2.250698253155457e-09
lmh,CPA,184,0.46,Light_nC4,0.01186394353869171,0.4399450306958714,3.64174697342623e-11
lmh,CPA,184,0.46,Middle_nC10,0.05436882943318528,0.32942700166217975,1.780162267595031e-10
lmh,CPA,184,0.46,Heavy_squalane,0.3461753903260138,0.2892962251567234,-1.572933776939048e-09
lmh,CPA,185,0.4625,H2O,0.2706523791475848,1.1243194785711899,2.233786578378961e-09
lmh,CPA,185,0.4625,Light_nC4,0.01190538625816576,0.4414818315438921,3.642439821982535e-11
lmh,CPA,185,0.4625,Middle_nC10,0.05454623978248833,0.33050195140901156,1.780457448141703e-10
lmh,CPA,185,0.4625,Heavy_squalane,0.34746651316598,0.29037520700885355,-1.57275480331438e-09
lmh,CPA,186,0.465,H2O,0.273686249525588,1.1369225067514415,2.213645686067643e-09
lmh,CPA,186,0.465,Light_nC4,0.01194669536194338,0.443013677583971,3.641763279826904e-11
lmh,CPA,186,0.465,Middle_nC10,0.05472212381734834,0.33156765304077807,1.780169345266813e-10
lmh,CPA,186,0.465,Heavy_squalane,0.3487458272168633,0.2914443203428833,-1.572929787376652e-09
lmh,CPA,187,0.4675,H2O,0.2767342069982214,1.149584054257993,2.193871782708565e-09
lmh,CPA,187,0.4675,Light_nC4,0.01198787331427306,0.44454066019667415,3.641450335711838e-11
lmh,CPA,187,0.4675,Middle_nC10,0.05489649927572692,0.33262421403383235,1.780022657049685e-10
lmh,CPA,187,0.4675,Heavy_squalane,0.3500134567454618,0.29250366900766095,-1.573030361461225e-09
lmh,CPA,188,0.47,H2O,0.2797961443393104,1.1623036756616296,2.180737694885461e-09
lmh,CPA,188,0.47,Light_nC4,0.01202892200998905,0.4460628496472477,3.642650590884866e-11
lmh,CPA,188,0.47,Middle_nC10,0.05506937708532881,0.3336717006003964,1.780514624627472e-10
lmh,CPA,188,0.47,Heavy_squalane,0.3512694728312422,0.2935533124037736,-1.572747009750631e-09
lmh,CPA,189,0.4725,H2O,0.2828720009482979,1.1750811192210333,2.166830775993794e-09
lmh,CPA,189,0.4725,Light_nC4,0.01206984292298155,0.4475803005912677,3.643076812442914e-11
lmh,CPA,189,0.4725,Middle_nC10,0.05524076303336047,0.33471014780582103,1.780657982175526e-10
lmh,CPA,189,0.4725,Heavy_squalane,0.3525139061539575,0.29459327617006476,-1.572699970026574e-09
lmh,CPA,190,0.475,H2O,0.2859617556130417,1.1879162968186534,2.148861551227946e-09
lmh,CPA,190,0.475,Light_nC4,0.01211063720790335,0.4490930558461799,3.644472050534642e-11
lmh,CPA,190,0.475,Middle_nC10,0.05541065862331769,0.3357395647599605,1.781231412367745e-10
lmh,CPA,190,0.475,Heavy_squalane,0.3537467533991351,0.29562355753665426,-1.572359929417757e-09
lmh,CPA,191,0.4775,H2O,0.2890654238480138,1.2008092729032975,2.134098206617526e-09
lmh,CPA,191,0.4775,Light_nC4,0.0121513057822817,0.45060114943621515,3.644871904295854e-11
lmh,CPA,191,0.4775,Middle_nC10,0.05557906149028253,0.33675993713350433,1.781331748773596e-10
lmh,CPA,191,0.4775,Heavy_squalane,0.3549679800598615,0.29664412766636855,-1.572358723270986e-09
lmh,CPA,192,0.48,H2O,0.2921830437530267,1.2137602057457386,2.112397397336821e-09
lmh,CPA,192,0.48,Light_nC4,0.01219184945885257,0.4521046114996785,3.645652876804739e-11
lmh,CPA,192,0.48,Middle_nC10,0.05574596683865727,0.3377712358693736,1.781651493004688e-10
lmh,CPA,192,0.48,Heavy_squalane,0.3561775313398637,0.29765494076636556,-1.572163234713612e-09
lmh,CPA,193,0.4825,H2O,0.295314680458,1.2267693659027605,2.099517678240508e-09
lmh,CPA,193,0.4825,Light_nC4,0.01223226899832237,0.4536034702454877,3.644662176227609e-11
lmh,CPA,193,0.4825,Middle_nC10,0.05591136715376292,0.33877341543526246,1.781242375820113e-10
lmh,CPA,193,0.4825,Heavy_squalane,0.3573753291445524,0.298655931573572,-1.572405577434002e-09
lmh,CPA,194,0.485,H2O,0.2984604230662512,1.239837123519255,2.088695734305815e-09
lmh,CPA,194,0.485,Light_nC4,0.0122725652066749,0.4550977555615603,3.63276977943805e-11
lmh,CPA,194,0.485,Middle_nC10,0.0560752525733992,0.3397664160749631,1.777284430737325e-10
lmh,CPA,194,0.485,Heavy_squalane,0.3585612741071723,0.29964701704792207,-1.571153040402889e-09
lmh,CPA,195,0.4875,H2O,0.3016203811524964,1.2529639337805336,2.074669329459799e-09
lmh,CPA,195,0.4875,Light_nC4,0.01231273906900421,0.45658750397767495,3.623003806685343e-11
lmh,CPA,195,0.4875,Middle_nC10,0.05623761133612479,0.3407501665245474,1.773887009504094e-10
lmh,CPA,195,0.4875,Heavy_squalane,0.3597352478158941,0.3006280982335217,-1.57049606153494e-09
lmh,CPA,196,0.49,H2O,0.3047946627784436,1.2661502455867082,2.061972641708333e-09
lmh,CPA,196,0.49,Light_nC4,0.0123527921727199,0.45807277435899435,3.615067793727444e-11
lmh,CPA,196,0.49,Middle_nC10,0.05639843254180629,0.34172460073885147,1.771246899151535e-10
lmh,CPA,196,0.49,Heavy_squalane,0.3608971314712936,0.30159907585056667,-1.569625316347014e-09
lmh,CPA,197,0.4925,H2O,0.3079831982180758,1.2793957692883056,2.044899525488275e-09
lmh,CPA,197,0.4925,Light_nC4,0.01239272830706912,0.45955370722038585,3.603353379566521e-11
lmh,CPA,197,0.4925,Middle_nC10,0.05655772765863815,0.3426897882049865,1.767454932410928e-10
lmh,CPA,197,0.4925,Heavy_squalane,0.3620469709376391,0.30255998822748836,-1.568295029239452e-09
lmh,CPA,198,0.495,H2O,0.3111854521854288,1.292698281249095,2.033951540179848e-09
lmh,CPA,198,0.495,Light_nC4,0.01243255539104534,0.46103059621815473,3.595597951322471e-11
lmh,CPA,198,0.495,Middle_nC10,0.05671556417016677,0.3436461378135355,1.765028956324244e-10
lmh,CPA,198,0.495,Heavy_squalane,0.3631852343221504,0.30351122655804424,-1.567841981956272e-09
lmh,CPA,199,0.4975,H2O,0.3144010263869341,1.306056126914187,2.017193038538656e-09
lmh,CPA,199,0.4975,Light_nC4,0.01247228050557539,0.46250370393097573,3.595224118413398e-11
lmh,CPA,199,0.4975,Middle_nC10,0.05687198744780573,0.34459392447512066,1.764861173869647e-10
lmh,CPA,199,0.4975,Heavy_squalane,0.3643121924996192,0.30445301721030343,-1.567916577495014e-09
lmh,CPA,200,0.5,H2O,0.317629345048082,1.3194669144535205,2.00219265259483e-09
lmh,CPA,200,0.5,Light_nC4,0.01251190823837282,0.4639732004828698,3.595761188801561e-11
lmh,CPA,200,0.5,Middle_nC10,0.05702704940653208,0.34553346274856944,1.76501771531612e-10
lmh,CPA,200,0.5,Heavy_squalane,0.36542820612285,0.30538566157915964,-1.567792529938673e-09
lmh,CPA,201,0.5025,H2O,0.3208680558309375,1.3329208719989571,1.995966247689297e-09
lmh,CPA,201,0.5025,Light_nC4,0.0125514273222629,0.46543866805850287,3.594791131433794e-11
lmh,CPA,201,0.5025,Middle_nC10,0.05718098933264547,0.34646620249714083,1.764577234331099e-10
lmh,CPA,201,0.5025,Heavy_squalane,0.3665355892243788,0.30631109348456725,-1.567924463839284e-09
lmh,CPA,202,0.505,H2O,0.3241166809640007,1.3464160148356186,1.983067054419993e-09
lmh,CPA,202,0.505,Light_nC4,0.01259084103343246,0.46690022814716814,3.58450508858299e-11
lmh,CPA,202,0.505,Middle_nC10,0.05733386463429781,0.3473924915634416,1.761511214670719e-10
lmh,CPA,202,0.505,Heavy_squalane,0.3676348039556568,0.3072296991430917,-1.567279175316959e-09
lmh,CPA,203,0.5075,H2O,0.3273749626797456,1.3599512721691103,1.977170959662537e-09
lmh,CPA,203,0.5075,Light_nC4,0.01263015167442647,0.46835796613305636,3.586359161034114e-11
lmh,CPA,203,0.5075,Middle_nC10,0.05748570806720337,0.3483125284181185,1.761707724146078e-10
lmh,CPA,203,0.5075,Heavy_squalane,0.3687261126859265,0.30814169781477735,-1.56752949716214e-09
lmh,CPA,204,0.51,H2O,0.3306427058120784,1.3735258332582096,1.965087519250585e-09
lmh,CPA,204,0.51,Light_nC4,0.01266936133167167,0.46981195938614767,3.585517646675918e-11
lmh,CPA,204,0.51,Middle_nC10,0.05763654602531567,0.34922647298517684,1.761368967345689e-10
lmh,CPA,204,0.51,Heavy_squalane,0.3698097253079815,0.30904726490548673,-1.567714594301182e-09
lmh,CPA,205,0.5125,H2O,0.3339197285334993,1.3871389427716674,1.953453711013549e-09
lmh,CPA,205,0.5125,Light_nC4,0.01270847212447334,0.47126228649564167,3.586271384026229e-11
lmh,CPA,205,0.5125,Middle_nC10,0.05778640417564303,0.35013448078397724,1.761634171870696e-10
lmh,CPA,205,0.5125,Heavy_squalane,0.3708858450424236,0.30994657024518046,-1.567548424388388e-09
lmh,CPA,206,0.515,H2O,0.3372058213274944,1.400789730355051,1.934955736315765e-09
lmh,CPA,206,0.515,Light_nC4,0.01274748651247014,0.4727090386711603,3.587019396789071e-11
lmh,CPA,206,0.515,Middle_nC10,0.05793531112887747,0.3510367251699991,1.761917556297732e-10
lmh,CPA,206,0.515,Heavy_squalane,0.3719546969582089,0.3108398019223283,-1.567374924814448e-09
lmh,CPA,207,0.5175,H2O,0.3405007486470663,1.4144772175204638,1.918779042329012e-09
lmh,CPA,207,0.5175,Light_nC4,0.01278640714000264,0.4741523139715396,3.588189814718312e-11
lmh,CPA,207,0.5175,Middle_nC10,0.05808329589044282,0.35193338189044726,1.762360118950923e-10
lmh,CPA,207,0.5175,Heavy_squalane,0.3730165069687398,0.31172714873109747,-1.567109479744373e-09
lmh,CPA,208,0.52,H2O,0.3438043141927197,1.4282005888184097,1.905791210040281e-09
lmh,CPA,208,0.52,Light_nC4,0.01282523614426153,0.47559219164921535,3.588611525995322e-11
lmh,CPA,208,0.52,Middle_nC10,0.05823038089883563,0.35282458690275764,1.762672924288111e-10
lmh,CPA,208,0.52,Heavy_squalane,0.3740714486184561,0.31260875570129865,-1.567163849129575e-09
lmh,CPA,209,0.5225,H2O,0.3471163302147835,1.4419590643162945,1.901516390267487e-09
lmh,CPA,209,0.5225,Light_nC4,0.01286397556226379,0.4770287472419289,3.588608576965413e-11
lmh,CPA,209,0.5225,Middle_nC10,0.0583765873057683,0.35371046836759257,1.762827800400046e-10
lmh,CPA,209,0.5225,Heavy_squalane,0.3751196851562582,0.3134847592588361,-1.567309236205705e-09
lmh,CPA,210,0.525,H2O,0.3504366077918692,1.455751859214081,1.885626635350879e-09
lmh,CPA,210,0.525,Light_nC4,0.01290262744541787,0.4784620568210935,3.588268050747079e-11
lmh,CPA,210,0.525,Middle_nC10,0.05852193639410028,0.35459115524024953,1.762851115083564e-10
lmh,CPA,210,0.525,Heavy_squalane,0.376161380736886,0.3143552965866174,-1.5675475893637e-09
lmh,CPA,211,0.5275,H2O,0.3537649597261847,1.4695781958717407,1.881615536680564e-09
lmh,CPA,211,0.5275,Light_nC4,0.01294119382557018,0.4798921957327127,3.589309578722055e-11
lmh,CPA,211,0.5275,Middle_nC10,0.05866644925121983,0.3554667752916438,1.763380969022066e-10
lmh,CPA,211,0.5275,Heavy_squalane,0.3771966979334254,0.3152205035457737,-1.567467241432667e-09
lmh,CPA,212,0.53,H2O,0.3571012023852259,1.483437311459839,1.864145537705219e-09
lmh,CPA,212,0.53,Light_nC4,0.0129796766934796,0.48131923779916047,3.588612913774103e-11
lmh,CPA,212,0.53,Middle_nC10,0.05881014656040926,0.3563374538441657,1.763267032384164e-10
lmh,CPA,212,0.53,Heavy_squalane,0.3782257961518738,0.3160805133507233,-1.567764046318781e-09
lmh,CPA,213,0.5325,H2O,0.3604451570900745,1.4973284637266768,1.856685084436803e-09
lmh,CPA,213,0.5325,Light_nC4,0.01301807798340422,0.4827432547476187,3.588820560174177e-11
lmh,CPA,213,0.5325,Middle_nC10,0.05895304844553647,0.35720331283064954,1.76349906899631e-10
lmh,CPA,213,0.5325,Heavy_squalane,0.3792488304506502,0.3169354555826455,-1.567853301179812e-09
lmh,CPA,214,0.535,H2O,0.363796651113649,1.5112509351451342,1.838789996785407e-09
lmh,CPA,214,0.535,Light_nC4,0.01305639956207507,0.4841643158011949,3.589465356890198e-11
lmh,CPA,214,0.535,Middle_nC10,0.05909517435703478,0.3580644701035117,1.763888896055832e-10
lmh,CPA,214,0.535,Heavy_squalane,0.3802659506742754,0.3177854554655032,-1.567844858152418e-09
lmh,CPA,215,0.5375,H2O,0.3671555183399007,1.5252040356510412,1.828792278015585e-09
lmh,CPA,215,0.5375,Light_nC4,0.01309464322185487,0.48558248742523163,3.590289003596592e-11
lmh,CPA,215,0.5375,Middle_nC10,0.05923654299773881,0.3589210389853822,1.764303286799773e-10
lmh,CPA,215,0.5375,Heavy_squalane,0.3812773008904983,0.31863063339565356,-1.567825281462524e-09
lmh,CPA,216,0.54,H2O,0.3705215996024302,1.5391871040498295,1.823700699832026e-09
lmh,CPA,216,0.54,Light_nC4,0.01313281067741588,0.4869978332041128,3.590946116849292e-11
lmh,CPA,216,0.54,Middle_nC10,0.05937717228455017,0.3597731280368319,1.76468839541144e-10
lmh,CPA,216,0.54,Heavy_squalane,0.3822830191009624,0.31947110470005396,-1.567816467313046e-09
lmh,CPA,217,0.5425,H2O,0.3738947427011393,1.553199508085704,1.809544157889916e-09
lmh,CPA,217,0.5425,Light_nC4,0.01317090356588536,0.48841041384665757,3.591471391117818e-11
lmh,CPA,217,0.5425,Middle_nC10,0.05951707934640862,0.36062084104408054,1.765015356092192e-10
lmh,CPA,217,0.5425,Heavy_squalane,0.3832832372296875,0.3203069796266367,-1.56783493063669e-09
lmh,CPA,218,0.545,H2O,0.3772748021164445,1.567240643254456,1.80618749423051e-09
lmh,CPA,218,0.545,Light_nC4,0.01320892345021366,0.4898202873110176,3.592756127324126e-11
lmh,CPA,218,0.545,Middle_nC10,0.05965628055654836,0.3614642772144406,1.765617652083051e-10
lmh,CPA,218,0.545,Heavy_squalane,0.3842780813743354,0.32113836355428926,-1.56768843019431e-09
lmh,CPA,219,0.5475,H2O,0.3806616384451316,1.581309930459942,1.797063239925418e-09
lmh,CPA,219,0.5475,Light_nC4,0.01324687182535133,0.49122750903374013,3.592296425602992e-11
lmh,CPA,219,0.5475,Middle_nC10,0.05979479159540956,0.36230353155750555,1.765523005570202e-10
lmh,CPA,219,0.5475,Heavy_squalane,0.385267672292867,0.3219653573995506,-1.567980132151778e-09
lmh,CPA,220,0.55,H2O,0.3840551176049285,1.5954068127097911,1.787238388544e-09
lmh,CPA,220,0.55,Light_nC4,0.01328475012708728,0.49263213225750907,3.592059288903826e-11
lmh,CPA,220,0.55,Middle_nC10,0.05993262754135509,0.3631386954348133,1.765567692046943e-10
lmh,CPA,220,0.55,Heavy_squalane,0.3862521261035106,0.32278805820156936,-1.568157157385508e-09
lmh,CPA,221,0.5525,H2O,0.3874551098191071,1.609530750897332,1.775388864808034e-09
lmh,CPA,221,0.5525,Light_nC4,0.01332255974289294,0.494034208433274,3.593957076386545e-11
lmh,CPA,221,0.5525,Middle_nC10,0.06006980298414081,0.36396985724737574,1.766388008084263e-10
lmh,CPA,221,0.5525,Heavy_squalane,0.3872315551599478,0.3236065598534899,-1.567872970650227e-09
lmh,CPA,222,0.555,H2O,0.390861488434074,1.6236812188897352,1.761563668026355e-09
lmh,CPA,222,0.555,Light_nC4,0.01336030202454684,0.4954337876884016,3.595820516344439e-11
lmh,CPA,222,0.555,Middle_nC10,0.06020633215743697,0.3647971032386407,1.767089807813704e-10
lmh,CPA,222,0.555,Heavy_squalane,0.3882060690729673,0.32442095395624154,-1.567692605317747e-09
lmh,CPA,223,0.5575,H2O,0.3942741286206752,1.6378576981330908,1.751825177531746e-09
lmh,CPA,223,0.5575,Light_nC4,0.01339797830214787,0.4968309193463224,3.596120970450478e-11
lmh,CPA,223,0.5575,Middle_nC10,0.06034222908560461,0.36562051838382753,1.767331697655194e-10
lmh,CPA,223,0.5575,Heavy_squalane,0.3891757758415356,0.3252313307637654,-1.567745304653574e-09
lmh,CPA,224,0.56,H2O,0.3976929059741091,1.6520596718362957,1.743484179346593e-09
lmh,CPA,224,0.56,Light_nC4,0.01343558989909452,0.49822565248199946,3.597401022903401e-11
lmh,CPA,224,0.56,Middle_nC10,0.0604775077411131,0.3664401873437381,1.767919560746734e-10
lmh,CPA,224,0.56,Heavy_squalane,0.3901407830657974,0.32603778019671037,-1.567589897281195e-09
lmh,CPA,225,0.5625,H2O,0.4011176950233599,1.6662866187790761,1.730768487181722e-09
lmh,CPA,225,0.5625,Light_nC4,0.01347313814786718,0.49961803650717534,3.598372814994644e-11
lmh,CPA,225,0.5625,Middle_nC10,0.06061218221097012,0.36725619547317484,1.768373364408049e-10
lmh,CPA,225,0.5625,Heavy_squalane,0.3911011992295524,0.3268403929141891,-1.567521981939953e-09
lmh,CPA,226,0.565,H2O,0.4045483677073931,1.6805380069819387,1.725067334463648e-09
lmh,CPA,226,0.565,Light_nC4,0.01351062440637497,0.5010081217765547,3.59849008230162e-11
lmh,CPA,226,0.565,Middle_nC10,0.06074626686823653,0.3680686298601697,1.768519775069421e-10
lmh,CPA,226,0.565,Heavy_squalane,0.392057135021541,0.32763926141796706,-1.56762988568567e-09
lmh,CPA,227,0.5675,H2O,0.4079847918456443,1.6948132873524142,1.714774609728792e-09
lmh,CPA,227,0.5675,Light_nC4,0.01354805007428273,0.5023959601932494,3.597978859293249e-11
lmh,CPA,227,0.5675,Middle_nC10,0.06087977654342525,0.36887758036450896,1.768453022910066e-10
lmh,CPA,227,0.5675,Heavy_squalane,0.3930087046557644,0.3284344811558443,-1.567859610255229e-09
lmh,CPA,228,0.57,H2O,0.4114268296741157,1.7091118876038425,1.707998555127385e-09
lmh,CPA,228,0.57,Light_nC4,0.01358541660867899,0.5037816057897871,3.598895660650303e-11
lmh,CPA,228,0.57,Middle_nC10,0.06101272668856858,0.36968314061183677,1.768891422226915e-10
lmh,CPA,228,0.57,Heavy_squalane,0.3939560271351085,0.3292261515776564,-1.567786591985341e-09
lmh,CPA,229,0.5725,H2O,0.414874336504882,1.7234332066868132,1.697102558869755e-09
lmh,CPA,229,0.5725,Light_nC4,0.0136227255383104,0.5051651152559601,3.598819853234403e-11
lmh,CPA,229,0.5725,Middle_nC10,0.06114513352631537,0.3704854088970515,1.768986068739764e-10
lmh,CPA,229,0.5725,Heavy_squalane,0.3948992273995764,0.3300143770948441,-1.567914257981993e-09
lmh,CPA,230,0.575,H2O,0.4183271596065546,1.7377766101384942,1.689059700870262e-09
lmh,CPA,230,0.575,Light_nC4,0.01365997847577586,0.5065465483910135,3.599131756515384e-11
lmh,CPA,230,0.575,Middle_nC10,0.06127701417611878,0.3712844889488924,1.769211860347397e-10
lmh,CPA,230,0.575,Heavy_squalane,0.3958384372975122,0.330799267892098,-1.567962874974905e-09
lmh,CPA,231,0.5775,H2O,0.4217851373643001,1.7521414265932544,1.679391067491022e-09
lmh,CPA,231,0.5775,Light_nC4,0.01369717712652612,0.5079259684373748,3.600325593211551e-11
lmh,CPA,231,0.5775,Middle_nC10,0.06140838674721127,0.3720804904932853,1.769749208291316e-10
lmh,CPA,231,0.5775,Heavy_squalane,0.3967737963009877,0.3315809405252016,-1.567822961949503e-09
lmh,CPA,232,0.58,H2O,0.4252480988185744,1.7665269458665163,1.667570737976725e-09
lmh,CPA,232,0.58,Light_nC4,0.0137343232939033,0.50930344226753,3.599345127502929e-11
lmh,CPA,232,0.58,Middle_nC10,0.06153927038928812,0.37287352956044034,1.769520641126121e-10
lmh,CPA,232,0.58,Heavy_squalane,0.3977054518951237,0.3323595182463847,-1.568134982841032e-09
lmh,CPA,233,0.5825,H2O,0.4287158636829226,1.780932419028699,1.656642117287519e-09
lmh,CPA,233,0.5825,Light_nC4,0.01377141887939543,0.5106790403934645,3.600689191252116e-11
lmh,CPA,233,0.5825,Middle_nC10,0.06166968529139113,0.3736637284780877,1.770104618437074e-10
lmh,CPA,233,0.5825,Heavy_squalane,0.3986335595678699,0.33313513099578207,-1.567964359463238e-09
lmh,CPA,234,0.585,H2O,0.4321882428676156,1.7953570605804612,1.652921971357501e-09
lmh,CPA,234,0.585,Light_nC4,0.01380846587702174,0.5120528367584541,3.601478663906033e-11
lmh,CPA,234,0.585,Middle_nC10,0.06179965262044563,0.37445121549906696,1.77049194749479e-10
lmh,CPA,234,0.585,Heavy_squalane,0.3995582823352778,0.33390791500470784,-1.567906464418244e-09
lmh,CPA,235,0.5875,H2O,0.4356650396003965,1.8098000531084029,1.641973703979878e-09
lmh,CPA,235,0.5875,Light_nC4,0.01384546636190595,0.5134249083133344,3.602222166387836e-11
lmh,CPA,235,0.5875,Middle_nC10,0.06192919439651472,0.3752361240454773,1.770856100646867e-10
lmh,CPA,235,0.5875,Heavy_squalane,0.4004797897786483,0.3346780119910067,-1.567860445279916e-09
lmh,CPA,236,0.59,H2O,0.4391460511245982,1.8242605543392332,1.634055031852412e-09
lmh,CPA,236,0.59,Light_nC4,0.01388242247243191,0.5147953343547867,3.602558182325133e-11
lmh,CPA,236,0.59,Middle_nC10,0.06205833330135675,0.3760185915487059,1.771083418811159e-10
lmh,CPA,236,0.59,Heavy_squalane,0.4013982565681714,0.33544556792527064,-1.567895237975225e-09
lmh,CPA,237,0.5925,H2O,0.4426310709794041,1.8387377066122192,1.619131511055656e-09
lmh,CPA,237,0.5925,Light_nC4,0.01391933638634481,0.5161641956391103,3.603376451388751e-11
lmh,CPA,237,0.5925,Middle_nC10,0.06218709242276924,0.3767987579003781,1.771473107092802e-10
lmh,CPA,237,0.5925,Heavy_squalane,0.4023138604918466,0.3362107313836218,-1.567827879317107e-09
lmh,CPA,238,0.595,H2O,0.4461198917995188,1.8532306485093262,1.612103451201634e-09
lmh,CPA,238,0.595,Light_nC4,0.01395621029121789,0.5175315732870532,3.603111038696927e-11
lmh,CPA,238,0.595,Middle_nC10,0.06231549494013995,0.3775767635470748,1.771484625656683e-10
lmh,CPA,238,0.595,Heavy_squalane,0.4032267800317958,0.33697365152225556,-1.56798829683761e-09
lmh,CPA,239,0.5975,H2O,0.4496123085476663,1.8677385282833643,1.602704313721482e-09
lmh,CPA,239,0.5975,Light_nC4,0.0139930463504946,0.5188975475245702,3.603248602268572e-11
lmh,CPA,239,0.5975,Middle_nC10,0.06244356376304074,0.37835274730053153,1.771634644542885e-10
lmh,CPA,239,0.5975,Heavy_squalane,0.4041371915789393,0.3377344757497654,-1.568061686229581e-09
lmh,CPA,240,0.6,H2O,0.4531081220115761,1.8822605183848513,1.591739482555283e-09
lmh,CPA,240,0.6,Light_nC4,0.01402984666648805,0.5202621963107478,3.603009383901234e-11
lmh,CPA,240,0.6,Middle_nC10,0.06257132113892389,0.37912684396062485,1.771658791893671e-10
lmh,CPA,240,0.6,Heavy_squalane,0.4050452664102622,0.33849334720106683,-1.568210877307065e-09
lmh,CPA,241,0.6025,H2O,0.4566071425767482,1.896795831134491,1.586464716971199e-09
lmh,CPA,241,0.6025,Light_nC4,0.0140666132405989,0.5216255938625844,3.603572822086232e-11
lmh,CPA,241,0.6025,Middle_nC10,0.06269878823159548,0.37989918176129434,1.771954111218221e-10
lmh,CPA,241,0.6025,Heavy_squalane,0.4059511674411824,0.33925040202337525,-1.568194084032796e-09
lmh,CPA,242,0.605,H2O,0.4601091939533842,1.9113437342052482,1.576476040814466e-09
lmh,CPA,242,0.605,Light_nC4,0.01410334793382271,0.5229878091905018,3.604513736099602e-11
lmh,CPA,242,0.605,Middle_nC10,0.06282598470402945,0.38066987984276435,1.772382240972092e-10
lmh,CPA,242,0.605,Heavy_squalane,0.4068550460120292,0.3400057666906896,-1.56809759229114e-09
lmh,CPA,243,0.6075,H2O,0.4636141167184924,1.9259035653366419,1.566104983251738e-09
lmh,CPA,243,0.6075,Light_nC4,0.01414005242929183,0.5243489047093042,3.606015486212755e-11
lmh,CPA,243,0.6075,Middle_nC10,0.0629529283229833,0.38143904585586574,1.772999941307418e-10
lmh,CPA,243,0.6075,Heavy_squalane,0.4077570388428798,0.3407595554589719,-1.567886331045225e-09
lmh,CPA,244,0.61,H2O,0.4671217715205664,1.9404747456473277,1.558238881546869e-09
lmh,CPA,244,0.61,Light_nC4,0.01417672819825363,0.525708934976565,3.606064058470082e-11
lmh,CPA,244,0.61,Middle_nC10,0.06307963460096695,0.3822067737926834,1.77311609839137e-10
lmh,CPA,244,0.61,Heavy_squalane,0.4086572652767576,0.3415118680623083,-1.567971132441258e-09
lmh,CPA,245,0.6125,H2O,0.4706320418353064,1.9550567910826655,1.550675849004979e-09
lmh,CPA,245,0.6125,Light_nC4,0.01421337647092913,0.5270679456119909,3.605768808534471e-11
lmh,CPA,245,0.6125,Middle_nC10,0.06320611648985054,0.38297314213009065,1.773114016723198e-10
lmh,CPA,245,0.6125,Heavy_squalane,0.4095558249209283,0.34226278774175733,-1.568124869764262e-09
lmh,CPA,246,0.615,H2O,0.4741448361640822,1.9696493215473745,1.542364333587086e-09
lmh,CPA,246,0.615,Light_nC4,0.01424999821306569,0.5284259724279362,3.605949046303625e-11
lmh,CPA,246,0.615,Middle_nC10,0.06333238413582504,0.38373821234502764,1.773274027616623e-10
lmh,CPA,246,0.615,Heavy_squalane,0.4104527957614081,0.34301237966965864,-1.568179239149464e-09
lmh,CPA,247,0.6175,H2O,0.4776600896325893,1.9842520675465232,1.534267010475976e-09
lmh,CPA,247,0.6175,Light_nC4,0.01428659410888758,0.5297830407971674,3.607480460188217e-11
lmh,CPA,247,0.6175,Middle_nC10,0.06345844470217601,0.384502027840667,1.773900887291902e-10
lmh,CPA,247,0.6175,Heavy_squalane,0.4113482328001059,0.34376068981070257,-1.567955823655322e-09
lmh,CPA,248,0.62,H2O,0.4811777649645332,1.9988648742303219,1.527164948198727e-09
lmh,CPA,248,0.62,Light_nC4,0.01432316455053415,0.5311391652612035,3.606378216891581e-11
lmh,CPA,248,0.62,Middle_nC10,0.06358430226135159,0.385264613292441,1.773621111089696e-10
lmh,CPA,248,0.62,Heavy_squalane,0.4122421672260966,0.3445077442293693,-1.568265617814351e-09
lmh,CPA,249,0.6225,H2O,0.4846978528674159,2.0134877029967218,1.521839865272172e-09
lmh,CPA,249,0.6225,Light_nC4,0.01435970963404304,0.5324943493813629,3.605671837492164e-11
lmh,CPA,249,0.6225,Middle_nC10,0.06370995775525237,0.386025974407434,1.773473312649543e-10
lmh,CPA,249,0.6225,Heavy_squalane,0.4131346061122142,0.3452535488363743,-1.568498311360575e-09
lmh,CPA,250,0.625,H2O,0.4882203718335667,2.0281206306648736,1.514659895991452e-09
lmh,CPA,250,0.625,Light_nC4,0.01439622916109009,0.533848585803284,3.606390533428261e-11
lmh,CPA,250,0.625,Middle_nC10,0.06383540901798992,0.3867860980622784,1.773818175676567e-10
lmh,CPA,250,0.625,Heavy_squalane,0.4140255325933245,0.345998089537649,-1.568436241192145e-09
lmh,CPA,251,0.6275,H2O,0.4917453674362401,2.042763846551043,1.511883798653249e-09
lmh,CPA,251,0.6275,Light_nC4,0.01443272264621595,0.5352018565249067,3.60602086385553e-11
lmh,CPA,251,0.6275,Middle_nC10,0.06396065085614766,0.3875449527894648,1.773788893544292e-10
lmh,CPA,251,0.6275,Heavy_squalane,0.4149149064873499,0.346741332753327,-1.568593782516502e-09
lmh,CPA,252,0.63,H2O,0.4952729111794613,2.0574176476907438,1.505938522506796e-09
lmh,CPA,252,0.63,Light_nC4,0.01446918932896645,0.5365541333466669,3.606514739629141e-11
lmh,CPA,252,0.63,Middle_nC10,0.06408567518024502,0.38830248957389846,1.774052016401129e-10
lmh,CPA,252,0.63,Heavy_squalane,0.4158026653103989,0.34748322626608014,-1.568575133631817e-09
lmh,CPA,253,0.6325,H2O,0.4988030989306242,2.072082432327577,1.500627593595201e-09
lmh,CPA,253,0.6325,Light_nC4,0.0145056281901313,0.5379053784736696,3.606497739339076e-11
lmh,CPA,253,0.6325,Middle_nC10,0.06421047118051586,0.3890586429179607,1.774131397347389e-10
lmh,CPA,253,0.6325,Heavy_squalane,0.4166887256333929,0.3482237003548416,-1.568667543030557e-09
lmh,CPA,254,0.635,H2O,0.5023360490105863,2.0867586919792793,1.49329943687637e-09
lmh,CPA,254,0.635,Light_nC4,0.01454203797188225,0.5392555452624622,3.606746325213184e-11
lmh,CPA,254,0.635,Middle_nC10,0.0643350255427416,0.3898133321492674,1.774312502478281e-10
lmh,CPA,254,0.635,Heavy_squalane,0.4175729847467109,0.3489626691859374,-1.568695562747845e-09
lmh,CPA,255,0.6375,H2O,0.505871899958904,2.101447002154267,1.4874988277953e-09
lmh,CPA,255,0.6375,Light_nC4,0.01457841720116269,0.5406045790883801,3.606180111470625e-11
lmh,CPA,255,0.6375,Middle_nC10,0.0644593226988658,0.3905664629391706,1.774214664074236e-10
lmh,CPA,255,0.6375,Heavy_squalane,0.4184553225926625,0.3497000324280394,-1.568886968962303e-09
lmh,CPA,256,0.64,H2O,0.5094108080273535,2.1161480119394454,1.481748935723897e-09
lmh,CPA,256,0.64,Light_nC4,0.01461476421613563,0.541952418326305,3.605987383692444e-11
lmh,CPA,256,0.64,Middle_nC10,0.06458334510899465,0.3913179290114331,1.774232982754143e-10
lmh,CPA,256,0.64,Heavy_squalane,0.4193356039392177,0.35043567706873574,-1.569007954761457e-09
lmh,CPA,257,0.6425,H2O,0.5129529444215605,2.130862432541642,1.475101714649406e-09
lmh,CPA,257,0.6425,Light_nC4,0.01465107719514727,0.5432989954247068,3.605501487646823e-11
lmh,CPA,257,0.6425,Middle_nC10,0.06470707357017302,0.39206761401313717,1.774161789702688e-10
lmh,CPA,257,0.6425,Heavy_squalane,0.4202136807597825,0.3511694794032916,-1.569179784286021e-09
lmh,CPA,258,0.645,H2O,0.5164984923466527,2.145591025014924,1.469386135154718e-09
lmh,CPA,258,0.645,Light_nC4,0.01468735418792578,0.5446442380625739,3.605299912778914e-11
lmh,CPA,258,0.645,Middle_nC10,0.06483048754783656,0.3928153935229915,1.774186630942864e-10
lmh,CPA,258,0.645,Heavy_squalane,0.4210893947871031,0.3519013071689281,-1.5692946465708e-09
lmh,CPA,259,0.6475,H2O,0.5200476438960389,2.160334587336244,1.461994111617697e-09
lmh,CPA,259,0.6475,Light_nC4,0.01472359314837138,0.5459880703653517,3.60550027334039e-11
lmh,CPA,259,0.6475,Middle_nC10,0.06495356552391804,0.39356113716054764,1.774350527616875e-10
lmh,CPA,259,0.6475,Heavy_squalane,0.4219625801951304,0.3526310217860369,-1.569325264142672e-09
lmh,CPA,260,0.65,H2O,0.5236005968514358,2.1750939411124084,1.453965948661085e-09
lmh,CPA,260,0.65,Light_nC4,0.0147597919683587,0.54733041415842,3.606592108296169e-11
lmh,CPA,260,0.65,Middle_nC10,0.06507628535497188,0.39430471075611745,1.774811964061485e-10
lmh,CPA,260,0.65,Heavy_squalane,0.4228330663575787,0.35335848066348713,-1.569177279211959e-09
lmh,CPA,261,0.6525,H2O,0.5271575514605891,2.189869918194376,1.449104261105565e-09
lmh,CPA,261,0.6525,Light_nC4,0.01479594851172973,0.5486711902276373,3.606791601495907e-11
lmh,CPA,261,0.6525,Middle_nC10,0.06519862463205227,0.39504597853131646,1.774971558621274e-10
lmh,CPA,261,0.6525,Heavy_squalane,0.4237006806196468,0.3540835395149325,-1.569206968978623e-09
lmh,CPA,262,0.655,H2O,0.5307187072831949,2.2046633475748716,1.443301847038532e-09
lmh,CPA,262,0.655,Light_nC4,0.01483206064773582,0.5500103195594552,3.606583955095832e-11
lmh,CPA,262,0.655,Middle_nC10,0.06532056103375879,0.3957848052382077,1.77499209774723e-10
lmh,CPA,262,0.655,Heavy_squalane,0.4245652510165657,0.3548060546306816,-1.569317656139965e-09
lmh,CPA,263,0.6575,H2O,0.5342842601759263,2.21947504286386,1.438411082527793e-09
lmh,CPA,263,0.6575,Light_nC4,0.01486812628291736,0.5513477245230968,3.60772141327903e-11
lmh,CPA,263,0.6575,Middle_nC10,0.06544207266271736,0.3965210581980788,1.775466718090257e-10
lmh,CPA,263,0.6575,Heavy_squalane,0.4254266088643129,0.35552588504273863,-1.569157516961024e-09
lmh,CPA,264,0.66,H2O,0.5378543994988666,2.2343057906837633,1.433255259803516e-09
lmh,CPA,264,0.66,Light_nC4,0.01490414339058161,0.5526833299636695,3.608320239822937e-11
lmh,CPA,264,0.66,Middle_nC10,0.06556313835655897,0.39725460918569766,1.775759816968758e-10
lmh,CPA,264,0.66,Heavy_squalane,0.4262845911536679,0.3562428945254982,-1.569104260942071e-09
lmh,CPA,265,0.6625,H2O,0.5414293056295022,2.249156340342318,1.427243413410004e-09
lmh,CPA,265,0.6625,Light_nC4,0.01494011003725517,0.5540170641830902,3.608369505969655e-11
lmh,CPA,265,0.6625,Middle_nC10,0.06568373796585102,0.3979853361133306,1.77586875760305e-10
lmh,CPA,265,0.6625,Heavy_squalane,0.4271390426892586,0.3569569533833302,-1.569159558132482e-09
lmh,CPA,266,0.665,H2O,0.5450091478265281,2.2640273949585885,1.420774508439926e-09
lmh,CPA,266,0.665,Light_nC4,0.01497602440533003,0.5553488597798567,3.60941693200445e-11
lmh,CPA,266,0.665,Middle_nC10,0.06580385259196872,0.3987131244720326,1.776308405920801e-10
lmh,CPA,266,0.665,Heavy_squalane,0.4279898179199911,0.35766793998025714,-1.569015748325206e-09
lmh,CPA,267,0.6675,H2O,0.5485940824727572,2.278919604163822,1.413047029235197e-09
lmh,CPA,267,0.6675,Light_nC4,0.01501188481161702,0.556678654337058,3.609610180199674e-11
lmh,CPA,267,0.6675,Middle_nC10,0.06592346478181788,0.3994378685114951,1.776463143254858e-10
lmh,CPA,267,0.6675,Heavy_squalane,0.4288367824371181,0.3583757419918784,-1.569041355748953e-09
lmh,CPA,268,0.67,H2O,0.5521842517500306,2.2938335585968823,1.406537477285054e-09
lmh,CPA,268,0.67,Light_nC4,0.01504768972158698,0.558006390950472,3.610945396859133e-11
lmh,CPA,268,0.67,Middle_nC10,0.06604255867599242,0.4001594721377495,1.776994107416385e-10
lmh,CPA,268,0.67,Heavy_squalane,0.4296798141133534,0.35908025735731997,-1.568841784848663e-09
lmh,CPA,269,0.6725,H2O,0.5557797827520915,2.308769786219028,1.403426500139844e-09
lmh,CPA,269,0.6725,Light_nC4,0.0150834377586624,0.5593320185731231,3.611843983619689e-11
lmh,CPA,269,0.6725,Middle_nC10,0.06616112010585512,0.4008778495013903,1.777375607803222e-10
lmh,CPA,269,0.6725,Heavy_squalane,0.4305188038489234,0.3597813949027043,-1.568728499832737e-09
lmh,CPA,270,0.675,H2O,0.5593807869949823,2.323728750280053,1.395803515729039e-09
lmh,CPA,270,0.675,Light_nC4,0.01511912770956755,0.5606554922136788,3.61256389386222e-11
lmh,CPA,270,0.675,Middle_nC10,0.06627913664807342,0.40159292532801427,1.777695768367948e-10
lmh,CPA,270,0.675,Heavy_squalane,0.431353655989744,0.36047907469061746,-1.568653533171912e-09
lmh,CPA,271,0.6775,H2O,0.5629873602797586,2.3387108487479824,1.391183501917319e-09
lmh,CPA,271,0.6775,Light_nC4,0.01515475852578129,0.5619767729903237,3.612461371704789e-11
lmh,CPA,271,0.6775,Middle_nC10,0.06639659763863037,0.4023046350031141,1.777749752962521e-10
lmh,CPA,271,0.6775,Heavy_squalane,0.4321842884337642,0.3611732281089799,-1.56873443778607e-09
lmh,CPA,272,0.68,H2O,0.5665995828841315,2.353716415105177,1.387781719208685e-09
lmh,CPA,272,0.68,Light_nC4,0.01519032932161507,0.5632958280594862,3.612546893572155e-11
lmh,CPA,272,0.68,Middle_nC10,0.06651349415090554,0.40301292443926795,1.777862024265886e-10
lmh,CPA,272,0.68,Heavy_squalane,0.4330106324606231,0.36186379772869187,-1.568776745703566e-09
lmh,CPA,273,0.6825,H2O,0.5702175200251991,2.368745720270569,1.380339343104619e-09
lmh,CPA,273,0.6825,Light_nC4,0.01522583936931379,0.5646126304341667,3.612990288892615e-11
lmh,CPA,273,0.6825,Middle_nC10,0.06662981894281156,0.4037177497558341,1.778086983206251e-10
lmh,CPA,273,0.6825,Heavy_squalane,0.4338326323232615,0.3625507369623465,-1.568755962866901e-09
lmh,CPA,274,0.685,H2O,0.5738412225492041,2.3837989754649924,1.374033972296861e-09
lmh,CPA,274,0.685,Light_nC4,0.01526128809181606,0.5659271587154695,3.613912641364792e-11
lmh,CPA,274,0.685,Middle_nC10,0.06674556637913247,0.4044190768083898,1.778471675484283e-10
lmh,CPA,274,0.685,Heavy_squalane,0.4346502446486648,0.3632340095634347,-1.568637111019727e-09
lmh,CPA,275,0.6875,H2O,0.5774707277900408,2.3988763357775125,1.364643416383023e-09
lmh,CPA,275,0.6875,Light_nC4,0.01529667505367988,0.5672393967561041,3.614312495126004e-11
lmh,CPA,275,0.6875,Middle_nC10,0.06686073233480509,0.40511688060270207,1.778683450526231e-10
lmh,CPA,275,0.6875,Heavy_squalane,0.4354634376920706,0.3639135890030923,-1.568619204379208e-09
lmh,CPA,276,0.69,H2O,0.5811060605516455,2.4139779042463836,1.35954642177251e-09
lmh,CPA,276,0.69,Light_nC4,0.01533199995075806,0.5685493332775234,3.61410987942401e-11
lmh,CPA,276,0.69,Middle_nC10,0.06697531408493362,0.4058111446283132,1.77869358131133e-10
lmh,CPA,276,0.69,Heavy_squalane,0.4362721904891222,0.36458945776156076,-1.568717366170239e-09
lmh,CPA,277,0.6925,H2O,0.5847472341638248,2.429103736245075,1.352608668121598e-09
lmh,CPA,277,0.6925,Light_nC4,0.01536726259905997,0.5698569614568895,3.614841065369134e-11
lmh,CPA,277,0.6925,Middle_nC10,0.06708931018648302,0.4065018601417076,1.779005415203372e-10
lmh,CPA,277,0.6925,Heavy_squalane,0.4370764919441451,0.36526160656626655,-1.568638966630143e-09
lmh,CPA,278,0.695,H2O,0.5883942515665764,2.4442538439866586,1.347189705410199e-09
lmh,CPA,278,0.695,Light_nC4,0.01540246292316817,0.571162278497533,3.613786873912783e-11
lmh,CPA,278,0.695,Middle_nC10,0.06720272035590856,0.40718902542485513,1.778742292346536e-10
lmh,CPA,278,0.695,Heavy_squalane,0.4378763398874266,0.3659300336039967,-1.56889893764949e-09
lmh,CPA,279,0.6975,H2O,0.592047106413441,2.45942820110725,1.342680681350495e-09
lmh,CPA,279,0.6975,Light_nC4,0.01543760094478366,0.5724652852041819,3.614212228109093e-11
lmh,CPA,279,0.6975,Middle_nC10,0.06731554534711034,0.4078726450457234,1.778958091946947e-10
lmh,CPA,279,0.6975,Heavy_squalane,0.4386717401348099,0.36659474373500867,-1.568874629153034e-09
lmh,CPA,280,0.7,H2O,0.5957057841286505,2.474626747057519,1.33519425741243e-09
lmh,CPA,280,0.7,Light_nC4,0.01547267677130333,0.5737659855593844,3.614023316722559e-11
lmh,CPA,280,0.7,Middle_nC10,0.06742778683143542,0.4085527291311967,1.77897085951173e-10
lmh,CPA,280,0.7,Heavy_squalane,0.4394627055636368,0.3672557477208021,-1.56897000752844e-09
lmh,CPA,281,0.7025,H2O,0.599370262939827,2.489849391392637,1.328250773894582e-09
lmh,CPA,281,0.7025,Light_nC4,0.01550769058504762,0.5750643863240437,3.613269579372247e-11
lmh,CPA,281,0.7025,Middle_nC10,0.06753944728327131,0.40922929267387415,1.778807101615598e-10
lmh,CPA,281,0.7025,Heavy_squalane,0.4402492552314689,0.3679130614876409,-1.569166238329981e-09
lmh,CPA,282,0.705,H2O,0.6030405148448682,2.5050960177888184,1.32694232289242e-09
lmh,CPA,282,0.705,Light_nC4,0.01554264263303295,0.5763604966581531,3.614705583465661e-11
lmh,CPA,282,0.705,Middle_nC10,0.06765052987200319,0.40990235487742566,1.779338343332881e-10
lmh,CPA,282,0.705,Heavy_squalane,0.4410314135440551,0.3685667054312299,-1.568955626547713e-09
lmh,CPA,283,0.7075,H2O,0.6067165064999165,2.5203664877320446,1.320513733259666e-09
lmh,CPA,283,0.7075,Light_nC4,0.01557753321735936,0.5776543277643463,3.613963121817942e-11
lmh,CPA,283,0.7075,Middle_nC10,0.06776103836130408,0.4105719385463797,1.77917888755097e-10
lmh,CPA,283,0.7075,Heavy_squalane,0.4418092094800629,0.36921670376882804,-1.569149537836233e-09
lmh,CPA,284,0.71,H2O,0.6103982000596128,2.5356606440085705,1.315763761984013e-09
lmh,CPA,284,0.71,Light_nC4,0.01561236268662181,0.578945892569406,3.61453523362032e-11
lmh,CPA,284,0.71,Middle_nC10,0.06787097701747573,0.41123806953075015,1.779431324511194e-10
lmh,CPA,284,0.71,Heavy_squalane,0.4425826758850517,0.3698630839492275,-1.56909841576926e-09
lmh,CPA,285,0.7125,H2O,0.6140855539120159,2.5509783137578568,1.30527453933826e-09
lmh,CPA,285,0.7125,Light_nC4,0.01564713142784185,0.58023520542507,3.614633765913755e-11
lmh,CPA,285,0.7125,Middle_nC10,0.06798035052540598,0.41190077621681215,1.779536518142777e-10
lmh,CPA,285,0.7125,Heavy_squalane,0.4433518488247354,0.37050587611228,-1.569134692952901e-09
lmh,CPA,286,0.715,H2O,0.6177785233597504,2.566319311302135,1.296605479748978e-09
lmh,CPA,286,0.715,Light_nC4,0.01568183985940309,0.5815222818460607,3.614752247527164e-11
lmh,CPA,286,0.715,Middle_nC10,0.0680891639136404,0.41256008907310265,1.77964531999919e-10
lmh,CPA,286,0.715,Heavy_squalane,0.4441167670080343,0.3711451126067452,-1.569167908379356e-09
lmh,CPA,287,0.7175,H2O,0.6214770612180489,2.58168344063074,1.292857770469045e-09
lmh,CPA,287,0.7175,Light_nC4,0.01571648842466597,0.5828071382733045,3.615784061050675e-11
lmh,CPA,287,0.7175,Middle_nC10,0.0681974224873519,0.4132160402442757,1.780038200172029e-10
lmh,CPA,287,0.7175,Heavy_squalane,0.4448774712711693,0.37178082755915215,-1.569032263257913e-09
lmh,CPA,288,0.72,H2O,0.6251811183430521,2.597070497594723,1.29194834963842e-09
lmh,CPA,288,0.72,Light_nC4,0.01575107758631592,0.5840897918643474,3.616979458997971e-11
lmh,CPA,288,0.72,Middle_nC10,0.06830513176909006,0.41386866319209537,1.78048006893583e-10
lmh,CPA,288,0.72,Heavy_squalane,0.4456340041216865,0.3724130564927444,-1.568867670613972e-09
lmh,CPA,289,0.7225,H2O,0.6288906440981374,2.6124802718440367,1.287399435526406e-09
lmh,CPA,289,0.7225,Light_nC4,0.01578560782142809,0.5853702603103421,3.61679609872656e-11
lmh,CPA,289,0.7225,Middle_nC10,0.06841229744689555,0.4145179923810554,1.780492420166979e-10
lmh,CPA,289,0.7225,Heavy_squalane,0.4463864093391438,0.37304183599377605,-1.568953585376254e-09
lmh,CPA,290,0.725,H2O,0.632605586762662,2.6279125485254937,1.282380707207529e-09
lmh,CPA,290,0.725,Light_nC4,0.01582007961718735,0.5866485616773363,3.615928563516224e-11
lmh,CPA,290,0.725,Middle_nC10,0.06851892532918225,0.41516406300500475,1.78029091468801e-10
lmh,CPA,290,0.725,Heavy_squalane,0.4471347316278717,0.373667203421327,-1.569165124963731e-09
lmh,CPA,291,0.7275,H2O,0.6363258938829722,2.6433671097409004,1.277729676258582e-09
lmh,CPA,291,0.7275,Light_nC4,0.01585449346715712,0.5879247142679093,3.617314434101182e-11
lmh,CPA,291,0.7275,Middle_nC10,0.06862502130563532,0.41580691075022447,1.780786490490627e-10
lmh,CPA,291,0.7275,Heavy_squalane,0.44787901631612,0.37428919665588184,-1.568964904599795e-09
lmh,CPA,292,0.73,H2O,0.640051512563787,2.6588437357574954,1.27326699660643e-09
lmh,CPA,292,0.73,Light_nC4,0.01588884986797479,0.5891987364986316,3.616774935100153e-11
lmh,CPA,292,0.73,Middle_nC10,0.06873059131332739,0.4164465715901215,1.780687958197191e-10
lmh,CPA,292,0.73,Heavy_squalane,0.448619309095583,0.37490785388165326,-1.569113538994154e-09
lmh,CPA,293,0.7325,H2O,0.6437823897412468,2.674342206142222,1.269630505520285e-09
lmh,CPA,293,0.7325,Light_nC4,0.0159231493167531,0.5904706468037013,3.617388333321259e-11
lmh,CPA,293,0.7325,Middle_nC10,0.06883564130850167,0.4170830816142599,1.780942754381343e-10
lmh,CPA,293,0.7325,Heavy_squalane,0.4493556558040499,0.37552321340494416,-1.569056200632285e-09
lmh,CPA,294,0.735,H2O,0.6475184723878258,2.6898623006129605,1.262038766096342e-09
lmh,CPA,294,0.735,Light_nC4,0.01595739230862941,0.5917404635440634,3.617194564708992e-11
lmh,CPA,294,0.735,Middle_nC10,0.06894017724191161,0.4177164768789402,1.780946917717685e-10
lmh,CPA,294,0.735,Heavy_squalane,0.4500881022359988,0.37613531349586277,-1.569142857638734e-09
lmh,CPA,295,0.7375,H2O,0.6512597077033315,2.7054037998319562,1.256040945539531e-09
lmh,CPA,295,0.7375,Light_nC4,0.01599157933487273,0.5930082049372154,3.615950941449064e-11
lmh,CPA,295,0.7375,Middle_nC10,0.06904420503861376,0.41834679328476293,1.780635777715034e-10
lmh,CPA,295,0.7375,Heavy_squalane,0.4508166939870653,0.376744192258346,-1.569415354028391e-09
lmh,CPA,296,0.74,H2O,0.6550060432689995,2.720966486045949,1.250206331225955e-09
lmh,CPA,296,0.74,Light_nC4,0.01602571088125287,0.5942738889967304,3.615991880923097e-11
lmh,CPA,296,0.74,Middle_nC10,0.06914773058096928,0.41897406647363195,1.780712660659489e-10
lmh,CPA,296,0.74,Heavy_squalane,0.4515414763233332,0.3773498875209269,-1.569457569165366e-09
lmh,CPA,297,0.7425,H2O,0.6587574271675989,2.7365501435851045,1.245114801302581e-09
lmh,CPA,297,0.7425,Light_nC4,0.01605978742662346,0.5955375334797121,3.616189812871706e-11
lmh,CPA,297,0.7425,Middle_nC10,0.06925075969440465,0.4195983317424775,1.780833119857661e-10
lmh,CPA,297,0.7425,Heavy_squalane,0.4522624940720048,0.3779524367453685,-1.569472414048698e-09
lmh,CPA,298,0.745,H2O,0.6625138080918946,2.7521545593135768,1.239964758474828e-09
lmh,CPA,298,0.745,Light_nC4,0.01609380944185338,0.5967991558471692,3.616370224113208e-11
lmh,CPA,298,0.745,Middle_nC10,0.06935329813605987,0.4202196239744742,1.780952607610686e-10
lmh,CPA,298,0.745,Heavy_squalane,0.4529797915340685,0.37855187695368053,-1.569490227908696e-09
lmh,CPA,299,0.7475,H2O,0.6662751354257033,2.767779522966223,1.237392682885218e-09
lmh,CPA,299,0.7475,Light_nC4,0.01612777738890151,0.5980587732297056,3.614992506728587e-11
lmh,CPA,299,0.7475,Middle_nC10,0.06945535158545264,0.42083797758247415,1.780602748580051e-10
lmh,CPA,299,0.7475,Heavy_squalane,0.4536934124126257,0.3791482446682231,-1.569778311425852e-09
lmh,CPA,300,0.75,H2O,0.6700413593175937,2.783424827454766,1.235368210466399e-09
lmh,CPA,300,0.75,Light_nC4,0.01616169172016246,0.5993164024032572,3.615582312710419e-11
lmh,CPA,300,0.75,Middle_nC10,0.06955692563732535,0.4214534264656661,1.780841585308224e-10
lmh,CPA,300,0.75,Heavy_squalane,0.4544033997578218,0.3797415758656859,-1.569722457552316e-09
lmh,CPA,301,0.7525,H2O,0.6738124307198166,2.7990902690295103,1.227224556853676e-09
lmh,CPA,301,0.7525,Light_nC4,0.01619555287778788,0.6005720597639256,3.615169795467832e-11
lmh,CPA,301,0.7525,Middle_nC10,0.06965802579559059,0.4220660039728905,1.780781355709138e-10
lmh,CPA,301,0.7525,Heavy_squalane,0.4551097959206107,0.38033190593844923,-1.569842701107303e-09
lmh,CPA,302,0.755,H2O,0.6775883014388704,2.8147756474893977,1.224574993545941e-09
lmh,CPA,302,0.755,Light_nC4,0.01622936129335902,0.6018257613158351,3.614502100401928e-11
lmh,CPA,302,0.755,Middle_nC10,0.06975865746932837,0.4226757428783864,1.780645492166499e-10
lmh,CPA,302,0.755,Heavy_squalane,0.4558126425218406,0.3809192696687495,-1.570005159799264e-09
lmh,CPA,303,0.7575,H2O,0.681368924159091,2.830480766280003,1.220300617113876e-09
lmh,CPA,303,0.7575,Light_nC4,0.0162631173875253,0.60307752265773,3.61352787969782e-11
lmh,CPA,303,0.7575,Middle_nC10,0.06985882596952794,0.42328267536204955,1.780417480112817e-10
lmh,CPA,303,0.7575,Heavy_squalane,0.4565119804273767,0.3815037012078894,-1.570220410607574e-09
lmh,CPA,304,0.76,H2O,0.6851542524634492,2.846205432579929,1.2125715607937e-09
lmh,CPA,304,0.76,Light_nC4,0.01629682156979444,0.604327358975192,3.612504045902298e-11
lmh,CPA,304,0.76,Middle_nC10,0.06995853650699858,0.42388683299677377,1.780176561716473e-10
lmh,CPA,304,0.76,Heavy_squalane,0.4572078497320948,0.38208523406286155,-1.570443547760154e-09
lmh,CPA,305,0.7625,H2O,0.6889442408469876,2.861949457356623,1.205588008309302e-09
lmh,CPA,305,0.7625,Light_nC4,0.01633047423840446,0.6055752850358942,3.613224823506567e-11
lmh,CPA,305,0.7625,Middle_nC10,0.07005779419112523,0.42448824674091107,1.78044828880175e-10
lmh,CPA,305,0.7625,Heavy_squalane,0.457900289750369,0.38266390108839893,-1.5703653337811e-09
lmh,CPA,306,0.765,H2O,0.6927388447155969,2.8777126553612953,1.200740975490001e-09
lmh,CPA,306,0.765,Light_nC4,0.01636407578018954,0.6068213151846263,3.612890021875703e-11
lmh,CPA,306,0.765,Middle_nC10,0.07015660402911111,0.42508694693368265,1.78041151266406e-10
lmh,CPA,306,0.765,Heavy_squalane,0.4585893390104552,0.3832397344822812,-1.570466928451401e-09
lmh,CPA,307,0.7675,H2O,0.6965380203966198,2.8934948451729685,1.195870079523929e-09
lmh,CPA,307,0.7675,Light_nC4,0.01639762657065376,0.6080654633460292,3.613146414005453e-11
lmh,CPA,307,0.7675,Middle_nC10,0.07025497092625284,0.4256829632968459,1.780543767981868e-10
lmh,CPA,307,0.7675,Heavy_squalane,0.459275035256493,0.3838127657870082,-1.570468227378693e-09
lmh,CPA,308,0.77,H2O,0.7003417251281591,2.90929584915406,1.193667413251607e-09
lmh,CPA,308,0.77,Light_nC4,0.01643112697394061,0.6093077430234646,3.614054194800431e-11
lmh,CPA,308,0.77,Middle_nC10,0.07035289968625465,0.4262763249365983,1.78086712043779e-10
lmh,CPA,308,0.77,Heavy_squalane,0.4599574154511234,0.3843830258919867,-1.570358096900476e-09
lmh,CPA,309,0.7725,H2O,0.7041499170526465,2.9251154934236716,1.185386997905635e-09
lmh,CPA,309,0.7725,Light_nC4,0.01646457734291041,0.6105481673018854,3.615074559149001e-11
lmh,CPA,309,0.7725,Middle_nC10,0.07045039501214388,0.42686706034912425,1.781224195918085e-10
lmh,CPA,309,0.7725,Heavy_squalane,0.4606365157825797,0.3849505450394569,-1.570230152562261e-09
lmh,CPA,310,0.775,H2O,0.7079625552074631,2.9409536078186185,1.179658306532477e-09
lmh,CPA,310,0.775,Light_nC4,0.01649797801924811,0.6117867488518338,3.615922838928753e-11
lmh,CPA,310,0.775,Middle_nC10,0.07054746150750546,0.4274551974280753,1.781530339917126e-10
lmh,CPA,310,0.775,Heavy_squalane,0.4613123716742289,0.38551535283246585,-1.570128836233522e-09
lmh,CPA,311,0.7775,H2O,0.7117795995126701,2.9568100258424677,1.180214207945879e-09
lmh,CPA,311,0.7775,Light_nC4,0.01653132933359091,0.6130234999341732,3.616965407737815e-11
lmh,CPA,311,0.7775,Middle_nC10,0.07064410367795779,0.4280407634735124,1.781888664398323e-10
lmh,CPA,311,0.7775,Heavy_squalane,0.4619850177959779,0.3860774782443995,-1.569996531210828e-09
lmh,CPA,312,0.78,H2O,0.7156010107536446,2.9726845845934022,1.173774827182199e-09
lmh,CPA,312,0.78,Light_nC4,0.01656463160564741,0.6142584324045072,3.616756893976003e-11
lmh,CPA,312,0.78,Middle_nC10,0.0707403259327497,0.42862378520158234,1.781885056173493e-10
lmh,CPA,312,0.78,Heavy_squalane,0.4626544880766655,0.3866369496293386,-1.570073910165194e-09
lmh,CPA,313,0.7825,H2O,0.7194267505698229,2.9885771247174597,1.171343652801037e-09
lmh,CPA,313,0.7825,Light_nC4,0.0165978851443978,0.6154915577206025,3.616156506180968e-11
lmh,CPA,313,0.7825,Middle_nC10,0.07083613258670403,0.4292042887562937,1.781767927644395e-10
lmh,CPA,313,0.7825,Heavy_squalane,0.4633208157189776,0.38719379473452337,-1.570217998314033e-09
lmh,CPA,314,0.785,H2O,0.723256781435211,3.0044874903275716,1.168234327120141e-09
lmh,CPA,314,0.785,Light_nC4,0.01663109024824312,0.6167228869479245,3.616170210496428e-11
lmh,CPA,314,0.785,Middle_nC10,0.07093152786209736,0.42978229972090687,1.781827047020457e-10
lmh,CPA,314,0.785,Heavy_squalane,0.4639840332140014,0.3877480407125162,-1.570256780571737e-09
lmh,CPA,315,0.7875,H2O,0.7270910666394022,3.020415528924708,1.165973592994269e-09
lmh,CPA,315,0.7875,Light_nC4,0.01666424720517501,0.6179524307659314,3.616978938580928e-11
lmh,CPA,315,0.7875,Middle_nC10,0.0710265158906611,0.43035784313005837,1.782117231563518e-10
lmh,CPA,315,0.7875,Heavy_squalane,0.4646441723566837,0.38829971413411996,-1.570163443367789e-09
lmh,CPA,316,0.79,H2O,0.7309295702681231,3.0363610913170627,1.160889840372479e-09
lmh,CPA,316,0.79,Light_nC4,0.01669735629295183,0.6191801994746058,3.617000969569073e-11
lmh,CPA,316,0.79,Middle_nC10,0.07112110071564175,0.4309309434822447,1.782176350939579e-10
lmh,CPA,316,0.79,Heavy_squalane,0.46530126426174,0.38884884100167344,-1.570201483381326e-09
lmh,CPA,317,0.7925,H2O,0.7347722571899828,3.05232403156501,1.157674381689282e-09
lmh,CPA,317,0.7925,Light_nC4,0.01673041777933522,0.6204062030032265,3.617596500138376e-11
lmh,CPA,317,0.7925,Middle_nC10,0.07121528629405807,0.43150162475349846,1.782400754768432e-10
lmh,CPA,317,0.7925,Heavy_squalane,0.4659553393809548,0.38939544676350873,-1.570144145019457e-09
lmh,CPA,318,0.795,H2O,0.7386190930321642,3.0683042068801214,1.150687583187039e-09
lmh,CPA,318,0.795,Light_nC4,0.01676343192223491,0.6216304509157383,3.618399850580101e-11
lmh,CPA,318,0.795,Middle_nC10,0.0713090764987085,0.4320699104095515,1.782683861639711e-10
lmh,CPA,318,0.795,Heavy_squalane,0.4666064275187577,0.3899395563269682,-1.570051921181759e-09
lmh,CPA,319,0.7975,H2O,0.7424700441633444,3.084301477554216,1.146730298297377e-09
lmh,CPA,319,0.7975,Light_nC4,0.01679639896991738,0.6228529524184904,3.618915583869509e-11
lmh,CPA,319,0.7975,Middle_nC10,0.07140247512036255,0.43263582341911305,1.782885922230193e-10
lmh,CPA,319,0.7975,Heavy_squalane,0.4672545578490778,0.39048119407248966,-1.570007943214889e-09
lmh,CPA,320,0.8,H2O,0.7463250776763777,3.1003157068874247,1.144088446653475e-09
lmh,CPA,320,0.8,Light_nC4,0.01682931916121146,0.6240737163678597,3.619862569415044e-11
lmh,CPA,320,0.8,Middle_nC10,0.07149548586993619,0.4331993862670506,1.783206499128553e-10
lmh,CPA,320,0.8,Heavy_squalane,0.4678997589320776,0.3910203838675906,-1.569892245905423e-09
lmh,CPA,321,0.8025,H2O,0.7501841613670495,3.116346761099931,1.142459756614898e-09
lmh,CPA,321,0.8025,Light_nC4,0.01686219272567793,0.6252927512765406,3.621027262756815e-11
lmh,CPA,321,0.8025,Middle_nC10,0.0715881123805506,0.4337606209668639,1.783587305626e-10
lmh,CPA,321,0.8025,Heavy_squalane,0.4685420587300612,0.3915571490801627,-1.569741941461689e-09
lmh,CPA,322,0.805,H2O,0.7540472637151499,3.132394509253347,1.137534057075842e-09
lmh,CPA,322,0.805,Light_nC4,0.0168950198837952,0.6265100653204301,3.620914505730877e-11
lmh,CPA,322,0.805,Middle_nC10,0.0716803582096167,0.43431954907331566,1.783607150862565e-10
lmh,CPA,322,0.805,Heavy_squalane,0.4691814846235405,0.39209151259189823,-1.569798908701475e-09
lmh,CPA,323,0.8075,H2O,0.7579143538721964,3.1484588231997157,1.129096250603454e-09
lmh,CPA,323,0.8075,Light_nC4,0.01692780084719665,0.627725666347429,3.621835470424273e-11
lmh,CPA,323,0.8075,Middle_nC10,0.07177222684104008,0.43487619169579117,1.783916209197045e-10
lmh,CPA,323,0.8075,Heavy_squalane,0.4698180634281082,0.3926234968123906,-1.569687757637528e-09
lmh,CPA,324,0.81,H2O,0.7617854016337399,3.1645395774664626,1.122179282866837e-09
lmh,CPA,324,0.81,Light_nC4,0.01696053581877124,0.6289395618811732,3.621609609427701e-11
lmh,CPA,324,0.81,Middle_nC10,0.07186372168701335,0.43543056950915865,1.783905245744677e-10
lmh,CPA,324,0.81,Heavy_squalane,0.4704518214084209,0.3931531236908199,-1.569764301567208e-09
lmh,CPA,325,0.8125,H2O,0.7656603774307519,3.1806366492206215,1.120354976017296e-09
lmh,CPA,325,0.8125,Light_nC4,0.01699322499291976,0.6301517591305357,3.621163612022027e-11
lmh,CPA,325,0.8125,Middle_nC10,0.07195484609021464,0.43598270276708995,1.783831693469295e-10
lmh,CPA,325,0.8125,Heavy_squalane,0.4710827842949646,0.39368041472996385,-1.569873411459695e-09
lmh,CPA,326,0.815,H2O,0.7695392523078322,3.1967499181783046,1.113393905141037e-09
lmh,CPA,326,0.815,Light_nC4,0.01702586855569257,0.6313622649947341,3.62065429720948e-11
lmh,CPA,326,0.815,Middle_nC10,0.0720456033256406,0.4365326113131671,1.783739822514008e-10
lmh,CPA,326,0.815,Heavy_squalane,0.4717109772982533,0.3942053909980635,-1.569993840575724e-09
lmh,CPA,327,0.8175,H2O,0.7734219979065187,3.2128792665353694,1.109169315147227e-09
lmh,CPA,327,0.8175,Light_nC4,0.01705846668496358,0.6325710860697832,3.619586921854712e-11
lmh,CPA,327,0.8175,Middle_nC10,0.07213599660250761,0.437080314592402,1.783493491780419e-10
lmh,CPA,327,0.8175,Heavy_squalane,0.472336425123463,0.3947280731410525,-1.570204637919034e-09
lmh,CPA,328,0.82,H2O,0.7773085864517557,3.229024578911208,1.103300579023747e-09
lmh,CPA,328,0.82,Light_nC4,0.01709101955062364,0.6337782286556651,3.61921083380512e-11
lmh,CPA,328,0.82,Middle_nC10,0.07222602906617177,0.43762583166286967,1.783439645963725e-10
lmh,CPA,328,0.82,Heavy_squalane,0.4729591519851604,0.39524848139486596,-1.57030224302694e-09
lmh,CPA,329,0.8225,H2O,0.7811989907313212,3.245185742263284,1.098401549283621e-09
lmh,CPA,329,0.8225,Light_nC4,0.01712352731470755,0.6349836987610402,3.618750785139291e-11
lmh,CPA,329,0.8225,Middle_nC10,0.07231570379982945,0.43816918120601195,1.783360403795342e-10
lmh,CPA,329,0.8225,Heavy_squalane,0.4735791816204744,0.39576663559644776,-1.570412002383074e-09
lmh,CPA,330,0.825,H2O,0.7850931840846636,3.2613626458407614,1.095552778383573e-09
lmh,CPA,330,0.825,Light_nC4,0.01715599013159259,0.6361875021106083,3.619102760532567e-11
lmh,CPA,330,0.825,Middle_nC10,0.07240502382638019,0.4387103815379256,1.783504871566421e-10
lmh,CPA,330,0.825,Heavy_squalane,0.4741965373033545,0.39628255519566613,-1.570393353498389e-09
lmh,CPA,331,0.8275,H2O,0.7889911403826128,3.2775551811002197,1.087148649226688e-09
lmh,CPA,331,0.8275,Light_nC4,0.01718840814811357,0.6373896441493754,3.618592578358282e-11
lmh,CPA,331,0.8275,Middle_nC10,0.07249399211002369,0.4392494506190381,1.783416053724451e-10
lmh,CPA,331,0.8275,Heavy_squalane,0.4748112418569517,0.39679625926566037,-1.570510628076709e-09
lmh,CPA,332,0.83,H2O,0.7928928340186036,3.2937632416691964,1.080276363335027e-09
lmh,CPA,332,0.83,Light_nC4,0.01722078150376674,0.6385901300502155,3.618032783092584e-11
lmh,CPA,332,0.83,Middle_nC10,0.07258261155806703,0.4397864060650579,1.783309611091966e-10
lmh,CPA,332,0.83,Heavy_squalane,0.4754233176674172,0.3973077665143722,-1.570636345682424e-09
lmh,CPA,333,0.8325,H2O,0.7967982398907566,3.309986723271749,1.074578175257898e-09
lmh,CPA,333,0.8325,Light_nC4,0.01725311033083053,0.6397889647183472,3.617792350418814e-11
lmh,CPA,333,0.8325,Middle_nC10,0.07267088502246773,0.4403212651563244,1.783292541412962e-10
lmh,CPA,333,0.8325,Heavy_squalane,0.4760327866958377,0.39781709529452014,-1.570710477318562e-09
lmh,CPA,334,0.835,H2O,0.8007073333871879,3.32622552366743,1.072436118397358e-09
lmh,CPA,334,0.835,Light_nC4,0.01728539475450632,0.6409861527965544,3.617247994192052e-11
lmh,CPA,334,0.835,Middle_nC10,0.07275881530139823,0.44085404484728674,1.783192482562868e-10
lmh,CPA,334,0.835,Heavy_squalane,0.4766396704902827,0.39832426361366724,-1.570829607507299e-09
lmh,CPA,335,0.8375,H2O,0.8046200903745936,3.3424795426038636,1.069755379429525e-09
lmh,CPA,335,0.8375,Light_nC4,0.01731763489307946,0.6421816986711567,3.616659055571958e-11
lmh,CPA,335,0.8375,Middle_nC10,0.07284640514083147,0.44138476177611125,1.783077713257697e-10
lmh,CPA,335,0.8375,Heavy_squalane,0.4772439901979634,0.39882928914438215,-1.570957180723431e-09
lmh,CPA,336,0.84,H2O,0.8085364871838383,3.3587486817568832,1.06586432578688e-09
lmh,CPA,336,0.84,Light_nC4,0.01734983085804877,0.6433756064768128,3.616181312726674e-11
lmh,CPA,336,0.84,Middle_nC10,0.07293365723600696,0.4419134322735647,1.782995279198119e-10
lmh,CPA,336,0.84,Heavy_squalane,0.4778457665765291,0.39933218923367964,-1.571066105054877e-09
lmh,CPA,337,0.8425,H2O,0.812456500596712,3.375032844675514,1.058349527388788e-09
lmh,CPA,337,0.8425,Light_nC4,0.01738198275425927,0.6445678801014408,3.615621864405671e-11
lmh,CPA,337,0.8425,Middle_nC10,0.07302057423287228,0.44244007237174837,1.782891473345316e-10
lmh,CPA,337,0.8425,Heavy_squalane,0.4784450200051599,0.39983298091229047,-1.571189410367051e-09
lmh,CPA,338,0.845,H2O,0.8163801078338634,3.3913319367318473,1.053449096945156e-09
lmh,CPA,338,0.845,Light_nC4,0.017414090680038,0.6457585231912564,3.614797523809887e-11
lmh,CPA,338,0.845,Middle_nC10,0.07310715872950016,0.4429646978126842,1.782714115217132e-10
lmh,CPA,338,0.845,Heavy_squalane,0.4790417704954564,0.40033168090376187,-1.571353446327867e-09
lmh,CPA,339,0.8475,H2O,0.8203072865460427,3.407645865084665,1.047277801014717e-09
lmh,CPA,339,0.8475,Light_nC4,0.01744615472735043,0.6469475391565713,3.616304304621121e-11
lmh,CPA,339,0.8475,Middle_nC10,0.07319341327752805,0.4434873240570376,1.783163616764227e-10
lmh,CPA,339,0.8475,Heavy_squalane,0.4796360377024493,0.40082830563365834,-1.571152576500285e-09
lmh,CPA,340,0.85,H2O,0.8242380147916546,3.4239745385861884,1.041810032034893e-09
lmh,CPA,340,0.85,Light_nC4,0.01747817498183885,0.6481349311732186,3.616847620013797e-11
lmh,CPA,340,0.85,Middle_nC10,0.07327934038324772,0.4440079662907191,1.783355546569609e-10
lmh,CPA,340,0.85,Heavy_squalane,0.4802278409331641,0.40132287123671906,-1.571101732774873e-09
lmh,CPA,341,0.8525,H2O,0.8281722710366912,3.440317867781802,1.03947816052001e-09
lmh,CPA,341,0.8525,Light_nC4,0.01751015152303747,0.649320702190528,3.61650657337842e-11
lmh,CPA,341,0.8525,Middle_nC10,0.07336494250913887,0.44452663943417686,1.783308917202575e-10
lmh,CPA,341,0.8525,Heavy_squalane,0.4808171991582106,0.4018153935665428,-1.571189595928093e-09
lmh,CPA,342,0.855,H2O,0.8321100341409854,3.456675764852948,1.037215899922773e-09
lmh,CPA,342,0.855,Light_nC4,0.0175420844244695,0.6505048549349258,3.616560870223218e-11
lmh,CPA,342,0.855,Middle_nC10,0.07345022207505307,0.4450433581495704,1.783367342689246e-10
lmh,CPA,342,0.855,Heavy_squalane,0.4814041310209312,0.40230588820323365,-1.571215388912882e-09
lmh,CPA,343,0.8575,H2O,0.8360512833434199,3.4730481435556824,1.029969699687848e-09
lmh,CPA,343,0.8575,Light_nC4,0.0175739737537303,0.651687391913019,3.616223293034793e-11
lmh,CPA,343,0.8575,Middle_nC10,0.07353518145933027,0.44555813684753554,1.783320990877968e-10
lmh,CPA,343,0.8575,Heavy_squalane,0.481988654846052,0.4027943704606303,-1.571298984162144e-09
lmh,CPA,344,0.86,H2O,0.8399959982568209,3.489434919199463,1.022818416219082e-09
lmh,CPA,344,0.86,Light_nC4,0.01760581957264326,0.6528683154173754,3.616944764528451e-11
lmh,CPA,344,0.86,Middle_nC10,0.07361982300007971,0.4460709896949455,1.783553582601627e-10
lmh,CPA,344,0.86,Heavy_squalane,0.4825707886494343,0.4032808553944554,-1.571224574184443e-09
lmh,CPA,345,0.8625,H2O,0.8439441588510661,3.5058360085769795,1.018332696542714e-09
lmh,CPA,345,0.8625,Light_nC4,0.01763762193731496,0.6540476275285687,3.616864967248556e-11
lmh,CPA,345,0.8625,Middle_nC10,0.07370414899616239,0.44658193062086393,1.783574954394851e-10
lmh,CPA,345,0.8625,Heavy_squalane,0.4831505501457407,0.4037653578087221,-1.571267902687668e-09
lmh,CPA,346,0.865,H2O,0.8478957454501772,3.522251329952074,1.014511572053861e-09
lmh,CPA,346,0.865,Light_nC4,0.01766938089829791,0.6552253301212139,3.616456960287007e-11
lmh,CPA,346,0.865,Middle_nC10,0.07378816170843115,0.4470909733240587,1.783511532904569e-10
lmh,CPA,346,0.865,Heavy_squalane,0.4837279567578447,0.40424789226359736,-1.571363466624116e-09
lmh,CPA,347,0.8675,H2O,0.8518507387218678,3.5386808030163213,1.009447367716198e-09
lmh,CPA,347,0.8675,Light_nC4,0.01770109650068711,0.6564014248675475,3.617626337382163e-11
lmh,CPA,347,0.8675,Middle_nC10,0.07387186336076623,0.44759813127927645,1.783861391935204e-10
lmh,CPA,347,0.8675,Heavy_squalane,0.4843030256248012,0.4047284730820634,-1.571218265109027e-09
lmh,CPA,348,0.87,H2O,0.8558091196593853,3.5551243488136004,1.007597251436807e-09
lmh,CPA,348,0.87,Light_nC4,0.01773276878415007,0.6575759132385414,3.616565553976603e-11
lmh,CPA,348,0.87,Middle_nC10,0.07395525614090845,0.4481034177422908,1.783626024653984e-10
lmh,CPA,348,0.87,Heavy_squalane,0.4848757736084014,0.40520711435539486,-1.571411434153381e-09
lmh,CPA,349,0.8725,H2O,0.8597708695904315,3.571581889777149,1.002472940548205e-09
lmh,CPA,349,0.8725,Light_nC4,0.0177643977831692,0.6587487965128902,3.617984731252299e-11
lmh,CPA,349,0.8725,Middle_nC10,0.07403834220182601,0.44860684575818416,1.784039860286413e-10
lmh,CPA,349,0.8725,Heavy_squalane,0.4854462173033638,0.4056838299516759,-1.571227914283193e-09
lmh,CPA,350,0.875,H2O,0.8637359701456816,3.5880533495987907,9.9697885788306e-10
lmh,CPA,350,0.875,Light_nC4,0.01779598352695628,0.6599200757738407,3.616826803332085e-11
lmh,CPA,350,0.875,Middle_nC10,0.07412112366219184,0.4491084281642399,1.783776876207455e-10
lmh,CPA,350,0.875,Heavy_squalane,0.4860143730413896,0.4061586335191889,-1.571433237575775e-09
lmh,CPA,351,0.8775,H2O,0.8677044032740285,3.604538653292259,9.932410712316335e-10
lmh,CPA,351,0.8775,Light_nC4,0.01782752603973605,0.6610897519197079,3.617100889641289e-11
lmh,CPA,351,0.8775,Middle_nC10,0.07420360260780674,0.4496081775985654,1.783890535289601e-10
lmh,CPA,351,0.8775,Heavy_squalane,0.4865802569016869,0.40663153849520967,-1.571423310060047e-09
lmh,CPA,352,0.88,H2O,0.8716761512150187,3.6210377270786944,9.899214140375545e-10
lmh,CPA,352,0.88,Light_nC4,0.01785902534068413,0.6622578256615718,3.61635131562732e-11
lmh,CPA,352,0.88,Middle_nC10,0.07428578109209087,0.45010610650307004,1.783736630622812e-10
lmh,CPA,352,0.88,Heavy_squalane,0.4871438847150744,0.407102558109437,-1.57156684152576e-09
lmh,CPA,353,0.8825,H2O,0.8756511965050019,3.6375504984121907,9.877738468824996e-10
lmh,CPA,353,0.8825,Light_nC4,0.01789048144412956,0.6634242975307895,3.616777710657715e-11
lmh,CPA,353,0.8825,Middle_nC10,0.07436766113724551,0.45060222713050424,1.783888037287795e-10
lmh,CPA,353,0.8825,Heavy_squalane,0.4877052720726602,0.407571705391245,-1.571533533318785e-09
lmh,CPA,354,0.885,H2O,0.8796295219599701,3.6540768959085055,9.85982287218675e-10
lmh,CPA,354,0.885,Light_nC4,0.01792189435956838,0.6645891678794984,3.617659470600554e-11
lmh,CPA,354,0.885,Middle_nC10,0.074449244734898,0.45109655154836764,1.784156850037633e-10
lmh,CPA,354,0.885,Heavy_squalane,0.488264434330952,0.4080389931739542,-1.571431474745879e-09
lmh,CPA,355,0.8875,H2O,0.8836111106701718,3.670616849322689,9.830294505243383e-10
lmh,CPA,355,0.8875,Light_nC4,0.0179532640917673,0.6657524368844601,3.616927590766039e-11
lmh,CPA,355,0.8875,Middle_nC10,0.07453053384696053,0.4515890916441122,1.784008218930211e-10
lmh,CPA,355,0.8875,Heavy_squalane,0.4888213866184119,0.40850443410030896,-1.571572037234926e-09
lmh,CPA,356,0.89,H2O,0.8875959460022133,3.68717028955781,9.803142872276175e-10
lmh,CPA,356,0.89,Light_nC4,0.01798459064092267,0.6669141045529556,3.618451024922642e-11
lmh,CPA,356,0.89,Middle_nC10,0.07461153040661032,0.45207985913108145,1.784442038577083e-10
lmh,CPA,356,0.89,Heavy_squalane,0.4893761438428202,0.40896804062863146,-1.571377012580156e-09
lmh,CPA,357,0.8925,H2O,0.8915840115752827,3.7037371485661916,9.757429154878714e-10
lmh,CPA,357,0.8925,Light_nC4,0.01801587400261266,0.6680741707210125,3.618805602401132e-11
lmh,CPA,357,0.8925,Middle_nC10,0.0746922363187136,0.4525688655510793,1.784575959229429e-10
lmh,CPA,357,0.8925,Heavy_squalane,0.4899287206948068,0.4094298250357731,-1.571353631888908e-09
lmh,CPA,358,0.895,H2O,0.8955752912691882,3.7203173593828005,9.741868154107445e-10
lmh,CPA,358,0.895,Light_nC4,0.01804711416799666,0.6692326350607984,3.618881583289379e-11
lmh,CPA,358,0.895,Middle_nC10,0.0747726534608699,0.45305612228069764,1.784630082601879e-10
lmh,CPA,358,0.895,Heavy_squalane,0.4904791316556122,0.40988979942359977,-1.571372373554115e-09
lmh,CPA,359,0.8975,H2O,0.8995697692108926,3.736910856069309,9.707235714097276e-10
lmh,CPA,359,0.8975,Light_nC4,0.01807831112384269,0.6703894970816381,3.61843888185831e-11
lmh,CPA,359,0.8975,Middle_nC10,0.07485278368399176,0.45354164053482876,1.78455639154862e-10
lmh,CPA,359,0.8975,Heavy_squalane,0.4910273910016469,0.4103479757228028,-1.571467288026917e-09
lmh,CPA,360,0.9,H2O,0.9035674297706373,3.753517573697998,9.658309653252425e-10
lmh,CPA,360,0.9,Light_nC4,0.0181094648526273,0.6715447561337179,3.618047007825087e-11
lmh,CPA,360,0.9,Middle_nC10,0.0749326288130532,0.4540254313712006,1.784494357837119e-10
lmh,CPA,360,0.9,Heavy_squalane,0.4915735128101865,0.4108043656976577,-1.57155329556972e-09
lmh,CPA,361,0.9025,H2O,0.9075682575565214,3.770137448329233,9.609746554435611e-10
lmh,CPA,361,0.9025,Light_nC4,0.01814057533262076,0.6726984114112441,3.619655790376708e-11
lmh,CPA,361,0.9025,Middle_nC10,0.07501219064778135,0.4545075056945672,1.784942471605433e-10
lmh,CPA,361,0.9025,Heavy_squalane,0.4921175109646588,0.41125898095044283,-1.571347693935576e-09
lmh,CPA,362,0.905,H2O,0.9115722374007084,3.7867704169541683,9.603720825797356e-10
lmh,CPA,362,0.905,Light_nC4,0.01817164253790453,0.6738504619530922,3.620529223646862e-11
lmh,CPA,362,0.905,Middle_nC10,0.07509147096315778,0.4549878742597464,1.785204206683488e-10
lmh,CPA,362,0.905,Heavy_squalane,0.4926593991586125,0.4117118329247561,-1.571248882680899e-09
lmh,CPA,363,0.9075,H2O,0.9155793543620186,3.8034164175055154,9.556308768766644e-10
lmh,CPA,363,0.9075,Light_nC4,0.01820266643851406,0.6750009066481004,3.619794394782438e-11
lmh,CPA,363,0.9075,Middle_nC10,0.07517047151022309,0.45546654767649486,1.785055159242432e-10
lmh,CPA,363,0.9075,Heavy_squalane,0.4931991909017409,0.41216293291054873,-1.571384527802343e-09
lmh,CPA,364,0.91,H2O,0.9195895937224366,3.8200753888430343,9.545114755103736e-10
lmh,CPA,364,0.91,Light_nC4,0.01823364700053148,0.6761497442385085,3.620086348743445e-11
lmh,CPA,364,0.91,Middle_nC10,0.07524919401673556,0.4559435364134991,1.785165626433383e-10
lmh,CPA,364,0.91,Heavy_squalane,0.4937368995248912,0.4126122920483115,-1.571371167407344e-09
lmh,CPA,365,0.9125,H2O,0.9236029409728708,3.836747270694376,9.498676710800263e-10
lmh,CPA,365,0.9125,Light_nC4,0.01826458418609309,0.6772969733202349,3.62078717702774e-11
lmh,CPA,365,0.9125,Middle_nC10,0.07532764018759695,0.45641885080095534,1.78538170358955e-10
lmh,CPA,365,0.9125,Heavy_squalane,0.4942725381834659,0.41305992133191755,-1.571297128551727e-09
lmh,CPA,366,0.915,H2O,0.9276193818130744,3.853432003654759,9.448157598933464e-10
lmh,CPA,366,0.915,Light_nC4,0.01829547795350449,0.6784425923471457,3.622071913234048e-11
lmh,CPA,366,0.915,Middle_nC10,0.07540581170553648,0.45689250103471374,1.785743913851334e-10
lmh,CPA,366,0.915,Heavy_squalane,0.4948061198625718,0.4135058316129249,-1.571140143910494e-09
lmh,CPA,367,0.9175,H2O,0.931638902143058,3.87012952915129,9.422305350003672e-10
lmh,CPA,367,0.9175,Light_nC4,0.0183263282572879,0.6795865996328094,3.622302978401049e-11
lmh,CPA,367,0.9175,Middle_nC10,0.075483710231607,0.457364497179285,1.785838144030549e-10
lmh,CPA,367,0.9175,Heavy_squalane,0.4953376573808713,0.41395003360379556,-1.571133927615599e-09
lmh,CPA,368,0.92,H2O,0.9356614880618906,3.8868397894379862,9.371050298010919e-10
lmh,CPA,368,0.92,Light_nC4,0.01835713504828452,0.680728993354294,3.62098719064452e-11
lmh,CPA,368,0.92,Middle_nC10,0.07556133740580541,0.45783484917159917,1.785543102261755e-10
lmh,CPA,368,0.92,Heavy_squalane,0.4958671633952662,0.41439253788180896,-1.571350662912242e-09
lmh,CPA,369,0.9225,H2O,0.939687125864791,3.9035627275836924,9.356214786979808e-10
lmh,CPA,369,0.9225,Light_nC4,0.01838789827374179,0.681869771555401,3.620262076231562e-11
lmh,CPA,369,0.9225,Middle_nC10,0.07563869484763928,0.45830356682443935,1.785397663045529e-10
lmh,CPA,369,0.9225,Heavy_squalane,0.4963946504051994,0.41483335489265766,-1.571481761788165e-09
lmh,CPA,370,0.925,H2O,0.9437158020315586,3.9202982874240235,9.299065880506018e-10
lmh,CPA,370,0.925,Light_nC4,0.01841861787733254,0.6830089321473763,3.619702801382907e-11
lmh,CPA,370,0.925,Middle_nC10,0.07571578415650826,0.45877065982875215,1.785292608191824e-10
lmh,CPA,370,0.925,Heavy_squalane,0.4969201307556779,0.415272494952973,-1.571588181045549e-09
lmh,CPA,371,0.9275,H2O,0.9477475032269789,3.9370464135630443,9.272087539529892e-10
lmh,CPA,371,0.9275,Light_nC4,0.0184492937992643,0.6841464729129639,3.620158860184741e-11
lmh,CPA,371,0.9275,Middle_nC10,0.07579260691229807,0.45923613775724725,1.785443737301051e-10
lmh,CPA,371,0.9275,Heavy_squalane,0.4974436166417333,0.4157099682540532,-1.571549584348887e-09
lmh,CPA,372,0.93,H2O,0.9517822162925316,3.9538070513388273,9.213493105759855e-10
lmh,CPA,372,0.93,Light_nC4,0.01847992597632047,0.6852823915079327,3.620864198750073e-11
lmh,CPA,372,0.93,Middle_nC10,0.07586916467578987,0.45970001006687755,1.785652459229681e-10
lmh,CPA,372,0.93,Heavy_squalane,0.4979651201116093,0.4161457848645268,-1.571479442275145e-09
lmh,CPA,373,0.9325,H2O,0.9558199282455021,3.9705801468197617,9.166593165884747e-10
lmh,CPA,373,0.9325,Light_nC4,0.01851051434195649,0.6864166854646416,3.622056474195112e-11
lmh,CPA,373,0.9325,Middle_nC10,0.07594545898919411,0.46016228610207377,1.785982611801629e-10
lmh,CPA,373,0.9325,Heavy_squalane,0.4984846530707839,0.4165799547337141,-1.571335261345785e-09
lmh,CPA,374,0.935,H2O,0.9598606262716335,3.9873656467740273,9.133386816633179e-10
lmh,CPA,374,0.935,Light_nC4,0.01854105882634541,0.6875493521937313,3.622678546033598e-11
lmh,CPA,374,0.935,Middle_nC10,0.0760214913765448,0.4606229750971337,1.78617245993884e-10
lmh,CPA,374,0.935,Heavy_squalane,0.4990022272850284,0.41701248769418364,-1.571274397324125e-09
lmh,CPA,375,0.9375,H2O,0.9639042977251963,4.004163498669886,9.090868754976497e-10
lmh,CPA,375,0.9375,Light_nC4,0.01857155935647833,0.6886803889878467,3.623515550110756e-11
lmh,CPA,375,0.9375,Middle_nC10,0.07609726334421797,0.4610820861793631,1.78641504366972e-10
lmh,CPA,375,0.9375,Heavy_squalane,0.4995178543842989,0.417443393465004,-1.571181431242261e-09
lmh,CPA,376,0.94,H2O,0.9679509301202126,4.020973650639225,9.063608265517347e-10
lmh,CPA,376,0.94,Light_nC4,0.0186020158561965,0.6898097930228287,3.623617551851144e-11
lmh,CPA,376,0.94,Middle_nC10,0.07617277638126778,0.46153962837111273,1.786474163045781e-10
lmh,CPA,376,0.94,Heavy_squalane,0.5000315458653746,0.41787268165394886,-1.571194142173613e-09
lmh,CPA,377,0.9425,H2O,0.9720005111314332,4.037796051481616,9.052369503403163e-10
lmh,CPA,377,0.9425,Light_nC4,0.0186324282462959,0.6909375613615923,3.623968659882681e-11
lmh,CPA,377,0.9425,Middle_nC10,0.07624803195993057,0.4619956105928323,1.786593234465172e-10
lmh,CPA,377,0.9425,Heavy_squalane,0.5005433130956277,0.4183003617606477,-1.571170668701845e-09
lmh,CPA,378,0.945,H2O,0.9760530285864134,4.054630650631396,9.020383179567258e-10
lmh,CPA,378,0.945,Light_nC4,0.0186627964445634,0.6920636909554666,3.624358972664776e-11
lmh,CPA,378,0.945,Middle_nC10,0.0763230315359476,0.46245004166502574,1.786723824448444e-10
lmh,CPA,378,0.945,Heavy_squalane,0.5010531673155469,0.4187264431786941,-1.571143669570286e-09
lmh,CPA,379,0.9475,H2O,0.9801084704626644,4.071477398145837,8.98524848412068e-10
lmh,CPA,379,0.9475,Light_nC4,0.01869312036585003,0.6931881786469124,3.62406337578447e-11
lmh,CPA,379,0.9475,Middle_nC10,0.07639777654896845,0.46290293031069574,1.786682607418655e-10
lmh,CPA,379,0.9475,Heavy_squalane,0.5015611196417998,0.41915093519820523,-1.571209172617987e-09
lmh,CPA,380,0.95,H2O,0.9841668248875725,4.088336244704809,8.987148535038623e-10
lmh,CPA,380,0.95,Light_nC4,0.01872339992216393,0.6943110211729688,3.624433565774243e-11
lmh,CPA,380,0.95,Middle_nC10,0.07647226842299168,0.46335428515801363,1.786807368731047e-10
lmh,CPA,380,0.95,Heavy_squalane,0.5020671810705365,0.4195738470085828,-1.571183936316323e-09
lmh,CPA,381,0.9525,H2O,0.9882280801293044,4.105207141572997,8.98188694244304e-10
lmh,CPA,381,0.9525,Light_nC4,0.01875363502269451,0.6954322151661497,3.624721356398908e-11
lmh,CPA,381,0.9525,Middle_nC10,0.0765465085666255,0.4638041147418989,1.786910897028093e-10
lmh,CPA,381,0.9525,Heavy_squalane,0.50257136247946,0.41999518770024313,-1.571168070847262e-09
lmh,CPA,382,0.955,H2O,0.9922922245975053,4.122090040602804,8.94406005809272e-10
lmh,CPA,382,0.955,Light_nC4,0.0187838255739091,0.6965517571580272,3.625130924611586e-11
lmh,CPA,382,0.955,Middle_nC10,0.07662049837351607,0.4642524275066142,1.787042874790146e-10
lmh,CPA,382,0.955,Heavy_squalane,0.5030736746310256,0.42041496626729097,-1.571135968787057e-09
lmh,CPA,383,0.9575,H2O,0.9963592468372904,4.138984894209389,8.901227767619367e-10
lmh,CPA,383,0.9575,Light_nC4,0.01881397147959839,0.6976696435809165,3.624810347713225e-11
lmh,CPA,383,0.9575,Middle_nC10,0.07669423922264051,0.46469923180754075,1.786999714870063e-10
lmh,CPA,383,0.9575,Heavy_squalane,0.5035741281747106,0.42083319160941607,-1.571204626372466e-09
lmh,CPA,384,0.96,H2O,1.000429135530709,4.155891655376753,8.863351142564098e-10
lmh,CPA,384,0.96,Light_nC4,0.01884407264097661,0.6987858707715916,3.625331111700714e-11
lmh,CPA,384,0.96,Middle_nC10,0.0767677324787234,0.4651445359137019,1.787159309429853e-10
lmh,CPA,384,0.96,Heavy_squalane,0.5040727336501135,0.42124987253448326,-1.57115767942893e-09
lmh,CPA,385,0.9625,H2O,1.004501879486683,4.172810277615938,8.842435282170332e-10
lmh,CPA,385,0.9625,Light_nC4,0.01887412895669514,0.6999004349717894,3.625542401020088e-11
lmh,CPA,385,0.9625,Middle_nC10,0.07684097949243275,0.465588348008951,1.787242298600944e-10
lmh,CPA,385,0.9625,Heavy_squalane,0.5045695014885465,0.4216650177598633,-1.571153968208097e-09
lmh,CPA,386,0.965,H2O,1.008577467643164,4.18974071497399,8.828003546302276e-10
lmh,CPA,386,0.965,Light_nC4,0.01890414032294596,0.701013332332046,3.625424613296069e-11
lmh,CPA,386,0.965,Middle_nC10,0.07691398160078583,0.4660306761944295,1.7872425761567e-10
lmh,CPA,386,0.965,Heavy_squalane,0.505064442016044,0.4220786359149472,-1.571193028807364e-09
lmh,CPA,387,0.9675,H2O,1.012655889064878,4.206682922024586,8.83330488061995e-10
lmh,CPA,387,0.9675,Light_nC4,0.01893410663353133,0.7021245589142804,3.626617062213455e-11
lmh,CPA,387,0.9675,Middle_nC10,0.07698674012746368,0.46647152849047346,1.787564540833841e-10
lmh,CPA,387,0.9675,Heavy_squalane,0.5055575654557414,0.422490735543134,-1.571054507489775e-09
lmh,CPA,388,0.97,H2O,1.016737132934197,4.223636853830124,8.788228644823639e-10
lmh,CPA,388,0.97,Light_nC4,0.01896402777988225,0.7032341106924797,3.627810031547885e-11
lmh,CPA,388,0.97,Middle_nC10,0.07705925638299257,0.4669109128377125,1.787884840176446e-10
lmh,CPA,388,0.97,Heavy_squalane,0.506048881929345,0.4229013251030591,-1.570914501683852e-09
lmh,CPA,389,0.9725,H2O,1.020821188551874,4.2406024659447645,8.766385555835087e-10
lmh,CPA,389,0.9725,Light_nC4,0.01899390365114878,0.7043419835560476,3.627378085402366e-11
lmh,CPA,389,0.9725,Middle_nC10,0.07713153166509204,0.46734883709917885,1.787813924680748e-10
lmh,CPA,389,0.9725,Heavy_squalane,0.5065384014597226,0.4233104129707592,-1.570996890786343e-09
lmh,CPA,390,0.975,H2O,1.024908045340526,4.257579714428904,8.749729510064916e-10
lmh,CPA,390,0.975,Light_nC4,0.01902373413430941,0.705448173313861,3.62792226815678e-11
lmh,CPA,390,0.975,Middle_nC10,0.07720356725906026,0.46778530906264215,1.787975184575075e-10
lmh,CPA,390,0.975,Heavy_squalane,0.5070261339737379,0.4237180074420413,-1.570946325402495e-09
lmh,CPA,391,0.9775,H2O,1.028997692829152,4.2745685557848665,8.713601430102866e-10
lmh,CPA,391,0.9775,Light_nC4,0.01905351911414112,0.7065526756931586,3.62690051602943e-11
lmh,CPA,391,0.9775,Middle_nC10,0.0772753644378146,0.46822033644085553,1.787757025750736e-10
lmh,CPA,391,0.9775,Heavy_squalane,0.5075120893027424,0.4241241167328936,-1.571109433558102e-09
lmh,CPA,392,0.98,H2O,1.033090120664434,4.291568947003839,8.674672284570243e-10
lmh,CPA,392,0.98,Light_nC4,0.01908325847338425,0.7076554863456558,3.626770411768732e-11
lmh,CPA,392,0.98,Middle_nC10,0.0773469244623956,0.4686539268746088,1.787757580862248e-10
lmh,CPA,392,0.98,Heavy_squalane,0.5079962771861982,0.4245287489825127,-1.571152205378201e-09
lmh,CPA,393,0.9825,H2O,1.037185318598198,4.308580845513789,8.656658983710631e-10
lmh,CPA,393,0.9825,Light_nC4,0.01911295209273275,0.7087566008471824,3.62770421341585e-11
lmh,CPA,393,0.9825,Middle_nC10,0.07741824858204169,0.46908608793318146,1.788011266823375e-10
lmh,CPA,393,0.9825,Heavy_squalane,0.5084787072723864,0.42493191225389615,-1.571047548950713e-09
lmh,CPA,394,0.985,H2O,1.041283276484755,4.32560420916842,8.648015283972309e-10
lmh,CPA,394,0.985,Light_nC4,0.01914259985089603,0.7098560146999768,3.627446780452015e-11
lmh,CPA,394,0.985,Middle_nC10,0.07748933803443021,0.46951682711580334,1.787978237688392e-10
lmh,CPA,394,0.985,Heavy_squalane,0.5089593891202361,0.4253336145353706,-1.571105907898311e-09
lmh,CPA,395,0.9875,H2O,1.045383984285817,4.342638996267589,8.627593771912576e-10
lmh,CPA,395,0.9875,Light_nC4,0.01917220162471473,0.7109537233369784,3.626639440146295e-11
lmh,CPA,395,0.9875,Middle_nC10,0.07756019404604071,0.4699461518538552,1.787816561460431e-10
lmh,CPA,395,0.9875,Heavy_squalane,0.509438332201972,0.42573386374280453,-1.571237934579442e-09
lmh,CPA,396,0.99,H2O,1.049487432063529,4.359685165528365,8.633094458651414e-10
lmh,CPA,396,0.99,Light_nC4,0.0192017572891898,0.7120497221229061,3.625462343531671e-11
lmh,CPA,396,0.99,Middle_nC10,0.07763081783230324,0.47037406951176775,1.787563430610817e-10
lmh,CPA,396,0.99,Heavy_squalane,0.5099155459043024,0.42613266772060104,-1.571419042156089e-09
lmh,CPA,397,0.9925,H2O,1.053593609981035,4.376742676087374,8.603651331833598e-10
lmh,CPA,397,0.9925,Light_nC4,0.01923126671756537,0.7131440063573318,3.625669903195572e-11
lmh,CPA,397,0.9925,Middle_nC10,0.0777012105978694,0.4708005873886638,1.787641978889809e-10
lmh,CPA,397,0.9925,Heavy_squalane,0.5103910395304303,0.4265300342433782,-1.571415330935256e-09
lmh,CPA,398,0.995,H2O,1.057702508293499,4.393811487463506,8.608005658495043e-10
lmh,CPA,398,0.995,Light_nC4,0.0192607297813422,0.7142365712751788,3.625747879015817e-11
lmh,CPA,398,0.995,Middle_nC10,0.07777137353671142,0.47122571271895874,1.787688469478965e-10
lmh,CPA,398,0.995,Heavy_squalane,0.5108648223008962,0.42692597101667396,-1.571425444012026e-09
lmh,CPA,399,0.9975,H2O,1.06181411735158,4.410891559572348,8.572333430131235e-10
lmh,CPA,399,0.9975,Light_nC4,0.01929014635038018,0.7153274120505226,3.624973585192315e-11
lmh,CPA,399,0.9975,Middle_nC10,0.07784130783242797,0.4716494526742133,1.787534009700664e-10
lmh,CPA,399,0.9975,Heavy_squalane,0.5113369033558132,0.4273204856788134,-1.571552646106074e-09
lmh,CPA,400,1.0,H2O,1.065928427600249,4.427982852721266,8.533203499950231e-10
lmh,CPA,400,1.0,Light_nC4,0.01931951629296659,0.7164165237991225,3.624076646419061e-11
lmh,CPA,400,1.0,Middle_nC10,0.07791101465846235,0.4720718143644556,1.787349573900698e-10
lmh,CPA,400,1.0,Heavy_squalane,0.511807291756502,0.4277135858022758,-1.571695528108142e-09
