system,eos,pvi,mu_o_min_mPa_s,mu_o_avg_mPa_s,mu_o_max_mPa_s,mu_w_min_mPa_s,mu_w_avg_mPa_s,mu_w_max_mPa_s
binary,PR,0.0,0.9360943002336831,0.9360943002336969,0.9360943002336831,0.0661716674922874,0.06617166749228584,0.0661716674922874
binary,PR,0.0025,0.9360042160001444,0.93609453254224,0.9361827371560709,0.06617024065199585,0.06617184423507191,0.06617306809923204
binary,PR,0.005,0.9360046236957591,0.9360947676472778,0.9361814275019864,0.0661702471097972,0.06617197729915972,0.06617304735879898
binary,PR,0.0075,0.9360050891058268,0.9360950049283848,0.9361806654119529,0.06617025448177818,0.06617208156900067,0.06617303528989031
binary,PR,0.01,0.9360055565008438,0.9360952440050424,0.9361801371140858,0.06617026188519629,0.06617216540777937,0.06617302692344566
binary,PR,0.0125,0.9360060262571639,0.9360954849373337,0.936179724595264,0.06617026932601325,0.06617223407930081,0.06617302039054555
binary,PR,0.015,0.9360064985931252,0.9360957277927189,0.9361793783488196,0.0661702768076864,0.06617229115926179,0.06617301490717249
binary,PR,0.0175,0.9360069736284168,0.9360959726191925,0.936179073984748,0.0661702843321128,0.06617233917615024,0.06617301008707285
binary,PR,0.02,0.936007451431746,0.9360962194465888,0.9361787981322016,0.06617029190037954,0.0661723799727037,0.06617300571849868
binary,PR,0.0225,0.9360079320435819,0.9360964682913075,0.936178542872618,0.06617029951312786,0.0661724149250628,0.06617300167604578
binary,PR,0.025,0.9360084154875378,0.9360967191603848,0.9361783032299316,0.06617030717073316,0.06617244508218108,0.06617299788091047
binary,PR,0.0275,0.9360089017775434,0.9360969720545137,0.9361780759223186,0.066170314873413,0.06617247125778,0.06617299428112122
binary,PR,0.03,0.9360093909063412,0.9360972269664654,0.9361778587765957,0.06617032262105559,0.06617249409370578,0.06617299084226054
binary,PR,0.0325,0.9360098829110556,0.9360974838976405,0.9361776500156025,0.06617033041424646,0.06617251409992346,0.06617298753618542
binary,PR,0.035,0.9360103777700804,0.9360977428335586,0.9361774485952931,0.06617033825264494,0.06617253169120599,0.06617298434636192
binary,PR,0.0375,0.936010875481067,0.9360980037633504,0.936177253647307,0.06617034613621363,0.0661725472054877,0.06617298125903685
binary,PR,0.04,0.9360113760402757,0.9360982666749186,0.9361770645096763,0.06617035406489079,0.06617256092154518,0.06617297826372832
binary,PR,0.0425,0.9360118794426804,0.9360985315552521,0.9361768806683267,0.06617036203860063,0.06617257307138764,0.06617297535229431
binary,PR,0.045,0.9360123856826085,0.9360987983906338,0.9361767017172536,0.06617037005724985,0.06617258384966448,0.06617297251830596
binary,PR,0.0475,0.9360128947536167,0.9360990671668175,0.9361765273314401,0.0661703781207386,0.06617259342088874,0.066172969756615
binary,PR,0.05,0.9360134066489607,0.9360993378691265,0.9361763572467543,0.06617038622895892,0.06617260192504254,0.06617296706303946
binary,PR,0.0525,0.9360139213613915,0.9360996104825462,0.9361761912465221,0.06617039438179569,0.06617260948198479,0.06617296443414668
binary,PR,0.055,0.9360144388836071,0.9360998849918244,0.936176029150342,0.06617040257913298,0.0661726161949293,0.06617296186708108
binary,PR,0.0575,0.93601495920787,0.9361001613814492,0.9361758708073191,0.06617041082084978,0.06617262215324168,0.06617295935945323
binary,PR,0.06,0.9360154823266248,0.936100439635786,0.9361757160890559,0.06617041910682482,0.06617262743467066,0.06617295690922892
binary,PR,0.0625,0.9360160082319102,0.9361007197390016,0.9361755648864252,0.0661704274369321,0.06617263210718523,0.06617295451468007
binary,PR,0.065,0.9360165369160026,0.9361010016751845,0.9361754171049,0.06617043581104945,0.06617263623045008,0.06617295217430913
binary,PR,0.0675,0.9360170683709428,0.9361012854282985,0.9361752726628059,0.06617044422905105,0.06617263985706175,0.0661729498868242
binary,PR,0.07,0.9360176025888673,0.9361015709822278,0.9361751314884402,0.06617045269081107,0.0661726430335571,0.0661729476510886
binary,PR,0.0725,0.9360181395617991,0.9361018583207514,0.9361749935189757,0.06617046119620495,0.0661726458012625,0.06617294546610743
binary,PR,0.075,0.936018679281926,0.9361021474275992,0.9361748586985086,0.06617046974510787,0.06617264819699745,0.06617294333099571
binary,PR,0.0775,0.9360192217412333,0.9361024382864052,0.9361747269775268,0.06617047833739238,0.0661726502536748,0.06617294124496971
binary,PR,0.08,0.9360197669320093,0.936102730880781,0.9361745983112248,0.06617048697293704,0.06617265200079654,0.06617293920731909
binary,PR,0.0825,0.9360203148462489,0.9361030251942144,0.936174472659752,0.06617049565161434,0.06617265346489232,0.06617293721741287
binary,PR,0.085,0.9360208654763165,0.9361033212102126,0.9361743499864067,0.06617050437330319,0.0661726546698714,0.06617293527467122
binary,PR,0.0875,0.9360214188142679,0.9361036189121281,0.9361742302584166,0.06617051313787889,0.06617265563734899,0.06617293337857248
binary,PR,0.09,0.9360219748525691,0.9361039182833638,0.9361741134451188,0.06617052194521986,0.06617265638690026,0.0661729315286335
binary,PR,0.0925,0.9360225335832962,0.936104219307152,0.9361739995190274,0.06617053079520271,0.06617265693630855,0.0661729297244191
binary,PR,0.095,0.9360230949990342,0.9361045219667794,0.9361738884540773,0.0661705396877088,0.06617265730174822,0.06617292796551434
binary,PR,0.0975,0.9360236590919415,0.9361048262453591,0.9361737802268241,0.06617054862261466,0.06617265749797943,0.06617292625154964
binary,PR,0.1,0.93602422585478,0.9361051321260754,0.936173674814633,0.06617055759980367,0.06617265753847794,0.066172924582166
binary,PR,0.1025,0.9360247952796502,0.9361054395918986,0.9361735721972622,0.06617056661915277,0.06617265743559285,0.06617292295704268
binary,PR,0.105,0.9360253673593559,0.93610574862588,0.9361734723549464,0.06617057568054671,0.06617265720064014,0.06617292137586676
binary,PR,0.1075,0.9360259420861168,0.9361060592108559,0.9361733752698634,0.06617058478386335,0.066172656844026,0.06617291983835699
binary,PR,0.11,0.9360265194528203,0.9361063713297448,0.9361732809244464,0.0661705939289877,0.06617265637531769,0.06617291834423406
binary,PR,0.1125,0.9360270994517965,0.9361066849652722,0.93617318930272,0.06617060311580035,0.06617265580334246,0.06617291689324516
binary,PR,0.115,0.9360276820759962,0.936107000100196,0.9361731003889159,0.06617061234418863,0.0661726551362412,0.06617291548514168
binary,PR,0.1175,0.9360282673179159,0.9361073167171278,0.9361730141685355,0.0661706216140335,0.0661726543815464,0.0661729141196917
binary,PR,0.12,0.936028855170494,0.9361076347986594,0.9361729306273686,0.06617063092522317,0.06617265354622767,0.06617291279667213
binary,PR,0.1225,0.9360294456263486,0.9361079543272555,0.9361728497520746,0.06617064027764173,0.06617265263674904,0.06617291151587147
binary,PR,0.125,0.9360300386784324,0.9361082752853361,0.9361727715297138,0.06617064967117538,0.06617265165910909,0.06617291027708405
binary,PR,0.1275,0.9360306343195409,0.9361085976552381,0.9361726959478953,0.06617065910571172,0.06617265061888304,0.06617290908011447
binary,PR,0.13,0.9360312325425738,0.936108921419183,0.9361726229947259,0.06617066858113708,0.06617264952126031,0.06617290792477443
binary,PR,0.1325,0.936031833340678,0.9361092465593952,0.936172552658487,0.06617067809734392,0.06617264837107083,0.06617290681087742
binary,PR,0.135,0.936032436706467,0.9361095730578571,0.9361724849284011,0.06617068765421345,0.06617264717282748,0.06617290573825296
binary,PR,0.1375,0.9360330426332305,0.9361099008966273,0.9361724197933513,0.06617069725164097,0.06617264593073434,0.06617290470672567
binary,PR,0.14,0.9360336511136871,0.9361102300575143,0.9361723572432195,0.06617070688951128,0.06617264464872918,0.06617290371613475
binary,PR,0.1425,0.9360342621413611,0.9361105605224069,0.9361722972674531,0.06617071656771946,0.0661726433304858,0.06617290276631392
binary,PR,0.145,0.9360348757088753,0.9361108922729057,0.9361722398565412,0.06617072628615103,0.0661726419794556,0.06617290185711154
binary,PR,0.1475,0.9360354918099875,0.936111225290738,0.9361721850003969,0.06617073604470496,0.06617264059886059,0.0661729009883684
binary,PR,0.15,0.9360361104372441,0.936111559557271,0.9361721326900662,0.06617074584326453,0.06617263919173667,0.06617290015994304
binary,PR,0.1525,0.9360367315843436,0.9361118950539586,0.9361720829164256,0.06617075568173054,0.06617263776092466,0.0661728993716893
binary,PR,0.155,0.9360373552435942,0.9361122317618512,0.9361720356720851,0.06617076555997882,0.06617263630910923,0.06617289862349252
binary,PR,0.1575,0.9360379814089064,0.9361125696622327,0.9361719909478088,0.06617077547791478,0.0661726348387977,0.06617289791520592
binary,PR,0.16,0.9360386100728431,0.9361129087359964,0.9361719487360582,0.06617078543541968,0.06617263335236369,0.06617289724670831
binary,PR,0.1625,0.9360392412291237,0.9361132489641122,0.9361719090284389,0.06617079543239346,0.06617263185203323,0.06617289661786917
binary,PR,0.165,0.9360398748709727,0.9361135903274803,0.9361718718159557,0.06617080546872944,0.06617263033990332,0.06617289602854314
binary,PR,0.1675,0.9360405109914723,0.9361139328065954,0.9361718370921915,0.06617081554431875,0.06617262881796318,0.06617289547863145
binary,PR,0.17,0.9360411495843414,0.9361142763821604,0.9361718048484455,0.06617082565905935,0.06617262728807616,0.06617289496799562
binary,PR,0.1725,0.9360417906427204,0.9361146210346146,0.9361717750767082,0.06617083581284518,0.06617262575200818,0.06617289449650761
binary,PR,0.175,0.9360424341596237,0.9361149667440315,0.9361717477714846,0.06617084600556473,0.06617262421143834,0.06617289406408139
binary,PR,0.1775,0.9360430801280383,0.9361153134905086,0.9361717229255944,0.06617085623710602,0.06617262266794699,0.06617289367060336
binary,PR,0.18,0.9360437285427164,0.9361156612544761,0.9361717005293239,0.06617086650738625,0.06617262112301081,0.06617289331591877
binary,PR,0.1825,0.9360443793954861,0.9361160100153408,0.9361716805785695,0.06617087681627543,0.06617261957806328,0.06617289299996318
binary,PR,0.185,0.93604503268075,0.9361163597530164,0.9361716630656882,0.06617088716368613,0.06617261803443655,0.06617289272261559
binary,PR,0.1875,0.9360456883917516,0.9361167104472985,0.936171647981656,0.06617089754951087,0.06617261649339162,0.0661728924837337
binary,PR,0.19,0.9360463465226183,0.9361170620776501,0.9361716353203604,0.06617090797365478,0.06617261495613096,0.06617289228321974
binary,PR,0.1925,0.9360470070650808,0.9361174146229418,0.9361716250772492,0.06617091843598932,0.06617261342381274,0.06617289212100208
binary,PR,0.195,0.9360476700147601,0.9361177680629154,0.9361716172422082,0.06617092893644386,0.06617261189749717,0.06617289199692102
binary,PR,0.1975,0.9360483353647776,0.9361181223766092,0.9361716118082175,0.06617093947490915,0.06617261037821079,0.06617289191086352
binary,PR,0.2,0.9360490031078892,0.9361184775424248,0.936171608771555,0.06617095005127017,0.066172608866946,0.06617289186277311
binary,PR,0.2025,0.9360496732383091,0.9361188335393681,0.9361716081237245,0.06617096066543565,0.06617260736461893,0.06617289185251349
binary,PR,0.205,0.9360503457504871,0.9361191903462738,0.9361716098562549,0.06617097131731835,0.06617260587209985,0.06617289187995114
binary,PR,0.2075,0.9360510206378191,0.9361195479413232,0.9361716139643226,0.06617098200681251,0.06617260439023297,0.06617289194500928
binary,PR,0.21,0.936051697892306,0.9361199063022988,0.9361716204432957,0.06617099273379153,0.06617260291982957,0.06617289204761549
binary,PR,0.2125,0.9360523775102613,0.936120265407961,0.9361716292830422,0.06617100349819707,0.06617260146162288,0.06617289218760872
binary,PR,0.215,0.9360530594843524,0.9361206252360124,0.9361716404778009,0.06617101429991308,0.06617260001633864,0.0661728923648974
binary,PR,0.2175,0.9360537438081892,0.936120985763797,0.9361716540236474,0.06617102513883735,0.06617259858467558,0.06617289257941976
binary,PR,0.22,0.9360544304749019,0.936121346968919,0.9361716699130485,0.06617103601486249,0.06617259716728356,0.06617289283105575
binary,PR,0.2225,0.9360551194809306,0.9361217088293118,0.9361716881367557,0.06617104692793106,0.06617259576476507,0.06617289311966087
binary,PR,0.225,0.9360558108184118,0.936122071321786,0.9361717086902818,0.06617105787791812,0.06617259437772394,0.06617289344516147
binary,PR,0.2275,0.936056504480148,0.9361224344226986,0.9361717315704552,0.06617106886471137,0.06617259300674269,0.06617289380750946
binary,PR,0.23,0.9360572004618004,0.9361227981095251,0.9361717567671896,0.06617107988824002,0.06617259165233794,0.06617289420654476
binary,PR,0.2325,0.9360578987576942,0.9361231623589338,0.9361717842736887,0.06617109094841384,0.06617259031501892,0.0661728946421581
binary,PR,0.235,0.9360585993605715,0.9361235271468363,0.9361718140863907,0.06617110204512032,0.06617258899528772,0.0661728951142939
binary,PR,0.2375,0.9360593022631865,0.9361238924491879,0.9361718461996761,0.0661711131782419,0.06617258769361753,0.06617289562286459
binary,PR,0.24,0.9360600074627727,0.9361242582427997,0.9361718806034557,0.06617112434773616,0.0661725864104268,0.066172896167709
binary,PR,0.2425,0.9360607149502679,0.9361246245030191,0.93617191729315,0.06617113555345942,0.06617258514615032,0.06617289674875465
binary,PR,0.245,0.9360614247174377,0.9361249912047072,0.9361719562664038,0.06617114679528051,0.06617258390121263,0.06617289736596517
binary,PR,0.2475,0.9360621367565573,0.9361253583235031,0.9361719975150621,0.06617115807307751,0.0661725826759893,0.0661728980192096
binary,PR,0.25,0.936062851060674,0.9361257258351893,0.936172041030039,0.06617116938673973,0.06617258147082912,0.06617289870834557
binary,PR,0.2525,0.936063567615412,0.9361260937141319,0.9361720868083014,0.06617118073603927,0.06617258028609851,0.06617289943332479
binary,PR,0.255,0.9360642864001257,0.9361264619342597,0.936172134847791,0.06617119212065042,0.06617257912215332,0.0661729001941144
binary,PR,0.2575,0.9360650073880736,0.9361268304709289,0.9361721851391943,0.06617120354014865,0.06617257797929278,0.06617290099056654
binary,PR,0.26,0.9360657305368291,0.9361271992991269,0.9361722376756131,0.06617121499386139,0.06617257685781157,0.06617290182257292
binary,PR,0.2625,0.9360664557549261,0.9361275683925424,0.9361722924563494,0.06617122648034059,0.06617257575803202,0.06617290269012152
binary,PR,0.265,0.9360671828835844,0.936127937725497,0.9361723494791618,0.06617123799707049,0.06617257468027188,0.06617290359317717
binary,PR,0.2675,0.9360679116421629,0.9361283072741994,0.9361724087368313,0.06617124953960753,0.06617257362485515,0.06617290453162597
binary,PR,0.27,0.9360686414693191,0.9361286770118914,0.9361724702299675,0.06617126109905846,0.06617257259234051,0.06617290550547776
binary,PR,0.2725,0.9360693714976913,0.9361290469062953,0.9361725339659681,0.06617127266168786,0.0661725715838175,0.06617290651484828
binary,PR,0.275,0.9360701008391653,0.9361294169081948,0.9361725999482865,0.06617128421342866,0.06617257060167861,0.06617290755979346
binary,PR,0.2775,0.9360708296519341,0.9361297869172495,0.9361726681772915,0.06617129575678515,0.06617256965130638,0.06617290864031876
binary,PR,0.28,0.9360715602315413,0.9361301567294602,0.9361727386503158,0.06617130732811637,0.06617256874336448,0.06617290975638206
binary,PR,0.2825,0.9360722961944611,0.9361305259898649,0.9361728113662371,0.06617131898470184,0.06617256789535211,0.06617291090796512
binary,PR,0.285,0.9360730407213076,0.9361308941859432,0.9361728863237619,0.06617133077691796,0.06617256713099613,0.0661729120950472
binary,PR,0.2875,0.9360737958923536,0.9361312606697685,0.9361729635350764,0.06617134273771123,0.06617256647825197,0.06617291331782314
binary,PR,0.29,0.9360745623365783,0.9361316247163194,0.936173043027693,0.06617135487704592,0.06617256596599301,0.06617291457672694
binary,PR,0.2925,0.9360753386058039,0.9361319856263892,0.936173124828482,0.06617136717198231,0.06617256561929935,0.06617291587218432
binary,PR,0.295,0.9360761213729601,0.9361323428226918,0.9361732089441038,0.06617137956982647,0.06617256545576285,0.06617291720430085
binary,PR,0.2975,0.9360769064126123,0.9361326958917094,0.9361732953589744,0.06617139200365138,0.06617256548455377,0.06617291857282936
binary,PR,0.3,0.9360776894541387,0.9361330445794873,0.9361733840414223,0.06617140440581824,0.06617256570747586,0.06617291997726976
binary,PR,0.3025,0.9360784667655239,0.936133388769321,0.9361734749341689,0.06617141671721782,0.06617256612068088,0.06617292141671391
binary,PR,0.305,0.9360792353501589,0.9361337284504894,0.9361735679593246,0.06617142889038885,0.06617256671645165,0.06617292288992796
binary,PR,0.3075,0.9360799930709485,0.9361340636891187,0.9361736630256148,0.06617144089148191,0.0661725674846788,0.0661729243954665
binary,PR,0.31,0.9360807384417641,0.9361343946000212,0.9361737600451489,0.06617145269696244,0.06617256841406449,0.06617292593193787
binary,PR,0.3125,0.9360814705902685,0.9361347213322679,0.9361738589189581,0.0661714642930126,0.06617256949281498,0.0661729274977754
binary,PR,0.315,0.9360821890956726,0.9361350440528914,0.9361739595462415,0.06617147567296926,0.06617257070922843,0.0661729290913809
binary,PR,0.3175,0.9360828937835185,0.9361353629333649,0.936174061834116,0.06617148683406827,0.06617257205212934,0.06617293071128554
binary,PR,0.32,0.9360835847456297,0.936135678144083,0.936174165698933,0.06617149777776576,0.06617257351103749,0.06617293235616295
binary,PR,0.3225,0.9360842622482379,0.9361359898533814,0.9361742710533415,0.06617150850827862,0.06617257507616993,0.06617293402463068
binary,PR,0.325,0.9360849266680376,0.9361362982255541,0.9361743778114135,0.06617151903157392,0.06617257673842535,0.06617293571532748
binary,PR,0.3275,0.9360855784978314,0.9361366034200981,0.9361744858911896,0.06617152935545725,0.06617257848933777,0.06617293742695547
binary,PR,0.33,0.9360862182576865,0.9361369055871428,0.9361745952252181,0.0661715394881652,0.0661725803211285,0.06617293915844706
binary,PR,0.3325,0.9360868464931944,0.9361372048705233,0.9361747057404397,0.06617154943834026,0.06617258222662736,0.06617294090864431
binary,PR,0.335,0.9360874637306645,0.9361375014025715,0.9361748173714523,0.06617155921431815,0.06617258419936532,0.06617294267651185
binary,PR,0.3375,0.9360880704837446,0.9361377953024315,0.9361749300640421,0.06617156882423453,0.0661725862335884,0.06617294446119039
binary,PR,0.34,0.9360886672382398,0.9361380866777415,0.9361750437680397,0.06617157827578436,0.06617258832419302,0.06617294626188666
binary,PR,0.3425,0.9360892544493522,0.9361383756265084,0.936175158431739,0.06617158757617733,0.06617259046664119,0.06617294807778146
binary,PR,0.345,0.9360898325303552,0.936138662237455,0.9361752740071854,0.06617159673195977,0.06617259265689952,0.06617294990811481
binary,PR,0.3475,0.9360904018292133,0.9361389465907165,0.9361753904544141,0.06617160574864253,0.06617259489136915,0.06617295175225366
binary,PR,0.35,0.9360909626531632,0.9361392287608166,0.9361755077365482,0.06617161463109202,0.0661725971667753,0.06617295360961456
binary,PR,0.3525,0.9360915153238497,0.9361395088213353,0.9361756258103108,0.06617162338440256,0.06617259948003094,0.0661729554795125
binary,PR,0.355,0.9360920601499234,0.9361397868443356,0.9361757446321287,0.06617163201346354,0.06617260182820744,0.06617295736125611
binary,PR,0.3575,0.9360925973702443,0.936140062896282,0.9361758641744796,0.06617164052205782,0.06617260420859143,0.06617295925441077
binary,PR,0.36,0.9360931272693502,0.9361403370459129,0.9361759844004239,0.06617164891469185,0.06617260661851554,0.06617296115839165
binary,PR,0.3625,0.936093650143573,0.9361406093619917,0.9361761052710249,0.06617165719606018,0.06617260905539282,0.06617296307258054
binary,PR,0.365,0.9360941662745613,0.9361408799103706,0.9361762267527974,0.06617166537062295,0.06617261151677228,0.06617296499644844
binary,PR,0.3675,0.9360946759423099,0.9361411487524375,0.9361763488218675,0.0661716734428156,0.06617261400037647,0.06617296692961706
binary,PR,0.37,0.9360951794445802,0.9361414159481607,0.9361764714469825,0.06617168141735368,0.06617261650405933,0.06617296887159081
binary,PR,0.3725,0.9360956770687364,0.9361416815519209,0.9361765946010068,0.06617168929878921,0.06617261902589218,0.06617297082194128
binary,PR,0.375,0.9360961691077003,0.9361419456130775,0.9361767182565973,0.0661716970917611,0.06617262156416243,0.06617297278023461
binary,PR,0.3775,0.9360966558251254,0.9361422081722384,0.9361768423978445,0.0661717048004456,0.06617262411744329,0.0661729747462178
binary,PR,0.38,0.936097137471988,0.9361424692657986,0.9361769670021033,0.06617171242881716,0.06617262668450839,0.0661729767195341
binary,PR,0.3825,0.9360976142872522,0.9361427289252557,0.9361770920455691,0.06617171998066215,0.06617262926433287,0.0661729786998057
binary,PR,0.385,0.9360980864740844,0.9361429871763264,0.9361772175078755,0.06617172745919651,0.06617263185609201,0.0661729806867093
binary,PR,0.3875,0.9360985541843249,0.9361432440381243,0.9361773433787186,0.0661717348668272,0.06617263445916051,0.06617298268008326
binary,PR,0.39,0.93609901757013,0.9361434995301944,0.936177469635673,0.06617174220596314,0.06617263707296978,0.06617298467957136
binary,PR,0.3925,0.9360994767488745,0.936143753669448,0.9361775962588869,0.06617174947846355,0.06617263969704315,0.06617298668485962
binary,PR,0.395,0.93609993179243,0.9361440064698122,0.9361777232347865,0.06617175668546696,0.0661726423309887,0.06617298869573301
binary,PR,0.3975,0.9361003827645237,0.9361442579449719,0.9361778505506569,0.06617176382798279,0.0661726449744366,0.06617299071198919
binary,PR,0.4,0.936100829721477,0.9361445081106216,0.9361779781876665,0.06617177090690252,0.06617264762699059,0.06617299273333149
binary,PR,0.4025,0.9361012726942014,0.9361447569824605,0.9361781061302941,0.06617177792271647,0.06617265028825267,0.06617299475951385
binary,PR,0.405,0.9361017117145747,0.9361450045771915,0.9361782343652292,0.06617178487593031,0.06617265295779924,0.06617299679032507
binary,PR,0.4075,0.9361021468010302,0.9361452509126446,0.9361783628812712,0.0661717917668346,0.066172655635174,0.06617299882558707
binary,PR,0.41,0.9361025779691281,0.9361454960094214,0.9361784916634992,0.06617179859567615,0.0661726583198603,0.06617300086506478
binary,PR,0.4125,0.936103005255867,0.9361457398905468,0.9361786206959547,0.06617180536304244,0.06617266101128368,0.06617300290850472
binary,PR,0.415,0.9361034286734707,0.9361459825784051,0.9361787499708719,0.06617181206912517,0.06617266370886755,0.06617300495578561
binary,PR,0.4175,0.9361038482748607,0.9361462242374405,0.9361788795224295,0.06617181871476356,0.06617266641392364,0.06617300700744544
binary,PR,0.42,0.9361042641208196,0.9361464646030321,0.9361790093399226,0.06617182530092151,0.06617266912210443,0.06617300906331691
binary,PR,0.4225,0.9361046761279535,0.9361467038644037,0.9361791392766285,0.06617183182627644,0.06617267183432493,0.06617301112107628
binary,PR,0.425,0.9361050844344874,0.9361469420361446,0.936179269416506,0.06617183829301845,0.06617267455011953,0.06617301318205263
binary,PR,0.4275,0.936105489179997,0.936147179278788,0.9361793997861124,0.06617184470335813,0.06617267727062247,0.06617301524666674
binary,PR,0.43,0.9361058904856369,0.9361474153442342,0.9361795303821113,0.06617185105921425,0.06617267999172759,0.06617301731486583
binary,PR,0.4325,0.9361062883481076,0.9361476504144066,0.9361796610574618,0.06617185736053534,0.06617268271425852,0.06617301938432213
binary,PR,0.435,0.936106682954921,0.9361478845030176,0.9361797918922714,0.06617186361029005,0.06617268543780254,0.06617302145630255
binary,PR,0.4375,0.9361070744590607,0.9361481177612156,0.9361799229107567,0.06617186981090252,0.06617268816349053,0.06617302353119114
binary,PR,0.44,0.9361074629932395,0.9361483499490508,0.9361800541178844,0.06617187596447453,0.06617269088755767,0.06617302560906738
binary,PR,0.4425,0.936107848551621,0.9361485812372535,0.936180185370224,0.06617188207091243,0.06617269361087173,0.06617302768765933
binary,PR,0.445,0.9361082313174057,0.9361488116341751,0.9361803167468539,0.06617188813311986,0.06617269633317564,0.06617302976821997
binary,PR,0.4475,0.936108611400864,0.9361490411585679,0.9361804482397287,0.06617189415284137,0.06617269905407427,0.06617303185062016
binary,PR,0.45,0.9361089889119435,0.9361492698279235,0.9361805798394883,0.06617190013182049,0.06617270177321466,0.0661730339347128
binary,PR,0.4525,0.9361093639482274,0.9361494976570542,0.9361807115398872,0.06617190607160023,0.06617270449030879,0.06617303602039987
binary,PR,0.455,0.9361097365980859,0.9361497246584064,0.9361808433367211,0.06617191197358271,0.06617270720512909,0.0661730381076133
binary,PR,0.4575,0.9361101069527987,0.9361499508433827,0.936180975223026,0.06617191783921103,0.06617270991748729,0.06617304019624264
binary,PR,0.46,0.9361104750996916,0.9361501762219074,0.9361811071908706,0.06617192366987075,0.06617271262724117,0.06617304228616343
binary,PR,0.4625,0.936110841109473,0.9361504008011499,0.9361812392357344,0.06617192946668049,0.06617271533431245,0.06617304437730442
binary,PR,0.465,0.93611120504558,0.9361506245864623,0.9361813713537231,0.06617193523064621,0.06617271803867164,0.066173046469602
binary,PR,0.4675,0.936111566970538,0.9361508475824115,0.9361815035384122,0.06617194096275643,0.06617272074032014,0.06617304856295583
binary,PR,0.47,0.9361119269406535,0.9361510697924733,0.9361816357827464,0.066171946663903,0.06617272343929224,0.06617305065725483
binary,PR,0.4725,0.9361122849935762,0.9361512912178853,0.9361817680830519,0.06617195233468431,0.06617272613567082,0.06617305275243918
binary,PR,0.475,0.9361126411622378,0.936151511859112,0.9361819004353246,0.06617195797562077,0.0661727288295613,0.06617305484844573
binary,PR,0.4775,0.9361129954787205,0.9361517317165418,0.9361820328331829,0.06617196358721969,0.06617273152108034,0.06617305694517518
binary,PR,0.48,0.9361133479669598,0.936151950790066,0.9361821652704145,0.06617196916986139,0.06617273421035702,0.0661730590425267
binary,PR,0.4825,0.9361136987745052,0.9361521691866476,0.9361822977628694,0.0661719747258817,0.0661727368988852,0.06617306114075236
binary,PR,0.485,0.9361140475791988,0.9361523866758372,0.936182430344324,0.06617198025018024,0.0661727395843131,0.06617306324038826
binary,PR,0.4875,0.9361143947689541,0.9361526034973009,0.9361825628931145,0.06617198574889899,0.06617274226906666,0.06617306533950562
binary,PR,0.49,0.9361147399422428,0.9361528194129555,0.9361826955187966,0.06617199121567903,0.066172744951017,0.06617306743984054
binary,PR,0.4925,0.9361150835028123,0.9361530346580483,0.9361828281027638,0.0661719966569152,0.06617274763252745,0.06617306953951504
binary,PR,0.495,0.9361154250073895,0.9361532489997588,0.9361829607553634,0.06617200206558764,0.0661727503115001,0.06617307164027565
binary,PR,0.4975,0.9361157648833468,0.9361534626704461,0.9361830933577361,0.06617200744846319,0.06617275299020543,0.06617307374024103
binary,PR,0.5,0.9361161026670975,0.9361536754442329,0.9361832260176801,0.06617201279820176,0.06617275566654725,0.06617307584111709
binary,PR,0.5025,0.936116438790701,0.9361538875497675,0.9361833586195649,0.0661720181216444,0.06617275834271012,0.066173077941073
binary,PR,0.505,0.9361167727763063,0.9361540987677138,0.9361834912712369,0.06617202341122516,0.06617276101660405,0.06617308004181827
binary,PR,0.5075,0.9361171050707239,0.9361543093239684,0.9361836238577553,0.06617202867401764,0.066172763690313,0.06617308214153109
binary,PR,0.51,0.9361174351987419,0.9361545190064877,0.9361837564845163,0.0661720339024985,0.06617276636174071,0.06617308424188041
binary,PR,0.5125,0.936117763608605,0.9361547280375497,0.9361838890396955,0.06617203910376568,0.06617276903288744,0.06617308634109657
binary,PR,0.515,0.9361180898342378,0.9361549362114802,0.9361840216281053,0.06617204427043773,0.06617277170166586,0.06617308844083783
binary,PR,0.5175,0.93611841433199,0.9361551437473463,0.9361841541391664,0.06617204940974061,0.06617277436999147,0.06617309053935372
binary,PR,0.52,0.9361187366510276,0.9361553504457989,0.9361842866754904,0.06617205451453788,0.06617277703578979,0.06617309263827069
binary,PR,0.5225,0.9361190572433585,0.9361555565217952,0.9361844191293213,0.06617205959198452,0.06617277970091276,0.06617309473587998
binary,PR,0.525,0.9361193756800378,0.9361557617813367,0.936184551602353,0.0661720646352908,0.06617278236331339,0.06617309683379283
binary,PR,0.5275,0.9361196922706146,0.936155966347363,0.936184683973913,0.06617206964935551,0.06617278502368674,0.06617309893009934
binary,PR,0.53,0.9361200069562833,0.9361561702182437,0.936184816307869,0.06617207463324987,0.06617278768206793,0.06617310102580906
binary,PR,0.5325,0.9361203199003837,0.9361563734905193,0.9361849486143855,0.06617207958955944,0.06617279033940446,0.06617310312108363
binary,PR,0.535,0.936120630786244,0.9361565759904137,0.9361850809278437,0.06617208451326984,0.06617279299357547,0.06617310521646923
binary,PR,0.5375,0.9361209399104102,0.9361567778360236,0.9361852131322779,0.06617208940907766,0.06617279564524332,0.06617310731012688
binary,PR,0.54,0.9361212472290619,0.9361569790260181,0.9361853452892178,0.06617209427628809,0.06617279829443985,0.0661731094030322
binary,PR,0.5425,0.9361215527745703,0.9361571795700843,0.9361854773958576,0.06617209911541437,0.06617280094105119,0.06617311149514164
binary,PR,0.545,0.9361218565747631,0.9361573794774823,0.9361856094504987,0.06617210392689758,0.06617280358497153,0.06617311358642604
binary,PR,0.5475,0.9361221586660654,0.9361575787576867,0.936185741450012,0.06617210871131445,0.06617280622609392,0.06617311567683717
binary,PR,0.55,0.9361224590695271,0.9361577774193441,0.9361858733931794,0.06617211346899825,0.06617280886432443,0.06617311776635672
binary,PR,0.5525,0.9361227578179054,0.9361579754712362,0.9361860052777374,0.06617211820046819,0.06617281149956901,0.06617311985494671
binary,PR,0.555,0.9361230550495183,0.9361581730006009,0.9361861371139388,0.06617212290791338,0.06617281413271955,0.06617312194277092
binary,PR,0.5575,0.9361233505406763,0.9361583698485442,0.9361862689329085,0.06617212758779314,0.06617281676185885,0.0661731240303226
binary,PR,0.56,0.9361236445045441,0.9361585661214099,0.9361864006297314,0.06617213224348291,0.06617281938763338,0.06617312611593876
binary,PR,0.5625,0.9361239369276042,0.9361587618170626,0.9361865322606512,0.06617213687476801,0.06617282201009893,0.06617312820051083
binary,PR,0.565,0.9361242279306571,0.9361589570191055,0.93618666383545,0.0661721414835622,0.06617282463012755,0.0661731302841939
binary,PR,0.5675,0.9361245173119265,0.9361591515733099,0.9361867953861083,0.06617214606666925,0.06617282724589243,0.06617313236749514
binary,PR,0.57,0.9361248052563635,0.9361593455820977,0.93618692681038,0.06617215062701895,0.06617282985802828,0.06617313444879398
binary,PR,0.5725,0.9361250918465905,0.9361595391170465,0.9361870581735192,0.06617215516592012,0.0661728324675147,0.06617313652912402
binary,PR,0.575,0.9361253770023736,0.9361597321011997,0.9361871895174747,0.06617215968210124,0.06617283507348654,0.06617313860915003
binary,PR,0.5775,0.9361256606898537,0.9361599244778261,0.9361873207753286,0.06617216417502686,0.06617283767486888,0.06617314068781338
binary,PR,0.58,0.9361259431105298,0.9361601164085477,0.9361874519130444,0.06617216864788719,0.06617284027329583,0.06617314276457245
binary,PR,0.5825,0.9361262241082994,0.9361603077369911,0.9361875830159528,0.0661721730982126,0.06617284286716005,0.0661731448407806
binary,PR,0.585,0.9361265038141887,0.9361604985604208,0.9361877139857566,0.06617217752807494,0.06617284545707065,0.06617314691488023
binary,PR,0.5875,0.9361267823066528,0.9361606889467857,0.9361878448842256,0.06617218193871707,0.06617284804396266,0.06617314898785084
binary,PR,0.59,0.936127059537547,0.9361608788222379,0.9361879757524474,0.06617218632937914,0.06617285062701919,0.06617315106034101
binary,PR,0.5925,0.9361273355380624,0.9361610682023237,0.9361881065361347,0.06617219070055409,0.06617285320607263,0.06617315313149254
binary,PR,0.595,0.9361276103330797,0.9361612570934392,0.9361882372339819,0.06617219505263418,0.06617285578106823,0.0661731552012838
binary,PR,0.5975,0.9361278838862402,0.9361614454332496,0.9361883678358275,0.06617219938504634,0.0661728583511083,0.06617315726955489
binary,PR,0.6,0.9361281563316906,0.9361616333746747,0.9361884983071541,0.06617220369991228,0.06617286091770531,0.06617315933575962
binary,PR,0.6025,0.9361284276354869,0.9361618208373886,0.9361886287409549,0.06617220799669674,0.06617286348017963,0.06617316140136881
binary,PR,0.605,0.9361286978146757,0.9361620078370878,0.9361887590846333,0.06617221227566931,0.06617286603835303,0.06617316346555038
binary,PR,0.6075,0.9361289668878998,0.936162194380438,0.9361888893373707,0.06617221653712427,0.06617286859215633,0.06617316552829161
binary,PR,0.61,0.9361292348722784,0.9361623804742311,0.9361890194984711,0.06617222078133346,0.06617287114151596,0.06617316758958124
binary,PR,0.6125,0.9361295017859945,0.9361625661252817,0.9361891495672845,0.06617222500858365,0.0661728736863567,0.06617316964940885
binary,PR,0.615,0.9361297676468077,0.9361627513405268,0.9361892795432285,0.06617222921915844,0.0661728762265987,0.066173171707766
binary,PR,0.6175,0.9361300324728421,0.936162936126905,0.9361894094258324,0.06617223341334347,0.06617287876216091,0.06617317376464517
binary,PR,0.62,0.9361302962829428,0.9361631204913258,0.9361895392147348,0.06617223759143664,0.06617288129296074,0.06617317582003929
binary,PR,0.6225,0.9361305590969445,0.9361633044406343,0.9361896689096664,0.0661722417537541,0.0661728838189165,0.06617317787394493
binary,PR,0.625,0.9361308209359793,0.9361634879815064,0.9361897985104232,0.06617224590062794,0.06617288633994761,0.06617317992635881
binary,PR,0.6275,0.9361310818227092,0.9361636711204142,0.9361899280168273,0.06617225003241985,0.06617288885597747,0.06617318197727848
binary,PR,0.63,0.9361313417810613,0.9361638538635497,0.9361900574288174,0.06617225414950662,0.06617289136693377,0.06617318402670261
binary,PR,0.6325,0.9361316008368615,0.9361640362167237,0.9361901867462986,0.06617225825229801,0.06617289387275142,0.06617318607462984
binary,PR,0.635,0.9361318590171419,0.936164218185309,0.9361903159692319,0.06617226234122216,0.0661728963733735,0.06617318812105934
binary,PR,0.6375,0.9361321163499521,0.9361643997741838,0.9361904450975576,0.06617226641672308,0.06617289886875294,0.06617319016598995
binary,PR,0.64,0.9361323728638682,0.9361645809876411,0.9361905741312198,0.06617227047925402,0.06617290135885391,0.06617319220942151
binary,PR,0.6425,0.9361326285876178,0.9361647618293711,0.936190703070126,0.06617227452926965,0.06617290384365242,0.06617319425135228
binary,PR,0.645,0.9361328835495588,0.9361649423024233,0.9361908319141902,0.06617227856721872,0.0661729063231372,0.06617319629178071
binary,PR,0.6475,0.9361331377772072,0.9361651224092099,0.9361909606632597,0.06617228259353772,0.06617290879731029,0.06617319833070426
binary,PR,0.65,0.9361333912969217,0.936165302151458,0.9361910893171402,0.06617228660864365,0.06617291126618682,0.06617320036812042
binary,PR,0.6525,0.9361336441335366,0.9361654815302768,0.9361912178756311,0.06617229061292895,0.06617291372979439,0.06617320240402547
binary,PR,0.655,0.9361338963101598,0.9361656605461377,0.9361913463384076,0.06617229460676156,0.06617291618817339,0.06617320443841435
binary,PR,0.6575,0.936134147848016,0.9361658391989465,0.9361914747051734,0.06617229859047558,0.06617291864137584,0.06617320647128253
binary,PR,0.66,0.9361343987664357,0.9361660174880418,0.9361916029755475,0.06617230256437945,0.06617292108946461,0.06617320850262409
binary,PR,0.6625,0.9361346490828424,0.9361661954122656,0.9361917311490808,0.06617230652874649,0.06617292353251225,0.06617321053243155
binary,PR,0.665,0.9361348988126589,0.9361663729699962,0.9361918592253048,0.06617231048382399,0.06617292597060109,0.06617321256069776
binary,PR,0.6675,0.9361351479694275,0.9361665501592157,0.936191987203669,0.06617231442982319,0.06617292840382022,0.06617321458741407
binary,PR,0.67,0.9361353965646564,0.9361667269775223,0.9361921150835958,0.06617231836692829,0.06617293083226697,0.06617321661257101
binary,PR,0.6725,0.9361356446077836,0.9361669034222156,0.9361922428644488,0.06617232229528965,0.06617293325604423,0.06617321863615887
binary,PR,0.675,0.9361358921060688,0.9361670794903313,0.9361923705455563,0.06617232621501984,0.06617293567525995,0.06617322065816686
binary,PR,0.6775,0.9361361390644619,0.9361672551786923,0.9361924981261975,0.0661723301261984,0.06617293809002593,0.06617322267858333
binary,PR,0.68,0.936136385485383,0.9361674304839697,0.9361926256056541,0.06617233402886406,0.06617294050045715,0.06617322469739725
binary,PR,0.6825,0.9361366313686831,0.9361676054027505,0.9361927529831331,0.06617233792301407,0.06617294290667028,0.06617322671459591
binary,PR,0.685,0.9361368767115414,0.9361677799315736,0.9361928802578727,0.0661723418086035,0.06617294530878239,0.06617322873016755
binary,PR,0.6875,0.9361371215083767,0.9361679540670105,0.9361930074290981,0.06617234568554467,0.06617294770691041,0.06617323074409914
binary,PR,0.69,0.9361373657509826,0.936168127805721,0.9361931344960323,0.06617234955370721,0.06617295010116951,0.06617323275637917
binary,PR,0.6925,0.9361376094286833,0.936168301144523,0.9361932614579161,0.06617235341292228,0.06617295249167135,0.06617323476699391
binary,PR,0.695,0.9361378525285159,0.9361684740804305,0.9361933883139955,0.06617235726298402,0.06617295487852458,0.06617323677593404
binary,PR,0.6975,0.9361380950355593,0.9361686466107283,0.9361935150635879,0.06617236110365696,0.06617295726183255,0.06617323878318773
binary,PR,0.7,0.9361383369333381,0.9361688187329982,0.9361936417059935,0.06617236493467837,0.06617295964169255,0.06617324078874366
binary,PR,0.7025,0.9361385782042146,0.9361689904451848,0.9361937682406003,0.06617236875577134,0.06617296201819532,0.06617324279259187
binary,PR,0.705,0.9361388188296609,0.9361691617456032,0.9361938946668295,0.06617237256664164,0.06617296439142503,0.0661732447947235
binary,PR,0.7075,0.9361390587911442,0.9361693326329732,0.9361940209841437,0.06617237636699476,0.06617296676145747,0.0661732467951303
binary,PR,0.71,0.9361392980702017,0.936169503106414,0.9361941471920656,0.06617238015653971,0.0661729691283618,0.06617324879380351
binary,PR,0.7125,0.9361395366488637,0.9361696731654684,0.9361942732901662,0.06617238393499043,0.06617297149219892,0.06617325079073791
binary,PR,0.715,0.9361397745100367,0.9361698428100897,0.9361943992780672,0.06617238770207788,0.06617297385302182,0.06617325278592692
binary,PR,0.7175,0.9361400116377059,0.9361700120406283,0.936194525155443,0.06617239145754693,0.0661729762108763,0.06617325477936553
binary,PR,0.72,0.9361402480172364,0.936170180857808,0.9361946509220028,0.0661723952011668,0.06617297856580179,0.06617325677104823
binary,PR,0.7225,0.9361404836354749,0.9361703492627231,0.9361947765775381,0.06617239893272824,0.06617298091783007,0.0661732587609728
binary,PR,0.725,0.9361407184808352,0.9361705172567909,0.9361949021218322,0.06617240265204877,0.06617298326698748,0.06617326074913596
binary,PR,0.7275,0.9361409525434109,0.9361706848417274,0.9361950275547459,0.06617240635897197,0.06617298561329472,0.06617326273553462
binary,PR,0.73,0.9361411858149026,0.9361708520195287,0.9361951528761506,0.06617241005336498,0.06617298795676746,0.06617326472016662
binary,PR,0.7325,0.9361414182886881,0.9361710187924221,0.9361952780859791,0.06617241373512212,0.06617299029741677,0.06617326670303188
binary,PR,0.735,0.936141649959651,0.9361711851628651,0.9361954031841608,0.06617241740416546,0.06617299263525017,0.06617326868412902
binary,PR,0.7375,0.9361418808241913,0.9361713511334834,0.9361955281706567,0.06617242106043557,0.06617299497027147,0.06617327066345725
binary,PR,0.74,0.9361421108800599,0.9361715167070622,0.9361956530454815,0.06617242470389796,0.0661729973024821,0.06617327264101541
binary,PR,0.7425,0.9361423401263091,0.9361716818865088,0.9361957778086305,0.06617242833453633,0.06617299963188052,0.06617327461680589
binary,PR,0.745,0.9361425685631294,0.9361718466748524,0.9361959024601206,0.06617243195235575,0.06617300195846375,0.06617327659082808
binary,PR,0.7475,0.9361427961917912,0.9361720110751861,0.9361960270000065,0.0661724355573743,0.06617300428222667,0.06617327856308156
binary,PR,0.75,0.9361430230144735,0.9361721750906828,0.9361961514283507,0.06617243914962845,0.06617300660316396,0.06617328053356893
binary,PR,0.7525,0.9361432490342019,0.9361723387245523,0.9361962757452001,0.06617244272916381,0.06617300892126819,0.0661732825022908
binary,PR,0.755,0.9361434742547264,0.9361725019800371,0.9361963999506339,0.06617244629604228,0.06617301123653177,0.06617328446924696
binary,PR,0.7575,0.9361436986804016,0.9361726648604067,0.936196524044746,0.06617244985033101,0.06617301354894667,0.06617328643444098
binary,PR,0.76,0.936143922316178,0.9361728273689169,0.9361966480276219,0.06617245339210867,0.06617301585850444,0.06617328839787286
binary,PR,0.7625,0.9361441451674296,0.936172989508833,0.9361967718993417,0.06617245692146091,0.06617301816519702,0.06617329035954332
binary,PR,0.765,0.9361443672399339,0.9361731512834026,0.9361968956600172,0.06617246043847927,0.0661730204690159,0.066173292319456
binary,PR,0.7675,0.9361445885397949,0.9361733126958612,0.9361970193097324,0.06617246394325986,0.06617302276995327,0.06617329427761022
binary,PR,0.77,0.9361448090733441,0.936173473749403,0.9361971428486242,0.0661724674359039,0.066173025068001,0.06617329623400987
binary,PR,0.7725,0.9361450288471967,0.936173634447197,0.9361972662767799,0.06617247091651511,0.06617302736315152,0.06617329818865526
binary,PR,0.775,0.9361452478680674,0.9361737947923822,0.9361973895943312,0.06617247438520092,0.06617302965539806,0.06617330014154912
binary,PR,0.7775,0.936145466142822,0.9361739547880498,0.9361975128013605,0.06617247784206812,0.06617303194473384,0.0661733020926933
binary,PR,0.78,0.9361456836784415,0.9361741144372453,0.9361976358980177,0.06617248128722956,0.0661730342311531,0.0661733040420873
binary,PR,0.7825,0.936145900481908,0.9361742737429866,0.9361977588843978,0.06617248472079433,0.0661730365146497,0.06617330598973611
binary,PR,0.785,0.9361461165602928,0.9361744327082275,0.9361978817606231,0.0661724881428759,0.06617303879521845,0.06617330793563941
binary,PR,0.7875,0.9361463319206413,0.9361745913358904,0.9361980045267985,0.06617249155358394,0.06617304107285586,0.06617330987980047
binary,PR,0.79,0.9361465465699944,0.9361747496288348,0.9361981271830905,0.06617249495303233,0.06617304334755708,0.06617331182222032
binary,PR,0.7925,0.9361467605154012,0.9361749075898879,0.9361982497295792,0.06617249834133003,0.06617304561931926,0.06617331376290177
binary,PR,0.795,0.9361469737638145,0.9361750652218221,0.9361983721664,0.06617250171858856,0.0661730478881395,0.06617331570184523
binary,PR,0.7975,0.9361471863221712,0.9361752225273637,0.9361984944936622,0.06617250508491884,0.0661730501540152,0.06617331763905492
binary,PR,0.8,0.9361473981973444,0.9361753795091886,0.9361986167115209,0.06617250844042792,0.06617305241694471,0.06617331957453014
binary,PR,0.8025,0.9361476093961361,0.9361755361699375,0.9361987388200788,0.06617251178522382,0.06617305467692683,0.06617332150827569
binary,PR,0.805,0.9361478199252369,0.9361756925121889,0.9361988608194791,0.06617251511941341,0.06617305693396111,0.0661733234402911
binary,PR,0.8075,0.9361480297913094,0.9361758485384906,0.936198982709839,0.06617251844310143,0.06617305918804692,0.06617332537057957
binary,PR,0.81,0.936148239000903,0.9361760042513284,0.9361991044912809,0.06617252175639161,0.06617306143918432,0.06617332729914355
binary,PR,0.8125,0.9361484475604601,0.9361761596531688,0.936199226163945,0.06617252505938748,0.0661730636873742,0.06617332922598426
binary,PR,0.815,0.9361486554763877,0.9361763147464126,0.9361993477279634,0.06617252835218716,0.06617306593261772,0.06617333115110438
binary,PR,0.8175,0.9361488627549079,0.9361764695334367,0.9361994691834583,0.06617253163489306,0.06617306817491625,0.06617333307450553
binary,PR,0.82,0.9361490694022473,0.9361766240165664,0.9361995905305666,0.06617253490760189,0.06617307041427155,0.06617333499619053
binary,PR,0.8225,0.9361492754244851,0.9361767781980931,0.9361997117694294,0.06617253817040993,0.06617307265068625,0.06617333691615995
binary,PR,0.825,0.9361494808275782,0.9361769320802662,0.9361998329001744,0.0661725414234115,0.06617307488416263,0.06617333883441717
binary,PR,0.8275,0.9361496856174684,0.9361770856653014,0.9361999539229323,0.06617254466670133,0.0661730771147036,0.06617334075096487
binary,PR,0.83,0.9361498897999272,0.9361772389553714,0.9362000748378603,0.06617254790036958,0.06617307934231284,0.06617334266580366
binary,PR,0.8325,0.9361500933806858,0.9361773919526171,0.9362001956450674,0.06617255112450864,0.06617308156699382,0.06617334457893645
binary,PR,0.835,0.9361502963653351,0.9361775446591464,0.9362003163447267,0.06617255433920585,0.06617308378874982,0.06617334649036662
binary,PR,0.8375,0.9361504987593987,0.9361776970770271,0.9362004369369431,0.06617255754454919,0.066173086007586,0.06617334840009459
binary,PR,0.84,0.9361507005683174,0.9361778492083037,0.9362005574218909,0.06617256074062525,0.06617308822350643,0.06617335030812292
binary,PR,0.8425,0.9361509017974309,0.9361780010549816,0.9362006777996985,0.06617256392751786,0.0661730904365154,0.06617335221445556
binary,PR,0.845,0.936151102451998,0.9361781526190323,0.9362007980705105,0.06617256710531066,0.06617309264661858,0.0661733541190929
binary,PR,0.8475,0.936151302537195,0.9361783039024032,0.9362009182344786,0.06617257027408516,0.06617309485382064,0.0661733560220374
binary,PR,0.85,0.9361515020580929,0.9361784549070122,0.93620103829174,0.06617257343392235,0.06617309705812686,0.066173357923292
binary,PR,0.8525,0.9361517010196966,0.9361786056347408,0.9362011582424437,0.06617257658490092,0.06617309925954316,0.06617335982285989
binary,PR,0.855,0.9361518994269391,0.9361787560874502,0.9362012780867432,0.06617257972709974,0.06617310145807528,0.06617336172074184
binary,PR,0.8575,0.9361520972846686,0.9361789062669783,0.9362013978247973,0.06617258286059492,0.06617310365372914,0.0661733636169405
binary,PR,0.86,0.9361522945976213,0.9361790561751133,0.9362015174567502,0.06617258598546201,0.0661731058465107,0.06617336551145969
binary,PR,0.8625,0.9361524913705004,0.9361792058136507,0.9362016369827496,0.06617258910177529,0.06617310803642638,0.06617336740429995
binary,PR,0.865,0.9361526876079408,0.9361793551843346,0.9362017564029517,0.06617259220960785,0.0661731102234823,0.06617336929546448
binary,PR,0.8675,0.9361528833144677,0.936179504288896,0.9362018757175032,0.06617259530903158,0.06617311240768559,0.06617337118495578
binary,PR,0.87,0.9361530784945308,0.9361796531290403,0.9362019949265867,0.06617259840011641,0.06617311458904288,0.06617337307277668
binary,PR,0.8725,0.936153273152574,0.9361798017064484,0.9362021140303332,0.0661726014829337,0.06617311676756044,0.06617337495893
binary,PR,0.875,0.9361534672929007,0.9361799500227792,0.9362022330289155,0.06617260455755197,0.0661731189432457,0.0661733768434167
binary,PR,0.8775,0.9361536609197794,0.9361800980796715,0.9362023519224906,0.06617260762403662,0.06617312111610552,0.06617337872624046
binary,PR,0.88,0.9361538540374206,0.9361802458787345,0.9362024707112212,0.06617261068245682,0.06617312328614726,0.06617338060740309
binary,PR,0.8825,0.9361540466499604,0.9361803934215642,0.9362025893952636,0.06617261373287618,0.06617312545337782,0.06617338248690809
binary,PR,0.885,0.9361542387614724,0.9361805407097307,0.9362027079747772,0.06617261677536079,0.06617312761780512,0.06617338436475764
binary,PR,0.8875,0.936154430375951,0.9361806877447947,0.9362028264499378,0.06617261980997292,0.06617312977943622,0.066173386240955
binary,PR,0.89,0.9361546214974081,0.9361808345282829,0.9362029448208993,0.06617262283677713,0.0661731319382785,0.06617338811550114
binary,PR,0.8925,0.936154812129691,0.9361809810617139,0.936203063087841,0.06617262585583286,0.06617313409433971,0.06617338998839956
binary,PR,0.895,0.9361550022766676,0.9361811273465737,0.9362031812509211,0.06617262886720132,0.06617313624762768,0.06617339185965317
binary,PR,0.8975,0.9361551919421139,0.9361812733843415,0.9362032993102992,0.06617263187094377,0.06617313839814966,0.06617339372926434
binary,PR,0.9,0.9361553811297547,0.9361814191764771,0.9362034172661667,0.06617263486711987,0.0661731405459139,0.0661733955972357
binary,PR,0.9025,0.9361555698432906,0.9361815647244227,0.936203535118659,0.06617263785578517,0.06617314269092828,0.06617339746357008
binary,PR,0.905,0.9361557580863425,0.9361817100296015,0.9362036528679716,0.06617264083699946,0.06617314483320035,0.06617339932827078
binary,PR,0.9075,0.9361559458624765,0.9361818550934234,0.93620377051428,0.06617264381081804,0.06617314697273785,0.06617340119133928
binary,PR,0.91,0.9361561331752245,0.9361819999172781,0.936203888057765,0.06617264677729764,0.06617314910954927,0.06617340305278008
binary,PR,0.9125,0.9361563200280709,0.9361821445025295,0.9362040054985581,0.06617264973649321,0.06617315124364213,0.06617340491259334
binary,PR,0.915,0.9361565064244334,0.9361822888505442,0.9362041228368694,0.06617265268845873,0.06617315337502477,0.06617340677078418
binary,PR,0.9175,0.9361566923677086,0.9361824329626638,0.9362042400728606,0.0661726556332483,0.06617315550370541,0.06617340862735384
binary,PR,0.92,0.9361568778612409,0.9361825768402173,0.9362043572066989,0.06617265857091469,0.06617315762969178,0.06617341048230642
binary,PR,0.9225,0.9361570629083235,0.9361827204845199,0.9362044742385867,0.06617266150150974,0.06617315975299216,0.06617341233564321
binary,PR,0.925,0.9361572475122061,0.9361828638968634,0.9362045911686779,0.06617266442508508,0.06617316187361465,0.06617341418736815
binary,PR,0.9275,0.9361574316760776,0.9361830070785356,0.9362047079971622,0.06617266734169125,0.06617316399156756,0.06617341603748339
binary,PR,0.93,0.9361576154031487,0.9361831500308057,0.9362048247242151,0.06617267025137942,0.06617316610685894,0.06617341788599275
binary,PR,0.9325,0.9361577986965137,0.9361832927549331,0.9362049413500079,0.06617267315419882,0.06617316821949702,0.06617341973289803
binary,PR,0.935,0.9361579815592634,0.9361834352521559,0.9362050578747367,0.06617267605019657,0.0661731703294899,0.06617342157820229
binary,PR,0.9375,0.9361581639944483,0.9361835775237072,0.9362051742985639,0.06617267893942413,0.06617317243684581,0.06617342342190878
binary,PR,0.94,0.9361583460050844,0.9361837195708063,0.9362052906216799,0.06617268182192751,0.06617317454157318,0.06617342526402012
binary,PR,0.9425,0.936158527594146,0.9361838613946492,0.9362054068442731,0.0661726846977521,0.06617317664368025,0.06617342710453947
binary,PR,0.945,0.936158708764543,0.936184002996434,0.9362055229665163,0.06617268756694712,0.06617317874317498,0.066173428943469
binary,PR,0.9475,0.936158889519196,0.9361841443773383,0.9362056389885994,0.06617269042955674,0.06617318084006597,0.06617343078081225
binary,PR,0.95,0.9361590698609472,0.9361842855385286,0.9362057549106869,0.06617269328562721,0.06617318293436128,0.0661734326165713
binary,PR,0.9525,0.9361592497926418,0.9361844264811606,0.9362058707329831,0.06617269613520241,0.06617318502606898,0.06617343445075016
binary,PR,0.955,0.936159429317067,0.9361845672063831,0.9362059864556677,0.06617269897832685,0.0661731871151973,0.06617343628335182
binary,PR,0.9575,0.9361596084369639,0.9361847077153195,0.9362061020789201,0.06617270181504545,0.06617318920175506,0.06617343811437813
binary,PR,0.96,0.9361597871550956,0.9361848480090975,0.9362062176029278,0.06617270464539973,0.06617319128574985,0.06617343994383292
binary,PR,0.9625,0.9361599654741387,0.93618498808883,0.936206333027873,0.06617270746943317,0.06617319336719012,0.0661734417717186
binary,PR,0.965,0.9361601433967263,0.9361851279556074,0.9362064483539642,0.06617271028718869,0.06617319544608426,0.06617344359803835
binary,PR,0.9675,0.9361603209255278,0.9361852676105249,0.9362065635813582,0.0661727130987056,0.06617319752244029,0.06617344542279523
binary,PR,0.97,0.9361604980631324,0.9361854070546609,0.936206678710255,0.06617271590402725,0.06617319959626608,0.06617344724599172
binary,PR,0.9725,0.9361606748121182,0.9361855462890775,0.9362067937408419,0.06617271870319316,0.06617320166757065,0.06617344906763048
binary,PR,0.975,0.9361608511750096,0.9361856853148456,0.9362069086733007,0.06617272149624454,0.06617320373636135,0.06617345088771583
binary,PR,0.9775,0.9361610271543168,0.936185824133002,0.9362070235078368,0.06617272428322074,0.06617320580264668,0.06617345270625026
binary,PR,0.98,0.936161202752561,0.9361859627445854,0.9362071382446057,0.06617272706416107,0.06617320786643507,0.06617345452323628
binary,PR,0.9825,0.9361613779721379,0.9361861011506308,0.9362072528838272,0.06617272983910409,0.06617320992773405,0.06617345633867737
binary,PR,0.985,0.9361615528155174,0.9361862393521501,0.9362073674256709,0.06617273260808883,0.0661732119865521,0.06617345815257582
binary,PR,0.9875,0.9361617272850874,0.9361863773501579,0.9362074818703437,0.06617273537115312,0.06617321404289749,0.06617345996493428
binary,PR,0.99,0.9361619013832301,0.9361865151456551,0.9362075962180125,0.06617273812833423,0.06617321609677816,0.06617346177575785
binary,PR,0.9925,0.9361620751122941,0.9361866527396293,0.9362077104688878,0.06617274087967015,0.06617321814820167,0.06617346358504814
binary,PR,0.995,0.9361622484745707,0.9361867901330675,0.9362078246231538,0.06617274362519705,0.06617322019717654,0.06617346539280806
binary,PR,0.9975,0.9361624214723984,0.9361869273269356,0.9362079386809863,0.06617274636495114,0.06617322224371093,0.06617346719903976
binary,PR,1.0,0.9361625941080479,0.9361870643222047,0.9362080526425948,0.06617274909896911,0.0661732242878128,0.06617346900374821
binary,SW,0.0,0.0,0.0,0.0,0.7608301926178616,0.7608301926178371,0.7608301926178616
binary,SW,0.0025,0.9329667998150238,0.9329705687742956,0.9329734914884341,0.06598777413393157,0.7574007770691905,0.7613670172455619
binary,SW,0.005,0.9294208023841477,0.929425240354419,0.9294285755827524,0.0659311189972195,0.7546022895456888,0.7605747432085297
binary,SW,0.0075,0.9317851070439795,0.9317888893071992,0.9317920444622478,0.06596891957788183,0.7521456524143788,0.7611025244162563
binary,SW,0.01,0.9303309374938042,0.9303360933100052,0.9303395510106083,0.06594568242233952,0.7495792968932854,0.7607777369977102
binary,SW,0.0125,0.9271036090699202,0.9271100615325714,0.9271137324585957,0.06589397170833049,0.7469743575999901,0.7600563232786787
binary,SW,0.015,0.9261133366923249,0.9261192352950188,0.9261231723401357,0.06587806616319357,0.7444617792308378,0.7598344625057857
binary,SW,0.0175,0.9236161258841251,0.9236233947582427,0.9236276568568675,0.06583787539030742,0.7419114074842366,0.7592758959159497
binary,SW,0.02,0.9235186005213851,0.9235252595183497,0.9235296026905796,0.06583630342734821,0.7394392753151553,0.7592536566324789
binary,SW,0.0225,0.9248463471501951,0.9248547630349205,0.9248592139039149,0.06585768944400236,0.7370108890171395,0.7595510287467313
binary,SW,0.025,0.9230867245869423,0.9230945333978143,0.9230994074500966,0.06582934008828725,0.7345074589571899,0.7591569807240325
binary,SW,0.0275,0.9196990678771864,0.9197080093889581,0.9197129127904011,0.06577459758994442,0.7319829834568956,0.7583985537725461
binary,SW,0.03,0.9202580556450746,0.920266884647392,0.9202721429031044,0.06578364541690483,0.7295179361454137,0.7585234899633353
binary,SW,0.0325,0.9166400012836987,0.9166498909709138,0.9166552220575548,0.06572497818505388,0.7269888991821288,0.757712944388343
binary,SW,0.035,0.9196275908135847,0.9196374775986423,0.919643046364371,0.06577344023024788,0.7245178623686706,0.7583821853209848
binary,SW,0.0375,0.9134493819073451,0.9134600958474502,0.9134659568117904,0.06567303437605891,0.7219647410133799,0.7569973662889494
binary,SW,0.04,0.9148564659472467,0.9148672144922803,0.9148733045649746,0.06569596603130114,0.7194507708238829,0.7573127207075603
binary,SW,0.0425,0.9134991945609672,0.9135090777028961,0.9135152658470695,0.06567384683838155,0.7168921816458231,0.7570080006295685
binary,SW,0.045,0.9112035567995673,0.9112152247783207,0.9112218994800766,0.06563635433387012,0.7143454529541702,0.7564931606502954
binary,SW,0.0475,0.9087677622582301,0.9087784765973661,0.9087852247700804,0.0655964608915564,0.7117964174108424,0.755945952750829
binary,SW,0.05,0.9087533642623761,0.9087661871315437,0.9087733346117469,0.06559622473712833,0.7092091232061943,0.7559429608830807
binary,SW,0.0525,0.9051384118718911,0.9051501077633124,0.9051574463642539,0.06553680393692005,0.7066483623778239,0.7551304912773977
binary,SW,0.055,0.9062144955851594,0.9062280579830676,0.9062355878828972,0.06555451893990831,0.7040171385649762,0.7553725377056547
binary,SW,0.0575,0.9060772485083268,0.9060902789041879,0.9060980785774435,0.06555226078436004,0.7013967152574321,0.755341452535119
binary,SW,0.06,0.9032672625169496,0.9032793253912783,0.903287310493835,0.06550594565011249,0.6988023803945068,0.7547095760995747
binary,SW,0.0625,0.9033437922583384,0.903357838895205,0.903366108886357,0.06550720911199562,0.6961329735102293,0.7547269515875384
binary,SW,0.065,0.90053639573082,0.9005494646149661,0.9005579637950007,0.0654607842588496,0.6935249848852394,0.7540952303374572
binary,SW,0.0675,0.9025065193390753,0.902521349309127,0.902529886667795,0.06549337989103803,0.6907608885518891,0.7545386286998912
binary,SW,0.07,0.8999426331353668,0.8999568184031957,0.8999657388802415,0.06545094524898779,0.6881195492157329,0.7539616196596632
binary,SW,0.0725,0.900717516973207,0.9007312572625473,0.9007402942525891,0.06546378414297412,0.6853509442600917,0.7541357185615001
binary,SW,0.075,0.8972160983743673,0.8972312597754966,0.897240722070103,0.06540567387179824,0.6827056686719163,0.753347790816248
binary,SW,0.0775,0.8977127338066387,0.897727480850244,0.8977370189399383,0.06541393117176651,0.679899690205759,0.7534593464232726
binary,SW,0.08,0.8965551229364419,0.8965710599586867,0.8965808244101827,0.06539467643456146,0.677131364980526,0.7531988599887033
binary,SW,0.0825,0.8949276515740499,0.8949434088894539,0.8949535593859529,0.06536756046635162,0.6743760418345142,0.7528320283238364
binary,SW,0.085,0.8956693414974904,0.8956841923195553,0.8956943029124539,0.06537992474298313,0.6714913302704595,0.7529988228474457
binary,SW,0.0875,0.8931460266743698,0.8931628139929049,0.8931734551122434,0.06533781422048446,0.6687288520913279,0.7524305271627937
binary,SW,0.09,0.8946569268279327,0.8946726002523073,0.8946830792224868,0.06536304458639643,0.6657790943562701,0.7527706816014659
binary,SW,0.0925,0.8912484544915547,0.8912660642056348,0.8912771969461694,0.0653060606086334,0.663021883044105,0.7520026886424211
binary,SW,0.095,0.8918453711602646,0.8918623635672462,0.8918734438175203,0.06531605727397861,0.6600555988344656,0.75213694897095
binary,SW,0.0975,0.8902393700297286,0.8902554717994368,0.8902668371673311,0.06528914460717701,0.6571788177842133,0.7517746017683558
binary,SW,0.1,0.8900034404508504,0.890021654931105,0.890033262895377,0.06528518651988327,0.6541925605723139,0.7517215716674703
binary,SW,0.1025,0.8873838562605199,0.887401151008221,0.8874131597863795,0.0652411614021493,0.6513309199869096,0.7511302094580449
binary,SW,0.105,0.888884010958263,0.8889026781454469,0.8889144900873531,0.06526639064542421,0.6481968350968881,0.7514690067107894
binary,SW,0.1075,0.8863783592420983,0.8863967310706613,0.8864091618899843,0.06522422495963928,0.6452897620168486,0.7509032219295366
binary,SW,0.11,0.8869524912280724,0.8869700765187055,0.8869824056818858,0.06523389813740947,0.6421546703851096,0.7510326147206111
binary,SW,0.1125,0.884713259776664,0.8847327016688452,0.8847455819181025,0.06519613177341295,0.6391797947012021,0.7505271726298305
binary,SW,0.115,0.8840755218740972,0.8840943792160824,0.8841073545615724,0.06518535659408224,0.636062896103275,0.7503828860101583
binary,SW,0.1175,0.8846509067863814,0.8846708974062487,0.8846838790891919,0.06519507863826975,0.6328500193143438,0.750513032633446
binary,SW,0.12,0.8838339379191361,0.8838534965004659,0.8838668227519962,0.06518127257237052,0.6297122380525657,0.7503283472750913
binary,SW,0.1225,0.8851839805045979,0.8852026572983197,0.8852158504198385,0.06520407956030264,0.6264026485849987,0.7506330603500657
binary,SW,0.125,0.8812418223274081,0.8812630876370094,0.8812773453884972,0.06513737484228177,0.6234017071427843,0.7497425770619299
binary,SW,0.1275,0.8815142892251736,0.8815341795237948,0.8815480656620617,0.06514199578453428,0.6200940078661676,0.7498038605954187
binary,SW,0.13,0.8818095768811921,0.8818306245756493,0.8818446041108271,0.06514700198079264,0.616763513546779,0.7498708778739718
binary,SW,0.1325,0.8812828832493808,0.8813040381903341,0.8813184103149941,0.06513807132181872,0.6134443432810356,0.7497516248732757
binary,SW,0.135,0.8799046951247254,0.87992503872657,0.8799397330316822,0.06511467476808643,0.6101627816784482,0.7494397530866228
binary,SW,0.1375,0.8795030820346605,0.8795250785075839,0.879539875317679,0.06510784924784432,0.6067695331973275,0.7493491940553693
binary,SW,0.14,0.8780142179859148,0.8780356712032497,0.8780508647794657,0.06508251554856578,0.6034314486068488,0.7490121004662967
binary,SW,0.1425,0.8784310139420064,0.878453518461429,0.8784685719386618,0.06508961230233457,0.5999114667030663,0.749106691298188
binary,SW,0.145,0.8755218850255286,0.8755448855407088,0.8755608583355726,0.06504000089535,0.5966013459105972,0.7484480597552682
binary,SW,0.1475,0.8781378279938488,0.8781585654562274,0.8781735836948376,0.06508462063451935,0.5928593721849742,0.7490398885717882
binary,SW,0.15,0.8761846395014063,0.8762084217248327,0.8762245936196511,0.06505131933287978,0.5894106250140511,0.7485981561293816
binary,SW,0.1525,0.8747229081411501,0.8747457334167966,0.874762043527857,0.06502634345180618,0.5858989585685952,0.7482669691878163
binary,SW,0.155,0.8758263047068868,0.875849787825823,0.8758657198654898,0.0650452009134735,0.5821655250042966,0.7485170308433309
binary,SW,0.1575,0.872924920159416,0.8729493096933659,0.8729663898928143,0.0649955586345014,0.5786836674822494,0.7478597761545948
binary,SW,0.16,0.8739822504804543,0.8740046470680387,0.8740210191932546,0.06501367055045736,0.5748766220107612,0.7480990509803028
binary,SW,0.1625,0.8706914304610315,0.8707170832146575,0.8707347923080965,0.06495721915009649,0.5712924293421981,0.7473536480663471
binary,SW,0.165,0.8730032953392413,0.8730262013351187,0.8730427042150344,0.06499690202442727,0.5673439301235085,0.7478772957609329
binary,SW,0.1675,0.8723676286095784,0.8723909602358728,0.8724082983931746,0.06498600251800536,0.5635750322915257,0.7477330666460542
binary,SW,0.17,0.8705248764981842,0.8705506024949304,0.8705685690402291,0.0649543557560415,0.5597653154107782,0.7473157515107561
binary,SW,0.1725,0.8713678834102695,0.8713915721431419,0.8714089905107563,0.06496884247315747,0.555818756817249,0.7475065259262494
binary,SW,0.175,0.8708375018251127,0.8708631397458878,0.8708810725787127,0.06495972990678014,0.551898428675643,0.7473866372045557
binary,SW,0.1775,0.8711156965928203,0.8711408632772867,0.8711587947508282,0.06496451038145301,0.5478686045816701,0.7474494617805277
binary,SW,0.18,0.8690110700704697,0.8690364879739378,0.8690553033876061,0.06492830246859949,0.5439698222766043,0.7469721335989027
binary,SW,0.1825,0.869312964228819,0.8693390276701657,0.8693573980816702,0.06493350222728617,0.539824685360498,0.7470408205999852
binary,SW,0.185,0.8680138049711346,0.868039883598987,0.8680589248706875,0.06491111150373986,0.53577501698172,0.7467459417646346
binary,SW,0.1875,0.8689120685751831,0.8689364662112583,0.8689549996071422,0.06492659685124441,0.5315537310194787,0.7469495203782817
binary,SW,0.19,0.8665050545952911,0.8665329779497802,0.8665528246740539,0.06488506167626229,0.5273858089193555,0.7464036944426503
binary,SW,0.1925,0.86591228718502,0.8659384537402273,0.8659579677221529,0.06487481323086718,0.5231353103468912,0.7462689865140193
binary,SW,0.195,0.8662180037762263,0.8662452642360118,0.8662646799718964,0.06488009978692617,0.5187558913438148,0.746338554294528
binary,SW,0.1975,0.8655811473908909,0.8656082568619821,0.8656281622576144,0.06486908470113169,0.5144427815886413,0.7461938586574209
binary,SW,0.2,0.8663393846797349,0.8663650667004851,0.8663846347020874,0.06488219817062661,0.5100285218426517,0.7463657378996608
binary,SW,0.2025,0.8640805427886067,0.8641097886673174,0.8641306941125458,0.06484309443839162,0.5055399246864088,0.7458532698228193
binary,SW,0.205,0.8652972292575472,0.8653235422538409,0.865343355534877,0.06486417113396871,0.5010819796470664,0.7461292588534387
binary,SW,0.2075,0.8642258205386694,0.8642551204987633,0.8642759522866662,0.06484561282879434,0.4964930181769228,0.7458862680441892
binary,SW,0.21,0.8619358288965051,0.8619656097218289,0.8619872349178855,0.06480586072819051,0.4918263930994085,0.7453660178323485
binary,SW,0.2125,0.8638120093987844,0.863838279516255,0.8638584439880338,0.06483843816705463,0.48718846976987623,0.7457918209680185
binary,SW,0.215,0.8634218967958748,0.8634511616086886,0.863472339548615,0.06483167087770361,0.4824262398563279,0.7457036051004057
binary,SW,0.2175,0.8628327688448868,0.8628617257067597,0.8628831914026006,0.06482144479437825,0.4776736715804476,0.7455695656054924
binary,SW,0.22,0.8623248324295819,0.8623530715321212,0.8623746989056769,0.06481262177293538,0.4728227967989028,0.7454540250480273
binary,SW,0.2225,0.860730681312656,0.8607614905603129,0.8607838518563105,0.0647848930902715,0.4678149771032284,0.7450920955741323
binary,SW,0.225,0.8601471199662868,0.8601764066136938,0.8601985648855073,0.06477472825840026,0.4628481861816187,0.7449592175523441
binary,SW,0.2275,0.8615908308542588,0.8616201160501034,0.8616415459446629,0.06479986166404848,0.457832375866129,0.7452875725312921
binary,SW,0.23,0.8604188808795826,0.8604496803328556,0.8604724286904971,0.06477946291713263,0.45272590089622805,0.745021021169641
binary,SW,0.2325,0.8599176116479862,0.8599471506377374,0.859969811697476,0.06477072842694687,0.4475465232741646,0.7449069603398475
binary,SW,0.235,0.8589622036876177,0.8589938386276593,0.8590169556815982,0.06475406489398136,0.44220433628278,0.7446900037602059
binary,SW,0.2375,0.8578096678846086,0.8578408490254518,0.857864299832811,0.06473393556040566,0.4368456434936013,0.7444277481128444
binary,SW,0.24,0.8597190286634454,0.8597490151418193,0.8597711440827213,0.0647672665929369,0.431641957528349,0.7448621138700423
binary,SW,0.2425,0.8586345840571327,0.8586667843317296,0.858690510878881,0.06474834601188802,0.4261391121637028,0.74461538934558
binary,SW,0.245,0.8586120149012956,0.8586425658787419,0.8586659522597674,0.06474795195791629,0.4207308857207457,0.7446101160191545
binary,SW,0.2475,0.857164667822248,0.8571981203153742,0.8572224792039357,0.06472265724002027,0.4148842507916998,0.7442811472070788
binary,SW,0.25,0.8566379136805362,0.8566699295498473,0.8566940508220677,0.06471343948049164,0.40921331701771735,0.7441611929578131
binary,SW,0.2525,0.8577819760842095,0.8578119942939524,0.8578353819424003,0.06473345154334781,0.4037161632690075,0.7444212170343183
binary,SW,0.255,0.8568631456670713,0.8568966326699168,0.8569212898045246,0.0647173816305674,0.39772220136740155,0.7442124979425564
binary,SW,0.2575,0.8562403355452826,0.8562727720281782,0.856297475218941,0.06470647798327445,0.391859669270271,0.7440706356698863
binary,SW,0.26,0.8559675129080878,0.8560011098571569,0.8560258415059907,0.06470169882657345,0.3857338131789084,0.7440087697737658
binary,SW,0.2625,0.8543723944310289,0.8544070023917507,0.8544327266463376,0.06467372215747086,0.3793950011406511,0.743645641782639
binary,SW,0.265,0.8554388205751032,0.8554700743043421,0.8554944578387911,0.06469243261830065,0.3735841579382108,0.743888112813472
binary,SW,0.2675,0.8546162000171388,0.8546509241295641,0.8546765792925001,0.06467800204120858,0.3670509326318301,0.7437011922495869
binary,SW,0.27,0.8539886588345323,0.8540224155080984,0.8540481578250759,0.0646669830934725,0.3607538554795883,0.7435581581542846
binary,SW,0.2725,0.8551881787167964,0.8552195343699819,0.8552443299466086,0.06468803745871933,0.3547069995399832,0.743830995396786
binary,SW,0.275,0.8526744143833123,0.8527115943803446,0.8527388897628223,0.0646438768644577,0.34742950133722417,0.7432590540047181
binary,SW,0.2775,0.8531890429687314,0.853222000980288,0.8532476554146322,0.06465292951024745,0.34110957830281335,0.7433759732261132
binary,SW,0.28,0.853358777871872,0.8533937745770913,0.8534197990115006,0.06465591390946772,0.3344305125570553,0.7434149545604648
binary,SW,0.2825,0.8518019071195422,0.8518382035033693,0.8518655473496244,0.06462851485458444,0.32718101096825053,0.7430602123338511
binary,SW,0.285,0.8529162550537444,0.8529488763724205,0.852974668684787,0.06464813176141503,0.3207708059321992,0.7433138578351388
binary,SW,0.2875,0.8514819144449669,0.8515192589865104,0.8515469142895796,0.06462287638844522,0.3132037586060723,0.7429875035005766
binary,SW,0.29,0.8519500175623828,0.8519844142006868,0.8520110005476057,0.0646311238423983,0.3064732753489911,0.7430939440470896
binary,SW,0.2925,0.8511697404141239,0.8512069724653821,0.8512345846358095,0.06461737339254271,0.2987894345371629,0.742916587959844
binary,SW,0.295,0.8506288934773223,0.8506656681889482,0.8506933492702268,0.06460783397663124,0.2913682719808364,0.7427932922138992
binary,SW,0.2975,0.8506686583960277,0.8507039491181335,0.85073139833846,0.0646085355797147,0.2840286943661808,0.7428023400582479
binary,SW,0.3,0.8498592969453419,0.8498972112026294,0.8499254772994085,0.06459424811016927,0.2759416495140144,0.7426182915794793
binary,SW,0.3025,0.8497710297460492,0.8498074695229548,0.8498354129555789,0.06459268902279888,0.2684595526182607,0.7425980371949226
binary,SW,0.305,0.8504213017375392,0.8504561774771656,0.8504837240924258,0.06460417067551084,0.2610122084675551,0.7427460335677577
binary,SW,0.3075,0.8485186430361301,0.8485586022729086,0.8485882692711695,0.0645705480882066,0.251941963986976,0.7423124157868844
binary,SW,0.31,0.8494685207092191,0.8495038159494145,0.8495315403479758,0.06458734433860465,0.2447042754284081,0.7425282068354292
binary,SW,0.3125,0.8486546074834658,0.8486937186497874,0.8487229388886198,0.06457295358498413,0.2359076302511272,0.7423419229774199
binary,SW,0.315,0.848170629766175,0.8482089884842723,0.848238187576787,0.06456438902104465,0.22738967603030322,0.7422294809821396
binary,SW,0.3175,0.8487021448169263,0.8487384558084281,0.8487670133729607,0.06457379451762232,0.2194503938525161,0.7423470990264375
binary,SW,0.32,0.8478072900446397,0.847847188123634,0.8478770598110597,0.0645579556665832,0.2102232482263657,0.7421373956544721
binary,SW,0.3225,0.847354729830182,0.8473933542895079,0.8474230973736487,0.06454993820641867,0.2012304004667167,0.7420237622977406
binary,SW,0.325,0.8474812024549119,0.8475203016862127,0.8475497494703083,0.06455217925495588,0.1924624738381113,0.7420355081420136
binary,SW,0.3275,0.8469832513734529,0.8470231271089916,0.8470532790272313,0.06454335356037422,0.1832200951309848,0.7418916724620684
binary,SW,0.33,0.8470377398262244,0.8470760248103858,0.8471058906136583,0.06454431960013943,0.174243899948048,0.7418533251463959
binary,SW,0.3325,0.8462400856686774,0.8462812319996138,0.8463120302505338,0.06453017077374443,0.16411679461897338,0.7415870602115859
binary,SW,0.335,0.8462166042901637,0.8462559674856175,0.846286302136357,0.06452975403173836,0.1549986022900835,0.7414343798950044
binary,SW,0.3375,0.8468001989087122,0.8468379013799217,0.8468678394032855,0.06454010766222151,0.14631899528921072,0.7413352408690718
binary,SW,0.34,0.8454810643425817,0.8455238674500999,0.8455556976031361,0.0645166932216926,0.1354789596243961,0.740600521363655
binary,SW,0.3425,0.8464866378622022,0.8465246163150959,0.8465545529303524,0.06453454573487155,0.1275548660413395,0.7401392995924315
binary,SW,0.345,0.8452444380656869,0.8452882227778523,0.8453203701566165,0.064512488774081,0.11680204391242069,0.7385420002152246
binary,SW,0.3475,0.8458900130562582,0.8459300051130555,0.8459606461576914,0.06452395641021447,0.10870004513347589,0.7362306437250462
binary,SW,0.35,0.8462400420066777,0.8462797578667843,0.8463108093458791,0.06453016999885507,0.10041445148167351,0.7328635554755191
binary,SW,0.3525,0.8450514946140774,0.8450988575115845,0.8451314346710935,0.06450905951124068,0.09224160239351364,0.725757635289502
binary,SW,0.355,0.8443261838389544,0.8443725404877928,0.8444047698543067,0.06449616034135339,0.08613986805808388,0.7141686357242141
binary,SW,0.3575,0.8436909271760576,0.8437365855363778,0.8437687352808177,0.06448485242237305,0.08136374052716594,0.6963384580670572
binary,SW,0.36,0.8427212465680469,0.8427670395000354,0.8427994913847834,0.0644675729768595,0.07715639796319995,0.6774169072691014
binary,SW,0.3625,0.8419873268192436,0.8420322634617169,0.8420644617907262,0.06445447974822087,0.07400763626466245,0.6532310285794091
binary,SW,0.365,0.842012923423814,0.8420561194923181,0.842087510383638,0.06445493661274143,0.07249097688819726,0.6256879035217567
binary,SW,0.3675,0.8414791406649803,0.8415228773004345,0.8415547018637707,0.06444540605809644,0.07050837955689405,0.595877146114623
binary,SW,0.37,0.8408376364654764,0.84088108756113,0.8409129354228906,0.06443394309296815,0.06872496563842047,0.5647828246127818
binary,SW,0.3725,0.8405391087078804,0.8405816213720194,0.8406130494776586,0.06442860535269462,0.06778679019383735,0.536791535114944
binary,SW,0.375,0.8401948286089855,0.8402370258102434,0.8402683870081614,0.0644224468799472,0.06693166058336306,0.5148831087170288
binary,SW,0.3775,0.8398084715100613,0.8398504181550677,0.8398817158522648,0.06441553232447766,0.06613993015615659,0.486268844078102
binary,SW,0.38,0.8398711467443173,0.8399120600457514,0.8399428186580193,0.06441665425585062,0.06603596903599225,0.4635858516415412
binary,SW,0.3825,0.8399336745353241,0.839974329081937,0.8400049588674433,0.06441777345320254,0.06593835099636944,0.4419333168152459
binary,SW,0.385,0.8399966698883818,0.8400370772829386,0.8400675818911868,0.0644189009239285,0.06584698924897758,0.4213599279589512
binary,SW,0.3875,0.8395721802088019,0.8396131085878065,0.8396439599146728,0.06441130168704572,0.06514099587483406,0.4015491192727821
binary,SW,0.39,0.8396027732276119,0.8396427040692288,0.8396730288318562,0.06441184951070952,0.06509973136959644,0.3832288331306246
binary,SW,0.3925,0.8396325404520633,0.8396722502077797,0.8397024570889244,0.06441238252527336,0.06506116616798238,0.3660220222237064
binary,SW,0.395,0.8391785425070931,0.8392187662051228,0.8392493183886587,0.06440425086540628,0.06440514798315232,0.06440551887680758
binary,SW,0.3975,0.8391798028451447,0.8392190743537955,0.8392491095310588,0.06440427344651953,0.06440514940798515,0.06440551513512108
binary,SW,0.4,0.8391802321165905,0.8392193014978728,0.8392492242785279,0.06440428113764203,0.06440515221940042,0.06440551719082376
binary,SW,0.4025,0.8391806534713124,0.8392195269612476,0.8392493397067593,0.06440428868692043,0.06440515505056853,0.06440551925872232
binary,SW,0.405,0.8391810681182358,0.8392197509090931,0.8392494554561948,0.0644042961160129,0.06440515789741061,0.06440552133237412
binary,SW,0.4075,0.8391814765820887,0.8392199734199489,0.8392495715107243,0.06440430343432017,0.06440516075756147,0.06440552341149137
binary,SW,0.41,0.8391818793172597,0.8392201945618188,0.8392496878539154,0.06440431064998624,0.06440516362902896,0.0644055254957805
binary,SW,0.4125,0.8391822767132564,0.8392204143938089,0.8392498044703547,0.06440431776998708,0.06440516651012608,0.06440552758496355
binary,SW,0.415,0.8391826691043436,0.8392206329678419,0.8392499213455233,0.06440432480031393,0.06440516939941267,0.06440552967878242
binary,SW,0.4175,0.8391830567795506,0.8392208503300923,0.8392500384654712,0.06440433174614373,0.06440517229564288,0.06440553177698617
binary,SW,0.42,0.8391834399903074,0.8392210665220129,0.8392501558172248,0.06440433861198201,0.06440517519772934,0.06440553387934136
binary,SW,0.4225,0.8391838189566966,0.8392212815811766,0.8392502733885352,0.06440434540177316,0.06440517810471326,0.0644055359856305
binary,SW,0.425,0.839184193876104,0.8392214955420467,0.8392503911675306,0.06440435211905196,0.06440518101573908,0.0644055380956393
binary,SW,0.4275,0.8391845649255277,0.8392217084363931,0.8392505091430432,0.0644043587669901,0.06440518393004045,0.06440554020916832
binary,SW,0.43,0.8391849322648798,0.8392219202935902,0.8392506273047684,0.06440436534845342,0.06440518684692632,0.06440554232603343
binary,SW,0.4325,0.8391852960403132,0.8392221311410946,0.839250745642518,0.06440437186606049,0.06440518976576934,0.06440554444605114
binary,SW,0.435,0.8391856563872633,0.8392223410045749,0.8392508641466299,0.06440437832223771,0.06440519268599817,0.06440554656904969
binary,SW,0.4375,0.8391860134299521,0.8392225499080054,0.8392509828082363,0.06440438471921131,0.06440519560709407,0.06440554869486904
binary,SW,0.44,0.8391863672848305,0.8392227578740443,0.8392511016184082,0.0644043910590667,0.06440519852858072,0.06440555082334962
binary,SW,0.4425,0.8391867180600087,0.8392229649239777,0.8392512205687983,0.06440439734374169,0.0644052014500228,0.06440555295434192
binary,SW,0.445,0.839187065855777,0.839223171077826,0.8392513396516413,0.06440440357503273,0.06440520437102386,0.06440555508770716
binary,SW,0.4475,0.8391874107671368,0.8392233763546032,0.8392514588591458,0.06440440975464293,0.06440520729121788,0.06440555722330477
binary,SW,0.45,0.8391877528828748,0.83922358077226,0.8392515781839073,0.06440441588416214,0.06440521021027008,0.06440555936100278
binary,SW,0.4525,0.8391880922856516,0.8392237843477398,0.8392516976191431,0.06440442196507085,0.06440521312787569,0.0644055615006788
binary,SW,0.455,0.83918842905442,0.8392239870972098,0.8392518171579127,0.06440442799878633,0.06440521604375202,0.06440556364221076
binary,SW,0.4575,0.8391887632632081,0.83922418903599,0.839251936793694,0.06440443398663209,0.06440521895764162,0.06440556578547962
binary,SW,0.46,0.8391890949811477,0.8392243901785914,0.8392520565204371,0.06440443992984848,0.06440522186930843,0.06440556793037752
binary,SW,0.4625,0.8391894242747168,0.8392245905389111,0.8392521763319679,0.06440444582962528,0.06440522477853496,0.0644055700767943
binary,SW,0.465,0.8391897512063689,0.8392247901301815,0.8392522962224536,0.06440445168708252,0.064405227685122,0.06440557222462577
binary,SW,0.4675,0.8391900758345947,0.8392249889649535,0.8392524161865001,0.06440445750326841,0.06440523058888799,0.06440557437377317
binary,SW,0.47,0.8391903982159884,0.8392251870553153,0.8392525362185442,0.06440446327919555,0.06440523348966451,0.06440557652413989
binary,SW,0.4725,0.839190718403877,0.8392253844128075,0.8392526563133755,0.06440446901582189,0.06440523638729799,0.06440557867563054
binary,SW,0.475,0.8391910364482613,0.8392255810484146,0.8392527764661092,0.06440447471404054,0.0644052392816484,0.06440558082815873
binary,SW,0.4775,0.8391913523977335,0.8392257769727631,0.8392528966717975,0.06440448037472503,0.06440524217258622,0.06440558298163412
binary,SW,0.48,0.83919166629827,0.8392259721960097,0.8392530169257074,0.06440448599869637,0.06440524505999291,0.06440558513597364
binary,SW,0.4825,0.8391919781925263,0.839226166727887,0.839253137223469,0.06440449158671992,0.0644052479437608,0.06440558729109841
binary,SW,0.485,0.8391922881228135,0.839226360577811,0.839253257560625,0.06440449713955408,0.06440525082379006,0.06440558944692872
binary,SW,0.4875,0.8391925961291318,0.8392265537548538,0.8392533779328641,0.06440450265791528,0.06440525369999008,0.06440559160338699
binary,SW,0.49,0.8391929022494795,0.8392267462677319,0.8392534983361367,0.0644045081424841,0.0644052565722772,0.06440559376040127
binary,SW,0.4925,0.8391932065201106,0.8392269381248633,0.8392536187665136,0.06440451359391071,0.06440525944057572,0.06440559591790003
binary,SW,0.495,0.839193508976414,0.8392271293344233,0.8392537392200599,0.06440451901282852,0.06440526230481537,0.0644055980758143
binary,SW,0.4975,0.8391938096518298,0.8392273199042817,0.839253859693086,0.06440452439983822,0.06440526516493324,0.06440560023407627
binary,SW,0.5,0.839194108578547,0.8392275098420698,0.839253980181988,0.06440452975551433,0.06440526802087047,0.06440560239262347
binary,SW,0.5025,0.839194405787741,0.8392276991552016,0.8392541006832502,0.06440453508041775,0.06440527087257447,0.06440560455139108
binary,SW,0.505,0.8391947013090466,0.8392278878508423,0.8392542211935053,0.06440454037507665,0.0644052737199966,0.06440560671031893
binary,SW,0.5075,0.8391949951714536,0.8392280759359777,0.8392543417094498,0.0644045456400134,0.0644052765630931,0.06440560886934883
binary,SW,0.51,0.8391952874021569,0.8392282634173699,0.8392544622278936,0.06440455087571344,0.06440527940182426,0.06440561102842361
binary,SW,0.5125,0.8391955780277354,0.8392284503015978,0.8392545827458436,0.06440455608265332,0.0644052822361541,0.06440561318748843
binary,SW,0.515,0.8391958670740588,0.8392286365950857,0.8392547032602705,0.06440456126129694,0.06440528506604956,0.06440561534649039
binary,SW,0.5175,0.8391961545658054,0.8392288223040754,0.8392548237683082,0.06440456641208547,0.06440528789148134,0.06440561750537759
binary,SW,0.52,0.8391964405268885,0.8392290074346644,0.839254944267127,0.06440457153544947,0.0644052907124231,0.06440561966409848
binary,SW,0.5225,0.8391967249808143,0.8392291919928008,0.8392550647539995,0.06440457663180801,0.06440529352885065,0.06440562182260569
binary,SW,0.525,0.8391970079503878,0.8392293759842959,0.8392551852262381,0.06440458170157115,0.06440529634074266,0.06440562398084985
binary,SW,0.5275,0.8391972894577371,0.8392295594148279,0.8392553056812732,0.06440458674513429,0.06440529914808056,0.0644056261387862
binary,SW,0.53,0.8391975695242704,0.839229742289941,0.839255426116572,0.06440459176288184,0.0644053019508471,0.06440562829636876
binary,SW,0.5325,0.839197848170418,0.8392299246150432,0.8392555465297643,0.06440459675517853,0.06440530474902777,0.06440563045355373
binary,SW,0.535,0.839198125416577,0.8392301063954478,0.8392556669184398,0.06440460172239174,0.06440530754261001,0.06440563261029962
binary,SW,0.5375,0.8391984012824383,0.8392302876363417,0.8392557872803281,0.06440460666487306,0.06440531033158234,0.06440563476656566
binary,SW,0.54,0.8391986757870787,0.839230468342812,0.8392559076131693,0.06440461158296416,0.06440531311593588,0.06440563692231079
binary,SW,0.5425,0.8391989489491128,0.8392306485198323,0.8392560279148362,0.06440461647699959,0.0644053158956624,0.06440563907749684
binary,SW,0.545,0.8391992207866196,0.8392308281722931,0.8392561481832347,0.06440462134730271,0.06440531867075565,0.06440564123208761
binary,SW,0.5475,0.8391994913171963,0.8392310073049726,0.8392562684163446,0.06440462619418835,0.0644053214412105,0.06440564338604463
binary,SW,0.55,0.8391997605579796,0.839231185922568,0.8392563886121542,0.06440463101796476,0.06440532420702318,0.06440564553933344
binary,SW,0.5525,0.839200028525688,0.8392313640296886,0.8392565087687928,0.06440463581892997,0.06440532696819126,0.06440564769192021
binary,SW,0.555,0.8392002952365579,0.8392315416308546,0.8392566288843968,0.06440464059737552,0.06440532972471291,0.06440564984377177
binary,SW,0.5575,0.839200560706471,0.8392317187305072,0.8392567489571716,0.06440464535358639,0.06440533247658779,0.06440565199485467
binary,SW,0.56,0.8392008249508792,0.8392318953330065,0.8392568689853828,0.06440465008783972,0.06440533522381615,0.06440565414513968
binary,SW,0.5625,0.8392010879849455,0.8392320714426464,0.8392569889673268,0.06440465480040634,0.0644053379663996,0.0644056562945957
binary,SW,0.565,0.8392013498233739,0.8392322470636423,0.839257108901371,0.06440465949155026,0.06440534070434015,0.06440565844319264
binary,SW,0.5675,0.8392016104805936,0.8392324222001265,0.8392572287859249,0.0644046641615289,0.06440534343764096,0.06440566059090262
binary,SW,0.57,0.8392018699707211,0.8392325968561819,0.8392573486194556,0.06440466881059705,0.06440534616630582,0.06440566273769893
binary,SW,0.5725,0.8392021283075978,0.8392327710358066,0.8392574684004367,0.06440467343900072,0.06440534889033932,0.0644056648835529
binary,SW,0.575,0.8392023855047104,0.8392329447429445,0.8392575881274236,0.06440467804698391,0.06440535160974684,0.06440566702843942
binary,SW,0.5775,0.8392026415753255,0.8392331179814737,0.839257707799014,0.06440468263478238,0.06440535432453383,0.06440566917233305
binary,SW,0.58,0.8392028965323947,0.8392332907552034,0.8392578274138179,0.06440468720262782,0.06440535703470743,0.06440567131520966
binary,SW,0.5825,0.83920315038862,0.8392334630678825,0.8392579469705175,0.06440469175075025,0.06440535974027466,0.06440567345704415
binary,SW,0.585,0.8392034031564474,0.8392336349232074,0.8392580664677992,0.06440469627937047,0.06440536244124342,0.06440567559781385
binary,SW,0.5875,0.8392036548480564,0.8392338063248052,0.8392581859044429,0.06440470078870769,0.06440536513762204,0.06440567773749739
binary,SW,0.59,0.8392039054754077,0.8392339772762486,0.8392583052792095,0.06440470527897602,0.06440536782941952,0.06440567987607153
binary,SW,0.5925,0.8392041550502118,0.8392341477810574,0.8392584245909169,0.0644047097503857,0.06440537051664526,0.0644056820135156
binary,SW,0.595,0.8392044035839444,0.8392343178426964,0.83925854383841,0.06440471420314142,0.06440537319930963,0.06440568414980913
binary,SW,0.5975,0.8392046510878387,0.8392344874645721,0.8392586630205832,0.06440471863744553,0.06440537587742293,0.06440568628493236
binary,SW,0.6,0.8392048975729626,0.8392346566500424,0.8392587821363504,0.06440472305349487,0.06440537855099615,0.06440568841886553
binary,SW,0.6025,0.8392051430500982,0.8392348254024141,0.8392589011846591,0.0644047274514845,0.06440538122004053,0.0644056905515902
binary,SW,0.605,0.8392053875298617,0.8392349937249423,0.839259020164477,0.06440473183160259,0.06440538388456826,0.06440569268308773
binary,SW,0.6075,0.8392056310226548,0.8392351616208362,0.8392591390748272,0.06440473619403776,0.06440538654459123,0.06440569481333912
binary,SW,0.61,0.8392058735386881,0.8392353290932555,0.8392592579147409,0.06440474053897069,0.0644053892001218,0.06440569694232884
binary,SW,0.6125,0.8392061150879373,0.8392354961453187,0.8392593766832869,0.06440474486658229,0.06440539185117351,0.06440569907003953
binary,SW,0.615,0.8392063556802495,0.8392356627800964,0.8392594953795388,0.06440474917704762,0.06440539449775921,0.06440570119645514
binary,SW,0.6175,0.8392065953252196,0.8392358290006144,0.839259614002636,0.06440475347053795,0.06440539713989234,0.06440570332156016
binary,SW,0.62,0.8392068340322898,0.8392359948098678,0.8392597325517187,0.0644047577472246,0.06440539977758672,0.06440570544533883
binary,SW,0.6225,0.8392070718107438,0.8392361602107957,0.8392598510259621,0.06440476200727234,0.06440540241085654,0.06440570756777658
binary,SW,0.625,0.8392073086696445,0.839236325206309,0.839259969424549,0.06440476625084413,0.06440540503971584,0.06440570968885773
binary,SW,0.6275,0.8392075446179614,0.8392364897992844,0.8392600877467078,0.06440477047810002,0.06440540766417907,0.06440571180856954
binary,SW,0.63,0.8392077796644426,0.8392366539925477,0.8392602059916663,0.06440477468919788,0.0644054102842613,0.06440571392689808
binary,SW,0.6325,0.8392080138177034,0.8392368177889017,0.8392603241586944,0.06440477888429183,0.06440541289997634,0.06440571604383033
binary,SW,0.635,0.8392082470862223,0.839236981191111,0.839260442247077,0.06440478306353165,0.06440541551134009,0.06440571815935371
binary,SW,0.6375,0.8392084794782773,0.8392371442019025,0.8392605602561322,0.0644047872270685,0.06440541811836727,0.06440572027345536
binary,SW,0.64,0.8392087110020549,0.8392373068239768,0.8392606781851748,0.06440479137504891,0.06440542072107246,0.064405722386123
binary,SW,0.6425,0.8392089416656202,0.8392374690600009,0.8392607960335823,0.06440479550761519,0.06440542331947167,0.06440572449734534
binary,SW,0.645,0.8392091714768493,0.8392376309126082,0.8392609138006872,0.06440479962491034,0.06440542591357985,0.06440572660711134
binary,SW,0.6475,0.8392094004435364,0.8392377923844121,0.8392610314858944,0.06440480372707307,0.06440542850341263,0.06440572871541016
binary,SW,0.65,0.8392096285733321,0.8392379534779828,0.8392611490886298,0.06440480781424114,0.06440543108898517,0.06440573082223101
binary,SW,0.6525,0.8392098558737345,0.839238114195873,0.839261266608319,0.06440481188654891,0.06440543367031303,0.0644057329275638
binary,SW,0.655,0.8392100823521965,0.8392382745406076,0.8392613840443741,0.06440481594412922,0.06440543624741188,0.06440573503139725
binary,SW,0.6575,0.8392103080160209,0.8392384345146763,0.8392615013962941,0.0644048199871123,0.06440543882029724,0.06440573713372377
binary,SW,0.66,0.8392105328723938,0.8392385941205518,0.8392616186635409,0.06440482401562879,0.06440544138898471,0.06440573923453413
binary,SW,0.6625,0.8392107569283985,0.8392387533606754,0.8392617358456265,0.06440482802980445,0.0644054439534898,0.0644057413338163
binary,SW,0.665,0.8392109801910193,0.8392389122374664,0.8392618529420626,0.06440483202976541,0.06440544651382785,0.06440574343156491
binary,SW,0.6675,0.8392112026671544,0.8392390707533206,0.8392619699523662,0.0644048360156339,0.06440544907001478,0.06440574552777059
binary,SW,0.67,0.8392114243635913,0.8392392289106105,0.8392620868761158,0.0644048399875317,0.06440545162206586,0.06440574762242411
binary,SW,0.6725,0.8392116452870155,0.8392393867116773,0.8392622037128222,0.06440484394557966,0.06440545416999675,0.06440574971551878
binary,SW,0.675,0.8392118654440446,0.8392395441588494,0.8392623204621154,0.06440484788989531,0.06440545671382289,0.06440575180704708
binary,SW,0.6775,0.8392120848411772,0.8392397012544235,0.8392624371235813,0.06440485182059642,0.06440545925356002,0.06440575389700134
binary,SW,0.68,0.8392123034848673,0.8392398580006883,0.8392625536967815,0.06440485573779668,0.0644054617892231,0.06440575598537476
binary,SW,0.6825,0.8392125213814361,0.8392400143998914,0.8392626701813901,0.06440485964161152,0.06440546432082793,0.06440575807216053
binary,SW,0.685,0.8392127385371472,0.8392401704542745,0.8392627865770208,0.06440486353215127,0.06440546684838995,0.06440576015735135
binary,SW,0.6875,0.8392129549581986,0.83924032616605,0.8392629028833078,0.06440486740952836,0.06440546937192423,0.06440576224094154
binary,SW,0.69,0.8392131706506859,0.8392404815374112,0.8392630190999274,0.06440487127385104,0.06440547189144626,0.06440576432292529
binary,SW,0.6925,0.8392133856206411,0.8392406365705375,0.8392631352265706,0.06440487512522806,0.06440547440697106,0.0644057664032967
binary,SW,0.695,0.83921359987401,0.8392407912675772,0.8392632512628894,0.06440487896376537,0.06440547691851405,0.06440576848204933
binary,SW,0.6975,0.8392138134166877,0.8392409456306643,0.8392633672085998,0.06440488278956875,0.06440547942609028,0.0644057705591792
binary,SW,0.7,0.8392140262544746,0.8392410996619138,0.8392634830634097,0.06440488660274338,0.0644054819297147,0.06440577263467973
binary,SW,0.7025,0.8392142383931139,0.8392412533634206,0.8392635988270473,0.06440489040339023,0.06440548442940267,0.0644057747085462
binary,SW,0.705,0.8392144498382773,0.8392414067372646,0.8392637144992494,0.06440489419161217,0.064405486925169,0.0644057767807751
binary,SW,0.7075,0.8392146605955776,0.8392415597854991,0.8392638300797544,0.06440489796750878,0.06440548941702888,0.06440577885136065
binary,SW,0.71,0.8392148706705397,0.8392417125101584,0.8392639455683005,0.06440490173118031,0.06440549190499678,0.0644057809202981
binary,SW,0.7125,0.8392150800686692,0.8392418649132675,0.8392640609646861,0.06440490548272368,0.06440549438908788,0.06440578298758488
binary,SW,0.715,0.8392152887953551,0.8392420169968271,0.8392641762686539,0.06440490922223846,0.06440549686931694,0.06440578505321556
binary,SW,0.7175,0.8392154968559652,0.8392421687628194,0.8392642914800255,0.0644049129498164,0.0644054993456986,0.06440578711718688
binary,SW,0.72,0.8392157042557827,0.8392423202132073,0.8392644065985689,0.0644049166655568,0.0644055018182476,0.06440578917949423
binary,SW,0.7225,0.8392159110000416,0.8392424713499431,0.8392645216241071,0.0644049203695497,0.06440550428697835,0.06440579124013608
binary,SW,0.725,0.8392161170938991,0.8392426221749577,0.8392646365564391,0.06440492406189043,0.0644055067519058,0.06440579329910753
binary,SW,0.7275,0.8392163225425062,0.8392427726901593,0.8392647513954175,0.06440492774266851,0.06440550921304415,0.06440579535640563
binary,SW,0.73,0.8392165273509039,0.8392429228974496,0.8392648661408347,0.06440493141197698,0.0644055116704079,0.0644057974120285
binary,SW,0.7325,0.8392167315240797,0.8392430727987041,0.8392649807925633,0.06440493506990377,0.06440551412401152,0.06440579946597182
binary,SW,0.735,0.839216935066998,0.8392432223957845,0.8392650953504391,0.06440493871653682,0.06440551657386952,0.06440580151823459
binary,SW,0.7375,0.8392171379845422,0.8392433716905382,0.8392652098143399,0.0644049423519663,0.06440551901999579,0.06440580356881208
binary,SW,0.74,0.8392173402815608,0.8392435206847914,0.8392653241841075,0.06440494597627697,0.06440552146240497,0.06440580561770426
binary,SW,0.7425,0.8392175419628594,0.8392436693803619,0.8392654384596451,0.06440494958955505,0.0644055239011111,0.06440580766490693
binary,SW,0.745,0.839217743033139,0.8392438177790409,0.8392655526408068,0.06440495319188504,0.06440552633612821,0.06440580971041845
binary,SW,0.7475,0.8392179434970863,0.839243965882613,0.8392656667274891,0.06440495678335262,0.06440552876747038,0.06440581175423772
binary,SW,0.75,0.8392181433593663,0.8392441136928426,0.8392657807196046,0.06440496036403884,0.06440553119515179,0.06440581379636282
binary,SW,0.7525,0.839218342624535,0.8392442612114751,0.8392658946170334,0.06440496393402642,0.0644055336191863,0.06440581583679063
binary,SW,0.755,0.8392185412971422,0.8392444084402488,0.8392660084197137,0.06440496749339748,0.06440553603958786,0.06440581787552109
binary,SW,0.7575,0.8392187393816714,0.8392445553808798,0.8392661221275498,0.0644049710422316,0.06440553845637026,0.06440581991255198
binary,SW,0.76,0.8392189368825679,0.8392447020350714,0.8392662357404477,0.06440497458060733,0.06440554086954747,0.06440582194788232
binary,SW,0.7625,0.8392191338041946,0.839244848404512,0.8392663492583754,0.06440497810860504,0.06440554327913299,0.0644058239815099
binary,SW,0.765,0.8392193301509202,0.8392449944908733,0.8392664626812582,0.06440498162630272,0.06440554568514052,0.06440582601343471
binary,SW,0.7675,0.839219525927058,0.839245140295816,0.8392665760090195,0.06440498513377611,0.06440554808758372,0.0644058280436564
binary,SW,0.77,0.8392197211368275,0.8392452858209795,0.8392666892416232,0.06440498863110117,0.06440555048647653,0.06440583007217174
binary,SW,0.7725,0.8392199157844569,0.8392454310679969,0.8392668023790504,0.06440499211835497,0.06440555288183208,0.06440583209898232
binary,SW,0.775,0.8392201098741046,0.8392455760384803,0.8392669154212236,0.06440499559561155,0.064405555273664,0.0644058341240862
binary,SW,0.7775,0.83922030340989,0.8392457207340318,0.8392670283681103,0.06440499906294331,0.06440555766198579,0.06440583614748228
binary,SW,0.78,0.8392204963959128,0.8392458651562376,0.8392671412197187,0.06440500252042487,0.06440556004681053,0.06440583816917143
binary,SW,0.7825,0.839220688836169,0.839246009306668,0.8392672539760009,0.06440500596812891,0.06440556242815187,0.06440584018915246
binary,SW,0.785,0.8392208807346765,0.8392461531868847,0.8392673666369315,0.0644050094061254,0.06440556480602296,0.06440584220742569
binary,SW,0.7875,0.8392210720953712,0.8392462967984277,0.8392674792025282,0.06440501283448573,0.06440556718043705,0.06440584422399036
binary,SW,0.79,0.8392212629221887,0.8392464401428352,0.8392675916727538,0.06440501625328045,0.06440556955140712,0.06440584623884552
binary,SW,0.7925,0.8392214532189612,0.8392465832216204,0.8392677040476277,0.06440501966257864,0.06440557191894641,0.0644058482519928
binary,SW,0.795,0.8392216429895523,0.8392467260362899,0.839267816327141,0.06440502306244769,0.06440557428306824,0.06440585026343118
binary,SW,0.7975,0.839221832237722,0.8392468685883356,0.8392679285113143,0.06440502645295723,0.06440557664378505,0.06440585227316178
binary,SW,0.8,0.8392220209672329,0.8392470108792361,0.8392680406001436,0.06440502983417395,0.06440557900111005,0.06440585428118398
binary,SW,0.8025,0.8392222091818027,0.8392471529104581,0.8392681525936504,0.06440503320616378,0.06440558135505643,0.06440585628749752
binary,SW,0.805,0.8392223968850957,0.8392472946834538,0.8392682644918615,0.0644050365689935,0.06440558370563643,0.0644058582921036
binary,SW,0.8075,0.8392225840807449,0.8392474361996645,0.8392683762947852,0.06440503992272766,0.0644055860528635,0.06440586029500293
binary,SW,0.81,0.839222770772357,0.8392475774605137,0.8392684880024763,0.06440504326743013,0.06440558839674963,0.06440586229619559
binary,SW,0.8125,0.8392229569634793,0.8392477184674244,0.839268599614943,0.06440504660316587,0.06440559073730848,0.06440586429568268
binary,SW,0.815,0.839223142657642,0.8392478592217939,0.8392687111322371,0.0644050499299968,0.0644055930745519,0.06440586629346323
binary,SW,0.8175,0.8392233278583574,0.8392479997250176,0.8392688225543834,0.06440505324798661,0.06440559540849286,0.06440586828954051
binary,SW,0.82,0.8392235125690306,0.8392481399784748,0.839268933881455,0.06440505655719687,0.06440559773914327,0.06440587028391315
binary,SW,0.8225,0.8392236967931246,0.8392482799835329,0.8392690451134739,0.06440505985768767,0.06440560006651637,0.06440587227658306
binary,SW,0.825,0.8392238805339906,0.8392484197415437,0.8392691562504826,0.06440506314952163,0.06440560239062425,0.06440587426755016
binary,SW,0.8275,0.8392240637949928,0.8392485592538592,0.839269267292578,0.06440506643275627,0.0644056047114794,0.0644058762568171
binary,SW,0.83,0.839224246579429,0.839248698521807,0.8392693782397769,0.06440506970745354,0.06440560702909359,0.0644058782443832
binary,SW,0.8325,0.8392244288906199,0.8392488375467099,0.8392694890921394,0.06440507297367071,0.06440560934348027,0.06440588023025055
binary,SW,0.835,0.8392246107317698,0.8392489763298807,0.8392695998497662,0.06440507623146678,0.0644056116546503,0.06440588221442035
binary,SW,0.8375,0.839224792106114,0.8392491148726168,0.8392697105126897,0.06440507948089741,0.06440561396261685,0.0644058841968936
binary,SW,0.84,0.8392249730168433,0.8392492531762078,0.8392698210809972,0.06440508272202256,0.06440561626739127,0.06440588617767065
binary,SW,0.8425,0.8392251534670995,0.8392493912419278,0.8392699315547568,0.06440508595489679,0.06440561856898627,0.06440588815675521
binary,SW,0.845,0.8392253334599894,0.8392495290710488,0.8392700419340502,0.06440508917957691,0.06440562086741324,0.06440589013414595
binary,SW,0.8475,0.8392255129986328,0.8392496666648246,0.8392701522189582,0.06440509239611693,0.06440562316268462,0.0644058921098456
binary,SW,0.85,0.8392256920860599,0.839249804024498,0.8392702624095549,0.06440509560457405,0.06440562545481206,0.0644058940838555
binary,SW,0.8525,0.8392258707253185,0.8392499411513086,0.8392703725059133,0.0644050988049998,0.06440562774380751,0.06440589605617679
binary,SW,0.855,0.8392260489193888,0.8392500780464798,0.8392704825081533,0.06440510199744927,0.06440563002968268,0.06440589802681222
binary,SW,0.8575,0.8392262266712508,0.8392502147112273,0.8392705924163332,0.06440510518197592,0.06440563231244929,0.06440589999576171
binary,SW,0.86,0.8392264039838362,0.8392503511467538,0.8392707022305582,0.0644051083586313,0.06440563459211915,0.0644059019630282
binary,SW,0.8625,0.8392265808600571,0.8392504873542532,0.8392708119509225,0.0644051115274687,0.06440563686870367,0.06440590392861248
binary,SW,0.865,0.8392267573028079,0.8392506233349147,0.839270921577512,0.06440511468853964,0.06440563914221471,0.06440590589251659
binary,SW,0.8675,0.8392269333149198,0.839250759089908,0.8392710311104388,0.06440511784189452,0.06440564141266389,0.06440590785474311
binary,SW,0.87,0.8392271088992437,0.8392508946204056,0.8392711405498063,0.06440512098758398,0.06440564368006213,0.06440590981529253
binary,SW,0.8725,0.839227284058538,0.8392510299275608,0.8392712498957077,0.06440512412565878,0.06440564594442129,0.06440591177416774
binary,SW,0.875,0.8392274587956233,0.8392511650125143,0.8392713591482486,0.06440512725616908,0.06440564820575272,0.06440591373136997
binary,SW,0.8775,0.8392276331132074,0.839251299876409,0.8392714683075481,0.0644051303791617,0.06440565046406763,0.06440591568690185
binary,SW,0.88,0.8392278070140132,0.8392514345203731,0.8392715773737025,0.06440513349468789,0.0644056527193774,0.06440591764076387
binary,SW,0.8825,0.8392279805007477,0.8392515689455224,0.8392716863468246,0.06440513660279489,0.06440565497169337,0.06440591959295931
binary,SW,0.885,0.8392281535760531,0.8392517031529675,0.8392717952270384,0.06440513970353007,0.06440565722102609,0.0644059215434912
binary,SW,0.8875,0.83922832624259,0.8392518371438118,0.8392719040144476,0.06440514279694096,0.06440565946738724,0.0644059234923594
binary,SW,0.89,0.8392284985029482,0.8392519709191435,0.8392720127091647,0.06440514588307422,0.06440566171078803,0.0644059254395664
binary,SW,0.8925,0.8392286703597426,0.8392521044800454,0.8392721213113219,0.06440514896197733,0.06440566395123892,0.06440592738511546
binary,SW,0.895,0.8392288418155248,0.8392522378275938,0.8392722298210274,0.06440515203369504,0.06440566618875124,0.06440592932900759
binary,SW,0.8975,0.8392290128728214,0.8392523709628557,0.8392723382384176,0.0644051550982732,0.06440566842333552,0.06440593127124584
binary,SW,0.9,0.8392291835341761,0.839252503886891,0.8392724465636068,0.06440515815575673,0.06440567065500354,0.06440593321183231
binary,SW,0.9025,0.839229353802068,0.8392526366007397,0.839272554796713,0.06440516120618996,0.06440567288376521,0.06440593515076891
binary,SW,0.905,0.8392295236789505,0.8392527691054491,0.8392726629378858,0.06440516424961869,0.06440567510963155,0.0644059370880584
binary,SW,0.9075,0.8392296931672995,0.8392529014020517,0.839272770987228,0.06440516728608546,0.06440567733261324,0.06440593902370195
binary,SW,0.91,0.8392298622695133,0.8392530334915692,0.8392728789448777,0.06440517031563361,0.06440567955272115,0.06440594095770334
binary,SW,0.9125,0.8392300309880061,0.8392531653750198,0.8392729868109632,0.06440517333830592,0.06440568176996556,0.06440594289006389
binary,SW,0.915,0.8392301993251411,0.8392532970534075,0.8392730945856328,0.06440517635414589,0.06440568398435731,0.06440594482078643
binary,SW,0.9175,0.8392303672832804,0.8392534285277413,0.839273202268987,0.06440517936319545,0.06440568619590695,0.06440594674987234
binary,SW,0.92,0.8392305348647723,0.8392535597990052,0.8392733098611944,0.06440518236549636,0.06440568840462439,0.06440594867732571
binary,SW,0.9225,0.8392307020718983,0.8392536908681881,0.8392734173623728,0.06440518536108958,0.06440569061052077,0.06440595060314759
binary,SW,0.925,0.8392308689069705,0.8392538217362658,0.8392735247726667,0.06440518835001632,0.0644056928136061,0.06440595252734117
binary,SW,0.9275,0.8392310353722588,0.8392539524042092,0.8392736320922041,0.06440519133231826,0.06440569501389082,0.06440595444990885
binary,SW,0.93,0.839231201469995,0.8392540828729775,0.8392737393211401,0.06440519430803439,0.06440569721138481,0.06440595637085302
binary,SW,0.9325,0.8392313672024297,0.8392542131435287,0.8392738464595975,0.0644051972772049,0.06440569940609867,0.06440595829017669
binary,SW,0.935,0.8392315325717438,0.8392543432168124,0.8392739535077368,0.06440520023987,0.06440570159804258,0.06440596020788115
binary,SW,0.9375,0.8392316975801432,0.8392544730937623,0.8392740604656893,0.06440520319606745,0.0644057037872264,0.0644059621239696
binary,SW,0.94,0.8392318622297863,0.8392546027753147,0.8392741673335904,0.06440520614583778,0.06440570597366042,0.06440596403844513
binary,SW,0.9425,0.8392320265228217,0.8392547322623964,0.8392742741116036,0.06440520908921832,0.0644057081573545,0.0644059659513098
binary,SW,0.945,0.8392321904613758,0.8392548615559252,0.8392743807998538,0.06440521202624833,0.06440571033831904,0.06440596786256689
binary,SW,0.9475,0.8392323540475766,0.8392549906568132,0.839274487398498,0.06440521495696412,0.06440571251656313,0.0644059697722171
binary,SW,0.95,0.8392325172834886,0.8392551195659645,0.8392745939076921,0.06440521788140419,0.0644057146920974,0.06440597168026599
binary,SW,0.9525,0.8392326801711772,0.8392552482842814,0.8392747003275663,0.06440522079960456,0.06440571686493116,0.0644059735867142
binary,SW,0.955,0.8392328427127342,0.839255376812648,0.8392748066582916,0.06440522371160368,0.06440571903507479,0.0644059754915644
binary,SW,0.9575,0.839233004910154,0.8392555051519556,0.8392749129000026,0.06440522661743678,0.06440572120253724,0.06440597739482007
binary,SW,0.96,0.8392331667654614,0.8392556333030746,0.8392750190528346,0.06440522951713964,0.06440572336732892,0.064405979296483
binary,SW,0.9625,0.8392333282806727,0.8392557612668855,0.8392751251169683,0.06440523241074982,0.06440572552945903,0.06440598119655716
binary,SW,0.965,0.8392334894577501,0.839255889044249,0.8392752310925476,0.06440523529830088,0.06440572768893751,0.0644059830950442
binary,SW,0.9675,0.8392336502986599,0.8392560166360257,0.8392753369796959,0.06440523817982895,0.06440572984577349,0.06440598499194711
binary,SW,0.97,0.839233810805348,0.8392561440430679,0.8392754427786081,0.06440524105536895,0.06440573199997675,0.06440598688726921
binary,SW,0.9725,0.8392339709797427,0.8392562712662206,0.8392755484894342,0.06440524392495493,0.06440573415155663,0.06440598878101268
binary,SW,0.975,0.8392341308237636,0.8392563983063206,0.8392756541122963,0.0644052467886214,0.06440573630052258,0.06440599067317987
binary,SW,0.9775,0.8392342903393057,0.8392565251642056,0.8392757596473716,0.06440524964640258,0.06440573844688376,0.064405992563774
binary,SW,0.98,0.8392344495282362,0.8392566518407029,0.8392758650948207,0.06440525249833176,0.0644057405906498,0.06440599445279914
binary,SW,0.9825,0.8392346083924072,0.8392567783366329,0.8392759704547811,0.06440525534444162,0.06440574273183007,0.06440599634025611
binary,SW,0.985,0.8392347669336889,0.8392569046528118,0.8392760757274247,0.06440525818476649,0.06440574487043349,0.0644059982261488
binary,SW,0.9875,0.8392349251539141,0.8392570307900464,0.8392761809129071,0.06440526101933897,0.0644057470064691,0.06440600011047866
binary,SW,0.99,0.8392350830548678,0.839257156749146,0.8392762860113616,0.06440526384819178,0.06440574913994616,0.06440600199325106
binary,SW,0.9925,0.8392352406383657,0.8392572825309036,0.8392763910230016,0.06440526667135502,0.06440575127087443,0.06440600387446606
binary,SW,0.995,0.8392353979061797,0.8392574081361152,0.8392764959479309,0.0644052694888643,0.06440575339926184,0.06440600575412846
binary,SW,0.9975,0.8392355548600979,0.8392575335655649,0.8392766007863295,0.06440527230074766,0.06440575552511808,0.0644060076322405
binary,SW,1.0,0.8392357115018594,0.8392576588200356,0.839276705538363,0.06440527510703871,0.06440575764845206,0.0644060095088052
binary,CPA,0.0,3.563168103726604,3.563168103726503,3.563168103726604,0.09359800846899222,0.093598008468993,0.09359800846899222
binary,CPA,0.0025,3.562571243205258,3.5631714833816197,3.563741693380638,0.09358150508797378,0.09359852387289223,0.09361386192806809
binary,CPA,0.005,3.562575526949833,3.56317490455113,3.563731979774411,0.09358162355953008,0.09359900089134496,0.09361359350656902
binary,CPA,0.0075,3.562580654867387,3.5631783803959687,3.5637253131723488,0.09358176537712438,0.09359944558810693,0.09361340928358201
binary,CPA,0.01,3.5625858772023298,3.563181900795792,3.563720143491642,0.0935819098054035,0.09359986198532722,0.09361326642550025
binary,CPA,0.0125,3.562591191728113,3.563185464104724,3.563715783020812,0.09358205678275586,0.09360025278150129,0.09361314592858884
binary,CPA,0.015,3.562596596621479,3.563189068668861,3.56371194261457,0.09358220625873387,0.09360062020052688,0.09361303980279465
binary,CPA,0.0175,3.562602089951783,3.563192712804014,3.5637084748158308,0.09358235817991495,0.09360096615613676,0.09361294397339612
binary,CPA,0.02,3.562607669724689,3.563196394777817,3.563705295615089,0.09358251249111456,0.09360129233297605,0.09361285611892729
binary,CPA,0.0225,3.562613334046669,3.5632001128847737,3.563702351908643,0.09358266913994212,0.09360160023142874,0.09361277477196975
binary,CPA,0.025,3.562619081113183,3.563203865450176,3.5636996080233003,0.09358282807646406,0.0936018911992716,0.09361269894675407
binary,CPA,0.0275,3.562624909209743,3.5632076508368327,3.563697038700778,0.09358298925323694,0.09360216645439291,0.09361262794531953
binary,CPA,0.03,3.56263081670662,3.56321146744706,3.563694625286632,0.09358315262516313,0.09360242710231484,0.09361256125218688
binary,CPA,0.0325,3.562636802052427,3.563215313722502,3.563692353518206,0.09358331814931434,0.09360267415023885,0.0936124984732428
binary,CPA,0.035,3.562642863767109,3.5632191881427553,3.563690212170934,0.0935834857847296,0.09360290851860338,0.09361243929831528
binary,CPA,0.0375,3.562649000435378,3.563223089223538,3.563688192192075,0.09358365549224584,0.09360313105077868,0.09361238347725184
binary,CPA,0.04,3.562655210701331,3.563227015514727,3.563686286125596,0.09358382723433958,0.09360334252132231,0.09361233080402871
binary,CPA,0.0425,3.562661493263045,3.5632309655983203,3.563684487718302,0.09358400097497668,0.09360354364307848,0.09361228110584977
binary,CPA,0.045,3.5626678468681363,3.56323493808658,3.563682791641838,0.09358417667949849,0.09360373507334255,0.09361223423547839
binary,CPA,0.0475,3.562674270310025,3.5632389316202193,3.563681193292807,0.09358435431451531,0.0936039174192497,0.09361219006571629
binary,CPA,0.05,3.562680762424334,3.563242944866753,3.563679688645053,0.09358453384779997,0.09360409124251041,0.09361214848530433
binary,CPA,0.0525,3.5626873220858872,3.563246976518885,3.563678274139022,0.09358471524820718,0.09360425706359526,0.09361210939589164
binary,CPA,0.055,3.562693948206046,3.563251025293195,3.56367694659732,0.09358489848561316,0.09360441536544696,0.09361207270967081
binary,CPA,0.0575,3.562700639730434,3.563255089928774,3.563675703159281,0.09358508353082716,0.09360456659678698,0.09361203834759946
binary,CPA,0.06,3.56270739563658,3.5632591691859723,3.563674541229609,0.09358527035555493,0.09360471117506826,0.09361200623796631
binary,CPA,0.0625,3.562714214932373,3.5632632618453313,3.563673458437578,0.09358545893233021,0.09360484948912151,0.09361197631525432
binary,CPA,0.065,3.562721096654013,3.563267366706508,3.563672452604138,0.09358564923448211,0.09360498190153502,0.09361194851925642
binary,CPA,0.0675,3.562728039864747,3.563271482587325,3.563671521715549,0.09358584123608213,0.09360510875079593,0.09361192279432529
binary,CPA,0.07,3.562735043653453,3.563275608322855,3.563670663901264,0.09358603491190182,0.09360523035322657,0.09361189908877629
binary,CPA,0.0725,3.562742107133355,3.563279742764497,3.563669877416015,0.09358623023740247,0.09360534700474014,0.09361187735437934
binary,CPA,0.075,3.562749229440965,3.5632838847792327,3.5636691606248103,0.09358642718867954,0.09360545898243046,0.09361185754595698
binary,CPA,0.0775,3.5627564097351434,3.563288033248781,3.5636685119902523,0.09358662574244733,0.09360556654602709,0.09361183962102433
binary,CPA,0.08,3.5627636471960322,3.563292187068794,3.56366793006183,0.0935868258760121,0.09360566993922537,0.09361182353949828
binary,CPA,0.0825,3.562770941024339,3.5632963451480792,3.563667413466761,0.09358702756724643,0.0936057693909078,0.09361180926344863
binary,CPA,0.085,3.5627782904402108,3.563300506407794,3.56366696090238,0.09358723079456581,0.09360586511627814,0.0936117967568782
binary,CPA,0.0875,3.562785694682403,3.563304669780562,3.563666571129151,0.09358743553689294,0.09360595731791697,0.09361178598552883
binary,CPA,0.09,3.562793153006912,3.563308834209459,3.563666242964916,0.09358764177362872,0.09360604618677543,0.09361177691673549
binary,CPA,0.0925,3.562800664685164,3.563312998646977,3.56366597527967,0.09358784948460838,0.09360613190312714,0.09361176951927624
binary,CPA,0.095,3.562808229001682,3.56331716205375,3.563665766991072,0.0935880586500247,0.09360621463748038,0.09361176376323456
binary,CPA,0.0975,3.562815845250719,3.563321323397084,3.563665617060348,0.09358826925033853,0.09360629455147969,0.09361175961990904
binary,CPA,0.1,3.562823512731338,3.563325481649204,3.563665524488525,0.09358848126613928,0.0936063717987954,0.0936117570616918
binary,CPA,0.1025,3.562831230740354,3.5633296357851467,3.563665488313034,0.09358869467797275,0.09360644652602883,0.09361175606198566
binary,CPA,0.105,3.562838998562975,3.563333784780363,3.563665507604551,0.0935889094660392,0.0936065188736318,0.0936117565951033
binary,CPA,0.1075,3.562846815459538,3.563337927607763,3.5636655814638414,0.09358912560987188,0.09360658897685918,0.09361175863620119
binary,CPA,0.11,3.562854680647879,3.563342063234355,3.563665709018826,0.09358934308781854,0.09360665696675496,0.09361176216117528
binary,CPA,0.1125,3.562862593280014,3.563346190617436,3.563665889421346,0.09358956187640823,0.09360672297117488,0.09361176714658645
binary,CPA,0.115,3.562870552411757,3.563350308700159,3.563666121844075,0.09358978194951567,0.09360678711584011,0.0936117735695707
binary,CPA,0.1175,3.56287855696397,3.5633544164069333,3.563666405477023,0.09359000327727965,0.09360684952540395,0.09361178140774465
binary,CPA,0.12,3.562886605673682,3.5633585126382727,3.563666739523816,0.09359022582475425,0.09360691032451354,0.09361179063910129
binary,CPA,0.1225,3.562894697033502,3.563362596265844,3.563667123197607,0.09359044955024666,0.09360696963881433,0.09361180124188906
binary,CPA,0.125,3.562902829217991,3.56336666612766,3.563667555716292,0.0935906744032582,0.09360702759585773,0.09361181319449893
binary,CPA,0.1275,3.562910999996627,3.563370721024004,3.563668036297383,0.09359090032210107,0.09360708432582664,0.09361182647530658
binary,CPA,0.13,3.562919206633509,3.563374759714689,3.5636685641519468,0.09359112723110674,0.09360713996200284,0.09361184106250639
binary,CPA,0.1325,3.562927445776317,3.563378780918338,3.563669138478099,0.09359135503757043,0.09360719464088656,0.09361185693393563
binary,CPA,0.135,3.562935713340102,3.563382783314344,3.5636697584533183,0.09359158362853608,0.09360724850186948,0.09361187406686376
binary,CPA,0.1375,3.5629440043948026,3.563386765548291,3.563670423226901,0.093591812867676,0.09360730168640481,0.0936118924377796
binary,CPA,0.14,3.56295231306845,3.563390726241448,3.5636711319112617,0.09359204259262359,0.0936073543366343,0.0936119120221526
binary,CPA,0.1425,3.562960632485648,3.563394664004522,3.563671883573805,0.09359227261327789,0.09360740659350678,0.09361193279421101
binary,CPA,0.145,3.562968954755281,3.563398577455427,3.563672677229015,0.09359250271145719,0.09360745859447646,0.09361195472672063
binary,CPA,0.1475,3.562977271023948,3.563402465240555,3.563673511831929,0.09359273264238062,0.09360751047094462,0.09361197779079451
binary,CPA,0.15,3.562985571604587,3.563406326058023,3.563674386273089,0.0935929621382203,0.09360756234565974,0.0936120019557766
binary,CPA,0.1525,3.562993846177267,3.563410158681498,3.563675299376235,0.09359319091365996,0.09360761433030641,0.09361202718916013
binary,CPA,0.155,3.563002084050479,3.563413961982528,3.5636762498987933,0.09359341867311502,0.09360766652350457,0.09361205345660197
binary,CPA,0.1575,3.563010274460344,3.563417734949875,3.563677236535289,0.09359364511900971,0.09360771900938664,0.09361208072202483
binary,CPA,0.16,3.563018406880225,3.563421476704434,3.563678257923834,0.0935938699603273,0.09360777185683532,0.09361210894779054
binary,CPA,0.1625,3.563026471310824,3.563425186508875,3.563679312655237,0.09359409292064723,0.09360782511939614,0.09361213809495365
binary,CPA,0.165,3.563034458527936,3.563428863771869,3.563680399283654,0.09359431374497504,0.09360787883580192,0.09361216812355783
binary,CPA,0.1675,3.563042360272177,3.563432508047222,3.563681516339101,0.09359453220499983,0.09360793303099504,0.09361219899297915
binary,CPA,0.17,3.56305016937261,3.5634361190286077,3.5636826623396898,0.09359474810251016,0.09360798771750811,0.09361223066226416
binary,CPA,0.1725,3.563057879805842,3.563439696540765,3.563683835804322,0.0935949612710167,0.09360804289705801,0.09361226309048373
binary,CPA,0.175,3.5630654867010714,3.563443240528374,3.563685035263883,0.09359517157590584,0.09360809856223026,0.0936122962370333
binary,CPA,0.1775,3.563072986298356,3.563446751043484,3.563686259271683,0.09359537891327434,0.09360815469813819,0.09361233006193141
binary,CPA,0.18,3.56308037587334,3.563450228232235,3.563687506412401,0.09359558320784904,0.09360821128399753,0.09361236452607055
binary,CPA,0.1825,3.5630876536408387,3.563453672321761,3.563688775309234,0.09359578441032441,0.09360826829454812,0.09361239959139919
binary,CPA,0.185,3.5630948186457796,3.563457083607508,3.563690064629755,0.09359598249434561,0.09360832570130903,0.09361243522109225
binary,CPA,0.1875,3.563101870656078,3.563460462441662,3.563691373090153,0.0935961774535425,0.09360838347365116,0.09361247137967449
binary,CPA,0.19,3.563108810051455,3.5634638092224478,3.563692699458183,0.09359636929845577,0.09360844157969277,0.09361250803309053
binary,CPA,0.1925,3.56311566131614,3.563467139153077,3.563694048672766,0.09359655870594273,0.09360850030975461,0.09361254531781996
binary,CPA,0.195,3.563122390900781,3.563470435485808,3.563695420131434,0.09359674474869824,0.09360855933003864,0.0936125832172176
binary,CPA,0.1975,3.563129011357614,3.563473700819239,3.5636968057193923,0.09359692777370572,0.09360861857800658,0.09361262150703391
binary,CPA,0.2,3.5631355245246312,3.563476935648998,3.563698204484601,0.09359710783181616,0.09360867802315752,0.09361266016095268
binary,CPA,0.2025,3.563141932529227,3.56348014049712,3.563699615474117,0.09359728498188508,0.0936087376358648,0.09361269915264848
binary,CPA,0.205,3.563148237640191,3.563483315891035,3.563701037786676,0.0935974592866723,0.09360879738778806,0.09361273845720693
binary,CPA,0.2075,3.5631544422255192,3.56348646235999,3.5637024705704063,0.09359763081167884,0.09360885725198173,0.09361277805109089
binary,CPA,0.21,3.563160527528714,3.563489568289876,3.563703907931281,0.09359779903847691,0.09360891693472013,0.09361281777142465
binary,CPA,0.2125,3.563166528427368,3.563492648309451,3.563705348812975,0.09359796493117196,0.09360897666414388,0.09361285758900752
binary,CPA,0.215,3.563172436456805,3.5634957012408868,3.563706798153648,0.09359812825584633,0.09360903644106348,0.0936128976403075
binary,CPA,0.2175,3.5631782540492547,3.563498727584305,3.563708255273763,0.09359828907977759,0.09360909624416713,0.09361293790654673
binary,CPA,0.22,3.5631839836259567,3.563501727834145,3.5637097195265857,0.09359844746992363,0.09360915605353526,0.09361297836984757
binary,CPA,0.2225,3.563189627571862,3.563504702476304,3.563711190302427,0.09359860349224534,0.09360921585061735,0.09361301901336797
binary,CPA,0.225,3.5631951882259383,3.563507651987409,3.563712667026503,0.09359875721142852,0.09360927561817486,0.09361305982121733
binary,CPA,0.2275,3.563200667872982,3.563510576834364,3.5637141491571462,0.0935989086906618,0.09360933534021855,0.09361310077843218
binary,CPA,0.23,3.5632060687413047,3.563513477474104,3.563715636183717,0.09359905799156785,0.09360939500194142,0.09361314187089896
binary,CPA,0.2325,3.563211392997793,3.5635163543533213,3.563717127624944,0.09359920517407216,0.09360945458965259,0.09361318308531298
binary,CPA,0.235,3.5632166427459353,3.5635192079083278,3.563718623027182,0.09359935029635112,0.09360951409070963,0.09361322440914474
binary,CPA,0.2375,3.563221820024754,3.563522038565154,3.563720121962906,0.09359949341479162,0.09360957349345576,0.09361326583057805
binary,CPA,0.24,3.563226926808493,3.563524846739444,3.563721624028955,0.09359963458398628,0.09360963278715626,0.09361330733847098
binary,CPA,0.2425,3.563231965006612,3.563527632836651,3.563723128845412,0.0935997738567405,0.0936096919619401,0.0936133489223227
binary,CPA,0.245,3.563236936464889,3.563530397252118,3.563724636054001,0.09359991128410403,0.09360975100874291,0.09361339057223508
binary,CPA,0.2475,3.563241842966358,3.563533140371286,3.563726145316822,0.09360004691537745,0.09360980991925046,0.093613432278871
binary,CPA,0.25,3.563246686231863,3.563535862569816,3.563727656315201,0.09360018079815076,0.09360986868585029,0.09361347403342453
binary,CPA,0.2525,3.5632514679217566,3.563538564213823,3.563729168748778,0.09360031297834025,0.0936099273015813,0.09361351582759042
binary,CPA,0.255,3.563256189639108,3.563541245660197,3.5637306823339507,0.09360044350027515,0.0936099857600879,0.09361355765353396
binary,CPA,0.2575,3.563260852929647,3.563543907256743,3.5637321968033433,0.09360057240670233,0.0936100440555774,0.09361359950387112
binary,CPA,0.26,3.563265459285142,3.563546549342415,3.563733711904643,0.09360069973887201,0.09361010218278104,0.09361364137162309
binary,CPA,0.2625,3.563270010145129,3.563549172247625,3.56373522739968,0.09360082553658897,0.09361016013691287,0.093613683250213
binary,CPA,0.265,3.563274506898225,3.563551776294418,3.563736743063805,0.0936009498382585,0.09361021791363976,0.09361372513343057
binary,CPA,0.2675,3.563278950883866,3.563554361796787,3.563738258684951,0.09360107268091795,0.09361027550904459,0.09361376701541592
binary,CPA,0.27,3.563283343394856,3.563556929060822,3.563739774063001,0.0936011941003125,0.09361033291959815,0.09361380889063742
binary,CPA,0.2725,3.563287685679128,3.563559478385,3.5637412890090756,0.09360131413095873,0.09361039014213013,0.09361385075387946
binary,CPA,0.275,3.56329197894135,3.563562010060415,3.563742803344962,0.09360143280616441,0.09361044717380511,0.09361389260021653
binary,CPA,0.2775,3.563296224344882,3.5635645243709813,3.563744316902308,0.09360155015809828,0.09361050401209632,0.0936139344249932
binary,CPA,0.28,3.563300423013372,3.563567021593632,3.563745829522349,0.09360166621783807,0.09361056065476522,0.09361397622382699
binary,CPA,0.2825,3.563304576032454,3.5635695019985683,3.563747341055325,0.09360178101539457,0.0936106170998402,0.09361401799257432
binary,CPA,0.285,3.5633086844511173,3.563571965849426,3.56374885135966,0.09360189457978262,0.09361067334559779,0.0936140597273294
binary,CPA,0.2875,3.563312749283364,3.563574413403543,3.5637503603019383,0.09360200693904125,0.09361072939054471,0.0936141014244017
binary,CPA,0.29,3.563316771509552,3.563576844912025,3.563751867756228,0.09360211812027312,0.09361078523340156,0.09361414308031153
binary,CPA,0.2925,3.563320752077602,3.563579260620078,3.563753373603706,0.09360222814969639,0.09361084087308646,0.09361418469177533
binary,CPA,0.295,3.5633246919045214,3.563581660767126,3.563754877732327,0.09360233705266632,0.09361089630870242,0.09361422625570089
binary,CPA,0.2975,3.5633285918775113,3.5635840455869596,3.563756380036429,0.09360244485371484,0.09361095153952081,0.09361426776916162
binary,CPA,0.3,3.563332452854972,3.563586415307981,3.563757880416251,0.09360255157658331,0.09361100656497308,0.09361430922940428
binary,CPA,0.3025,3.5633362756679907,3.563588770153258,3.563759378777948,0.09360265724424459,0.09361106138463468,0.09361435063384002
binary,CPA,0.305,3.563340061121485,3.56359111034085,3.5637608750329273,0.09360276187896029,0.09361111599821752,0.09361439198001555
binary,CPA,0.3075,3.5633438099950943,3.563593436083856,3.563762369097789,0.09360286550229044,0.09361117040555816,0.09361443326562775
binary,CPA,0.31,3.563347523044346,3.5635957475905222,3.563763860893966,0.09360296813512385,0.09361122460660905,0.09361447448850764
binary,CPA,0.3125,3.563351201001353,3.563598045064511,3.5637653503475177,0.09360306979770426,0.09361127860142905,0.09361451564660911
binary,CPA,0.315,3.563354844576031,3.563600328704927,3.563766837388802,0.09360317050966445,0.09361133239017685,0.0936145567380105
binary,CPA,0.3175,3.563358454456795,3.563602598706558,3.563768321952399,0.09360327029003851,0.09361138597310226,0.09361459776090231
binary,CPA,0.32,3.5633620313114958,3.563604855259879,3.563769803976766,0.09360336915729686,0.0936114393505391,0.0936146387135853
binary,CPA,0.3225,3.5633655757882,3.563607098551295,3.563771283404064,0.09360346712935266,0.09361149252290002,0.09361467959446268
binary,CPA,0.325,3.5633690885160068,3.563609328763184,3.56377276018008,0.09360356422360315,0.09361154549066934,0.09361472040203388
binary,CPA,0.3275,3.563372570105678,3.563611546074047,3.563774234253827,0.09360366045694067,0.09361159825439748,0.09361476113489316
binary,CPA,0.33,3.563376021150521,3.563613750658604,3.5637757055776462,0.09360375584576865,0.09361165081469705,0.09361480179171966
binary,CPA,0.3325,3.563379442226778,3.563615942687927,3.563777174106756,0.09360385040602258,0.09361170317223584,0.09361484237128208
binary,CPA,0.335,3.563382833894606,3.563618122329486,3.563778639799294,0.09360394415318661,0.09361175532773448,0.09361488287241988
binary,CPA,0.3375,3.563386196698311,3.563620289747323,3.5637801026161817,0.0936040371023149,0.09361180728196128,0.09361492329405227
binary,CPA,0.34,3.563389531167152,3.563622445102108,3.563781562520918,0.09360412926804036,0.09361185903572879,0.09361496363517352
binary,CPA,0.3425,3.5633928378158988,3.5636245885512077,3.563783019479409,0.09360422066459981,0.0936119105898886,0.09361500389484204
binary,CPA,0.345,3.563396117145204,3.563626720248846,3.563784473459951,0.0936043113058345,0.0936119619453303,0.09361504407218023
binary,CPA,0.3475,3.563399369641953,3.5636288403461216,3.563785924433037,0.09360440120520583,0.0936120131029769,0.09361508416637189
binary,CPA,0.35,3.563402595780109,3.563630948991131,3.563787372371327,0.09360449037581817,0.09361206406378196,0.0936151241766656
binary,CPA,0.3525,3.563405796021264,3.563633046329037,3.563788817249447,0.09360457883044271,0.09361211482872647,0.09361516410235925
binary,CPA,0.355,3.5634089708148853,3.563635132502155,3.563790259043866,0.09360466658149813,0.09361216539881813,0.0936152039428029
binary,CPA,0.3575,3.563412120598588,3.563637207650027,3.5637916977329938,0.09360475364109165,0.09361221577508626,0.0936152436973976
binary,CPA,0.36,3.563415245798876,3.563639271909503,3.563793133296927,0.09360484002101098,0.09361226595858164,0.09361528336559413
binary,CPA,0.3625,3.5634183468310763,3.5636413254147508,3.563794565717377,0.09360492573274228,0.09361231595037295,0.09361532294689118
binary,CPA,0.365,3.563421424100125,3.563643368297494,3.563795994977634,0.09360501078748514,0.09361236575154588,0.09361536244082344
binary,CPA,0.3675,3.563424478000633,3.56364540068681,3.563797421062455,0.09360509519614593,0.09361241536320146,0.09361540184697167
binary,CPA,0.37,3.563427508917424,3.5636474227094492,3.5637988439581108,0.09360517896936499,0.09361246478645278,0.09361544116495524
binary,CPA,0.3725,3.563430517225791,3.563649434489741,3.5638002636520953,0.09360526211752634,0.0936125140224251,0.09361548039443254
binary,CPA,0.375,3.563433503291753,3.563651436149754,3.5638016801332517,0.09360534465074354,0.09361256307225412,0.09361551953509288
binary,CPA,0.3775,3.5634364674725263,3.563653427809267,3.563803093391663,0.0936054265788941,0.09361261193708326,0.0936155585866612
binary,CPA,0.38,3.563439410116584,3.563655409585838,3.563804503418535,0.09360550791161346,0.09361266061806353,0.09361559754889816
binary,CPA,0.3825,3.5634423315641772,3.563657381594958,3.563805910206189,0.09360558865831466,0.09361270911635239,0.09361563642158671
binary,CPA,0.385,3.563445232147387,3.563659343949996,3.563807313747999,0.09360566882817418,0.09361275743311373,0.09361567520454991
binary,CPA,0.3875,3.5634481121905868,3.563661296762236,3.5638087140383012,0.09360574843016371,0.09361280556951318,0.09361571389762953
binary,CPA,0.39,3.5634509720104868,3.563663240141058,3.5638101110725,0.09360582747304201,0.09361285352672084,0.09361575250069644
binary,CPA,0.3925,3.563453811916484,3.56366517419384,3.5638115048467722,0.09360590596535692,0.09361290130590917,0.09361579101364641
binary,CPA,0.395,3.563456632210944,3.563667099026102,3.563812895358219,0.09360598391547516,0.09361294890825199,0.09361582943640058
binary,CPA,0.3975,3.563459433189143,3.563669014741498,3.56381428260482,0.09360606133156057,0.09361299633492383,0.093615867768905
binary,CPA,0.4,3.563462215139914,3.563670921441879,3.5638156665851852,0.09360613822159314,0.0936130435870988,0.0936159060111156
binary,CPA,0.4025,3.563464978345355,3.5636728192273424,3.563817047298828,0.09360621459338392,0.09361309066595055,0.09361594416302527
binary,CPA,0.405,3.563467723081442,3.5636747081962508,3.563818424745846,0.09360629045455143,0.09361313757265172,0.09361598222463605
binary,CPA,0.4075,3.563470449617928,3.5636765884452983,3.563819798927098,0.09360636581256225,0.09361318430837214,0.09361602019596953
binary,CPA,0.41,3.5634731630437977,3.5636784629539227,3.563821171502041,0.09360644080805888,0.09361323094396042,0.09361605812288018
binary,CPA,0.4125,3.563475856488261,3.563680328622162,3.5638225417643774,0.09360651525116538,0.09361327741268408,0.09361609598585219
binary,CPA,0.415,3.563478532486671,3.563682185821885,3.563823908733773,0.09360658921194887,0.09361332371308151,0.0936161337578008
binary,CPA,0.4175,3.563481191278979,3.563684034643137,3.563825272416752,0.09360666269704165,0.09361336984633281,0.09361617143890198
binary,CPA,0.42,3.563483833107461,3.5636858751753357,3.5638266328175257,0.09360673571314457,0.09361341581360627,0.09361620902927233
binary,CPA,0.4225,3.563486458209312,3.563687707506378,3.563827989940914,0.09360680826681636,0.0936134616160656,0.093616246529049
binary,CPA,0.425,3.5634890668166497,3.563689531722715,3.563829343792064,0.09360688036447304,0.09361350725486851,0.09361628393837487
binary,CPA,0.4275,3.563491659156771,3.563691347909401,3.5638306943766898,0.09360695201240021,0.09361355273116709,0.09361632125740123
binary,CPA,0.43,3.5634942354522923,3.563693156150102,3.563832041700775,0.09360702321675239,0.09361359804610772,0.0936163584863016
binary,CPA,0.4325,3.563496795921202,3.56369495652717,3.563833385770811,0.09360709398356011,0.09361364320083096,0.09361639562524747
binary,CPA,0.435,3.56349934077706,3.5636967491215628,3.563834726593594,0.09360716431872225,0.09361368819646992,0.09361643267443473
binary,CPA,0.4375,3.563501870229053,3.563698534013034,3.5638360641763307,0.09360723422802754,0.09361373303415191,0.09361646963405838
binary,CPA,0.44,3.563504384482232,3.563700311279996,3.563837398526481,0.09360730371714192,0.09361377771499739,0.09361650650432589
binary,CPA,0.4425,3.563506883737418,3.563702080999699,3.563838729651921,0.09360737279161871,0.09361382224011836,0.09361654328545653
binary,CPA,0.445,3.563509368191566,3.563703843248141,3.5638400575606903,0.09360744145690524,0.09361386661062203,0.09361657997766937
binary,CPA,0.4475,3.5635118380375936,3.563705598100118,3.5638413822612582,0.09360750971833645,0.09361391082760671,0.09361661658120186
binary,CPA,0.45,3.5635142934647788,3.563707345629304,3.56384270376229,0.09360757758114027,0.09361395489216338,0.09361665309629134
binary,CPA,0.4525,3.563516734658676,3.563709085908246,3.56384402207269,0.0936076450504529,0.09361399880537562,0.09361668952318833
binary,CPA,0.455,3.563519161801228,3.5637108190083326,3.563845337201589,0.09360771213130417,0.0936140425683202,0.09361672586213801
binary,CPA,0.4575,3.563521575070889,3.563712544999899,3.5638466491584238,0.09360777882862475,0.09361408618206439,0.09361676211340755
binary,CPA,0.46,3.563523974642683,3.563714263952228,3.563847957952761,0.0936078451472525,0.09361412964766883,0.09361679827725947
binary,CPA,0.4625,3.5635263606883076,3.56371597593351,3.5638492635944257,0.09360791109194157,0.09361417296618633,0.09361683435396675
binary,CPA,0.465,3.563528733376274,3.563717681010968,3.563850566093345,0.09360797666734921,0.09361421613866092,0.093616870343804
binary,CPA,0.4675,3.563531092871953,3.56371937925077,3.563851865459754,0.09360804187804084,0.09361425916612898,0.09361690624704966
binary,CPA,0.47,3.563533439337501,3.56372107071814,3.5638531617039573,0.09360810672850943,0.09361430204961942,0.09361694206399124
binary,CPA,0.4725,3.563535772932223,3.5637227554773316,3.5638544548364113,0.09360817122315254,0.0936143447901522,0.09361697779492191
binary,CPA,0.475,3.563538093812428,3.563724433591666,3.563855744867778,0.09360823536629298,0.09361438738873938,0.09361701344013196
binary,CPA,0.4775,3.563540402131538,3.5637261051235067,3.563857031808788,0.09360829916217643,0.09361442984638542,0.09361704899991827
binary,CPA,0.48,3.563542698040253,3.563727770134347,3.563858315670388,0.09360836261496382,0.0936144721640856,0.09361708447458693
binary,CPA,0.4825,3.563544981686451,3.563729428684749,3.5638595964635607,0.09360842572875126,0.09361451434282804,0.09361711986443806
binary,CPA,0.485,3.5635472532154586,3.5637310808344758,3.563860874199487,0.09360848850754999,0.09361455638359183,0.09361715516978354
binary,CPA,0.4875,3.5635495127699803,3.563732726642359,3.563862148889299,0.0936085509553089,0.09361459828734908,0.09361719039092947
binary,CPA,0.49,3.563551760490241,3.563734366166429,3.563863420544437,0.09360861307590228,0.09361464005506213,0.09361722552819429
binary,CPA,0.4925,3.5635539965139347,3.563735999463916,3.563864689176211,0.09360867487313829,0.09361468168768647,0.0936172605818846
binary,CPA,0.495,3.5635562209763267,3.563737626591202,3.5638659547961797,0.09360873635076059,0.09361472318616898,0.09361729555232882
binary,CPA,0.4975,3.5635584340104103,3.5637392476038943,3.56386721741591,0.09360879751244083,0.09361476455144835,0.0936173304398418
binary,CPA,0.5,3.563560635746835,3.563740862556847,3.563868477047036,0.09360885836179476,0.09361480578445557,0.09361736524474336
binary,CPA,0.5025,3.5635628263139862,3.563742471504125,3.563869733701209,0.09360891890236846,0.09361484688611281,0.09361739996736065
binary,CPA,0.505,3.5635650058380492,3.563744074499057,3.5638709873902807,0.0936089791376549,0.09361488785733518,0.0936174346080162
binary,CPA,0.5075,3.563567174443154,3.563745671594227,3.563872238126002,0.09360903907108342,0.09361492869902971,0.09361746916703877
binary,CPA,0.51,3.563569332251158,3.563747262841521,3.563873485920233,0.09360909870602394,0.0936149694120939,0.0936175036447549
binary,CPA,0.5125,3.563571479382018,3.5637488482921063,3.563874730784892,0.09360915804579398,0.09361500999741973,0.0936175380414948
binary,CPA,0.515,3.5635736159536178,3.563750427996484,3.56387597273195,0.09360921709365151,0.09361505045588978,0.0936175723575894
binary,CPA,0.5175,3.5635757420818917,3.563752002004413,3.563877211773319,0.09360927585280175,0.09361509078837832,0.09361760659336685
binary,CPA,0.52,3.563577857880868,3.563753570365055,3.563878447920986,0.093609334326395,0.09361513099575401,0.09361764074915785
binary,CPA,0.5225,3.563579963462701,3.563755133126865,3.5638796811870472,0.09360939251753794,0.09361517107887603,0.0936176748253006
binary,CPA,0.525,3.563582058937675,3.563756690337682,3.5638809115834666,0.09360945042927671,0.0936152110385956,0.09361770882212428
binary,CPA,0.5275,3.5635841444143157,3.5637582420447047,3.5638821391223177,0.09360950806461042,0.0936152508757577,0.09361774273995906
binary,CPA,0.53,3.563586219999369,3.5637597882944987,3.56388336381573,0.09360956542649115,0.09361529059119832,0.09361777657914248
binary,CPA,0.5325,3.563588285797892,3.5637613291330488,3.5638845856757078,0.09360962251782513,0.09361533018574744,0.09361781034001011
binary,CPA,0.535,3.563590341913279,3.563762864605711,3.563885804714363,0.09360967934146687,0.09361536966022607,0.09361784402289437
binary,CPA,0.5375,3.5635923884471787,3.563764394757269,3.563887020943793,0.09360973590023194,0.09361540901544906,0.09361787762812644
binary,CPA,0.54,3.563594425499759,3.5637659196319147,3.563888234376041,0.0936097921968875,0.09361544825222277,0.09361791115604384
binary,CPA,0.5425,3.563596453169541,3.563767439273289,3.563889445023182,0.0936098482341574,0.09361548737134645,0.09361794460697989
binary,CPA,0.545,3.563598471553505,3.563768953724462,3.563890652897383,0.09360990401472241,0.09361552637361366,0.09361797798126617
binary,CPA,0.5475,3.5636004807471378,3.563770463027959,3.563891858010617,0.09360995954122181,0.0936155652598085,0.09361801127923873
binary,CPA,0.55,3.563602480844433,3.563771967225769,3.563893060374968,0.09361001481625536,0.09361560403070938,0.09361804450123007
binary,CPA,0.5525,3.563604471937909,3.563773466359344,3.563894260002483,0.09361006984238308,0.09361564268708714,0.09361807764757425
binary,CPA,0.555,3.563606454118769,3.563774960469611,3.563895456905164,0.09361012462212222,0.09361568122970569,0.09361811071860039
binary,CPA,0.5575,3.563608427476664,3.563776449597011,3.563896651095025,0.09361017915795582,0.09361571965932189,0.09361814371464543
binary,CPA,0.56,3.5636103921000477,3.5637779337814393,3.563897842584054,0.0936102334523283,0.0936157579766863,0.09361817663603611
binary,CPA,0.5625,3.56361234807594,3.563779413062333,3.563899031384217,0.09361028750764065,0.0936157961825422,0.09361820948310488
binary,CPA,0.565,3.56361429549007,3.563780887478636,3.563900217507454,0.09361034132626668,0.09361583427762571,0.0936182422561807
binary,CPA,0.5675,3.5636162344268443,3.563782357068779,3.563901400965669,0.09361039491054474,0.09361587226266702,0.09361827495559231
binary,CPA,0.57,3.563618164969513,3.563783821870781,3.56390258177071,0.09361044826276778,0.09361591013838887,0.09361830758167339
binary,CPA,0.5725,3.563620087200015,3.5637852819221347,3.563903759934491,0.09361050138520811,0.09361594790550805,0.09361834013474454
binary,CPA,0.575,3.563622001199078,3.563786737259927,3.563904935468829,0.09361055428009375,0.09361598556473467,0.09361837261513954
binary,CPA,0.5775,3.563623907046334,3.563788187920772,3.563906108385438,0.09361060694962556,0.09361602311677264,0.09361840502317782
binary,CPA,0.58,3.5636258048201257,3.563789633940845,3.563907278696174,0.09361065939597339,0.09361606056231868,0.09361843735918794
binary,CPA,0.5825,3.563627694597765,3.563791075355888,3.563908446412683,0.09361071162127435,0.09361609790206413,0.0936184696234936
binary,CPA,0.585,3.5636295764553862,3.563792512201237,3.563909611546711,0.09361076362762835,0.09361613513669316,0.09361850181642041
binary,CPA,0.5875,3.563631450468029,3.5637939445118,3.56391077410984,0.09361081541711486,0.09361617226688448,0.09361853393828452
binary,CPA,0.59,3.5636333167097303,3.5637953723220157,3.5639119341137473,0.0936108669917786,0.0936162092933105,0.09361856598941065
binary,CPA,0.5925,3.563635175253327,3.563796795666005,3.563913091569964,0.09361091835363276,0.093616246216637,0.09361859797011701
binary,CPA,0.595,3.56363702617078,3.563798214577446,3.563914246490015,0.0936109695046709,0.09361628303752421,0.09361862988072281
binary,CPA,0.5975,3.563638869532973,3.563799629089627,3.5639153988854297,0.0936110204468493,0.09361631975662642,0.09361866172154668
binary,CPA,0.6,3.563640705409789,3.563801039235428,3.563916548767602,0.09361107118209862,0.0936163563745917,0.09361869349290383
binary,CPA,0.6025,3.563642533870113,3.563802445047377,3.563917696147911,0.09361112171232483,0.09361639289206249,0.09361872519511344
binary,CPA,0.605,3.5636443549819017,3.563803846557626,3.56391884103778,0.09361117203941022,0.09361642930967554,0.09361875682848193
binary,CPA,0.6075,3.563646168812177,3.563805243797946,3.563919983448501,0.0936112221652032,0.09361646562806115,0.09361878839332537
binary,CPA,0.61,3.563647975427018,3.563806636799738,3.56392112339134,0.09361127209152974,0.09361650184784492,0.09361881988995925
binary,CPA,0.6125,3.563649774891603,3.563808025594055,3.563922260877473,0.09361132182019608,0.09361653796964649,0.09361885131868666
binary,CPA,0.615,3.563651567270255,3.563809410211614,3.56392339591812,0.0936113713529796,0.09361657399407984,0.09361888267982248
binary,CPA,0.6175,3.5636533526263148,3.5638107906827514,3.563924528524397,0.0936114206916311,0.0936166099217531,0.09361891397367088
binary,CPA,0.62,3.563655131022421,3.563812167037487,3.563925658707394,0.09361146983787905,0.09361664575326901,0.0936189452005397
binary,CPA,0.6225,3.56365690252029,3.5638135393054937,3.563926786478083,0.09361151879343231,0.09361668148922671,0.09361897636073183
binary,CPA,0.625,3.5636586671807158,3.5638149075161043,3.563927911847513,0.09361156755997395,0.09361671713021685,0.09361900745455541
binary,CPA,0.6275,3.5636604250638877,3.563816271698339,3.5639290348265447,0.09361161613916398,0.09361675267682687,0.09361903848230482
binary,CPA,0.63,3.563662176229024,3.563817631880913,3.563930155426122,0.093611664532645,0.09361678812963883,0.09361906944428777
binary,CPA,0.6325,3.5636639207346628,3.563818988092183,3.5639312736570408,0.09361171274202698,0.0936168234892293,0.0936191003408002
binary,CPA,0.635,3.563665658638446,3.56382034036021,3.563932389530091,0.0936117607689122,0.09361685875616994,0.09361913117214138
binary,CPA,0.6375,3.563667389997418,3.56382168871276,3.563933503055985,0.09361180861487245,0.09361689393102675,0.09361916193860573
binary,CPA,0.64,3.5636691148677624,3.563823033177298,3.563934614245395,0.0936118562814611,0.09361692901436114,0.09361919264049229
binary,CPA,0.6425,3.5636708333050087,3.563824373780959,3.563935723109009,0.09361190377021675,0.09361696400672988,0.09361922327809206
binary,CPA,0.645,3.563672545363879,3.563825710550624,3.563936829657337,0.09361195108264961,0.0936169989086844,0.09361925385169739
binary,CPA,0.6475,3.563674251098532,3.56382704351287,3.5639379339008967,0.09361199822025679,0.0936170337207712,0.09361928436160138
binary,CPA,0.65,3.563675950562257,3.563828372693955,3.5639390358501752,0.09361204518451194,0.09361706844353195,0.09361931480809091
binary,CPA,0.6525,3.563677643807783,3.563829698119922,3.563940135515572,0.0936120919768739,0.09361710307750457,0.09361934519145317
binary,CPA,0.655,3.563679330887153,3.5638310198164778,3.563941232907532,0.09361213859878112,0.09361713762322096,0.09361937551197622
binary,CPA,0.6575,3.563681011851691,3.563832337809068,3.563942328036254,0.09361218505165333,0.093617172081209,0.09361940576994664
binary,CPA,0.66,3.5636826867521543,3.5638336521229173,3.563943420912083,0.09361223133688953,0.09361720645199162,0.09361943596564526
binary,CPA,0.6625,3.563684355638567,3.563834962782897,3.563944511545174,0.09361227745587684,0.09361724073608749,0.09361946609935753
binary,CPA,0.665,3.563686018560452,3.5638362698137023,3.563945599945679,0.09361232340998583,0.09361727493401083,0.09361949617135706
binary,CPA,0.6675,3.5636876755665967,3.5638375732397036,3.5639466861237277,0.09361236920055964,0.09361730904627162,0.09361952618193382
binary,CPA,0.67,3.563689326705282,3.563838873085074,3.563947770089356,0.0936124148289391,0.09361734307337385,0.09361955613135554
binary,CPA,0.6725,3.56369097202408,3.563840169373704,3.5639488518525657,0.09361246029643439,0.09361737701581944,0.09361958601990411
binary,CPA,0.675,3.5636926115700938,3.563841462129218,3.563949931423305,0.09361250560435094,0.09361741087410468,0.09361961584785533
binary,CPA,0.6775,3.563694245389804,3.563842751375049,3.5639510088113964,0.0936125507539725,0.0936174446487219,0.09361964561547884
binary,CPA,0.68,3.563695873529074,3.563844037134329,3.56395208402674,0.09361259574656913,0.09361747834015854,0.09361967532304581
binary,CPA,0.6825,3.563697496033284,3.563845319430016,3.563953157079124,0.09361264058338939,0.09361751194889915,0.09361970497083041
binary,CPA,0.685,3.56369911294725,3.563846598284786,3.5639542279782472,0.09361268526568034,0.09361754547542281,0.09361973455909905
binary,CPA,0.6875,3.563700724315218,3.563847873721091,3.563955296733821,0.09361272979465701,0.09361757892020534,0.0936197640881213
binary,CPA,0.69,3.563702330180918,3.563849145761191,3.563956363355421,0.09361277417153427,0.09361761228371838,0.09361979355816043
binary,CPA,0.6925,3.5637039305875513,3.563850414427079,3.563957427852666,0.09361281839750626,0.09361764556642921,0.09361982296948432
binary,CPA,0.695,3.563705525577842,3.563851679740527,3.563958490235049,0.09361286247375325,0.09361767876880137,0.09361985232235283
binary,CPA,0.6975,3.5637071151939317,3.563852941723139,3.563959550512039,0.09361290640143917,0.0936177118912948,0.09361988161702973
binary,CPA,0.7,3.5637086994775227,3.563854200396241,3.563960608693046,0.09361295018171471,0.09361774493436478,0.09361991085377422
binary,CPA,0.7025,3.563710278469828,3.563855455780991,3.5639616647874233,0.09361299381572566,0.09361777789846348,0.09361994003284636
binary,CPA,0.705,3.563711852211575,3.563856707898324,3.5639627188044782,0.09361303730459121,0.09361781078403852,0.09361996915450452
binary,CPA,0.7075,3.563713420742968,3.563857956768946,3.5639637707535297,0.09361308064943073,0.09361784359153481,0.09361999821899968
binary,CPA,0.71,3.56371498410383,3.563859202413404,3.5639648206437298,0.09361312385133597,0.0936178763213927,0.09362002722658855
binary,CPA,0.7125,3.563716542333443,3.563860444852009,3.56396586848423,0.09361316691139736,0.09361790897404886,0.09362005617752883
binary,CPA,0.715,3.563718095470672,3.563861684104864,3.563966914284144,0.09361320983068998,0.09361794154993643,0.09362008507206372
binary,CPA,0.7175,3.563719643553941,3.5638629201919128,3.5639679580525017,0.09361325261027505,0.0936179740494858,0.09362011391045161
binary,CPA,0.72,3.5637211866211747,3.563864153132905,3.5639689997983397,0.09361329525120195,0.0936180064731218,0.09362014269293595
binary,CPA,0.7225,3.563722724709945,3.563865382947339,3.563970039530533,0.09361333775451144,0.09361803882126839,0.09362017141976366
binary,CPA,0.725,3.5637242578574013,3.563866609654596,3.563971077258091,0.09361338012122376,0.09361807109434343,0.09362020009118721
binary,CPA,0.7275,3.563725786100198,3.563867833273832,3.563972112989794,0.09361342235235935,0.09361810329276289,0.09362022870744137
binary,CPA,0.73,3.5637273094746162,3.563869053824035,3.563973146734408,0.09361346444891688,0.09361813541693902,0.09362025726877837
binary,CPA,0.7325,3.563728828016547,3.563870271324023,3.563974178500764,0.09361350641189244,0.09361816746728002,0.09362028577543424
binary,CPA,0.735,3.563730341761461,3.563871485792388,3.5639752082974647,0.09361354824225938,0.09361819944419165,0.09362031422765209
binary,CPA,0.7375,3.563731850744437,3.563872697247597,3.563976236133183,0.0936135899409944,0.09361823134807655,0.09362034262567102
binary,CPA,0.74,3.563733355000123,3.5638739057079203,3.5639772620165933,0.09361363150905534,0.09361826317933253,0.09362037096972606
binary,CPA,0.7425,3.5637348545628638,3.563875111191464,3.563978285956129,0.09361367294738804,0.09361829493835545,0.09362039926005555
binary,CPA,0.745,3.563736349466553,3.563876313716137,3.563979307960342,0.09361371425693353,0.09361832662553779,0.09362042749689446
binary,CPA,0.7475,3.5637378397447628,3.563877513299723,3.5639803280377373,0.09361375543861498,0.09361835824126807,0.09362045568047747
binary,CPA,0.75,3.563739325430729,3.563878709959816,3.563981346196586,0.09361379649335065,0.09361838978593308,0.09362048381103197
binary,CPA,0.7525,3.563740806557152,3.563879903713821,3.563982362445321,0.09361383742205422,0.0936184212599153,0.09362051188879217
binary,CPA,0.755,3.563742283156605,3.563881094579062,3.5639833767922107,0.09361387822561613,0.09361845266359416,0.09362053991398882
binary,CPA,0.7575,3.563743755261167,3.563882282572596,3.563984389245547,0.09361391890492719,0.09361848399734703,0.09362056788684596
binary,CPA,0.76,3.563745222902595,3.563883467711445,3.5639853998135163,0.09361395946086379,0.0936185152615473,0.09362059580759627
binary,CPA,0.7625,3.563746686112373,3.563884650012343,3.56398640850425,0.09361399989429718,0.09361854645656506,0.09362062367645914
binary,CPA,0.765,3.563748144921513,3.5638858294919733,3.5639874153258857,0.0936140402060861,0.09361857758276922,0.09362065149366292
binary,CPA,0.7675,3.563749599360822,3.5638870061668193,3.563988420286523,0.093614080397081,0.09361860864052343,0.09362067925942633
binary,CPA,0.77,3.5637510494607634,3.563888180053234,3.563989423394106,0.09361412046812406,0.09361863963019043,0.09362070697397748
binary,CPA,0.7725,3.563752495251385,3.563889351167411,3.563990424656688,0.09361416042004655,0.09361867055212839,0.09362073463753029
binary,CPA,0.775,3.563753936762525,3.563890519525391,3.56399142408209,0.09361420025367306,0.09361870140669407,0.09362076225030624
binary,CPA,0.7775,3.5637553740236427,3.563891685143088,3.563992421678258,0.09361423996981429,0.09361873219424079,0.09362078981252789
binary,CPA,0.78,3.5637568070639323,3.563892848036277,3.5639934174530072,0.09361427956928334,0.09361876291511906,0.09362081732440045
binary,CPA,0.7825,3.5637582359122333,3.563894008220564,3.563994411414114,0.09361431905287544,0.09361879356967628,0.09362084478614974
binary,CPA,0.785,3.563759660597121,3.563895165711433,3.563995403569339,0.09361435842138059,0.09361882415825834,0.09362087219798544
binary,CPA,0.7875,3.563761081146889,3.563896320524245,3.563996393926364,0.0936143976755783,0.0936188546812068,0.09362089956012258
binary,CPA,0.79,3.563762497589486,3.563897472674214,3.5639973824928317,0.09361443681624358,0.0936188851388621,0.09362092687276563
binary,CPA,0.7925,3.56376390995263,3.563898622176386,3.563998369276376,0.09361447584414156,0.09361891553156106,0.09362095413613176
binary,CPA,0.795,3.563765318263681,3.563899769045721,3.563999354284496,0.09361451476003267,0.09361894585963758,0.0936209813504306
binary,CPA,0.7975,3.563766722549844,3.5639009132970423,3.56400033752478,0.09361455356466383,0.09361897612342386,0.09362100851586415
binary,CPA,0.8,3.5637681228379408,3.5639020549450118,3.564001319004685,0.09361459225877801,0.09361900632324939,0.09362103563264212
binary,CPA,0.8025,3.563769519154489,3.56390319400421,3.56400229873159,0.09361463084311074,0.0936190364594406,0.09362106270097052
binary,CPA,0.805,3.563770911525843,3.563904330489049,3.564003276712929,0.09361466931838858,0.09361906653232195,0.09362108972105278
binary,CPA,0.8075,3.563772299978064,3.5639054644138413,3.564004252956007,0.0936147076853302,0.09361909654221486,0.09362111669309163
binary,CPA,0.81,3.563773684536913,3.563906595792754,3.564005227468164,0.09361474594464841,0.0936191264894386,0.09362114361728933
binary,CPA,0.8125,3.563775065227929,3.5639077246398503,3.5640062002566277,0.09361478409705445,0.09361915637431012,0.09362117049384601
binary,CPA,0.815,3.563776442076355,3.563908850969079,3.564007171328586,0.09361482214323981,0.09361918619714409,0.09362119732296197
binary,CPA,0.8175,3.563777815107254,3.563909974794245,3.5640081406912927,0.09361486008389915,0.09361921595825187,0.09362122410483342
binary,CPA,0.82,3.563779184345355,3.5639110961290568,3.564009108351807,0.09361489791971853,0.09361924565794351,0.09362125083965618
binary,CPA,0.8225,3.5637805498151973,3.5639122149870968,3.5640100743172693,0.09361493565137377,0.09361927529652567,0.09362127752763136
binary,CPA,0.825,3.563781911541059,3.563913331381822,3.5640110385946673,0.09361497327953677,0.09361930487430445,0.09362130416895201
binary,CPA,0.8275,3.563783269547002,3.563914445326596,3.5640120011910636,0.09361501080487102,0.09361933439158177,0.09362133076381053
binary,CPA,0.83,3.5637846238568467,3.563915556834682,3.5640129621133507,0.09361504822803758,0.0936193638486572,0.09362135731239912
binary,CPA,0.8325,3.563785974494148,3.563916665919182,3.564013921368543,0.09361508554968703,0.09361939324583052,0.09362138381490909
binary,CPA,0.835,3.563787321482222,3.563917772593125,3.564014878963448,0.09361512277046742,0.09361942258339641,0.09362141027153255
binary,CPA,0.8375,3.563788664844211,3.563918876869427,3.564015834904996,0.09361515989101117,0.09361945186164856,0.0936214366824576
binary,CPA,0.84,3.5637900046030606,3.563919978760891,3.564016789199857,0.09361519691195648,0.09361948108087889,0.09362146304787025
binary,CPA,0.8425,3.563791340781423,3.563921078280212,3.5640177418548893,0.09361523383392979,0.09361951024137656,0.09362148936796374
binary,CPA,0.845,3.5637926734017658,3.5639221754399877,3.564018692876815,0.09361527065754932,0.09361953934342872,0.09362151564291617
binary,CPA,0.8475,3.56379400248634,3.563923270252715,3.5640196422722923,0.09361530738343628,0.09361956838731997,0.09362154187291481
binary,CPA,0.85,3.563795328057139,3.563924362730759,3.564020590048008,0.09361534401219253,0.09361959737333363,0.09362156805814814
binary,CPA,0.8525,3.563796650136025,3.5639254528864317,3.5640215362105523,0.09361538054442553,0.09361962630175083,0.09362159419879086
binary,CPA,0.855,3.563797968744604,3.563926540731897,3.564022480766432,0.0936154169807318,0.09361965517284929,0.09362162029503149
binary,CPA,0.8575,3.563799283904312,3.5639276262792583,3.564023423722232,0.09361545332170444,0.09361968398690675,0.09362164634704818
binary,CPA,0.86,3.563800595636364,3.5639287095404852,3.5640243650844927,0.09361548956792956,0.09361971274419727,0.0936216723550188
binary,CPA,0.8625,3.563801903961749,3.563929790527478,3.564025304859617,0.09361552571998683,0.09361974144499369,0.0936216983191233
binary,CPA,0.865,3.563803208901315,3.56393086925201,3.5640262430539913,0.09361556177845307,0.09361977008956643,0.09362172423953874
binary,CPA,0.8675,3.563804510475639,3.563931945725814,3.564027179674073,0.09361559774389784,0.09361979867818465,0.09362175011643993
binary,CPA,0.87,3.5638058087051983,3.563933019960466,3.5640281147261508,0.09361563361688713,0.09361982721111496,0.0936217759500076
binary,CPA,0.8725,3.563807103610205,3.563934091967494,3.564029048216534,0.09361566939797798,0.09361985568862198,0.09362180174041233
binary,CPA,0.875,3.563808395210763,3.563935161758299,3.564029980151547,0.09361570508772651,0.0936198841109683,0.09362182748782628
binary,CPA,0.8775,3.5638096835266992,3.5639362293442423,3.56403091053737,0.09361574068668532,0.09361991247841596,0.09362185319242321
binary,CPA,0.88,3.563810968577699,3.563937294736529,3.564031839380218,0.09361577619539131,0.09361994079122302,0.0936218788543728
binary,CPA,0.8825,3.563812250383343,3.56393835794633,3.564032766686263,0.09361581161439098,0.09361996904964737,0.09362190447384706
binary,CPA,0.885,3.563813528962884,3.563939418984677,3.564033692461618,0.09361584694421499,0.09361999725394432,0.09362193005101863
binary,CPA,0.8875,3.563814804335485,3.563940477862571,3.564034616712393,0.09361588218539227,0.09362002540436709,0.09362195558605164
binary,CPA,0.89,3.563816076520203,3.563941534590899,3.564035539444641,0.09361591733845272,0.09362005350116805,0.09362198107911313
binary,CPA,0.8925,3.563817345535793,3.563942589180461,3.564036460664386,0.09361595240390817,0.09362008154459664,0.09362200653037066
binary,CPA,0.895,3.5638186114008628,3.56394364164196,3.564037380377607,0.09361598738228105,0.09362010953490107,0.09362203193998972
binary,CPA,0.8975,3.563819874133959,3.563944691986049,3.564038298590257,0.09361602227408151,0.09362013747232864,0.09362205730813694
binary,CPA,0.9,3.563821133753343,3.563945740223267,3.564039215308291,0.09361605707980923,0.09362016535712295,0.09362208263497483
binary,CPA,0.9025,3.563822390277169,3.563946786364081,3.564040130537513,0.09361609179997307,0.09362019318952791,0.09362210792066299
binary,CPA,0.905,3.563823643723472,3.563947830418896,3.56404104428388,0.09361612643506911,0.09362022096978422,0.09362213316536966
binary,CPA,0.9075,3.563824894110004,3.5639488723980133,3.5640419565531247,0.09361616098558459,0.09362024869813125,0.09362215836925057
binary,CPA,0.91,3.563826141454471,3.5639499123116587,3.5640428673511,0.09361619545201576,0.09362027637480755,0.09362218353246522
binary,CPA,0.9125,3.563827385774417,3.563950950170001,3.5640437766835027,0.09361622983483935,0.09362030400004914,0.09362220865517384
binary,CPA,0.915,3.563828627087106,3.563951985983087,3.564044684556098,0.09361626413454041,0.09362033157409035,0.0936222337375338
binary,CPA,0.9175,3.563829865409811,3.5639530197609144,3.564045590974571,0.09361629835159396,0.09362035909716449,0.09362225877970733
binary,CPA,0.92,3.5638311007595966,3.563954051513416,3.564046495944514,0.0936163324864688,0.09362038656950271,0.0936222837818441
binary,CPA,0.9225,3.563832333153345,3.563955081250458,3.564047399471645,0.09361636653963622,0.09362041399133486,0.09362230874410604
binary,CPA,0.925,3.563833562607823,3.563956108981775,3.564048301561479,0.09361640051155534,0.09362044136288894,0.09362233366664181
binary,CPA,0.9275,3.563834789139621,3.563957134717079,3.564049202219625,0.0936164344026853,0.09362046868439178,0.09362235854960664
binary,CPA,0.93,3.563836012765244,3.563958158465995,3.564050101451579,0.09361646821348787,0.09362049595606815,0.09362238339315393
binary,CPA,0.9325,3.56383723350105,3.563959180238089,3.564050999262892,0.09361650194440792,0.09362052317814155,0.09362240819743768
binary,CPA,0.935,3.5638384513631642,3.563960200042823,3.564051895658947,0.0936165355958948,0.09362055035083404,0.09362243296260497
binary,CPA,0.9375,3.563839666367644,3.563961217889594,3.564052790645218,0.09361656916839298,0.09362057747436596,0.09362245768880816
binary,CPA,0.94,3.56384087853045,3.563962233787785,3.564053684227136,0.0936166026623434,0.093620604548956,0.09362248237619829
binary,CPA,0.9425,3.5638420878673354,3.563963247746627,3.564054576410036,0.09361663607818109,0.093620631574822,0.09362250702492136
binary,CPA,0.945,3.563843294393939,3.563964259775336,3.564055467199298,0.09361666941633737,0.09362065855217942,0.0936225316351272
binary,CPA,0.9475,3.563844498125767,3.56396526988306,3.5640563566002204,0.09361670267724255,0.09362068548124323,0.09362255620696075
binary,CPA,0.95,3.563845699078248,3.563966278078833,3.564057244618097,0.09361673586131952,0.09362071236222645,0.09362258074056787
binary,CPA,0.9525,3.5638468972666,3.5639672843716887,3.564058131258146,0.09361676896899555,0.09362073919534034,0.09362260523609393
binary,CPA,0.955,3.563848092705916,3.563968288770549,3.5640590165256483,0.09361680200068213,0.09362076598079536,0.09362262969368575
binary,CPA,0.9575,3.563849285411238,3.563969291284275,3.5640599004257494,0.09361683495679793,0.0936207927188002,0.09362265411348764
binary,CPA,0.96,3.563850475397442,3.563970291921687,3.56406078296364,0.09361686783775063,0.09362081940956196,0.09362267849563918
binary,CPA,0.9625,3.5638516626792467,3.563971290691519,3.564061664144466,0.09361690064395417,0.09362084605328708,0.09362270284028176
binary,CPA,0.965,3.563852847271306,3.563972287602434,3.564062543973329,0.0936169333758058,0.09362087265017977,0.09362272714755697
binary,CPA,0.9675,3.563854029188125,3.563973282663069,3.5640634224553223,0.09361696603371056,0.09362089920044331,0.09362275141760923
binary,CPA,0.97,3.563855208444088,3.563974275881949,3.564064299595475,0.09361699861806556,0.09362092570427999,0.09362277565057714
binary,CPA,0.9725,3.563856385053464,3.563975267267606,3.564065175398856,0.09361703112926517,0.09362095216188983,0.09362279984659633
binary,CPA,0.975,3.563857559030385,3.5639762568284277,3.564066049870447,0.09361706356770132,0.09362097857347232,0.09362282400580621
binary,CPA,0.9775,3.563858730388881,3.563977244572795,3.564066923015159,0.09361709593376075,0.09362100493922546,0.09362284812834512
binary,CPA,0.98,3.563859899142927,3.563978230509037,3.564067794838018,0.09361712822783064,0.09362103125934543,0.09362287221434987
binary,CPA,0.9825,3.563861065306243,3.563979214645391,3.5640686653438998,0.09361716045028574,0.09362105753402787,0.09362289626395225
binary,CPA,0.985,3.563862228892625,3.563980196990041,3.564069534537658,0.09361719260151335,0.09362108376346695,0.09362292027729767
binary,CPA,0.9875,3.563863389915601,3.563981177551124,3.564070402424197,0.09361722468188564,0.09362110994785525,0.09362294425450794
binary,CPA,0.99,3.563864548388669,3.563982156336729,3.564071269008427,0.0936172566917719,0.09362113608738415,0.09362296819572441
binary,CPA,0.9925,3.563865704325181,3.563983133354871,3.564072134294998,0.0936172886315475,0.09362116218224388,0.09362299210107937
binary,CPA,0.995,3.56386685773839,3.563984108613511,3.564072998288833,0.0936173205015765,0.093621188232624,0.09362301597070323
binary,CPA,0.9975,3.563868008641448,3.563985082120546,3.564073860994587,0.09361735230221806,0.0936212142387117,0.09362303980472596
binary,CPA,1.0,3.563869157047439,3.56398605388384,3.56407472241703,0.09361738403384018,0.09362124020069332,0.09362306360328214
lmh,PR,0.0,0.3252784949434257,0.3252784949434132,0.3252784949434257,0.06445453229527069,0.0644545322952693,0.06445453229527069
lmh,PR,0.0025,0.3252541410085026,0.325315163592771,0.370060294959428,0.06445332297385589,0.06448920951045817,0.0650351319123848
lmh,PR,0.005,0.3252624590829803,0.3253703347299514,0.4164351653820148,0.06445373603224284,0.06454149058361382,0.06550857208668275
lmh,PR,0.0075,0.3252833426681553,0.3254370210192525,0.4514346756760111,0.06445477300891482,0.0645875494516878,0.06577137850149939
lmh,PR,0.01,0.3253102519838118,0.3255093615578797,0.47767134389649213,0.06445610907636025,0.06462577747590793,0.06589907268821815
lmh,PR,0.0125,0.325339884917573,0.3255843197211399,0.49999891253146933,0.06445758022101351,0.064657609460345,0.06596012065677125
lmh,PR,0.015,0.3253708236372907,0.32566059200796,0.5215501196170211,0.0644591160218897,0.06468449136111509,0.06599229690547123
lmh,PR,0.0175,0.325402532402352,0.3257377125592692,0.5437816303770001,0.06446068986748109,0.0647075352634037,0.0660130074447335
lmh,PR,0.02,0.3254348368525278,0.3258155568985363,0.5671712289068701,0.06446229309182656,0.06472756519022028,0.06602945705290134
lmh,PR,0.0225,0.3254676924943775,0.3258941135982312,0.5917072087965064,0.06446392347676716,0.06474519434320389,0.0660443610487026
lmh,PR,0.025,0.32550109211634004,0.3259733943993893,0.6171444400900642,0.06446558065471861,0.06476088470362304,0.06605861464740645
lmh,PR,0.0275,0.3255350322924486,0.3260534045355856,0.6431281321948374,0.06446726444590264,0.0647749889034936,0.06607242450271215
lmh,PR,0.03,0.3255695029743867,0.3261341359804897,0.6692569279794864,0.06446897434199723,0.06478777957797359,0.06608575961391348
lmh,PR,0.0325,0.3256044855319095,0.32621556849037175,0.6951209234929442,0.06447070940915793,0.06479947013120875,0.06609852360222958
lmh,PR,0.035,0.3256399536409147,0.32629767278469146,0.7203290972885047,0.06447246833234682,0.06481022963716561,0.06611061838369268
lmh,PR,0.0375,0.3256758750018511,0.32638041376413385,0.744530305594313,0.06447424950079009,0.06482019360794126,0.06612196639921991
lmh,PR,0.04,0.32571221329955374,0.3264637540522434,0.7674304562111164,0.06447605110539135,0.06482947189478688,0.0661325173843112
lmh,PR,0.0425,0.3257489297734672,0.3265476557107178,0.7888011989200177,0.06447787121667578,0.06483815449256822,0.06614224815251797
lmh,PR,0.045,0.3257859848949649,0.32663208222477735,0.8084844919591283,0.06447970786806136,0.06484631580963643,0.06615115982702864
lmh,PR,0.0475,0.3258233395795897,0.3267169996189449,0.8263911791601121,0.06448155911597309,0.06485401793755304,0.06615927391955448
lmh,PR,0.05,0.3258609561761273,0.3268023770940045,0.8424950343669866,0.06448342308885825,0.0648613131225508,0.06616662788767412
lmh,PR,0.0525,0.32589879920140263,0.3268881872824989,0.8568236877504228,0.06448529802355935,0.06486824566353747,0.06617327073336021
lmh,PR,0.055,0.3259368358596755,0.32697440626923513,0.8694478756685063,0.06448718229098363,0.0648748533464183,0.06617925895819515
lmh,PR,0.0575,0.3259750362922853,0.32706101332789467,0.8804702969651974,0.06448907440838444,0.06488116868052633,0.06618465305919134
lmh,PR,0.06,0.3260133737297447,0.32714799068262224,0.8900150683256972,0.06449097304680813,0.06488721976591429,0.06618951465624132
lmh,PR,0.0625,0.3260518244628773,0.32723532313759174,0.8982184363250039,0.0644928770295569,0.06489303105826605,0.06619390425849073
lmh,PR,0.065,0.32609036773369293,0.3273229977547169,0.9052210922706719,0.06449478532669095,0.06489862395598232,0.0661978796323735
lmh,PR,0.0675,0.3261289855689131,0.3274110035683261,0.9111621838678511,0.06449669704668755,0.06490401726537302,0.06620149469585829
lmh,PR,0.07,0.3261676625609548,0.3274993313192016,0.9161749405721037,0.06449861142550646,0.06490922759347283,0.06620479885077711
lmh,PR,0.0725,0.3262063856284466,0.32758797324123573,0.9203837217585414,0.06450052781465015,0.06491426966242651,0.06620783666515309
lmh,PR,0.075,0.32624514375642977,0.3276769228539043,0.9239022462213914,0.06450244566823057,0.06491915658889844,0.0662106478186066
lmh,PR,0.0775,0.3262839277447786,0.3277661747958132,0.9268327522499455,0.06450436453045044,0.06492390011356915,0.06621326723782396
lmh,PR,0.08,0.3263227299771572,0.3278557247119196,0.9292658543074859,0.06450628402411394,0.06492851077698444,0.06621572536247118
lmh,PR,0.0825,0.32636154420091446,0.3279455691476099,0.9312808928756205,0.06450820383967876,0.06493299807586553,0.06621804849027157
lmh,PR,0.085,0.32640036533060707,0.3280357054620133,0.932946610283039,0.06451012372550217,0.06493737059400685,0.06622025916330528
lmh,PR,0.0875,0.3264391892687515,0.3281261317553284,0.9343220213473342,0.06451204347893119,0.06494163611254791,0.06622237656916727
lmh,PR,0.09,0.3264780127505785,0.32821684681137103,0.9354573799932044,0.06451396293859184,0.06494580170040769,0.06622441693680166
lmh,PR,0.0925,0.326516833196656,0.3283078500136663,0.9363951704710632,0.06451588197708044,0.06494987380869749,0.06622639391185799
lmh,PR,0.095,0.3265556486129535,0.3283991413255137,0.9371710744550305,0.06451780049599679,0.06495385831796546,0.06622831890680678
lmh,PR,0.0975,0.3265944574630033,0.3284907212006456,0.9378148822515114,0.0645197184196084,0.06495776062718069,0.06623020141821202
lmh,PR,0.1,0.326633258590662,0.3285825905459792,0.9383513297312788,0.06452163569101396,0.06496158569621008,0.0662320493112828
lmh,PR,0.1025,0.32667205115294906,0.3286747506832352,0.9388008519267531,0.06452355226881822,0.06496533808633526,0.0662338690711712
lmh,PR,0.105,0.3267108345673465,0.3287672033244246,0.9391802510037073,0.06452546812451408,0.06496902198860137,0.06623566602363129
lmh,PR,0.1075,0.3267496084505781,0.32885995050911243,0.9395032805260211,0.06452738323944963,0.06497264127163933,0.06623744452460882
lmh,PR,0.11,0.3267883725736071,0.3289529945516765,0.9397811509933237,0.06452929760260089,0.06497619951739494,0.0662392081226529
lmh,PR,0.1125,0.3268271268367623,0.3290463380257528,0.9400229632708483,0.06453121120933886,0.0649797000369685,0.06624095969872593
lmh,PR,0.115,0.3268658712293111,0.3291399837081897,0.9402360770157643,0.06453312405942441,0.06498314590617786,0.06624270158351747
lmh,PR,0.1175,0.32690460583227976,0.32923393458968786,0.9404264216657512,0.06453503615715017,0.0649865399675788,0.06624443565679217
lmh,PR,0.12,0.3269433307590337,0.3293281937639461,0.9405987570517799,0.06453694750840144,0.06498988488383106,0.06624616342827769
lmh,PR,0.1225,0.32698204620267524,0.32942276453596886,0.9407568909048902,0.06453885812299534,0.06499318310339211,0.06624788610968142
lmh,PR,0.125,0.3270207523447042,0.3295176502234915,0.9409038587100903,0.06454076801017133,0.06499643693916417,0.06624960466759035
lmh,PR,0.1275,0.3270594494384335,0.3296128543324725,0.9410420724575117,0.06454267718270494,0.06499964851486706,0.0662513198740662
lmh,PR,0.13,0.32709813772379936,0.32970838037972183,0.9411734423283797,0.06454458565270711,0.06500281983225353,0.06625303234217636
lmh,PR,0.1325,0.3271368174568341,0.3298042319584273,0.9412994763350641,0.0645464934330732,0.06500595276030073,0.06625474255881884
lmh,PR,0.135,0.32717548888713455,0.3299004126749881,0.9414213611874235,0.06454840053637392,0.06500904905740185,0.06625645090878252
lmh,PR,0.1375,0.32721415226712053,0.3299969261738475,0.9415400279137727,0.06455030697531475,0.06501211037052557,0.0662581576962907
lmh,PR,0.14,0.3272528078321312,0.33009377609455226,0.941656204714426,0.06455221276174923,0.0650151382528139,0.06625986316121
lmh,PR,0.1425,0.3272914558145446,0.3301909660970799,0.9417704594533177,0.06455411790738044,0.06501813416425342,0.0662615674925093
lmh,PR,0.145,0.3273300964523093,0.3302884998735285,0.9418832336859636,0.06455602242417739,0.06502109946945395,0.06626327083933696
lmh,PR,0.1475,0.3273687299706182,0.33038638112846713,0.9419948697631135,0.0645579263234751,0.06502403545757157,0.06626497331938748
lmh,PR,0.15,0.32740735660342796,0.33048461361276515,0.9421056324158229,0.06455982961703409,0.065026943332719,0.06626667502634323
lmh,PR,0.1525,0.3274459765950487,0.3305832011314935,0.942215725788787,0.06456173231711657,0.06502982422315852,0.06626837603489172
lmh,PR,0.155,0.3274845901590175,0.330682147463774,0.9423253068147694,0.06456363443446483,0.06503267920793307,0.0662700764036819
lmh,PR,0.1575,0.3275231975044664,0.33078145642525253,0.942434495878158,0.0645655359795954,0.0650355093058044,0.0662717761799625
lmh,PR,0.16,0.327561798819644,0.3308811318205201,0.9425433850196622,0.06456743696199294,0.0650383154892308,0.06627347540083849
lmh,PR,0.1625,0.3276003942908547,0.3309811774901633,0.9426520444811073,0.06456933739103907,0.06504109867554984,0.06627517409639415
lmh,PR,0.165,0.3276389840910284,0.3310815972950153,0.9427605277432576,0.06457123727545327,0.06504385973572656,0.06627687229121416
lmh,PR,0.1675,0.32767756839061957,0.3311823951384539,0.9428688754405109,0.0645731366238279,0.06504659949500806,0.0662785700056562
lmh,PR,0.17,0.32771614734491145,0.3312835749322245,0.9429771183353204,0.06457503544400157,0.06504931874178095,0.06628026725596953
lmh,PR,0.1725,0.3277547211133847,0.33138514064470614,0.9430852797488223,0.06457693374402035,0.06505201821622492,0.06628196405655037
lmh,PR,0.175,0.3277932898356271,0.33148709625853734,0.9431933772795389,0.0645788315309412,0.06505469862963754,0.06628366041930427
lmh,PR,0.1775,0.327831853659897,0.3315894458255089,0.9433014242243937,0.06458072881224695,0.06505736065387778,0.06628535635479273
lmh,PR,0.18,0.3278704127287143,0.331692193438611,0.9434094306131701,0.06458262559513339,0.06506000492839614,0.06628705187229994
lmh,PR,0.1825,0.32790896716992607,0.3317953432183985,0.943517404009409,0.06458452188607039,0.06506263206557936,0.06628874698007113
lmh,PR,0.185,0.3279475171095756,0.3318988993308532,0.9436253501188812,0.06458641769143697,0.06506524264815855,0.06629044168550731
lmh,PR,0.1875,0.3279860626678901,0.3320028659792537,0.9437332732338365,0.0645883130173186,0.0650678372334232,0.06629213599504158
lmh,PR,0.19,0.3280246039637628,0.3321072474247938,0.9438411766317445,0.06459020786973638,0.06507041635044289,0.06629382991503961
lmh,PR,0.1925,0.32806314110913554,0.3322120479691083,0.9439490628083668,0.06459210225436382,0.06507298050550285,0.066295523451422
lmh,PR,0.195,0.3281016742261927,0.33231727198512323,0.9440569336940958,0.0645939961773759,0.06507553017736384,0.06629721661002362
lmh,PR,0.1975,0.32814020342699823,0.33242292387900135,0.9441647907713634,0.06459588964444483,0.0650780658257782,0.06629890939617004
lmh,PR,0.2,0.3281787288123311,0.33252900809139413,0.9442726351990384,0.06459778266068784,0.06508058789235699,0.06630060181492736
lmh,PR,0.2025,0.3282172504945306,0.3326355291272633,0.9443804679192369,0.06459967523178514,0.06508309679196181,0.06630229387151859
lmh,PR,0.205,0.3282557685865748,0.3327424915387368,0.9444882896940328,0.06460156736344655,0.06508559291970441,0.06630398557095751
lmh,PR,0.2075,0.328294283188174,0.33284989992611286,0.9445961011457886,0.06460345906072675,0.0650880766600617,0.06630567691798464
lmh,PR,0.21,0.3283327943968579,0.33295775894085305,0.9447039028019134,0.06460535032856932,0.06509054838117467,0.06630736791726066
lmh,PR,0.2125,0.3283713023149598,0.3330660732954461,0.9448116951103114,0.06460724117215326,0.06509300843449675,0.06630905857321848
lmh,PR,0.215,0.3284098070345528,0.3331748477387007,0.9449194784521506,0.06460913159614771,0.06509545715902022,0.06631074888999776
lmh,PR,0.2175,0.3284483086434326,0.3332840870743252,0.9450272531817866,0.06461102160501223,0.06509789487965045,0.06631243887185646
lmh,PR,0.22,0.32848680723120266,0.3333937961596883,0.9451350196122353,0.06461291120329184,0.0651003219074955,0.06631412852279817
lmh,PR,0.2225,0.3285253028882293,0.33350397991365516,0.9452427780302416,0.0646148003955661,0.0651027385408513,0.06631581784669983
lmh,PR,0.225,0.32856379569766575,0.33361464330846125,0.9453505287122574,0.06461668918605855,0.06510514506688601,0.06631750684747895
lmh,PR,0.2275,0.3286022857436624,0.3337257913805006,0.9454582719290757,0.06461857757903719,0.0651075417605292,0.06631919552911174
lmh,PR,0.23,0.3286407731135464,0.3338374292284713,0.9455660079267514,0.06462046557892627,0.06510992888552172,0.06632088389529316
lmh,PR,0.2325,0.3286792578873672,0.3339495620032053,0.9456737369408718,0.06462235318979108,0.06511230669627269,0.06632257194962508
lmh,PR,0.235,0.3287177401410541,0.3340621949158937,0.9457814592075183,0.06462424041548881,0.06511467543720806,0.06632425969577314
lmh,PR,0.2375,0.3287562199778416,0.3341753332719995,0.9458891749663355,0.0646261272612176,0.0651170353293712,0.06632594713833583
lmh,PR,0.24,0.3287946974829693,0.33428898241914246,0.9459968845272239,0.06462801373128689,0.06511938659481387,0.06632763428087778
lmh,PR,0.2425,0.3288327422099839,0.3344031477637094,0.9461045880827709,0.06462989982931766,0.06512172945227258,0.0663293211268312
lmh,PR,0.245,0.328870557763918,0.33451783478703,0.9462122858458976,0.06463178555902799,0.06512406411162108,0.06633100767962476
lmh,PR,0.2475,0.3289083857710897,0.3346330490428266,0.9463199780164858,0.06463367092429018,0.06512639077471864,0.06633269394248183
lmh,PR,0.25,0.3289462286366117,0.3347487961457932,0.9464276647851106,0.06463555592858124,0.06512870963740115,0.06633437991847625
lmh,PR,0.2525,0.3289840865366075,0.334865081782531,0.9465353463477614,0.06463744057519243,0.06513102088836387,0.06633606561076728
lmh,PR,0.255,0.3290219093282602,0.334981911716155,0.9466430228885543,0.06463932486756664,0.06513332470937534,0.0663377510223243
lmh,PR,0.2575,0.3290597455195532,0.33509929178677944,0.9467506945876132,0.06464120880918736,0.06513562127515761,0.06633943615605634
lmh,PR,0.26,0.329097597107339,0.33521722790816433,0.9468583616390752,0.06464309240335724,0.0651379107528635,0.06634112101508814
lmh,PR,0.2625,0.32913538703185,0.3353357260763658,0.9469660242277044,0.06464497565331953,0.06514019330510513,0.0663428056023956
lmh,PR,0.265,0.3291731405302213,0.3354547923722531,0.9470736825245779,0.06464685856242902,0.06514246908958257,0.06634448992074099
lmh,PR,0.2675,0.3292109085335377,0.33557443295830264,0.9471813367038642,0.06464874113385315,0.06514473825861287,0.06634617397293266
lmh,PR,0.27,0.3292486932564203,0.3356946540707258,0.9472889869357916,0.06465062337039365,0.06514700096039835,0.06634785776171481
lmh,PR,0.2725,0.3292864970230178,0.3358154620335661,0.9473966333901027,0.06465250527527283,0.06514925733534886,0.06634954128982519
lmh,PR,0.275,0.3293242637872171,0.3359368632583049,0.9475042762366155,0.06465438685178003,0.0651515075183031,0.06635122455999823
lmh,PR,0.2775,0.3293620378623943,0.3360588642935698,0.9476119157075619,0.06465626810386643,0.06515375163405336,0.06635290757594758
lmh,PR,0.28,0.32939982772537374,0.3361814717260707,0.9477195519639706,0.06465814903430431,0.06515598981189842,0.06635459034026696
lmh,PR,0.2825,0.3294376351828706,0.3363046922370221,0.9478271851554365,0.06466002964611171,0.06515822217652713,0.06635627285537322
lmh,PR,0.285,0.3294754027311471,0.3364285325963776,0.9479348154378693,0.06466190994212637,0.06516044884798576,0.06635795512377933
lmh,PR,0.2875,0.3295131193163711,0.3365529996707022,0.9480424429873833,0.06466378992525483,0.06516266994000698,0.0663596371483139
lmh,PR,0.29,0.329550853697072,0.3366781004160814,0.948150067945869,0.0646656695981559,0.06516488556670724,0.06636131893126922
lmh,PR,0.2925,0.3295886079995339,0.3368038418870803,0.9482576904419382,0.06466754896342745,0.06516709583960655,0.0663630004747286
lmh,PR,0.295,0.32962634323643064,0.3369302312372146,0.9483653106129003,0.06466942802337751,0.06516930086687404,0.06636468178090853
lmh,PR,0.2975,0.3296640614637374,0.3370572757228995,0.9484729285952751,0.06467130678034634,0.06517150075323852,0.06636636285201619
lmh,PR,0.3,0.3297017953201748,0.337184982704517,0.9485805445164599,0.06467318523689024,0.0651736955998499,0.06636804369011218
lmh,PR,0.3025,0.3297395463991372,0.3373133596478658,0.9486881585030496,0.06467506339535864,0.06517588550518832,0.06636972429724405
lmh,PR,0.305,0.3297773163523265,0.3374424141273833,0.9487957706868164,0.06467694125790151,0.06517807056502203,0.06637140467553887
lmh,PR,0.3075,0.3298150797341451,0.3375721538275001,0.9489033811916981,0.06467881882685912,0.06518025087214167,0.0663730848270019
lmh,PR,0.31,0.32985276895810023,0.3377025865463,0.9490109901365981,0.064680696104603,0.0651824265166696,0.06637476475355802
lmh,PR,0.3125,0.3298904783587598,0.33783372020022306,0.9491185976726964,0.06468257309368307,0.06518459758156064,0.0663764444576347
lmh,PR,0.315,0.3299282025866702,0.33796556281403767,0.9492262039266812,0.06468444979628965,0.06518676415074337,0.06637812394127772
lmh,PR,0.3175,0.3299658698702069,0.3380981225268504,0.9493338090131871,0.06468632621476318,0.06518892630591273,0.06637980320633981
lmh,PR,0.32,0.3300035523275049,0.3382314076045827,0.9494414130769356,0.06468820235172154,0.0651910841221063,0.06638148225514486
lmh,PR,0.3225,0.33004125137702023,0.3383654264330082,0.9495490162350866,0.06469007820903092,0.06519323767776318,0.06638316108958668
lmh,PR,0.325,0.33007896848530466,0.33850018752578426,0.9496566185890798,0.06469195378866918,0.06519538705018188,0.06638483971131212
lmh,PR,0.3275,0.33011670517434205,0.3386356995278913,0.9497642202359651,0.06469382909265117,0.06519753231473262,0.06638651812189791
lmh,PR,0.33,0.33015446303066454,0.33877197121456704,0.949871821279964,0.06469570412267181,0.06519967354480129,0.06638819632303278
lmh,PR,0.3325,0.33019215360567283,0.33890901149854546,0.9499794218255249,0.06469757888047219,0.06520181081168355,0.06638987431640823
lmh,PR,0.335,0.3302298433933885,0.33904682942744757,0.9500870219605466,0.0646994533679619,0.06520394418525784,0.06639155210345486
lmh,PR,0.3375,0.3302675093449945,0.339185434188239,0.9501946217747804,0.0647013275868495,0.06520607373366408,0.06639322968563449
lmh,PR,0.34,0.33030514459737453,0.3393248351106828,0.9503022213650019,0.06470320153860748,0.06520819952323852,0.06639490706451666
lmh,PR,0.3425,0.3303427956146756,0.3394650416721131,0.9504098208202263,0.06470507522491384,0.06521032161863541,0.06639658424154801
lmh,PR,0.345,0.33038046370849716,0.33960606350123235,0.9505174202233828,0.06470694864758236,0.06521244008273532,0.06639826121808118
lmh,PR,0.3475,0.33041815024496307,0.3397479103773127,0.9506250196638139,0.06470882180811127,0.06521455497678402,0.06639993799556769
lmh,PR,0.35,0.3304558566549195,0.3398905922276948,0.9507326192521458,0.06471069470830206,0.06521666635688235,0.06640161457578884
lmh,PR,0.3525,0.3304935844199922,0.3400341191471902,0.950840219072177,0.06471256734989986,0.0652187742811066,0.06640329096010912
lmh,PR,0.355,0.330531322612841,0.3401785013958241,0.9509478192067087,0.06471443973454961,0.06522087880625999,0.06640496714987594
lmh,PR,0.3575,0.33056899590156213,0.34032374942111115,0.9510554197781883,0.06471631186422346,0.06522297998413043,0.06640664314705311
lmh,PR,0.36,0.3306066111806612,0.340469873860078,0.9511630209456062,0.06471818374177139,0.06522507786024764,0.0664083189541717
lmh,PR,0.3625,0.3306442179282544,0.3406168854848308,0.9512706228049508,0.06472004990042914,0.06522717248530148,0.06640999457278415
lmh,PR,0.365,0.33068184075959467,0.3407647952316792,0.9513782254320549,0.06472191098957557,0.06522926391152706,0.06641167000412444
lmh,PR,0.3675,0.3307194808965201,0.3409136142168323,0.9514858289038965,0.06472377128007017,0.06523135218989785,0.06641334524944592
lmh,PR,0.37,0.330757139608102,0.3410633537390807,0.9515934332902037,0.06472563002585244,0.06523343737022613,0.06641502030988775
lmh,PR,0.3725,0.3307948182151041,0.3412140252840614,0.9517010386619267,0.06472748871730344,0.06523551950111098,0.06641669518660744
lmh,PR,0.375,0.3308325180900984,0.34136564052704943,0.9518086450913009,0.06472934737516385,0.06523759863021365,0.0664183698807839
lmh,PR,0.3775,0.33087024065879184,0.3415182113398675,0.9519162526474916,0.06473120602109314,0.0652396748039137,0.06642004439354338
lmh,PR,0.38,0.3309079764987013,0.34167174979505066,0.952023861400586,0.06473306467774136,0.06524174806690633,0.06642171872603077
lmh,PR,0.3825,0.3309455539540527,0.34182626815917483,0.9521314714418893,0.06473492336915676,0.06524381846008141,0.06642339287971696
lmh,PR,0.385,0.3309831351060654,0.3419817789118892,0.9522390828401192,0.06473678212016502,0.06524588602694735,0.06642506685572337
lmh,PR,0.3875,0.3310207323341419,0.34213829474436064,0.9523466956669258,0.06473864095683755,0.065247950808386,0.06642674065521499
lmh,PR,0.39,0.3310583467670658,0.34229582856317087,0.952454309993668,0.06474049826760434,0.06525001284437287,0.06642841427935116
lmh,PR,0.3925,0.33109597957205616,0.342454393496888,0.9525619258843032,0.06474235468661407,0.06525207217610962,0.06643008772917776
lmh,PR,0.395,0.3311336319618658,0.3426140029000404,0.95266954339773,0.06474421107859155,0.06525412884397473,0.0664317610056598
lmh,PR,0.3975,0.3311713052012088,0.3427746703611464,0.9527771625879625,0.06474606746353738,0.06525618288733516,0.0664334341096858
lmh,PR,0.4,0.3312090006130674,0.34293640970170186,0.9528847835097463,0.06474792386237535,0.06525823434490316,0.06643510704215744
lmh,PR,0.4025,0.3312467195789537,0.34309923498336803,0.9529924062219371,0.0647497802970017,0.06526028325458778,0.066436779804036
lmh,PR,0.405,0.33128437582412834,0.34326316051391226,0.9531000307808996,0.0647516367903434,0.06526232965296314,0.06643845239624703
lmh,PR,0.4075,0.3313219332972126,0.3434282008563552,0.9532076572430153,0.06475349336643757,0.06526437357554649,0.0664401248197154
lmh,PR,0.41,0.33135950659401864,0.34359437082901173,0.953315285662207,0.06475534937511278,0.06526641505785191,0.06644179707532497
lmh,PR,0.4125,0.331397096761325,0.3437616855144687,0.95342291609442,0.0647572045764789,0.06526845413448254,0.06644346916399449
lmh,PR,0.415,0.3314347048935048,0.3439301602573118,0.953530548596297,0.06475905878226323,0.0652704908383425,0.06644514108664819
lmh,PR,0.4175,0.3314723321355263,0.34409981068402584,0.9536381832200224,0.06476091298216531,0.06527252520243107,0.06644681284414437
lmh,PR,0.42,0.3315099796866967,0.344270652701011,0.9537458200156476,0.06476276719561537,0.06527455725957733,0.06644848443730753
lmh,PR,0.4225,0.3315476488192205,0.3444427025153751,0.9538534590771124,0.064764621443631,0.06527658703657517,0.06645015586764137
lmh,PR,0.425,0.33158534085241925,0.3446159766136196,0.9539611004535217,0.06476647574737557,0.06527861456463187,0.06645182713595557
lmh,PR,0.4275,0.3316230571691452,0.34479049178315674,0.9540687441915706,0.06476833012899556,0.06528063987468716,0.06645349824301747
lmh,PR,0.43,0.331660643782256,0.3449662651196293,0.9541763903374753,0.06477018413779735,0.06528266299701728,0.06645516918959218
lmh,PR,0.4325,0.3316981946652244,0.3451433140379427,0.954284038944099,0.06477203767475437,0.06528468396029408,0.06645683997654347
lmh,PR,0.435,0.33173576205022903,0.345321656291796,0.9543916901078139,0.06477389118430937,0.06528670278841238,0.0664585106054118
lmh,PR,0.4375,0.3317733469788562,0.3455013099371178,0.9544993438796913,0.0647757432729103,0.06528871950902135,0.06646018107703379
lmh,PR,0.44,0.33181095054218745,0.3456822933707432,0.9546070003076942,0.0647775953740071,0.06529073414940995,0.06646185139219661
lmh,PR,0.4425,0.3318485738826019,0.345864625336724,0.954714659432606,0.06477944750625277,0.0652927467371448,0.06646352155157642
lmh,PR,0.445,0.3318862181991614,0.3460483249265721,0.954822321298535,0.0647812996891208,0.06529475729944818,0.06646519155590057
lmh,PR,0.4475,0.33192388474974327,0.34623341158525067,0.9549299859465538,0.06478315194295245,0.06529676586377318,0.06646686140584857
lmh,PR,0.45,0.3319615748545402,0.3464199050993691,0.9550376534165775,0.06478500423151701,0.0652987724582309,0.0664685311020833
lmh,PR,0.4525,0.3319992899050218,0.3466078255277955,0.9551453237654848,0.06478685560585062,0.06530077711195559,0.06647020064552782
lmh,PR,0.455,0.33203682705863113,0.3467971930333546,0.9552529970358473,0.06478870700618164,0.06530277986726406,0.066471870036883
lmh,PR,0.4575,0.33207437339541496,0.3469880273061198,0.9553606732696472,0.0647905584489997,0.06530478079808481,0.06647353927684409
lmh,PR,0.46,0.3321119367956239,0.3471803458446009,0.955468352512144,0.06479240905380311,0.06530678007078895,0.06647520836615377
lmh,PR,0.4625,0.33214951830133244,0.3473741590791433,0.9555760348071932,0.06479425913078768,0.06530877811481187,0.06647687730553084
lmh,PR,0.465,0.3321871190040987,0.3475694579163716,0.9556837201943309,0.06479610925094084,0.06531077604304986,0.0664785460956304
lmh,PR,0.4675,0.3322247400471705,0.34776618873037674,0.9557914087079141,0.06479795943281394,0.06531277646253973,0.06648021473702616
lmh,PR,0.47,0.3322623826314255,0.3479642223469172,0.9558991003863823,0.06479980969583378,0.06531478439174195,0.06648188323035302
lmh,PR,0.4725,0.3323000480217601,0.3481633352240841,0.9560067952889385,0.06480165954979661,0.06531680764969365,0.06648355157656875
lmh,PR,0.475,0.332337737608994,0.3483632110489054,0.9561144935183387,0.06480350884294465,0.06531885651377678,0.06648521977730579
lmh,PR,0.4775,0.3323754313278192,0.34856347064183474,0.9562221952521435,0.06480535816914643,0.06532094249237327,0.06648688783535123
lmh,PR,0.48,0.33241295853858005,0.34876372990314325,0.9563299007092813,0.06480720754725491,0.06532307635202184,0.0664885557541356
lmh,PR,0.4825,0.33245050262322956,0.3489636550564892,0.9564376101549154,0.06480905690401619,0.06532526645476185,0.06649022353780071
lmh,PR,0.485,0.33248806464333247,0.34916298987577693,0.9565453238963084,0.06481090505172776,0.0653275181462834,0.06649189119114039
lmh,PR,0.4875,0.3325256457206267,0.3493615574225607,0.9566530422679677,0.06481275327131074,0.06532983398264726,0.06649355871936564
lmh,PR,0.49,0.3325632470344508,0.34955924896291596,0.9567607656183149,0.06481460158596003,0.06533221431112225,0.0664952261279014
lmh,PR,0.4925,0.3326008698214034,0.3497560092317932,0.9568684943027336,0.06481645001977344,0.06533465789272379,0.06649689342227771
lmh,PR,0.495,0.3326385153701386,0.34995182252450424,0.9569762286621191,0.06481829777604838,0.06533716243766254,0.06649856060779938
lmh,PR,0.4975,0.33267618504017427,0.3501467011355111,0.9570839690710732,0.06482014523359352,0.06533972501145223,0.06650022769028742
lmh,PR,0.5,0.3327138802327066,0.3503406764072425,0.9571917158472377,0.06482199276931845,0.06534234234042792,0.06650189467468134
lmh,PR,0.5025,0.3327515679081121,0.3505337921228171,0.9572994692934698,0.0648238404029018,0.06534501101241788,0.06650356156568722
lmh,PR,0.505,0.3327891007310103,0.35072609979966357,0.957407229697517,0.06482568815445118,0.06534772761118823,0.06650522836777727
lmh,PR,0.5075,0.3328266517419543,0.3509176554131943,0.9575149973318817,0.06482753550935512,0.06535048880066964,0.06650689508518587
lmh,PR,0.51,0.3328642219964057,0.3511085171032454,0.9576227724621968,0.0648293822296338,0.06535329137539791,0.06650856172203724
lmh,PR,0.5125,0.3329018125946059,0.3512987435155088,0.9577305553406743,0.0648312290919379,0.06535613229265018,0.06651022828224809
lmh,PR,0.515,0.3329394246810535,0.3514883924944423,0.9578383461991727,0.06483307611759628,0.065359008693377,0.06651189476941814
lmh,PR,0.5175,0.3329770594491757,0.3516775199648642,0.95794614525758,0.06483492237958423,0.06536191791538888,0.06651356118695856
lmh,PR,0.52,0.3330147181433008,0.3518661789354209,0.9580539527244158,0.06483676842870972,0.0653648575037736,0.0665152275381067
lmh,PR,0.5225,0.3330524020604563,0.3520544186467901,0.9581617687963919,0.06483861458956074,0.06536782521746665,0.06651689382591205
lmh,PR,0.525,0.333090112552381,0.3522422840302491,0.9582695936582025,0.06484046087921146,0.06537081902820023,0.06651856005324076
lmh,PR,0.5275,0.3331278192752012,0.3524298156285291,0.9583774274852209,0.06484230731523759,0.06537383710872939,0.06652022622281129
lmh,PR,0.53,0.33316536701353827,0.35261704998216203,0.9584852704589211,0.06484415391600631,0.06537687780928843,0.0665218923374356
lmh,PR,0.5325,0.3332029338290572,0.35280402047426274,0.95859312275081,0.06484599989348568,0.06537993962875498,0.06652355839977044
lmh,PR,0.535,0.33324052074078575,0.3529907583872965,0.9587009845097045,0.06484784562620408,0.06538302118264062,0.06652522441211955
lmh,PR,0.5375,0.3332781288134563,0.35317729397099024,0.9588088558791402,0.064849691547632,0.06538612116961401,0.06652689037670625
lmh,PR,0.54,0.3333157591589686,0.3533636573333122,0.9589167369970669,0.06485153680843,0.06538923834616889,0.06652855629566534
lmh,PR,0.5425,0.3333534129378972,0.35354987904042573,0.9590246279955366,0.06485338173188109,0.0653923715092693,0.06653022217103986
lmh,PR,0.545,0.33339109136254386,0.3537359903602661,0.9591325290044732,0.06485522678566731,0.06539551948792115,0.06653188800483922
lmh,PR,0.5475,0.33342879569663647,0.3539220231822443,0.9592404401453554,0.06485707198521957,0.0653986811440914,0.06653355379894041
lmh,PR,0.55,0.3334665272576452,0.35410800962824057,0.9593483615327568,0.06485891734647811,0.06540185537861949,0.066535219555115
lmh,PR,0.5525,0.3335042723997273,0.3542939814652621,0.9594562932756422,0.06486076288593785,0.06540504114175254,0.06653688527504602
lmh,PR,0.555,0.3335418405447852,0.3544799693883338,0.9595642355083862,0.06486260862120284,0.0654082374427142,0.06653855096080548
lmh,PR,0.5575,0.3335794283450665,0.3546660022800413,0.9596721883301373,0.06486445362828719,0.06541144336902656,0.0665402166139253
lmh,PR,0.56,0.33361703679902194,0.35485210650697113,0.9597801518341993,0.06486629863508253,0.06541465809472966,0.06654188223584444
lmh,PR,0.5625,0.3336546669492367,0.35503830533245767,0.9598881261103381,0.06486814329199203,0.06541788088855001,0.06654354782794628
lmh,PR,0.565,0.3336923198852073,0.35522461848909387,0.959996111248422,0.06486998727237535,0.06542111111793895,0.0665452133916144
lmh,PR,0.5675,0.3337299967442635,0.35541106193746314,0.9601041073363561,0.06487183139336421,0.06542434825006908,0.06654687892820427
lmh,PR,0.57,0.3337676987112277,0.3555976478312147,0.9602121144544731,0.06487367566903732,0.06542759184918638,0.0665485444389504
lmh,PR,0.5725,0.33380542702125915,0.3557843846550165,0.9603201326789528,0.06487552011401236,0.06543084156886335,0.06655020992502664
lmh,PR,0.575,0.3338431829631724,0.35597127756279634,0.9604281620862888,0.06487736474354384,0.06543409714122587,0.06655187538760689
lmh,PR,0.5775,0.3338809678809519,0.35615832883948967,0.9605362027527775,0.06487920957353502,0.06543735836445903,0.06655354082786398
lmh,PR,0.58,0.3339185741260491,0.3563455384559994,0.9606442547524383,0.06488105462052744,0.06544062508910604,0.06655520624693692
lmh,PR,0.5825,0.3339561860749945,0.35653290465004545,0.9607523181737138,0.06488289893369531,0.06544389720236127,0.06655687164618099
lmh,PR,0.585,0.33399381905773046,0.3567204245369171,0.9608603930908763,0.0648847433385345,0.065447174618433,0.06655853702673689
lmh,PR,0.5875,0.3340314741023817,0.3569080946378123,0.9609684795758971,0.06488658650078108,0.0654504572658764,0.06656020238970904
lmh,PR,0.59,0.33406915228145656,0.3570959113380403,0.9610765776996086,0.06488842980860358,0.06545374507804244,0.06656186773618175
lmh,PR,0.5925,0.334106854712819,0.357283871260376,0.9611846875304372,0.0648902732753774,0.06545703798581637,0.06656353306720306
lmh,PR,0.595,0.3341445825627671,0.3574719715578975,0.9612928091384345,0.06489211691508519,0.0654603359116099,0.06656519838384707
lmh,PR,0.5975,0.3341823370471559,0.35766021014453253,0.9614009425921922,0.06489396074227355,0.06546363876608145,0.06656686368716055
lmh,PR,0.6,0.3342201194313779,0.35784858584710916,0.9615090879577531,0.064895804772056,0.06546694644573915,0.06656852897815466
lmh,PR,0.6025,0.3342579310320774,0.35803709850117715,0.9616172452992116,0.06489764902014623,0.06547025883152618,0.06657019425780926
lmh,PR,0.605,0.334295604346888,0.3582257490008885,0.9617254146799137,0.06489949350289986,0.06547357578845783,0.06657185952709108
lmh,PR,0.6075,0.3343332427114724,0.35841453930445,0.9618335961670565,0.06490133732495745,0.06547689716569219,0.06657352478702488
lmh,PR,0.61,0.3343709024069689,0.358603472383718,0.9619417898415815,0.06490318049451091,0.06548022279653454,0.06657519003884982
lmh,PR,0.6125,0.33440858444498867,0.3587925521709995,0.9620499957635105,0.06490502308678636,0.06548355250414169,0.06657685528347941
lmh,PR,0.615,0.3344462898797405,0.35898178343953313,0.9621582139897223,0.0649068658407106,0.06548688610174644,0.06657852052177897
lmh,PR,0.6175,0.3344840198103328,0.35917117169073043,0.9622664445774015,0.06490870876950679,0.06549022339500159,0.06658018575461981
lmh,PR,0.62,0.33452177538132327,0.359360723005386,0.9623746875860875,0.06491055188699293,0.0654935641843402,0.06658185098290857
lmh,PR,0.6225,0.334559557781889,0.3595504439059378,0.9624829430706072,0.06491239520747887,0.06549690826849142,0.06658351620747599
lmh,PR,0.625,0.3345973682472983,0.3597403412071039,0.9625912110806494,0.06491423874577529,0.06550025544694624,0.0665851814290765
lmh,PR,0.6275,0.3346352080624354,0.3599304218886203,0.9626994916662306,0.0649160825173122,0.06550360552180819,0.06658684664846926
lmh,PR,0.63,0.3346729609697586,0.3601206929749231,0.9628077848765333,0.06491792653813461,0.06550695829978202,0.06658851186639907
lmh,PR,0.6325,0.3347106276485828,0.3603111614253724,0.9629160907665361,0.06491977003793417,0.06551031359280307,0.06659017708370037
lmh,PR,0.635,0.3347483158648929,0.36050183406403563,0.9630244093876472,0.06492161212979719,0.06551367122035498,0.06659184230115107
lmh,PR,0.6375,0.3347860266116377,0.3606927175317546,0.963132740785315,0.06492345425195305,0.06551703101058295,0.06659350751943749
lmh,PR,0.64,0.3348237609221932,0.3608838182390985,0.9632410850067229,0.06492529654868921,0.06552039279973718,0.06659517273927303
lmh,PR,0.6425,0.3348615198699446,0.3610751423461344,0.963349442095442,0.06492713903298518,0.06552375643274036,0.06659683796131469
lmh,PR,0.645,0.3348993045700055,0.3612666957468702,0.9634578120923851,0.06492898171830355,0.06552712176276695,0.06659850318617938
lmh,PR,0.6475,0.334937116181898,0.3614584840825832,0.963566195039176,0.06493082461866834,0.06553048865078799,0.0666001684144922
lmh,PR,0.65,0.3349749559103094,0.3616505127591886,0.9636745909759536,0.06493266774865217,0.06553385696540594,0.06660183364685815
lmh,PR,0.6525,0.3350128250494522,0.36184278695848227,0.9637829999417132,0.0649345111233963,0.06553722658217494,0.06660349888386224
lmh,PR,0.655,0.3350506686576025,0.3620353116625873,0.9638914219737524,0.06493635475862575,0.06554059738298834,0.06660516412606435
lmh,PR,0.6575,0.33508836507428447,0.3622280916840849,0.9639998571097271,0.06493819766741847,0.06554396925536596,0.06660682937402894
lmh,PR,0.66,0.3351260831486437,0.36242113169454465,0.9641083053860785,0.06494003922125659,0.06554734209186873,0.0666084946283009
lmh,PR,0.6625,0.3351638238560911,0.3626144362409926,0.9642167668547718,0.06494188094770549,0.06555071578754024,0.06661015988966357
lmh,PR,0.665,0.3352015882050885,0.36280800981020855,0.964325241553191,0.06494372285906906,0.06555409024292483,0.06661182515867829
lmh,PR,0.6675,0.3352393772431894,0.3630018568437719,0.9644337295177566,0.06494556496813404,0.06555746536177089,0.06661349043588898
lmh,PR,0.67,0.3352771920893786,0.3631959817660469,0.9645422307831419,0.06494740728817038,0.06556084105053638,0.06661515572181206
lmh,PR,0.6725,0.3353150339058711,0.3633903890048537,0.9646507453862828,0.06494924983301831,0.06556421721754623,0.06661682101700052
lmh,PR,0.675,0.335352903856587,0.3635850830153974,0.9647592733616907,0.06495109261702973,0.06556759377314547,0.06661848632196833
lmh,PR,0.6775,0.3353908031501613,0.3637800682926553,0.9648678147426695,0.0649529356551074,0.06557097062941745,0.0666201516372108
lmh,PR,0.68,0.3354287330414254,0.36397534936979625,0.9649763695613222,0.06495477896298256,0.06557434770000271,0.06662181696320668
lmh,PR,0.6825,0.3354664746210059,0.3641709308047571,0.965084937854978,0.06495662132440799,0.06557772489946823,0.0666234823005109
lmh,PR,0.685,0.3355042236165466,0.36436681716760083,0.9651935196596587,0.06495846253403917,0.06558110214425374,0.06662514764966103
lmh,PR,0.6875,0.3355419952923712,0.364563013022471,0.9653021150066354,0.06496030392506302,0.06558447935363813,0.06662681301111995
lmh,PR,0.69,0.335579790692432,0.3647595228768416,0.9654107239262405,0.06496214550956975,0.06558785644962188,0.06662847838533814
lmh,PR,0.6925,0.3356176108279683,0.3649563511317605,0.9655193464494126,0.06496398730014319,0.06559123335748387,0.0666301437727713
lmh,PR,0.695,0.3356554567495436,0.36515350202797814,0.965627982607489,0.06496582930987238,0.06559461000658587,0.06663180917388532
lmh,PR,0.6975,0.3356933295481294,0.36535097957947693,0.9657366324318808,0.06496767155237343,0.0655979863311319,0.06663347458914513
lmh,PR,0.7,0.3357312303555256,0.36554878750981606,0.9658452959511494,0.06496951404211349,0.06560136227128491,0.06663514001897075
lmh,PR,0.7025,0.3357691603469092,0.3657469291842464,0.9659539731946947,0.0649713567936744,0.06560473777369444,0.06663680546379559
lmh,PR,0.705,0.33580712074175395,0.3659454075416711,0.966062664191275,0.06497319982219647,0.06560811279228736,0.06663847092404364
lmh,PR,0.7075,0.33584497340556757,0.366144225034517,0.9661713689698443,0.06497504179776717,0.06561148728888241,0.06664013640014106
lmh,PR,0.71,0.3358827543328552,0.36634338357319074,0.9662800875581345,0.06497688271418353,0.06561486123379713,0.06664180189249624
lmh,PR,0.7125,0.3359205579660267,0.36654288447883343,0.9663888199879282,0.06497872381924433,0.06561823460570283,0.06664346740157781
lmh,PR,0.715,0.3359583852564796,0.366742728446721,0.9664975662956439,0.0649805651250197,0.06562160739169788,0.06664513292792518
lmh,PR,0.7175,0.3359962371892572,0.3669429155472348,0.9666063265102066,0.0649824066440482,0.06562497958894875,0.06664679847196475
lmh,PR,0.72,0.3360341147862771,0.3671434452044874,0.9667151006588549,0.06498424838950505,0.06562835120364607,0.06664846403409402
lmh,PR,0.7225,0.3360720191078793,0.3673443162003508,0.9668238887680668,0.06498609037466148,0.06563172225061911,0.06665012961470201
lmh,PR,0.725,0.33610995125559817,0.36754552668734203,0.9669326908683546,0.06498793261337488,0.06563509275246085,0.06665179521423635
lmh,PR,0.7275,0.3361479123714179,0.3677470742228966,0.9670415069879248,0.06498977511999737,0.0656384627396614,0.06665346083311062
lmh,PR,0.73,0.336185903639392,0.3679489557948787,0.9671503371536481,0.06499161790940927,0.06564183224971731,0.0666551264717171
lmh,PR,0.7325,0.3362238769492524,0.3681511678515531,0.9672591813969209,0.06499345965256391,0.06564520132572153,0.06665679213051852
lmh,PR,0.735,0.3362616906212471,0.3683537063601524,0.9673680397484288,0.06499530032153991,0.06564857001650255,0.0666584578099651
lmh,PR,0.7375,0.3362995269132382,0.3685565668522367,0.9674769122365463,0.06499714118590955,0.06565193837599582,0.06666012351047071
lmh,PR,0.74,0.3363373867488569,0.3687597444630532,0.9675857988886577,0.06499898225769521,0.06565530646216447,0.06666178923243679
lmh,PR,0.7425,0.3363752710867358,0.3689632339826221,0.9676946997329784,0.06500082354905229,0.0656586743361645,0.06666345497627507
lmh,PR,0.745,0.3364131809217209,0.3691670299052509,0.9678036147988747,0.06500266507262609,0.06566204206151847,0.06666512074241512
lmh,PR,0.7475,0.33645111728590166,0.36937112648797227,0.9679125441164059,0.06500450684155068,0.06566540970347728,0.06666678653129682
lmh,PR,0.75,0.33648908124885263,0.36957551780546,0.9680214877136918,0.06500634886943212,0.06566877732838934,0.06666845234332944
lmh,PR,0.7525,0.33652707391928727,0.3697801978085109,0.9681304456184272,0.06500819117038384,0.065672145002784,0.06667011817891885
lmh,PR,0.755,0.3365650964468484,0.3699851603890792,0.9682394178596099,0.06501003375907281,0.06567551279248522,0.0666717840384873
lmh,PR,0.7575,0.33660315002307917,0.3701903994452074,0.9683484044667855,0.0650118754230935,0.06567888076183143,0.0666734499224646
lmh,PR,0.76,0.3366410466458647,0.37039590894539914,0.9684574054677453,0.06501371588889997,0.06568224897297079,0.06667511583125689
lmh,PR,0.7625,0.3366789162767075,0.3706016829977163,0.9685664208902411,0.06501555655602827,0.06568561748501944,0.0666767817652685
lmh,PR,0.765,0.3367168093050167,0.3708077158986109,0.968675450771651,0.06501739743616872,0.06568898635215374,0.06667844772504801
lmh,PR,0.7675,0.3367547266635163,0.3710140022265899,0.9687844951419327,0.06501923854132222,0.06569235562518683,0.06668011371103309
lmh,PR,0.77,0.3367926693183498,0.3712205368792337,0.9688935540286471,0.06502107988390311,0.06569572535013324,0.0666817797236243
lmh,PR,0.7725,0.3368306382708816,0.371427315120373,0.9690026274590582,0.0650229214767884,0.06569909556762323,0.0666834457632159
lmh,PR,0.775,0.3368686345591962,0.3716343326153881,0.969111715461511,0.06502476333335268,0.06570246631243319,0.06668511183022072
lmh,PR,0.7775,0.3369066592591594,0.3718415854627684,0.9692208180649263,0.06502660546748283,0.06570583761342069,0.06668677792505838
lmh,PR,0.78,0.3369447134845054,0.3720490702110936,0.9693299352963262,0.06502844789354434,0.06570920949362709,0.0666884440481205
lmh,PR,0.7825,0.3369827983897717,0.3722567838495381,0.9694390671859325,0.06503028963606114,0.06571258196951857,0.06669011019984591
lmh,PR,0.785,0.33702083629303,0.3724647238373468,0.9695482137604846,0.06503212994208524,0.06571595505247038,0.06669177638062114
lmh,PR,0.7875,0.3370587399766438,0.3726728880810734,0.9696573750469946,0.06503397045451359,0.0657193287484015,0.06669344259083693
lmh,PR,0.79,0.33709666687447293,0.37288127491268025,0.9697665510705356,0.06503581118464376,0.06572270305815275,0.0666951088308549
lmh,PR,0.7925,0.33713461789048943,0.3730898830687766,0.9698757418554518,0.06503765214418362,0.06572607797784652,0.06669677510102208
lmh,PR,0.795,0.33717259396211147,0.37329871166152595,0.9699849474280718,0.06503949334530885,0.06572945349908904,0.06669844140172006
lmh,PR,0.7975,0.3372105960605398,0.37350776015515735,0.970094167814934,0.06504133480065237,0.06573282960970153,0.06670010773333024
lmh,PR,0.8,0.3372486251907029,0.3737170283272245,0.9702034030399016,0.06504317652326956,0.06573620629424727,0.06670177409619332
lmh,PR,0.8025,0.33728668239305143,0.37392651623658385,0.9703126531262314,0.06504501852668426,0.06573958353437144,0.06670344049064307
lmh,PR,0.805,0.3373247687448084,0.3741362241912406,0.9704219180971347,0.0650468608249162,0.06574296130923361,0.06670510691700941
lmh,PR,0.8075,0.3373628853613444,0.3743461527163755,0.9705311979766059,0.06504870280510752,0.06574633959588705,0.06670677337563606
lmh,PR,0.81,0.3374010333967612,0.3745563025225429,0.9706404927876466,0.06505054298892897,0.06574971836974869,0.06670843986684956
lmh,PR,0.8125,0.3374390113337127,0.3747666744759996,0.9707498025520633,0.06505238338284129,0.06575309760497225,0.06671010639096114
lmh,PR,0.815,0.33747697268065807,0.3749772695575602,0.9708591272972857,0.06505422399797745,0.06575647727392045,0.06671177294836347
lmh,PR,0.8175,0.3375149578956691,0.3751880888676503,0.9709684670463233,0.06505606484580662,0.06575985734894903,0.06671343953938544
lmh,PR,0.82,0.33755296788587213,0.375399133591997,0.9710778218201489,0.06505790593818507,0.06576323780218574,0.06671510616432234
lmh,PR,0.8225,0.33759100359010696,0.3756104049791453,0.9711871916384734,0.06505974728738421,0.06576661860562409,0.0667167728234514
lmh,PR,0.825,0.3376290659804495,0.3758219043227547,0.9712965765214056,0.06506158890613198,0.06576999973120244,0.06671843951705464
lmh,PR,0.8275,0.33766715606406317,0.37603363294905107,0.971405976491358,0.06506343080765782,0.06577338115089383,0.06672010624545101
lmh,PR,0.83,0.3377052748823705,0.37624559219748865,0.9715153915693265,0.06506527300564774,0.06577676283696299,0.06672177300893498
lmh,PR,0.8325,0.3377434235126307,0.37645778340797054,0.9716248217758078,0.06506711538832644,0.06578014476198371,0.06672343980779598
lmh,PR,0.835,0.33778160306832555,0.37667020792692163,0.9717342671289116,0.06506895547987263,0.06578352689946625,0.06672510664228555
lmh,PR,0.8375,0.33781974228542266,0.37688286709116753,0.9718437276479719,0.0650707957841606,0.06578690922345733,0.06672677351267357
lmh,PR,0.84,0.3378577385557558,0.377095762217755,0.9719532033514173,0.06507263631195304,0.06579029170868488,0.06672844041921547
lmh,PR,0.8425,0.3378957584042069,0.37730889459937056,0.9720626942570757,0.0650744770744017,0.06579367433059184,0.06673010736215908
lmh,PR,0.845,0.337933802708683,0.3775222654976042,0.9721722003832249,0.06507631808306963,0.06579705706524829,0.06673177434175932
lmh,PR,0.8475,0.3379718723775152,0.3777358761454116,0.9722817217474033,0.0650781593499294,0.065800439889582,0.06673344135825711
lmh,PR,0.85,0.3380099683503257,0.37794972774157676,0.9723912583667176,0.06508000088737978,0.06580382278131239,0.06673510841188875
lmh,PR,0.8525,0.3380480915987037,0.3781638214467941,0.9725008102568298,0.0650818427082394,0.06580720571898081,0.06673677550286718
lmh,PR,0.855,0.3380862431275317,0.3783781583837373,0.9726103774331232,0.06508368482578819,0.06581058868189668,0.06673844263140248
lmh,PR,0.8575,0.3381244239766957,0.3785927396393466,0.9727199599131735,0.06508552725381254,0.0658139716500342,0.06674010979773658
lmh,PR,0.86,0.3381626352207943,0.378807566259239,0.9728295577129739,0.06508736782180476,0.06581735460416607,0.06674177700208879
lmh,PR,0.8625,0.3382008779703109,0.379022639248605,0.97293917084776,0.0650892080562446,0.0658207375258209,0.0667434442446653
lmh,PR,0.865,0.3382389749607671,0.3792379595555444,0.973048799335929,0.06509104851469373,0.06582412039657946,0.06674511152572069
lmh,PR,0.8675,0.33827702974217494,0.3794535281067864,0.9731584431928489,0.0650928892080882,0.06582750319935145,0.06674677884546347
lmh,PR,0.87,0.3383151086273164,0.3796693457915241,0.9732681024333341,0.06509473014818185,0.06583088591776343,0.06674844620409352
lmh,PR,0.8725,0.338353212493522,0.37988541346028143,0.9733777770712857,0.0650965713466755,0.0658342685361336,0.06675011360179758
lmh,PR,0.875,0.3383913422481816,0.3801017319256576,0.9734874671205702,0.06509841281561492,0.06583765103937507,0.06675178103875985
lmh,PR,0.8775,0.3384294988295599,0.380318301962161,0.9735971725949042,0.06510025456747202,0.06584103341296654,0.0667534485151655
lmh,PR,0.88,0.33846768320821774,0.3805351243008214,0.9737068935095465,0.06510209661518591,0.0658444156426549,0.06675511603121799
lmh,PR,0.8825,0.3385058963861947,0.3807521996469503,0.9738166298763988,0.06510393897209857,0.06584779771516192,0.06675678358707607
lmh,PR,0.885,0.33854413939879985,0.3809695286743248,0.9739263817066363,0.06510578040120064,0.06585117961782669,0.06675845118288119
lmh,PR,0.8875,0.33858241331611566,0.3811871120266968,0.9740361490128535,0.06510762058094481,0.06585456133843642,0.06676011881879944
lmh,PR,0.89,0.33862069119982274,0.38140495031709676,0.9741459318076923,0.065109460983933,0.0658579428652578,0.06676178649499812
lmh,PR,0.8925,0.3386587810817103,0.3816230441249802,0.9742557301023119,0.06511130162071138,0.06586132418705216,0.06676345421162094
lmh,PR,0.895,0.3386968946823519,0.3818413940007928,0.9743655439074077,0.06511314250218711,0.06586470529304597,0.06676512196880333
lmh,PR,0.8975,0.3387350328483193,0.3820600004679126,0.9744753732332017,0.06511498363964596,0.06586808617293732,0.06676678976667659
lmh,PR,0.9,0.3387731964552043,0.3822788640247493,0.9745852180909023,0.06511682504478411,0.06587146681679336,0.06676845760538272
lmh,PR,0.9025,0.3388113864073314,0.3824979851412361,0.9746950784896962,0.06511866672967274,0.06587484721515333,0.06677012548503661
lmh,PR,0.905,0.3388496036393967,0.3827173642631109,0.9748049544391836,0.06512050870681071,0.0658782273589121,0.06677179340575795
lmh,PR,0.9075,0.33888784911691305,0.3829370018104463,0.9749148459481936,0.06512235098911637,0.06588160723933677,0.06677346136765483
lmh,PR,0.91,0.3389261238371552,0.3831568981797982,0.975024753025246,0.06512419359049267,0.0658849868480444,0.06677512937082943
lmh,PR,0.9125,0.33896442882991124,0.3833770537418311,0.9751346756785823,0.06512603379455564,0.06588836617689899,0.0667767974153823
lmh,PR,0.915,0.3390027651588997,0.3835974688332811,0.9752446139173493,0.06512787414633057,0.06589174521773243,0.06677846550142413
lmh,PR,0.9175,0.3390410207100022,0.3838181437848673,0.9753545677482344,0.0651297147294569,0.06589512396315972,0.06678013362903307
lmh,PR,0.92,0.3390791689433796,0.38403907890924727,0.9754645371794662,0.06513155555453332,0.06589850240600953,0.06678180179830426
lmh,PR,0.9225,0.33911734129309434,0.3842602744963263,0.9755745222168469,0.06513339663248843,0.06590188053946407,0.06678347000930242
lmh,PR,0.925,0.33915553860198655,0.3844817308158629,0.97568452286591,0.06513523797462863,0.06590525835693742,0.06678513826208349
lmh,PR,0.9275,0.3391937617408296,0.3847034481120892,0.9757945391319195,0.06513707959265477,0.06590863585193647,0.06678680655670252
lmh,PR,0.93,0.3392320116095765,0.38492542661436197,0.9759045710213143,0.06513892149869008,0.06591201301816373,0.06678847489322853
lmh,PR,0.9325,0.33927028913676777,0.38514766653945665,0.9760146185376769,0.06514076370521932,0.06591538984981773,0.0667901432716915
lmh,PR,0.935,0.3393085952810982,0.3853701680873711,0.9761246816841487,0.06514260622514283,0.06591876634131519,0.06679181169211301
lmh,PR,0.9375,0.33934693103237,0.3855929314419189,0.9762347604639937,0.06514444836089697,0.0659221424872527,0.06679348015451426
lmh,PR,0.94,0.3393852974117297,0.38581595676930813,0.9763448548788388,0.06514628865499955,0.06592551828245738,0.06679514865889534
lmh,PR,0.9425,0.3394236954731721,0.3860392442195499,0.9764549649308275,0.06514812917612044,0.06592889372187101,0.06679681720526236
lmh,PR,0.945,0.3394619391150824,0.3862627939273688,0.9765650906199826,0.06514996993434075,0.06593226880071457,0.06679848579358896
lmh,PR,0.9475,0.339500145154117,0.3864866060126894,0.9766752319459507,0.06515181094008557,0.06593564351436927,0.06680015442384256
lmh,PR,0.95,0.3395383756293776,0.38671068058397107,0.9767853889097011,0.06515365220416762,0.06593901785830389,0.06680182309601304
lmh,PR,0.9525,0.3395766313771697,0.3869350177342097,0.9768955615106325,0.0651554937377444,0.06594239182818741,0.06680349181006383
lmh,PR,0.955,0.33961491326057297,0.3871596175408297,0.9770057497462947,0.06515733555232814,0.06594576541987798,0.06680516056593204
lmh,PR,0.9575,0.3396532221705465,0.3873844800681752,0.977115953613902,0.06515917765981778,0.06594913862936388,0.06680682936354994
lmh,PR,0.96,0.3396915590269507,0.3876096053680284,0.9772261731106999,0.06516102007251967,0.06595251145272837,0.06680849820284894
lmh,PR,0.9625,0.33972992477933256,0.38783499347127776,0.9773364082342312,0.06516286280316413,0.06595588388594979,0.06681016708376569
lmh,PR,0.965,0.339768320406804,0.3880606443945426,0.9774466589799855,0.06516470586487146,0.06595925592519153,0.0668118360062057
lmh,PR,0.9675,0.3398067469192714,0.3882865581514713,0.9775569253427556,0.0651665462975067,0.06596262756692507,0.06681350497006452
lmh,PR,0.97,0.3398452053578173,0.38851273474170456,0.9776672073155401,0.0651683869510934,0.06596599880776279,0.06681517397520885
lmh,PR,0.9725,0.3398834541213397,0.3887391741530294,0.9777775048907917,0.06517022784359136,0.06596936964440384,0.06681684302150018
lmh,PR,0.975,0.3399217163552,0.3889658763584476,0.9778878180598737,0.06517206898517508,0.06597274007361352,0.06681851210878072
lmh,PR,0.9775,0.33996000325470166,0.38919284130889453,0.9779981468133055,0.06517391038636176,0.06597611009203358,0.06682018123688108
lmh,PR,0.98,0.3399983156450989,0.3894200689579137,0.9781084911415839,0.06517575205802995,0.06597947969661862,0.06682185040563361
lmh,PR,0.9825,0.34003665437790087,0.38964755924669897,0.9782188510338728,0.0651775940114074,0.06598284888442621,0.06682351961484466
lmh,PR,0.985,0.3400750203314446,0.38987531210360943,0.978329226477406,0.06517943625807693,0.06598621765261843,0.06682518886429932
lmh,PR,0.9875,0.3401134144116325,0.39010332744443,0.9784396174580807,0.06518127880998843,0.06598958599844258,0.06682685815375664
lmh,PR,0.99,0.3401518375531194,0.39033160517349114,0.9785500239615802,0.0651831216794956,0.06599295391914876,0.06682852748297519
lmh,PR,0.9925,0.3401902907200578,0.39056014518628573,0.9786604459736672,0.0651849648793665,0.06599632141201571,0.06683019685171493
lmh,PR,0.995,0.3402287749055729,0.3907889473641451,0.9787708834766617,0.06518680842273902,0.06599968847447645,0.06683186625968177
lmh,PR,0.9975,0.3402672911338687,0.3910180115782585,0.9788813364526526,0.0651886509206146,0.06600305510397286,0.06683353570658077
lmh,PR,1.0,0.3403055941986009,0.3912473376888946,0.9789918048825567,0.0651904918367767,0.06600642129800398,0.06683520519209776
lmh,CPA,0.0,1.0817568076828619,1.0817568076828599,1.0817568076828619,0.03813928771377382,0.038139287713775186,0.03813928771377382
lmh,CPA,0.0025,1.0840517954082558,1.0856263008390519,1.3724042560714012,0.038250910324391686,0.038615536382445144,0.08862562401083561
lmh,CPA,0.005,1.085565173417751,1.088315639153294,1.645131633403371,0.03832688588114508,0.039178868350421475,0.09158852217176026
lmh,CPA,0.0075,1.0868655777321659,1.0906846880429968,1.8435323321584531,0.03839376357482158,0.03976678793102549,0.09251615841078936
lmh,CPA,0.01,1.088075083957684,1.092923236162481,2.032723389439127,0.03845736587028768,0.04035934786966528,0.09302410287145237
lmh,CPA,0.0125,1.089186247646119,1.095023998512098,2.2228252925434773,0.03851704511178546,0.0409564871239144,0.09342153896846743
lmh,CPA,0.015,1.090255958084382,1.097069476871233,2.412000310805543,0.038575683633443596,0.0415530169231114,0.09377905226626901
lmh,CPA,0.0175,1.091163050751155,1.098870391049913,2.5939731677653217,0.03862636121592136,0.04215922121369018,0.09408775772943308
lmh,CPA,0.02,1.092059086244331,1.100656432553807,2.761607140611743,0.03867731618762617,0.04275979355146394,0.09436904477178922
lmh,CPA,0.0225,1.092890882611962,1.102350728031084,2.9144619362139412,0.03872545012386036,0.04336739053883991,0.09461923473557762
lmh,CPA,0.025,1.093657769101135,1.1039430918086859,3.046937848833856,0.03877056418557751,0.04397197258592409,0.09483658977224288
lmh,CPA,0.0275,1.094372383053316,1.105457965318408,3.161499575510806,0.03881326490781966,0.04457582551346292,0.0950275732453098
lmh,CPA,0.03,1.095004337753948,1.106847283847369,3.260183101542358,0.03885157879806744,0.0451705902144591,0.09519155734383263
lmh,CPA,0.0325,1.0956400390505632,1.1082422020253622,3.341162555259508,0.03889065873613774,0.04577436277441177,0.09534037603557274
lmh,CPA,0.035,1.096239596809127,1.109583776724911,3.4073229481493112,0.03892802914390525,0.04637684972041341,0.09547166555837086
lmh,CPA,0.0375,1.0967767074196582,1.110827970804221,3.4616215445659053,0.03896194442799474,0.04696599351482027,0.09558478826036682
lmh,CPA,0.04,1.097309822340687,1.1120690524007941,3.505119262750973,0.03899602694168574,0.0475568718824289,0.0956889639764401
lmh,CPA,0.0425,1.097795208117426,1.113234181021338,3.539208446074682,0.039027431605287724,0.04815195669854238,0.09577947338966983
lmh,CPA,0.045,1.098296532119639,1.114428292090812,3.565994378609231,0.03906025199164774,0.048728133841390915,0.09586685298585251
lmh,CPA,0.0475,1.098748204888578,1.115546434275694,3.587448541755796,0.03909022862361383,0.049330211058003844,0.09594362240717613
lmh,CPA,0.05,1.099158795646974,1.116604475006768,3.604604799422424,0.03911799596086765,0.04989941264130884,0.0960121532692908
lmh,CPA,0.0525,1.099570668738614,1.117666068642383,3.618476041778348,0.03914600342165956,0.05048019761166819,0.09607828899807437
lmh,CPA,0.055,1.099931130265645,1.1186478064569358,3.629480581202139,0.039170951670742464,0.05104336762104881,0.09613572663985362
lmh,CPA,0.0575,1.1002846394528811,1.119614913382898,3.638376469507674,0.03919544356731785,0.051607413587178824,0.09619036784508656
lmh,CPA,0.06,1.100611894187967,1.12054471726346,3.645534360468599,0.03921851510612048,0.05217651470127299,0.09624059848743699
lmh,CPA,0.0625,1.100931162932327,1.121462442179915,3.6513903666853746,0.03924118578640751,0.052723772453616154,0.09628878833332784
lmh,CPA,0.065,1.101238347444384,1.122358154294943,3.656196632667159,0.039263049793502786,0.05329338304929171,0.09633435041115831
lmh,CPA,0.0675,1.1015159331184732,1.123209998887148,3.660109110445944,0.039283209242858934,0.053841592630363144,0.09637571094859372
lmh,CPA,0.07,1.101790243003554,1.12405231101561,3.6634074040810636,0.039303025479416887,0.05439212442291762,0.0964157341868587
lmh,CPA,0.0725,1.102049650354312,1.124874946426448,3.666197963482907,0.03932209992156305,0.05491497490848252,0.09645375013100688
lmh,CPA,0.075,1.102306527849134,1.1256958429942918,3.66863801647047,0.03934111350932474,0.05546780474945366,0.0964911774261225
lmh,CPA,0.0775,1.102542123318579,1.126474085455538,3.670688551816743,0.03935844339591552,0.055997350507701805,0.09652495761210242
lmh,CPA,0.08,1.102772294717733,1.127253624904288,3.6725434383612967,0.03937583548837289,0.056522690730496435,0.09655853827049785
lmh,CPA,0.0825,1.102994643299058,1.128014631795126,3.674191333205908,0.03939249497682953,0.057043096465624346,0.0965904243957456
lmh,CPA,0.085,1.103211643313751,1.128770190141241,3.675707578035483,0.03940893509099743,0.05756095652768679,0.09662164899431504
lmh,CPA,0.0875,1.103421243332529,1.1295166800923389,3.677108212224911,0.039424996684755985,0.05809423301849014,0.09665193325706554
lmh,CPA,0.09,1.1036175446528351,1.130232354328022,3.678351036229996,0.03943980349700342,0.058593062115254294,0.09667966744843354
lmh,CPA,0.0925,1.103815159609973,1.130963346825145,3.679588742133087,0.03945523315112805,0.059076594817735605,0.09670839477756156
lmh,CPA,0.095,1.104001923827697,1.131669732739392,3.680715130139066,0.039469658041720444,0.05960525729525738,0.09673508419182136
lmh,CPA,0.0975,1.104179395952243,1.132359706259271,3.681762837206226,0.03948338832890983,0.060103372091444264,0.09676035791725435
lmh,CPA,0.1,1.104356385246614,1.13305524172818,3.6828027723588153,0.039497323960243046,0.06059505500876252,0.096785877063712
lmh,CPA,0.1025,1.104527660744451,1.133734670618416,3.683776788170217,0.03951058075833832,0.06107355229909199,0.09681002488002467
lmh,CPA,0.105,1.10469597425203,1.134418115878231,3.684748131441501,0.03952399080903223,0.061567779545837566,0.09683433781434246
lmh,CPA,0.1075,1.104852268379809,1.1350754808681,3.685631941485603,0.039536312272704,0.062077671307360555,0.09685657037553866
lmh,CPA,0.11,1.105004937535274,1.135727146023255,3.686488406957469,0.03954836205503504,0.06252319734903099,0.0968782212152596
lmh,CPA,0.1125,1.105159109772973,1.1363871081185621,3.687359537699241,0.03956072103063043,0.0629943815663351,0.09690033296826349
lmh,CPA,0.115,1.105306314700913,1.137028711724569,3.688170327743898,0.03957229873125089,0.06349418114952281,0.096920955695785
lmh,CPA,0.1175,1.105444798166253,1.1376626350344752,3.6889527203354313,0.039583534284359845,0.06394877195785302,0.09694089099391047
lmh,CPA,0.12,1.10558244459493,1.138290792539527,3.689712513575845,0.039594501197513475,0.0644096439128185,0.09696027445753622
lmh,CPA,0.1225,1.105719426167565,1.138922534787256,3.6904757758146,0.039605571132885556,0.06486636142210853,0.09697976439539574
lmh,CPA,0.125,1.105848188814143,1.139538391871799,3.6911887674590447,0.039615954477196305,0.06533088801969027,0.09699797770981133
lmh,CPA,0.1275,1.1059744407719538,1.140150052863182,3.691884288720415,0.039626121857785745,0.06577977528396749,0.09701575006961367
lmh,CPA,0.13,1.106097862950963,1.140759725979862,3.692569112997039,0.039636171011462676,0.06622459605751131,0.09703325152899349
lmh,CPA,0.1325,1.1062191278131421,1.141363703397451,3.69323299257806,0.03964594531983976,0.06667936208068966,0.09705021764780115
lmh,CPA,0.135,1.1063345704051202,1.1419612281718379,3.693873822803775,0.039655410639548715,0.06712889211093938,0.09706659327846301
lmh,CPA,0.1375,1.106447290310245,1.142551129283172,3.694488406876161,0.03966451680029292,0.06755421700209335,0.09708229595803115
lmh,CPA,0.14,1.106560632182327,1.1431478529459889,3.695117149961455,0.03967386081970593,0.06798693569913204,0.09709835773204599
lmh,CPA,0.1425,1.106667523622853,1.143729537828886,3.695699694831616,0.03968254335932195,0.06844522620077295,0.09711323594339286
lmh,CPA,0.145,1.1067701809831,1.144307627735464,3.696267672449055,0.03969103150163465,0.06885930239239717,0.09712773887666833
lmh,CPA,0.1475,1.106875488955735,1.14489028466657,3.696842841581041,0.0396996503327296,0.06928143540550678,0.09714242197818683
lmh,CPA,0.15,1.106972325232505,1.14545935692112,3.697376742050566,0.03970767301944414,0.06971157321008926,0.09715604813888434
lmh,CPA,0.1525,1.107069001464033,1.14602834793846,3.697905986182302,0.039715644585563425,0.07011758502389122,0.09716955218505297
lmh,CPA,0.155,1.107161785044247,1.146591721960928,3.6984154448183872,0.03972333730981764,0.0705493262925001,0.09718254820133848
lmh,CPA,0.1575,1.107255382919626,1.147158958064135,3.698930121913262,0.039731128004631,0.07095887578777516,0.09719567412403049
lmh,CPA,0.16,1.107346375655483,1.147721493734193,3.699427763239263,0.039738678010746556,0.0713743659379632,0.09720836244787558
lmh,CPA,0.1625,1.107430756120359,1.1482738354481001,3.6998940155917692,0.03974576927851707,0.0717767019300623,0.09722024762917825
lmh,CPA,0.165,1.107515901254266,1.1488287029412378,3.7003623952974647,0.039752907917890185,0.0721566982129862,0.09723218428782217
lmh,CPA,0.1675,1.107597368044545,1.149377508073661,3.700809974322281,0.03975974355294259,0.07258498978157212,0.09724358824779404
lmh,CPA,0.17,1.107676918535502,1.1499253845969,3.70125056933246,0.03976648806867377,0.07297819261099474,0.09725481178172037
lmh,CPA,0.1725,1.107755062892996,1.150471511415048,3.7016825681129513,0.03977311431684328,0.07336831116058959,0.09726581394646096
lmh,CPA,0.175,1.1078316085284952,1.1510159539670881,3.702105623853718,0.0397796172901949,0.07377629213914748,0.09727658605161417
lmh,CPA,0.1775,1.107905190640188,1.1515565780490589,3.702514111758242,0.03978590754038903,0.07415255945557005,0.09728698506312738
lmh,CPA,0.18,1.107977435097971,1.152096450384139,3.70291622934442,0.03979211235551432,0.07455478276815918,0.0972972198325544
lmh,CPA,0.1825,1.1080469440096739,1.152632029294531,3.7033031550808,0.03979809456269793,0.07493356132160056,0.09730706599718199
lmh,CPA,0.185,1.1081137363228961,1.153163449389044,3.70367524010841,0.03980385648984983,0.07529977646097251,0.09731653271528094
lmh,CPA,0.1875,1.108180142635837,1.1536962885614679,3.704046347083942,0.03980961469303895,0.07569266441938909,0.09732597280002968
lmh,CPA,0.19,1.1082450637616932,1.154227992434232,3.7044102784230817,0.03981527108660537,0.07606435669547894,0.09733522865800737
lmh,CPA,0.1925,1.108308071055836,1.154757189509659,3.704763744011887,0.03982077436844059,0.07645244387322767,0.09734421673722386
lmh,CPA,0.195,1.108368574723297,1.155282575138025,3.705103454669998,0.0398260726124344,0.07681778294656239,0.0973528535585294
lmh,CPA,0.1975,1.10842843942047,1.155808426532501,3.705440055722414,0.039831330327871776,0.0771711480378509,0.09736140988144208
lmh,CPA,0.2,1.108486340196678,1.1563320071463141,3.7057666908124527,0.03983644090984785,0.07756042616634774,0.09736971150310199
lmh,CPA,0.2025,1.108542555982613,1.156853663229586,3.706084344750312,0.03984141828207507,0.07790893393540721,0.0973777835716215
lmh,CPA,0.205,1.108598116042156,1.157375552307667,3.7063985572861737,0.039846350113171745,0.0782928237805612,0.09738576693670928
lmh,CPA,0.2075,1.1086510696557261,1.157893359251204,3.706698412303121,0.03985106266433094,0.07862691567100791,0.09739338435235383
lmh,CPA,0.21,1.1087037856374748,1.1584123937464421,3.706997263529531,0.03985576714939301,0.07897636350207386,0.09740097514150516
lmh,CPA,0.2125,1.1087548586775229,1.1589295949228038,3.707287246222225,0.039860338423437364,0.07934214496691513,0.09740833959656406
lmh,CPA,0.215,1.10880457903827,1.1594456211822761,3.707570218435805,0.03986480521214686,0.07968730606705833,0.09741552499302997
lmh,CPA,0.2175,1.108853073274222,1.159960571065555,3.707846393288416,0.0398691714589569,0.08003964220522122,0.097422536816938
lmh,CPA,0.22,1.1089000570807102,1.160473800574217,3.708114145648975,0.039873410125492524,0.08038797858206888,0.09742933388744317
lmh,CPA,0.2225,1.1089465832971181,1.160987813960845,3.7083792838323997,0.039877613528392745,0.08074392997146129,0.09743606370916352
lmh,CPA,0.225,1.108991322072289,1.1614994575511,3.7086342873562272,0.03988166191743115,0.08107025017662609,0.09744253545842477
lmh,CPA,0.2275,1.109035998503047,1.162012671023948,3.708888491011449,0.03988570388166553,0.08141033698214306,0.09744898609705727
lmh,CPA,0.23,1.109078982491865,1.162523769278377,3.70913272468482,0.03988959262285652,0.08175617162540166,0.09745518297684726
lmh,CPA,0.2325,1.109121565631606,1.163035399842794,3.709373351335802,0.03989343021567479,0.08207183390732556,0.09746128760682456
lmh,CPA,0.235,1.109163522665201,1.163547123302196,3.7096088015518762,0.03989719133422983,0.08242094487125214,0.09746726021147548
lmh,CPA,0.2375,1.1092045474153829,1.164058197752236,3.70983706738987,0.039900843273350826,0.082739128623699,0.09747304991067003
lmh,CPA,0.24,1.109244351504936,1.164569690163906,3.7100603328644084,0.03990442244492954,0.08306255078803057,0.0974787121521122
lmh,CPA,0.2425,1.1092830734591361,1.1650820969071098,3.710279235507234,0.03990793802666388,0.0833806178217065,0.0974842631438063
lmh,CPA,0.245,1.109320845260948,1.1655948520576132,3.710491909396882,0.039911360883885076,0.08370508842636536,0.09748965561282165
lmh,CPA,0.2475,1.109358057119597,1.166109099701362,3.710700403738043,0.03991472393132959,0.08400623911115354,0.09749494155979117
lmh,CPA,0.25,1.109394520492402,1.166624575544469,3.710903428469293,0.0399180069016876,0.0843258731390905,0.09750008831567088
lmh,CPA,0.2525,1.109430454610279,1.167142064818966,3.711102018586291,0.039921226435491834,0.08464099066514703,0.09750512215590865
lmh,CPA,0.255,1.109176333492883,1.167661607905825,3.711295547292196,0.03992437299406141,0.08493997880915212,0.09751002722796862
lmh,CPA,0.2575,1.109112106423812,1.168183734966476,3.711484298183053,0.0399274509913215,0.0852504305088073,0.09751481075550605
lmh,CPA,0.26,1.1087638190302709,1.168708216518203,3.711667025394401,0.03993044054122701,0.08557587875186819,0.09751944120265285
lmh,CPA,0.2625,1.108485111748791,1.169234402033715,3.711841402142387,0.039933303029538625,0.0859871725256333,0.09752385965588378
lmh,CPA,0.265,1.108532036993546,1.169759706065676,3.712000728817934,0.039935927231822925,0.08666759014569993,0.09752789643205963
lmh,CPA,0.2675,1.1082443613157191,1.170280934715325,3.7121366583910578,0.03993816419889328,0.0879900995000287,0.09753134015908738
lmh,CPA,0.27,1.108272472847259,1.170798709167145,3.712249246918348,0.039939917887593566,0.09008766798188612,0.0975341923755044
lmh,CPA,0.2725,1.108026490827394,1.171319896766208,3.7123528784517763,0.0872820577702776,0.09059822901561894,0.09753681754453199
lmh,CPA,0.275,1.107762092534101,1.171848458025732,3.712457599951517,0.08728348204046898,0.09059835077927536,0.09753947018905237
lmh,CPA,0.2775,1.107799469124402,1.172384424091298,3.712563070944841,0.0872849161170738,0.09059854097783364,0.09754214168118573
lmh,CPA,0.28,1.1077165280989651,1.172927732544648,3.712668958201757,0.08728635562357819,0.09059878122957067,0.09754482357824887
lmh,CPA,0.2825,1.107460664116687,1.173478486595596,3.712775307576293,0.08728780095771145,0.09059907192798378,0.09754751703994481
lmh,CPA,0.285,1.1075126441936591,1.174036788880977,3.7128822246254147,0.08728925348396534,0.0905994173905857,0.09755022473766733
lmh,CPA,0.2875,1.1072561984265492,1.174602836327787,3.71299003045552,0.08729071740892581,0.0905998321193242,0.09755295480064853
lmh,CPA,0.29,1.106982761972684,1.1751762335176639,3.71309800176564,0.08729218329864014,0.09060027834706026,0.09755568891003655
lmh,CPA,0.2925,1.1069712427435459,1.175757252713242,3.713206675505511,0.0872936579807949,0.09060078190995205,0.0975584406610641
lmh,CPA,0.295,1.106960723401537,1.1763460846672569,3.713316427420497,0.08729514652490455,0.09060135877643176,0.09756121956451191
lmh,CPA,0.2975,1.10669710970094,1.176942440217344,3.7134267783748682,0.08729664275048732,0.09060198417875463,0.09756401348536428
lmh,CPA,0.3,1.10666767889039,1.1775461478194171,3.7135374881681558,0.08729814333582228,0.09060264598378746,0.09756681634018709
lmh,CPA,0.3025,1.1064852640914922,1.178157538708105,3.713649226329554,0.0872996570218603,0.09060337691186347,0.09756964507673456
lmh,CPA,0.305,1.10620313636307,1.178776220173258,3.713761317960488,0.08730117506800497,0.09060414172278267,0.0975724826066254
lmh,CPA,0.3075,1.106163066836671,1.179402371715542,3.7138741483896083,0.08730270237420931,0.09060495878827107,0.09757533868199443
lmh,CPA,0.31,1.106154537368002,1.180035878401278,3.7139875359813037,0.08730423664047929,0.09060581739860715,0.09757820870244084
lmh,CPA,0.3125,1.105925285128781,1.180676882286928,3.7141017631534656,0.08730578154326346,0.09060672969235682,0.09758109981352264
lmh,CPA,0.315,1.105831401442603,1.1813254669519648,3.714216984808751,0.08730733915843561,0.0906077007779594,0.09758401593202394
lmh,CPA,0.3175,1.105697632230064,1.181981584379191,3.714333123827216,0.0873089085719472,0.09060872781532688,0.09758695510210941
lmh,CPA,0.32,1.105407097520546,1.182645137965512,3.714449995175262,0.08731048728986476,0.09060980035572162,0.09758991263758389
lmh,CPA,0.3225,1.1054303985221459,1.183316183981507,3.714567702132717,0.0873120766627691,0.09061092474871445,0.09759289114869218
lmh,CPA,0.325,1.1053677729186568,1.1839943339086418,3.714685510032416,0.0873136670058665,0.09061206403118482,0.09759587204310485
lmh,CPA,0.3275,1.105127950505552,1.184680191898879,3.714804467384787,0.08731527196720083,0.09061326472407193,0.097598881848612
lmh,CPA,0.33,1.1050905961518398,1.1853736393353669,3.714924334901896,0.08731688871076214,0.09061451744088457,0.0976019145063878
lmh,CPA,0.3325,1.1048791910109441,1.1860745877011971,3.715045022417191,0.0873185160924554,0.09061582220067509,0.0976049677314398
lmh,CPA,0.335,1.1045800170935018,1.186783134871051,3.715167181010166,0.08732016300721294,0.09061723099806424,0.09760805799011421
lmh,CPA,0.3375,1.104798383993744,1.1874983033506838,3.715290486149399,0.08732182595094969,0.09061879618060212,0.0976111770668644
lmh,CPA,0.34,1.104575867028068,1.1882181092156439,3.715413752402687,0.08732348966688423,0.09062055969141644,0.09761429497302934
lmh,CPA,0.3425,1.104291723100199,1.188941227697317,3.715537843119007,0.08732516585310493,0.09062268560604524,0.09761743354449544
lmh,CPA,0.345,1.104305745622028,1.189665927501106,3.7156632900763022,0.08732686204851181,0.09062532796098352,0.09762060622635725
lmh,CPA,0.3475,1.104016296824497,1.1903899958851152,3.715789379053516,0.08732856896382178,0.09062855530605092,0.09762379495068058
lmh,CPA,0.35,1.103846028341932,1.191112757369485,3.7159173193712016,0.08733030234557036,0.0906324822681858,0.09762703029480645
lmh,CPA,0.3525,1.103960646736753,1.1918329110756138,3.716046367853513,0.08733205230847732,0.09063710002144056,0.09763029345847328
lmh,CPA,0.355,1.1036973933419152,1.192549385865418,3.716175499840574,0.08733380490098992,0.09064235791918948,0.09763355852903549
lmh,CPA,0.3575,1.103572395373517,1.193262608097375,3.7163058362692234,0.08733557459210868,0.09064828242611793,0.09763685384609821
lmh,CPA,0.36,1.1033988551222411,1.193972340230212,3.716436972799273,0.08733735601685254,0.09065482292083825,0.09764016918193505
lmh,CPA,0.3625,1.1030979833741401,1.194678944767488,3.716569310567323,0.08733915424899501,0.09066195475877314,0.09764351467315052
lmh,CPA,0.365,1.103313982478362,1.195383155494898,3.716703810059164,0.0873409821661694,0.09066968237948836,0.09764691459264122
lmh,CPA,0.3675,1.103047176288903,1.196084016630748,3.716838368410383,0.08734281174402847,0.09067787368686578,0.09765031577816768
lmh,CPA,0.37,1.102823577156391,1.196782277380532,3.716973864503005,0.08734465437005447,0.09068652924120643,0.0976537404425485
lmh,CPA,0.3725,1.1027245608673741,1.1974784033372492,3.717110661667885,0.08734650016530605,0.09069563018281408,0.09765719776347018
lmh,CPA,0.375,1.102428925992994,1.198172240877129,3.717248029707429,0.08734834604829089,0.09070511070406732,0.09766066928180056
lmh,CPA,0.3775,1.102608144672686,1.198865233420574,3.7173880569131743,0.08735022882572659,0.09071502950660428,0.09766420776402546
lmh,CPA,0.38,1.102338219476376,1.199556076554475,3.71752807497381,0.0873521105302687,0.09072524703106849,0.097667745775348
lmh,CPA,0.3825,1.102200998156435,1.200245762168064,3.717669444073811,0.0873540065098111,0.09073579564587876,0.0976713176818789
lmh,CPA,0.385,1.101991243148906,1.200934318984286,3.717811855834054,0.08735591134841778,0.09074664050265506,0.09767491568583753
lmh,CPA,0.3875,1.101798761684471,1.201622127980492,3.717955604562243,0.08735783311327562,0.0907577712474523,0.09767854721673756
lmh,CPA,0.39,1.101838664165328,1.202309673826641,3.718101179654246,0.08735977897537403,0.09076918796747514,0.09768222462995436
lmh,CPA,0.3925,1.1015673592047701,1.202996382509064,3.718247265184816,0.0873617317263247,0.09078081830610682,0.09768591467743246
lmh,CPA,0.395,1.10147445572695,1.203683113445136,3.718395050033134,0.08736370695333759,0.0907926950883661,0.0976896473838355
lmh,CPA,0.3975,1.101194918330266,1.20436961521954,3.718543826609364,0.08736569551342675,0.09080477382243725,0.09769340486990653
lmh,CPA,0.4,1.1012691683583071,1.205056696573503,3.7186947587515937,0.08736771278205523,0.09081708991068886,0.09769721652094616
lmh,CPA,0.4025,1.101007179557435,1.205743715344395,3.718846547894098,0.0873697417628577,0.09082957804607873,0.09770104953470263
lmh,CPA,0.405,1.100886945438445,1.206431111410297,3.718999812022407,0.08737179064167189,0.09084225550732476,0.09770491951032294
lmh,CPA,0.4075,1.10061633233441,1.207119043900617,3.7191546921641514,0.08737386136482936,0.09085511853341793,0.09770883000026599
lmh,CPA,0.41,1.100636571411657,1.207807788862023,3.719311565034372,0.08737595910346416,0.09086817618806665,0.09771279050592747
lmh,CPA,0.4125,1.1003784520279771,1.208496937905229,3.7194696490836607,0.08737807363077396,0.09088138997153934,0.09771678128680919
lmh,CPA,0.415,1.100235287218809,1.2091866979351311,3.719629231354354,0.08738020882672909,0.09089476657660595,0.09772080958151211
lmh,CPA,0.4175,1.09996714468381,1.2098776758204028,3.7197912437449876,0.0873823771148742,0.09090833566441825,0.09772489890239357
lmh,CPA,0.42,1.0999452901794229,1.210569357278473,3.7199547441895837,0.08738456330107719,0.09092205589815064,0.09772902545955083
lmh,CPA,0.4225,1.099777909491988,1.211261950189282,3.7201199879039577,0.08738676886292761,0.09093593093234181,0.09773319568483603
lmh,CPA,0.425,1.099521714909966,1.211955893117103,3.720287609324554,0.08738900636884507,0.09094998039688293,0.09773742557713187
lmh,CPA,0.4275,1.099448240610251,1.2126510978521199,3.720457337714045,0.08739127236146566,0.09096418727015054,0.09774170829091215
lmh,CPA,0.43,1.099252104444547,1.213347430846437,3.72062882704844,0.08739356241827036,0.09097853282008458,0.09774603508326082
lmh,CPA,0.4325,1.0990091258626031,1.2140456669507091,3.720803238906889,0.08739589197365205,0.09099305625689197,0.09775043524713253
lmh,CPA,0.435,1.098899510910947,1.214745483555196,3.720979882899305,0.08739825213181426,0.09100772447196805,0.09775489134880651
lmh,CPA,0.4375,1.098695654285415,1.2154469842196811,3.721158793350568,0.08740064347533816,0.0910225337852911,0.09775940423991733
lmh,CPA,0.44,1.0984412228797469,1.2161508015397822,3.721340870134552,0.08740307803965831,0.09103751246646916,0.09776399660165669
lmh,CPA,0.4425,1.0983040847826,1.216856717782562,3.7215256149228093,0.08740554948658188,0.09105263714111782,0.09776865584605263
lmh,CPA,0.445,1.0980849007481468,1.217565172953135,3.721713622211027,0.08740806578527435,0.09106792541708705,0.09777339694652397
lmh,CPA,0.4475,1.097922340089893,1.2182762365312152,3.721904880775381,0.08741062694859021,0.09108337237711502,0.09777821959803482
lmh,CPA,0.45,1.097689287195007,1.218990063080091,3.722099536987384,0.08741322943779076,0.09109897988837384,0.09778312746856502
lmh,CPA,0.4525,1.0975083448964649,1.2197070579140998,3.722298161251929,0.08741588142153087,0.09111476593080019,0.09778813491397693
lmh,CPA,0.455,1.0972627210218209,1.220427176281762,3.722500604256125,0.08741858546985704,0.09113072273098269,0.09779323814224646
lmh,CPA,0.4575,1.097065917963795,1.221150977977612,3.722707716426433,0.08742134878107137,0.09114687921134965,0.09779845856023361
lmh,CPA,0.46,1.0968069650185621,1.221878480974316,3.72291948135121,0.08742416523394063,0.09116323359593727,0.09780379571963915
lmh,CPA,0.4625,1.09659461092302,1.2226100314081259,3.723136428190676,0.0874270501275169,0.09117980384423059,0.09780926291962622
lmh,CPA,0.465,1.096320347085764,1.223346189083579,3.7233594579364553,0.08743001542192318,0.09119662329622975,0.09781488282187151
lmh,CPA,0.4675,1.096095996224024,1.224087010424961,3.723588651622399,0.0874330622136769,0.09121369455255764,0.09782065741929442
lmh,CPA,0.47,1.095855232737376,1.224833187404267,3.723825126899541,0.08743620526035198,0.0912310576444489,0.0978266148160995
lmh,CPA,0.4725,1.095584122068928,1.225585178015337,3.724069651928214,0.0874394548188403,0.09124874280255164,0.09783277429910421
lmh,CPA,0.475,1.095291566681283,1.226343641628981,3.724323309756212,0.087442825184667,0.09126679002723997,0.09783916307446121
lmh,CPA,0.4775,1.09501301469608,1.227109635436478,3.724587833293012,0.0874463393354876,0.09128526363489889,0.09784582469719069
lmh,CPA,0.48,1.094717293125641,1.227884029015565,3.724864656961183,0.08745001630928294,0.09130421794808512,0.09785279518113203
lmh,CPA,0.4825,1.0944024798659,1.228668425127486,3.725156404761307,0.08745389082817234,0.09132375089368504,0.09786014046392953
lmh,CPA,0.485,1.0940654437740631,1.22946483504014,3.7254663594261936,0.08745800641408837,0.09134398509912657,0.09786794302078755
lmh,CPA,0.4875,1.0937019717594572,1.230275893523915,3.7257988080656657,0.08746241902354526,0.09136508036452007,0.09787631054542684
lmh,CPA,0.49,1.0933496593922232,1.2311055855820978,3.7261602098897,0.08746721309427537,0.09138727640897219,0.09788540530443979
lmh,CPA,0.4925,1.092947957759296,1.2319580514157709,3.726557146080178,0.08747247718799808,0.09141081207034255,0.09789539249596567
lmh,CPA,0.495,1.09252526266107,1.232832638413496,3.7269881566140843,0.08747819129110188,0.09143561883121971,0.09790623489258835
lmh,CPA,0.4975,1.0920430762242,1.23372752029406,3.727449911347274,0.08748431084345316,0.09146155790241524,0.09791784822605934
lmh,CPA,0.5,1.091473003911326,1.234640237646027,3.727938365823726,0.08749078202705142,0.09148846421479952,0.0979301303071037
lmh,CPA,0.5025,1.090935444616282,1.235577149646333,3.728465007812719,0.08749775737667856,0.09151672395621686,0.09794336942695105
lmh,CPA,0.505,1.090392584255575,1.2365394886923688,3.729031626400434,0.08750525964908035,0.09154638368785299,0.09795760983124814
lmh,CPA,0.5075,1.089774714996214,1.237528998590308,3.729640780014271,0.08751332224448655,0.09157751619460555,0.09797291499166735
lmh,CPA,0.51,1.089153629675615,1.238550289972225,3.7302995958636798,0.08752203914071546,0.09161035535145565,0.09798946298696144
lmh,CPA,0.5125,1.088474893738386,1.239608690486927,3.731016281093079,0.08753151781362153,0.0916451682796801,0.09800745870987347
lmh,CPA,0.515,1.087719049369674,1.240703065317808,3.731788699125253,0.08754188638281352,0.09168185830126281,0.0980268470832965
lmh,CPA,0.5175,1.087552780641025,1.241815569706906,3.732588358802305,0.08756457750207981,0.09171943201943898,0.09804691184947412
lmh,CPA,0.52,1.087928196646154,1.242930968268253,3.7333910598286657,0.08759661681862217,0.09175705700803846,0.09806704537632455
lmh,CPA,0.5225,1.088303117337093,1.244046943863146,3.734193089725633,0.08762857146280022,0.0917946066696614,0.09808715452926177
lmh,CPA,0.525,1.088677552559906,1.245163516463942,3.734994451623713,0.08766044275729291,0.09183208095763806,0.0981072394216995
lmh,CPA,0.5275,1.089051505388605,1.246280706150962,3.735795152372885,0.0876922314445299,0.09186947983395834,0.09812730025995807
lmh,CPA,0.53,1.089424978048092,1.24739853249489,3.7365951981752556,0.08772393822341198,0.09190680326781711,0.09814733723373392
lmh,CPA,0.5325,1.0897979722722249,1.248517014943169,3.737394595285876,0.08775556377620594,0.09194405123214897,0.09816735053368508
lmh,CPA,0.535,1.09017048925989,1.249636172493543,3.738193349781586,0.08778710876152553,0.09198122371657165,0.09818734034563457
lmh,CPA,0.5375,1.0905425296393831,1.250756023281627,3.7389914673666222,0.08781857380878517,0.09201832073047392,0.09820730684572777
lmh,CPA,0.54,1.0909140935501151,1.251876584668208,3.7397889535359496,0.0878499595243524,0.09205534230298144,0.09822725020453285
lmh,CPA,0.5425,1.0912851806280799,1.25299787299747,3.740585813436656,0.08788126648810235,0.09209228848158246,0.09824717058358148
lmh,CPA,0.545,1.091655790058616,1.254119903743195,3.741382051922836,0.08791249525619091,0.09212915933616203,0.09826706813677626
lmh,CPA,0.5475,1.092025920722372,1.255242691918199,3.742177673863649,0.08794364637267058,0.09216595495525015,0.09828694301808098
lmh,CPA,0.55,1.092395571023586,1.2563662516599552,3.742972683659605,0.08797472035299853,0.09220267544521141,0.09830679536945594
lmh,CPA,0.5525,1.0927647390375321,1.2574905966472611,3.7437670855798393,0.08800571769671635,0.09223932091825386,0.09832662532928618
lmh,CPA,0.555,1.0931334226111291,1.2586157406478289,3.744560883986743,0.08803663889587411,0.09227589149030414,0.09834643303801796
lmh,CPA,0.5575,1.093501619237709,1.2597416973432791,3.745354083016969,0.08806748442405461,0.09231238727490156,0.09836621863017206
lmh,CPA,0.56,1.093869326005243,1.260868480484521,3.746146686498919,0.08809825473348043,0.09234880837700893,0.098385982232321
lmh,CPA,0.5625,1.094236539681041,1.261996104456506,3.746938698249747,0.08812895026529116,0.09238515488192332,0.09840572397049092
lmh,CPA,0.565,1.094603256628895,1.26312458436929,3.74773012198677,0.08815957144592981,0.09242142684322463,0.09842544396796779
lmh,CPA,0.5675,1.0949694727068882,1.264253936423307,3.7485209612486847,0.08819011868332227,0.09245762428355143,0.0984451423433329
lmh,CPA,0.57,1.095335183185614,1.265384178227741,3.7493112193986153,0.08822059236594511,0.09249374718840352,0.09846481921055729
lmh,CPA,0.5725,1.0957003826411,1.266515329017733,3.7501008996311143,0.08825099286156667,0.09252979549547077,0.09848447467917221
lmh,CPA,0.575,1.0960650648320218,1.267647409893241,3.750890005015783,0.08828132051672002,0.09256576908560785,0.09850410885537692
lmh,CPA,0.5775,1.09642922251748,1.268780444127237,3.751678538471174,0.08831157565310473,0.0926016677845487,0.09852372184138532
lmh,CPA,0.58,1.096792847262507,1.269914457239929,3.7524665027650927,0.08834175856460978,0.0926374913575891,0.09854331373545434
lmh,CPA,0.5825,1.097155929218548,1.2710494770473002,3.753253900511233,0.08837186951373563,0.09267323950944752,0.09856288463179251
lmh,CPA,0.585,1.097518456888649,1.272185533627892,3.754040734172375,0.08840190872786702,0.0927089118872283,0.09858243462066246
lmh,CPA,0.5875,1.097880416893598,1.273322659130455,3.754827006084075,0.08843187639611508,0.0927445080826313,0.09860196378896749
lmh,CPA,0.59,1.0982417937162081,1.2744608875315941,3.7556127184126353,0.08846177266368695,0.09278002764547796,0.09862147221920832
lmh,CPA,0.5925,1.098602569470337,1.2756002542920242,3.756397873121711,0.08849159762676104,0.09281547010040998,0.09864095998868613
lmh,CPA,0.595,1.0989627237421051,1.276740795774866,3.75718247201118,0.08852135133058982,0.09285083495580686,0.09866042717045485
lmh,CPA,0.5975,1.0993222334779011,1.277882548657766,3.757966516718867,0.08855103376705639,0.09288612172190577,0.09867987383337416
lmh,CPA,0.6,1.0996810729552489,1.279025549300862,3.7587500087162438,0.08858064487322416,0.0929213299321728,0.09869930004202958
lmh,CPA,0.6025,1.100039213866385,1.2801698329400448,3.759532949317188,0.0886101845320463,0.09295645916143891,0.09871870585693616
lmh,CPA,0.605,1.100396625520482,1.281315432930252,3.760315339685956,0.0886396525748666,0.0929915090456533,0.098738091334746
lmh,CPA,0.6075,1.100753275189101,1.2824623799520571,3.761097180863841,0.08866904878698907,0.09302647929895133,0.09875745652892842
lmh,CPA,0.61,1.101109128581079,1.2836107012817681,3.761878473782383,0.08869837291517305,0.09306136973067758,0.09877680149009799
lmh,CPA,0.6125,1.1014641504313532,1.284760420275678,3.762659219242781,0.08872762467646776,0.09309618026844414,0.0987961262655015
lmh,CPA,0.615,1.1018183052273691,1.285911555724949,3.763439417956713,0.08875680377173742,0.09313091096478626,0.09881543090004669
lmh,CPA,0.6175,1.102171558014076,1.2870641213558132,3.7642190705712544,0.08878590990076449,0.09316556200383748,0.09883471543690724
lmh,CPA,0.62,1.102523875242589,1.2882181255979,3.764998177678337,0.08881494277838362,0.09320013371165742,0.09885397991778129
lmh,CPA,0.6225,1.1028752256371261,1.289373571311257,3.7657767398437496,0.08884390215220872,0.09323462655622299,0.09887322438359138
lmh,CPA,0.625,1.1032255810237361,1.2905304556752362,3.7665547576287817,0.08887278782005031,0.09326904114682462,0.09889244887503353
lmh,CPA,0.6275,1.1035749170788889,1.291688770174201,3.767332231612909,0.08890159964628769,0.09330337823032366,0.09891165343313467
lmh,CPA,0.63,1.1039232139525612,1.292848500690737,3.7681091624092433,0.08893033757588392,0.09333763868607793,0.09893083809962386
lmh,CPA,0.6325,1.104270456749538,1.294009627632674,3.7688855507167003,0.08895900164682224,0.09337182351270917,0.09895000291823902
lmh,CPA,0.635,1.1046166357889489,1.2951721263182159,3.769661397274677,0.08898759199532812,0.09340593382838631,0.09896914793359256
lmh,CPA,0.6375,1.104961746705869,1.296335967269013,3.7704367028938197,0.08901610885995623,0.09343997085616511,0.09898827319192606
lmh,CPA,0.64,1.1053057903711891,1.2975011165581278,3.77121146849274,0.08904455258201782,0.0934739359070473,0.09900737874202337
lmh,CPA,0.6425,1.105648772627383,1.298667536400805,3.771985695092133,0.0890729236008529,0.09350783037065344,0.09902646463505979
lmh,CPA,0.645,1.105990703900553,1.299835185655707,3.772759383838204,0.08910122244723379,0.0935416556975428,0.09904553092516515
lmh,CPA,0.6475,1.106331598705192,1.301004020407151,3.773532536010462,0.08912944973393293,0.09357541338245752,0.09906457766962619
lmh,CPA,0.65,1.106671475088241,1.302173994584002,3.774305153034665,0.08915760614512457,0.0936091049463521,0.09908360492919178
lmh,CPA,0.6525,1.107010354043928,1.30334506060002,3.775077236491006,0.08918569242487978,0.09364273191854186,0.09910261276827034
lmh,CPA,0.655,1.1073482589156871,1.304517170145953,3.775848788082357,0.08921370936429018,0.0936762958269907,0.09912160125414703
lmh,CPA,0.6575,1.1076852148469272,1.305690274771706,3.7766198096520203,0.08924165779086086,0.09370979817804703,0.0991405704574042
lmh,CPA,0.66,1.1080212482687661,1.306864326488687,3.777390303181112,0.08926953855810402,0.0937432404406659,0.09915952045187543
lmh,CPA,0.6625,1.108356386440798,1.308039278425322,3.778160270778181,0.08929735253593876,0.09377662403596863,0.09917845131435943
lmh,CPA,0.665,1.1086906570556492,1.3092150853088889,3.7789297146740743,0.08932510060258102,0.09380995032429536,0.09919736312450572
lmh,CPA,0.6675,1.109024087902734,1.3103917039134811,3.7796986372108603,0.08935278363742202,0.09384322059583017,0.09921625596453088
lmh,CPA,0.67,1.109356706590493,1.311569093419708,3.780467040827648,0.0893804025150567,0.09387643606331503,0.09923512991887672
lmh,CPA,0.6725,1.109688540326937,1.3127472156808142,3.781234928054978,0.08940795810071742,0.09390959785703727,0.09925398507405768
lmh,CPA,0.675,1.110019615745192,1.313926035424322,3.782002301502828,0.0894354512464298,0.09394270702095839,0.0992728215183706
lmh,CPA,0.6775,1.110349958768973,1.315105520345508,3.782769163841461,0.08946288278783701,0.09397576451193729,0.09929163934141813
lmh,CPA,0.68,1.1106795945059809,1.316285641238015,3.783535517763025,0.08949025354104459,0.09400877120576177,0.0993104386331737
lmh,CPA,0.6825,1.111008547190633,1.317466371874299,3.784301365991723,0.08951756430179662,0.09404172789415773,0.0993292194842228
lmh,CPA,0.685,1.11133684013907,1.3186476889789969,3.785066711264344,0.08954481584411118,0.09407463529033444,0.09934798198528426
lmh,CPA,0.6875,1.111664495727189,1.319829572110964,3.7858315563192733,0.08957200891962543,0.09410749403331638,0.09936672622695421
lmh,CPA,0.69,1.11199153538615,1.3210120034772639,3.786595903891882,0.08959914425742863,0.09414030469174975,0.09938545229958047
lmh,CPA,0.6925,1.112317979607693,1.322194967732416,3.787359756704346,0.08962622256401641,0.09417306776790332,0.09940416029301999
lmh,CPA,0.695,1.112643847956001,1.323378451791886,3.788123117450226,0.08965324452317196,0.09420578370425053,0.09942285029625687
lmh,CPA,0.6975,1.112969159083931,1.324562444701891,3.788885988772946,0.08968021079583206,0.09423845289249293,0.09944152239689023
lmh,CPA,0.7,1.113293930762863,1.325746937357332,3.789648373267355,0.08970712202080952,0.09427107567604402,0.09946017668116222
lmh,CPA,0.7025,1.113618179914805,1.326931922331817,3.790410273478341,0.08973397881551066,0.0943036523554892,0.09947881323393791
lmh,CPA,0.705,1.11394192264366,1.3281173937081718,3.791171691893316,0.08976078177645512,0.09433618319441747,0.09949743213851564
lmh,CPA,0.7075,1.1142651742679979,1.329303346865371,3.7919326309353116,0.08978753147984928,0.09436866842325901,0.09951603347646389
lmh,CPA,0.71,1.114587949356762,1.330489778307786,3.792693092963107,0.08981422848239738,0.09440110824341252,0.09953461732762525
lmh,CPA,0.7125,1.1149102617630129,1.331676685501454,3.7934530802668753,0.0898408733219723,0.09443350283097819,0.09955318377002847
lmh,CPA,0.715,1.115232124657942,1.332864066724532,3.794212595066008,0.08986746651831302,0.09446585234027216,0.09957173287981687
lmh,CPA,0.7175,1.115553550561715,1.334051920941044,3.794971639501194,0.08989400857354454,0.0944981569070343,0.0995902647310662
lmh,CPA,0.72,1.115874551385326,1.335240247626129,3.795730215657204,0.08992049997369463,0.09453041664753042,0.09960877939635085
lmh,CPA,0.7225,1.116195138442404,1.3364290468010471,3.796488325513431,0.08994694118770523,0.0945626316693438,0.09962727694554306
lmh,CPA,0.725,1.116515322490701,1.3376183188364839,3.797245970972292,0.0899733326691121,0.09459480206798496,0.09964575744648925
lmh,CPA,0.7275,1.116835113759402,1.338808064399003,3.798003153854943,0.08999967485653737,0.09462692792980468,0.09966422096493348
lmh,CPA,0.73,1.1171545219764651,1.339998284398052,3.798759875901494,0.09002596817433936,0.0946590093341319,0.09968266756451032
lmh,CPA,0.7325,1.11747355639538,1.3411889799014611,3.799516138772072,0.09005221303323802,0.09469104635389443,0.09970109730678425
lmh,CPA,0.735,1.1177922258235569,1.342380152020548,3.8002719440567536,0.0900784098312152,0.09472303905412811,0.09971951025148497
lmh,CPA,0.7375,1.118110538640545,1.343571801951138,3.801027293262424,0.09010455895359425,0.09475498749705497,0.0997379064562011
lmh,CPA,0.74,1.118428502820702,1.344763930931879,3.801782187814373,0.09013066077361089,0.0947868917426687,0.09975628597641882
lmh,CPA,0.7425,1.118746125954261,1.345956540164563,3.802536629056869,0.09015671565289517,0.09481875184759354,0.09977464886554016
lmh,CPA,0.745,1.1190634152655818,1.3471496308301538,3.80329061824962,0.09018272394181688,0.09485056786726923,0.09979299517479687
lmh,CPA,0.7475,1.11938037763345,1.348343204042255,3.804044156572139,0.09020868598005058,0.09488233985570313,0.09981132495335829
lmh,CPA,0.75,1.119697019611632,1.349537260826911,3.804797245131813,0.09023460209725799,0.09491406786551598,0.09982963824854292
lmh,CPA,0.7525,1.120013347442973,1.350731802097167,3.80554988495789,0.09026047261324731,0.094945751948371,0.0998479351056652
lmh,CPA,0.755,1.120329367076041,1.3519268286251551,3.8063020770044282,0.09028629783844971,0.09497739215487609,0.09986621556811338
lmh,CPA,0.7575,1.120645084180234,1.353122341056408,3.8070538221518593,0.09031207807429821,0.09500898853526314,0.09988447967738963
lmh,CPA,0.76,1.120960504158492,1.354318339890589,3.807805121204395,0.09033781361345178,0.09504054113931486,0.0999027274730503
lmh,CPA,0.7625,1.1212756321666522,1.355514825389729,3.808555974906157,0.09036350474065066,0.09507205001279745,0.09992095899310553
lmh,CPA,0.765,1.121590473114368,1.356711797750724,3.809306383913717,0.09038915173206351,0.0951035152053958,0.09993917427335099
lmh,CPA,0.7675,1.121905031681011,1.3579092569762339,3.81005634880666,0.09041475485590159,0.09513493676599366,0.09995737334762299
lmh,CPA,0.77,1.12221931232918,1.359107202908067,3.8108058700951077,0.09044031437294454,0.09516631474346458,0.09997555624799376
lmh,CPA,0.7725,1.122533319314575,1.3603056352352172,3.811554948218858,0.09046583053673236,0.09519764918703079,0.09999372300475184
lmh,CPA,0.775,1.122847056695508,1.361504553473572,3.812303583547522,0.09049130359379544,0.09522894014573877,0.1000118736463981
lmh,CPA,0.7775,1.123160528344735,1.362703956885992,3.8130517763878826,0.09051673378411086,0.09526018766550345,0.1000300081998396
lmh,CPA,0.78,1.123473737951664,1.3639038446327578,3.8137995269681038,0.09054212134078525,0.09529139179508318,0.10004812669000329
lmh,CPA,0.7825,1.1237866890356352,1.365104215685682,3.8145468354511958,0.09056746649067708,0.09532255258270246,0.1000662291401686
lmh,CPA,0.785,1.124099384952559,1.3663050688486669,3.8152937019331823,0.09059276945452423,0.09535367007610239,0.10008431557191699
lmh,CPA,0.7875,1.1244118289009242,1.3675064027745312,3.8160401264403,0.09061803044701475,0.0953847443234321,0.10010238600508299
lmh,CPA,0.79,1.1247240239308272,1.368708215945545,3.816786108934996,0.09064324967714538,0.09541577537237438,0.1001204404578874
lmh,CPA,0.7925,1.1250359729486858,1.369910506668997,3.817531649312234,0.09066842734824937,0.09544676327011614,0.1001384789468521
lmh,CPA,0.795,1.125347678723406,1.371113273080112,3.818276747399876,0.09069356365816071,0.0954777080633219,0.10015650148681861
lmh,CPA,0.7975,1.125659143895526,1.372316513129392,3.819021402968021,0.09071865879964384,0.0955086097976786,0.1001745080911785
lmh,CPA,0.8,1.12597037097948,1.373520224608042,3.819765615721274,0.0907437129602801,0.09553946851853154,0.100192498771677
lmh,CPA,0.8025,1.126281362368214,1.374724405142194,3.820509385297909,0.09076872632255277,0.09557028427014266,0.1002104735383976
lmh,CPA,0.805,1.126592120341989,1.375929052121125,3.821252711280198,0.0907936990643087,0.0956010570932431,0.10022843240003061
lmh,CPA,0.8075,1.126902647066653,1.377134162852111,3.821995593179198,0.09081863135836551,0.09563178703103649,0.10024637536348839
lmh,CPA,0.81,1.127212944600839,1.3783397344596628,3.822738030441907,0.09084352337284637,0.09566247412514592,0.1002643024340897
lmh,CPA,0.8125,1.1275230149011688,1.3795457639226951,3.823480022454788,0.0908683752714072,0.0956931184165503,0.1002822136156414
lmh,CPA,0.815,1.127832859826389,1.380752248080087,3.824221568544489,0.09089318721333568,0.09572371994560273,0.1003001089104649
lmh,CPA,0.8175,1.128142481139137,1.381959183572737,3.8249626679734137,0.09091795935352419,0.09575427875042905,0.1003179883192936
lmh,CPA,0.82,1.12845188051208,1.383166566882766,3.825703319946944,0.09094269184276323,0.09578479486780671,0.1003358518414367
lmh,CPA,0.8225,1.1287610595296609,1.3843743943803581,3.826443523609415,0.09096738482771548,0.09581526833464749,0.10035369947469759
lmh,CPA,0.825,1.129070019690436,1.3855826622661962,3.827183278042721,0.09099203845092886,0.09584569918622408,0.1003715312153363
lmh,CPA,0.8275,1.1293787624115619,1.386791366617224,3.8279225822704,0.09101665285106089,0.09587608745714725,0.1003893470581709
lmh,CPA,0.83,1.1296872890331349,1.388000503352201,3.828661435261655,0.0910412281630687,0.09590643318080033,0.1004071469966696
lmh,CPA,0.8325,1.12999560081696,1.389210068252966,3.829399835921866,0.09106576451797153,0.09593673638925393,0.1004249310227395
lmh,CPA,0.835,1.1303036989510968,1.390420056956204,3.8301377830976158,0.09109026204308318,0.09596699711322264,0.1004426991268436
lmh,CPA,0.8375,1.130611584553896,1.391630464954758,3.830875275581477,0.09111472086222691,0.09599721538174119,0.1004604512981079
lmh,CPA,0.84,1.130919258674663,1.392841287605717,3.831612312107904,0.09113914109566007,0.0960273912224277,0.1004781875242339
lmh,CPA,0.8425,1.13122672229475,1.3940525201303209,3.832348891350668,0.0911635228600497,0.0960575246615422,0.1004959077914423
lmh,CPA,0.845,1.1315339763309848,1.395264157587599,3.833085011926873,0.09118786626864821,0.09608761572296143,0.1005136120845632
lmh,CPA,0.8475,1.131841021638253,1.396476194858851,3.8338206723981156,0.09121217143140287,0.0961176644276624,0.1005313003870655
lmh,CPA,0.85,1.132147859009826,1.3976886267620432,3.834555871267303,0.09123643845488824,0.09614767079732288,0.1005489726809994
lmh,CPA,0.8525,1.132454489180283,1.398901447951924,3.83529060698166,0.0912606674424497,0.09617763485122155,0.1005666289470406
lmh,CPA,0.855,1.1327609128281682,1.400114652972742,3.836024877935235,0.09128485849434233,0.09620755660752868,0.1005842691645819
lmh,CPA,0.8575,1.133067130575982,1.401328236250935,3.836758682464911,0.09130901170763508,0.09623743608297748,0.100601893311622
lmh,CPA,0.86,1.133373142992601,1.4025421920111931,3.8374920188532573,0.09133312717635045,0.09626727329043946,0.1006195013648376
lmh,CPA,0.8625,1.133678950593772,1.403756514417287,3.838224885325836,0.09135720499142089,0.0962970682430968,0.1006370932995307
lmh,CPA,0.865,1.133984553842801,1.404971197491806,3.8389572800499927,0.09138124524067513,0.09632682095220887,0.1006546690895877
lmh,CPA,0.8675,1.134289953153419,1.406186235133261,3.8396892011386927,0.09140524800901817,0.09635653142728266,0.10067222870757829
lmh,CPA,0.87,1.1345951488928279,1.40740162114107,3.8404206466550592,0.09142921337861144,0.09638619967644063,0.100689772124879
lmh,CPA,0.8725,1.1349001413803699,1.408617349189937,3.84115161460681,0.0914531414287083,0.09641582570603445,0.100707299311516
lmh,CPA,0.875,1.135204930889681,1.4098334128336059,3.841882102948373,0.09147703223577949,0.09644540952059544,0.10072481023623199
lmh,CPA,0.8775,1.135509517649519,1.411049805503492,3.8426121095806343,0.09150088587352748,0.09647495112278108,0.10074230486649591
lmh,CPA,0.88,1.135813901847414,1.412266520516528,3.843341632357591,0.09152470241313249,0.09650445051326187,0.1007597831686353
lmh,CPA,0.8825,1.136118083627754,1.413483551073685,3.844070669079669,0.09154848192305311,0.096533907690945,0.1007772451076938
lmh,CPA,0.885,1.136422063093401,1.414700890258763,3.844799217495038,0.09157222446912548,0.09656332265295069,0.1007946906474663
lmh,CPA,0.8875,1.136725840308669,1.4159185309930942,3.845527275305447,0.091595930114757,0.09659269539310132,0.1008121197506311
lmh,CPA,0.89,1.137029415297418,1.4171364660699581,3.846254840159163,0.09161959892073088,0.09662202590349152,0.10082953237859489
lmh,CPA,0.8925,1.137332788042362,1.418354688230299,3.8469819096477593,0.0916432309451251,0.09665131417571834,0.10084692849139809
lmh,CPA,0.895,1.137635958489802,1.419573190081701,3.847708481315984,0.09166682624366246,0.09668056019880904,0.1008643080479753
lmh,CPA,0.8975,1.1379389265488569,1.4207919641518338,3.84843455265823,0.09169038486961477,0.09670976396066154,0.10088167100605121
lmh,CPA,0.9,1.1382416920921878,1.422011002829515,3.849160121118811,0.09171390687383464,0.09673892544649138,0.10089901732217191
lmh,CPA,0.9025,1.138544254956926,1.423230298379646,3.8498851840927157,0.09173739230480565,0.0967680446393611,0.1009163469516998
lmh,CPA,0.905,1.138846614946294,1.424449843005121,3.850609738928389,0.09176084120874838,0.09679712152159238,0.1009336598488924
lmh,CPA,0.9075,1.139148771827825,1.425669628776782,3.851333782921872,0.09178425362945226,0.09682615607309726,0.10095095596677431
lmh,CPA,0.91,1.1394507253362949,1.426889647691711,3.852057313322763,0.09180762960849398,0.09685514827256934,0.1009682352572642
lmh,CPA,0.9125,1.1397524751749781,1.428109891648468,3.852780327336466,0.09183096918531986,0.09688409809684972,0.1009854976712319
lmh,CPA,0.915,1.140054021014681,1.4293303524427179,3.853502822120265,0.09185427239713781,0.09691300552093426,0.1010027431584215
lmh,CPA,0.9175,1.140355362495716,1.430551021772459,3.854224794787653,0.09187753927908297,0.09694187051798504,0.101019971667533
lmh,CPA,0.92,1.140656499227239,1.43177189123137,3.85494624240496,0.09190076986412034,0.0969706930592069,0.1010371831461684
lmh,CPA,0.9225,1.140957430787192,1.432992952319494,3.855667161990974,0.09192396418304809,0.09699947311417707,0.1010543775407924
lmh,CPA,0.925,1.141258156724179,1.434214196438703,3.856387550520259,0.09194712226461972,0.09702821065060795,0.1010715547968502
lmh,CPA,0.9275,1.141558676557882,1.435435614899255,3.857107404923438,0.09197024413557463,0.09705690563449523,0.10108871485874289
lmh,CPA,0.93,1.141858989780997,1.436657198852164,3.857826722091267,0.09199332982077756,0.09708555802818229,0.1011058576699433
lmh,CPA,0.9325,1.142159095857364,1.4378789394062161,3.8585454988689043,0.09201637934304686,0.0971141677936973,0.1011229831728556
lmh,CPA,0.935,1.142458994222864,1.43910082758516,3.859263732057712,0.09203939272323744,0.09714273489160591,0.1011400913088611
lmh,CPA,0.9375,1.1427586842867912,1.440322854314845,3.859981418417858,0.09206236998032992,0.09717125928062131,0.10115718201837569
lmh,CPA,0.94,1.143058165432418,1.4415450104547312,3.860698554668955,0.09208531113145636,0.09719974091818076,0.10117425524087681
lmh,CPA,0.9425,1.143357437017436,1.442767286712013,3.861415137490639,0.09210821619194265,0.09722817975847839,0.1011913109149057
lmh,CPA,0.945,1.143656498374702,1.443989673771396,3.862131163523525,0.09213108517535464,0.09725657575551115,0.1012083489780993
lmh,CPA,0.9475,1.143955348813908,1.445212162231578,3.862846629373072,0.0921539180936201,0.09728492886141177,0.1012253693672866
lmh,CPA,0.95,1.1442539876187252,1.446434742601173,3.863561531601709,0.09217671495679829,0.0973132390267561,0.10124237201828461
lmh,CPA,0.9525,1.144552414050825,1.447657405329597,3.8642758667383643,0.09219947577338874,0.0973415062008292,0.101259356866147
lmh,CPA,0.955,1.144850627349401,1.448880140787949,3.864989631276675,0.09222220055028937,0.09736973033131256,0.1012763238451127
lmh,CPA,0.9575,1.1451486267289939,1.45010293926292,3.865702821669155,0.09224488929261913,0.09739791136443023,0.10129327288846389
lmh,CPA,0.96,1.1454464113814928,1.451325790960904,3.866415434331313,0.0922675420038697,0.0974260492448496,0.1013102039286353
lmh,CPA,0.9625,1.145743980477102,1.452548686013535,3.867127465644099,0.0922901586859769,0.09745414391576382,0.10132711689726301
lmh,CPA,0.965,1.14604133316513,1.4537716144808601,3.8678389119549488,0.09231273933937194,0.09748219531894994,0.1013440117252137
lmh,CPA,0.9675,1.146338468574223,1.454994566349114,3.868549769578337,0.09233528396301327,0.09751020339472305,0.1013608883426065
lmh,CPA,0.97,1.146635385812654,1.456217531528808,3.869260034795588,0.09235779255437497,0.09753816808185407,0.101377746678792
lmh,CPA,0.9725,1.1469320839705621,1.457440499791135,3.869969703860349,0.09238026510964703,0.09756608931607233,0.1013945866625001
lmh,CPA,0.975,1.147228562118575,1.458663460910671,3.8706787729946743,0.09240270162360052,0.09759396703365962,0.1014114082217334
lmh,CPA,0.9775,1.147524819306941,1.459886404582155,3.871387238386201,0.09242510208952824,0.097621801169264,0.10142821128371181
lmh,CPA,0.98,1.1478208545676831,1.461109320449581,3.872095096193445,0.09244746649940494,0.09764959165651747,0.1014449957749941
lmh,CPA,0.9825,1.148116666915388,1.462332198075533,3.8728023425470317,0.0924697948439435,0.09767733842729466,0.10146176162150819
lmh,CPA,0.985,1.148412255346961,1.463555026952187,3.873508973549185,0.09249208711257552,0.09770504141215561,0.10147850874853939
lmh,CPA,0.9875,1.1487076188450311,1.464777796547406,3.874214985281117,0.09251434329370371,0.09773270054123322,0.1014952370809101
lmh,CPA,0.99,1.1490027563731722,1.466000496248804,3.874920373791415,0.09253656337433362,0.0977603157432039,0.101511946542688
lmh,CPA,0.9925,1.14929766687967,1.467223115408078,3.875625135104675,0.09255874734036643,0.0977878869460244,0.1015286370574192
lmh,CPA,0.995,1.149592349299116,1.468445643329208,3.876329265225279,0.0925808951767019,0.09781541407658169,0.1015453085481887
lmh,CPA,0.9975,1.149886802552984,1.469668069266989,3.8770327601381673,0.0926030068672968,0.09784289706063462,0.1015619609376683
lmh,CPA,1.0,1.150181025547564,1.470890382421202,3.8777356158036707,0.09262508239498672,0.09787033582296327,0.1015785941479686
