model,i,j,x_center_m,y_center_m,pressure_change_bar,gas_saturation,aqueous_co2_mole_fraction_x1e3,gas_co2_mole_fraction,water_saturation_change_x1e4
Our PR,0,0,25.0,15.0,0.8609654932977018,0.16972721082810494,1.4091753291252795,0.21261648244700154,0.11388077979371247
Our PR,1,0,75.0,15.0,0.8020261981758233,0.17223786909464836,1.408791194052474,0.21269226701599236,0.10660208926993597
Our PR,2,0,125.0,15.0,0.6935114286922271,0.17624471287896365,1.4076522544861076,0.2127666633831895,0.0922019466005064
Our PR,3,0,175.0,15.0,0.5631955405927599,0.1812134935154044,1.4064405435313525,0.2128813629623893,0.07499962255674841
Our PR,4,0,225.0,15.0,0.43375377464850245,0.18613866743465954,1.405232697837736,0.21299631351071477,0.05797382683381258
Our PR,5,0,275.0,15.0,0.31907530350838975,0.19045506824131891,1.404151485779313,0.21309788658671575,0.04282848665473904
Our PR,6,0,325.0,15.0,0.22520520761946217,0.1939302578967035,1.4032581907086858,0.21318080173447043,0.03034029719986564
Our PR,7,0,375.0,15.0,0.15244818350690045,0.1965717607250775,1.4025605088022075,0.21324491516928873,0.020597371592517844
Our PR,8,0,425.0,15.0,0.09806495614326001,0.19850942888031292,1.4020359859946536,0.21329274640793985,0.013282403715647595
Our PR,9,0,475.0,15.0,0.058323850621927534,0.19990368986434015,1.4016512074382548,0.21332765343810092,0.007922460220743943
Our PR,10,0,525.0,15.0,0.029561420423926784,0.20090188612154591,1.4013722215428195,0.2133529011654412,0.004036676173824194
Our PR,11,0,575.0,15.0,0.008633564827417955,0.20162382770056383,1.4011692631461583,0.21337127315126345,0.001205735809778341
Our PR,12,0,625.0,15.0,-0.006928235576676205,0.20215974120524915,1.4010186028389358,0.21338494371314742,-0.0009017852748982591
Our PR,13,0,675.0,15.0,-0.018911201501214878,0.2025729327988676,1.4009028616255057,0.21339548063425323,-0.0025263899823269043
Our PR,14,0,725.0,15.0,-0.028489871020765976,0.2029040251996869,1.4008105206543808,0.21340391084734173,-0.0038261666280847706
Our PR,15,0,775.0,15.0,-0.03633246561292373,0.20317558818071485,1.400734984142448,0.2134108167945535,-0.004890999381446104
Our PR,16,0,825.0,15.0,-0.04272354256582819,0.20339695111750297,1.4006734240774472,0.21341644538581767,-0.0057590856268052715
Our PR,17,0,875.0,15.0,-0.0476900973223038,0.20356885436272779,1.400625556582684,0.21342081897592408,-0.006433828305396627
Our PR,18,0,925.0,15.0,-0.05112319605237618,0.20368757588636166,1.4005924453847902,0.21342384166456158,-0.006900276489335555
Our PR,19,0,975.0,15.0,-0.05288452851327695,0.2037484651030208,1.400575449316387,0.21342539224185925,-0.007139563742514232
Our PR,0,1,25.0,45.0,0.9201815214172006,0.16841562789869519,1.410045816604894,0.2126144881724489,0.11387846354249387
Our PR,1,1,75.0,45.0,0.8562248686504197,0.17387634208648134,1.4155285364069743,0.21359761100325242,0.11420959534766406
Our PR,2,1,125.0,45.0,0.7320763924928494,0.17515335736833978,1.4085065490117492,0.21280880523189855,0.09618356962987074
Our PR,3,1,175.0,45.0,0.5876864491243567,0.18013293351825152,1.4066892126304136,0.21286279944760095,0.07775561853459734
Our PR,4,1,225.0,45.0,0.44792319692625104,0.185503750527954,1.4053661874476466,0.21298377878876237,0.05970227473389711
Our PR,5,1,275.0,45.0,0.3264642053947616,0.19013691416348838,1.4042215889080114,0.21309133007133224,0.04377044919942619
Our PR,6,1,325.0,45.0,0.22864960055896827,0.19378671874139541,1.4032911247407291,0.21317775049137286,0.030791894679249587
Our PR,7,1,375.0,45.0,0.1537130706792753,0.19651817823711587,1.402572593073914,0.2132437911064196,0.020766013624301527
Our PR,8,1,425.0,45.0,0.09804066290404274,0.19850531522778161,1.4020355737414232,0.2132927566650591,0.013279049564773882
Our PR,9,1,475.0,45.0,0.057419323076657945,0.19993153641174283,1.4016422098314738,0.21332843623208939,0.007800242866617957
Our PR,10,1,525.0,45.0,0.027939192362647504,0.20095525556801777,1.4013562512202673,0.21335431464602675,0.0038172778176193134
Our PR,11,1,575.0,45.0,0.006322000371415167,0.20170161794988717,1.4011466507082617,0.21337329404319755,0.0008929002507929162
Our PR,12,1,625.0,45.0,-0.009967117330433801,0.20226313976057328,1.4009890168897585,0.21338760640622562,-0.001313417968523689
Our PR,13,1,675.0,45.0,-0.02273635379962064,0.20270376478028912,1.4008657362792039,0.21339883697390735,-0.00304509528908925
Our PR,14,1,725.0,45.0,-0.033146822299921885,0.2030636329691334,1.400765395849675,0.21340800018169387,-0.004458312302446643
Our PR,15,1,775.0,45.0,-0.04182766792282835,0.20336393914080703,1.4006817679213326,0.2134156437935088,-0.00563754209162437
Our PR,16,1,825.0,45.0,-0.049007083934998134,0.2036121261721214,1.4006125728274377,0.21342196526723223,-0.006613243502262556
Our PR,17,1,875.0,45.0,-0.054646022914394736,0.20380677364632946,1.4005581764999215,0.21342692926057047,-0.007379779971977696
Our PR,18,1,925.0,45.0,-0.05857060726165027,0.20394205658198805,1.40052028447379,0.21343038322987024,-0.00791332223695762
Our PR,19,1,975.0,45.0,-0.06059149110051617,0.20401168031740383,1.4005007610961866,0.2134321614878302,-0.008188031090899939
Our PR,0,2,25.0,75.0,0.9981059480351042,0.1711467957736982,1.4167610151064864,0.21346078788940356,0.13026281174430276
Our PR,1,2,75.0,75.0,0.9611883562051077,0.19256913956095684,1.5116912882877223,0.2280643163625093,0.19279810401137687
Our PR,2,2,125.0,75.0,0.8044172780917361,0.1784321275540636,1.4194614900551301,0.21431834128555804,0.10863406753028326
Our PR,3,2,175.0,75.0,0.632904751967514,0.17906644245488074,1.4077434742632116,0.21291997356580503,0.08246527001595783
Our PR,4,2,225.0,75.0,0.4735650021569654,0.18442429551872425,1.4056282603466743,0.2129642863831418,0.06268526876898606
Our PR,5,2,275.0,75.0,0.33931554540702513,0.18957256007556758,1.4043438844623686,0.21307998429732686,0.045384737202613934
Our PR,6,2,325.0,75.0,0.23435370739960298,0.19353970438199314,1.4033456469969257,0.21317269185995827,0.03153696583368948
Our PR,7,2,375.0,75.0,0.1555908424185384,0.19643295551222192,1.4025904621304748,0.21324211541265808,0.02101668850953975
Our PR,8,2,425.0,75.0,0.09760788124385475,0.198509638987511,1.4020309932653112,0.2132931128361876,0.013220143675968243
Our PR,9,2,475.0,75.0,0.05534356317977421,0.19999562157104736,1.401621575934309,0.21333023362689207,0.007518705916920165
Our PR,10,2,525.0,75.0,0.024473723989669235,0.2010689243166531,1.4013221160815403,0.2133573334394014,0.0033473867159516946
Our PR,11,2,575.0,75.0,0.0014787172976043076,0.2018642383625069,1.4010992542418919,0.21337752745975808,0.00023630832149401648
Our PR,12,2,625.0,75.0,-0.01629562089119479,0.20247805816963896,1.4009273929433907,0.21339315084516683,-0.0021715816808653976
Our PR,13,2,675.0,75.0,-0.030691712530778723,0.20297537239225028,1.4007885128321391,0.21340581663895866,-0.004124734848426348
Our PR,14,2,725.0,75.0,-0.042836276552971446,0.2033950290317601,1.4006714801742444,0.21341650744076762,-0.005774537421926462
Our PR,15,2,775.0,75.0,-0.05327241130176932,0.20375515607693434,1.4005708814800797,0.2134256947225531,-0.0071935380964449624
Our PR,16,2,825.0,75.0,-0.06210817911171168,0.20405922844666038,1.4004856113298743,0.21343347074620414,-0.008395640519021086
Our PR,17,2,875.0,75.0,-0.0691634218224492,0.2043013001794836,1.400417430035421,0.2134396771264151,-0.009355824894669018
Our PR,18,2,925.0,75.0,-0.07412460276933014,0.2044711237483908,1.4003694288302249,0.2134440397348994,-0.010031105479313407
Our PR,19,2,975.0,75.0,-0.0766930645535458,0.20455896285198705,1.4003445593093027,0.21344629779814542,-0.010380664576731258
Our PR,0,3,25.0,105.0,1.047317729004115,0.18662188915088354,1.4862607472695744,0.22396077390225777,0.1888892138956766
Our PR,1,3,75.0,105.0,1.0663030290860869,0.247831065470063,2.0863952893250226,0.31675438048330046,0.5207733076726395
Our PR,2,3,125.0,105.0,0.8939344436652438,0.19797510641093327,1.527970440466454,0.2307388118756601,0.19984679256682125
Our PR,3,3,175.0,105.0,0.689760665023269,0.18274155735026806,1.4191405669739894,0.2145361170970234,0.09131067655285263
Our PR,4,3,225.0,105.0,0.5051418909027744,0.18381858282355662,1.4064593357506097,0.21301856037611336,0.06563898530781431
Our PR,5,3,275.0,105.0,0.3537402603160925,0.18894076782410538,1.4044939685435645,0.2130692202909171,0.04706785254868229
Our PR,6,3,325.0,105.0,0.24005099317252265,0.19326396206625557,1.4034002107394619,0.2131676474534721,0.032277003358477385
Our PR,7,3,375.0,105.0,0.15691816327994504,0.19635358683016127,1.4026028532134436,0.21324090819501768,0.02119658330046459
Our PR,8,3,425.0,105.0,0.09607490143952892,0.19854407570304883,1.4020154532224842,0.21329441778542665,0.013010610796782007
Our PR,9,3,475.0,105.0,0.05159669364668242,0.20011145152411478,1.40158433428483,0.21333347913317624,0.0070066537849466926
Our PR,10,3,525.0,105.0,0.018743445190830158,0.2012564680468444,1.4012656132820631,0.2133623231591885,0.0025662550525717975
Our PR,11,3,575.0,105.0,-0.006321496851319447,0.20212585207154507,1.4010228713873603,0.2133843436334021,-0.000824787626890755
Our PR,12,3,625.0,105.0,-0.026402164648933336,0.20282068097847264,1.4008289515164465,0.21340200391313005,-0.0035446723426757476
Our PR,13,3,675.0,105.0,-0.04337721645256691,0.20340746549452518,1.4006653393559547,0.213416944737805,-0.005848455655155238
Our PR,14,3,725.0,105.0,-0.05830279782992415,0.20392237568502422,1.4005214909500328,0.21343008380748793,-0.007877700704511659
Our PR,15,3,775.0,105.0,-0.07157235798964463,0.20437819063770815,1.4003934206050213,0.21344176026850956,-0.009684016597705236
Our PR,16,3,825.0,105.0,-0.08309635507081635,0.20477193753157366,1.400281969489958,0.2134518938501147,-0.011253906990665863
Our PR,17,3,875.0,105.0,-0.09245993554322607,0.2050903004629955,1.4001912323726788,0.21346012205936868,-0.012530014344924734
Our PR,18,3,925.0,105.0,-0.0991138141947165,0.20531574091624147,1.4001266536064236,0.213465966026498,-0.013436959293317008
Our PR,19,3,975.0,105.0,-0.10257651293590665,0.205432908696514,1.4000930149996444,0.2134690063528147,-0.013908851991456528
Our PR,0,4,25.0,135.0,1.0725458595650736,0.22592558086839523,1.867720226186901,0.28276807899016004,0.40892482016766096
Our PR,1,4,75.0,135.0,1.1433878843712546,0.41925779885600123,3.249426486055993,0.4947313331391383,-4.650013068029479
Our PR,2,4,125.0,135.0,0.9243274003118854,0.26585519666650725,2.2810808222607566,0.34770257002652494,0.558615148084779
Our PR,3,4,175.0,135.0,0.7240008040687889,0.21051405434675724,1.587062766844625,0.24033220297068966,0.24352109618339113
Our PR,4,4,225.0,135.0,0.5337963077472709,0.1888513597715659,1.4194281837972957,0.2149472607344936,0.06709080311684268
Our PR,5,4,275.0,135.0,0.3636885451943204,0.18898011614193533,1.4049967516345363,0.21312339958863769,0.04733671131848527
Our PR,6,4,325.0,135.0,0.24266741530541516,0.19307855678555141,1.4034321204700966,0.21316637464269136,0.032570263011622025
Our PR,7,4,375.0,135.0,0.15636804591744208,0.1963193595928865,1.4025969175862503,0.21324134029361064,0.021136341917193935
Our PR,8,4,425.0,135.0,0.09258400427714922,0.19863437344953405,1.4019804587333164,0.21329741612394743,0.012529070950367815
Our PR,9,4,475.0,135.0,0.0454911440129783,0.20030070904177028,1.4015235788554525,0.21333876671582805,0.006160379266262339
Our PR,10,4,525.0,135.0,0.010156357806840911,0.20153846470159492,1.4011807939913405,0.21336979612027598,0.0013830232689360233
Our PR,11,4,575.0,135.0,-0.01768659226066619,0.20250822298108706,1.40091146725273,0.2133942713509731,-0.0023819365847221885
Our PR,12,4,625.0,135.0,-0.040987477385552605,0.20331453883951026,1.4006868211932677,0.21341477750242405,-0.0055331147925663515
Our PR,13,4,675.0,135.0,-0.06166587784940004,0.2040282868221416,1.4004876785274134,0.21343298443490513,-0.008338319834572117
Our PR,14,4,725.0,135.0,-0.08064485381750204,0.20468040570504087,1.4003046364997123,0.21344968809421153,-0.010920246517137633
Our PR,15,4,775.0,135.0,-0.09807494433314913,0.20527478632563959,1.4001360559065819,0.21346501372436638,-0.013295576450633728
Our PR,16,4,825.0,135.0,-0.11357551033859514,0.20579898554391138,1.399985677681692,0.21347862789878042,-0.015409966150015109
Our PR,17,4,875.0,135.0,-0.12637445254009774,0.20622876474326296,1.3998611807853452,0.2134898585152091,-0.017156610097712743
Our PR,18,4,925.0,135.0,-0.13555273458396458,0.20653549981294014,1.3997717284517615,0.21349790658641227,-0.01840925303928098
Our PR,19,4,975.0,135.0,-0.14034790358185767,0.20669549950138993,1.3997249405612353,0.21350210977358608,-0.01906349312064126
Our PR,0,5,25.0,165.0,0.9890057457572167,0.18639130748505164,1.4833709709808138,0.22365474429077054,0.17821261947809086
Our PR,1,5,75.0,165.0,1.0193872962200548,0.26529991035589734,2.2809770725684873,0.34721372997747113,0.5784442516584554
Our PR,2,5,125.0,165.0,0.8424358643999751,0.22119532153092553,1.6878339180400148,0.2555912938918439,0.34902006888562487
Our PR,3,5,175.0,165.0,0.672902490437612,0.19418715747063872,1.449827880100943,0.21929052294255108,0.1092102935773831
Our PR,4,5,225.0,165.0,0.5121437436211668,0.18635781555011463,1.4094229577854942,0.2134582725081894,0.06372120445369278
Our PR,5,5,275.0,165.0,0.3594724535177369,0.1890144208512203,1.4046581206153501,0.21308093727955563,0.040018161842791944
Our PR,6,5,325.0,165.0,0.23898693551401978,0.19295992422656236,1.4033900335757346,0.21316855909752772,0.031165097408775155
Our PR,7,5,375.0,165.0,0.15318302175414933,0.196338214781429,1.4025648912149888,0.21324403307358647,0.020729667520674733
Our PR,8,5,425.0,165.0,0.08624479042919167,0.19880615854660483,1.4019170457798897,0.21330287558568192,0.011635689323302723
Our PR,9,5,475.0,165.0,0.03613226957494021,0.20059424185115798,1.4014302075378238,0.2133468666982164,0.004827011097746636
Our PR,10,5,525.0,165.0,-0.002061068270202726,0.20194877920878113,1.401059821618933,0.2133804225583315,-0.00033705421892404885
Our PR,11,5,575.0,165.0,-0.03343195155858807,0.20304715102579837,1.4007569158613506,0.2134080207576008,-0.004572757543896966
Our PR,12,5,625.0,165.0,-0.06093836719807424,0.2039911188863603,1.400492285262227,0.21343224554099177,-0.008270484896599761
Our PR,13,5,675.0,165.0,-0.08667019318512827,0.20487284747358045,1.4002446055369666,0.21345490617607013,-0.011752313150342752
Our PR,14,5,725.0,165.0,-0.11129021020989119,0.2057122241861229,1.4000067870215662,0.21347656242255203,-0.015101483618773504
Our PR,15,5,775.0,165.0,-0.1345491917724218,0.20649691074693663,1.3997811124309416,0.21349698886701246,-0.01827393361691909
Our PR,16,5,825.0,165.0,-0.15567619193313084,0.20720140444498675,1.3995752723625294,0.213515514425473,-0.021159068787163227
Our PR,17,5,875.0,165.0,-0.1733775453791618,0.20778603954251604,1.3994022312517567,0.21353101687982273,-0.023577354433923503
Our PR,18,5,925.0,165.0,-0.1861635802280791,0.20820576622370318,1.3992769411375443,0.21354220504148902,-0.025323967075913112
Our PR,19,5,975.0,165.0,-0.19285681179500372,0.20842511653924004,1.3992112631460487,0.21354805937129884,-0.02623779765065226
Our PR,0,6,25.0,195.0,0.8272216164549273,0.1757799946709295,1.4163509692263636,0.21378989098841647,0.10956424911154339
Our PR,1,6,75.0,195.0,0.8451739146474357,0.2080971692938034,1.5852881145342619,0.23970102671097057,0.24122678573834655
Our PR,2,6,125.0,195.0,0.7405995922022238,0.19225396627038355,1.4489350688985603,0.21898782081095902,0.11998476602323449
Our PR,3,6,175.0,195.0,0.6090470563594159,0.18477920806961107,1.411862408027662,0.21360737661011203,0.07481970210834743
Our PR,4,6,225.0,195.0,0.455919171539994,0.18577790256027568,1.4058398883427172,0.2130376548872205,0.05516964950375014
Our PR,5,6,275.0,195.0,0.3235195540433824,0.1895996291331452,1.4041705559602484,0.21309014394144402,0.04287310207812256
Our PR,6,6,325.0,195.0,0.23197961440457962,0.19334796591680006,1.4032793353836837,0.21316816699222269,0.03172209591703612
Our PR,7,6,375.0,195.0,0.1487001604422014,0.19653504199850566,1.402517058953784,0.2132474473414137,0.01492333317310024
Our PR,8,6,425.0,195.0,0.07593760823941045,0.1990615445666017,1.4018137817496514,0.2133117555502523,0.010029555709167859
Our PR,9,6,475.0,195.0,0.022086084519252182,0.20100143199544127,1.401289589102516,0.21335902166985815,0.002755607394766546
Our PR,10,6,525.0,195.0,-0.019165136348573492,0.20253318781632892,1.400890077695234,0.21339530832021328,-0.0027902055112494217
Our PR,11,6,575.0,195.0,-0.05497822474225238,0.20380195847959973,1.4005451512732146,0.2134268412621423,-0.007630517129708636
Our PR,12,6,625.0,195.0,-0.0873579870226197,0.20489359688247966,1.4002344901165986,0.2134553713092405,-0.011936736972306683
Our PR,13,6,675.0,195.0,-0.11970099863299727,0.2059800008047084,1.399923161914147,0.21348384923692326,-0.01628086220933911
Our PR,14,6,725.0,195.0,-0.15196340424843133,0.20706562573919457,1.3996106751774409,0.2135121989097118,-0.020663283414268374
Our PR,15,6,775.0,195.0,-0.18314596654473433,0.20810228845129272,1.39930676747429,0.21353953781162982,-0.0249179942847233
Our PR,16,6,825.0,195.0,-0.21203245605160853,0.2090476953521546,1.3990237498457712,0.21356481247955683,-0.028865696197616364
Our PR,17,6,875.0,195.0,-0.23658064620053024,0.20984100768632324,1.3987822502107903,0.21358625776788456,-0.03222119739351714
Our PR,18,6,925.0,195.0,-0.25440149090580644,0.21041264789840336,1.3986064236230191,0.21360180998101624,-0.03465596183624409
Our PR,19,6,975.0,195.0,-0.2637207804151475,0.21071117311158694,1.3985143221463763,0.21360993910937273,-0.03592804579838349
Our PR,0,7,25.0,225.0,0.6614566899755131,0.17747154336066878,1.4078214816020842,0.21286611847272244,0.08538075931049938
Our PR,1,7,75.0,225.0,0.6590368571762406,0.1853319732053177,1.4229060175866652,0.21518604430543933,0.09179375033901982
Our PR,2,7,125.0,225.0,0.6126362513730861,0.1829561130797961,1.4097555769787078,0.21327549411559388,0.06971686730775084
Our PR,3,7,175.0,225.0,0.5040405986799971,0.18428025650289329,1.406156991856642,0.21297440050288136,0.056981633588693015
Our PR,4,7,225.0,225.0,0.3896028920903876,0.1873727518645961,1.4048012943866268,0.21303251490781866,0.05310918901668682
Our PR,5,7,275.0,225.0,0.28696946646933813,0.19117290231785203,1.4038038726835926,0.21311950018654482,0.03754565755098582
Our PR,6,7,325.0,225.0,0.20495275085394643,0.19450679298906154,1.4030171553327577,0.21319158542035394,0.02632417694761746
Our PR,7,7,375.0,225.0,0.13002879277198576,0.19735868481426946,1.402293266953466,0.2132575107750856,0.01868156007930888
Our PR,8,7,425.0,225.0,0.058354581882918255,0.198316691874248,1.4016358243341969,0.21332666086669905,0.004665939896592031
Our PR,9,7,475.0,225.0,-3.9718012770637874e-05,0.20047151922164658,1.4010671529265268,0.21337814868017407,-1.0177980014347554e-05
Our PR,10,7,525.0,225.0,-0.044659439963212234,0.2027176468467251,1.4006375530995467,0.2134176282151199,-0.005554014698816445
Our PR,11,7,575.0,225.0,-0.08688151589415595,0.20425973016079432,1.4002320554736938,0.21345483164371637,-0.011277190363062628
Our PR,12,7,625.0,225.0,-0.12180081763373873,0.2060404993416709,1.399898212216303,0.21348551841079738,-0.01672373665931315
Our PR,13,7,675.0,225.0,-0.16222055494292453,0.20738376527703561,1.399508728761248,0.2135210756536156,-0.022135923949312408
Our PR,14,7,725.0,225.0,-0.20465622193824684,0.20878692341318303,1.399095990236301,0.2135583054234297,-0.027883209704065992
Our PR,15,7,775.0,225.0,-0.24631968126067522,0.2101469847732292,1.3986875295950036,0.21359475113524778,-0.033566002110324566
Our PR,16,7,825.0,225.0,-0.2857273062220346,0.2114059263054629,1.3982986921997649,0.21362913451306617,-0.03895253056365733
Our PR,17,7,875.0,225.0,-0.31974540918344263,0.21247444733697277,1.397961369546914,0.21365875777403548,-0.04360086755814119
Our PR,18,7,925.0,225.0,-0.34448403484361434,0.21324497823085814,1.3977151977896887,0.21368027408824722,-0.046976880828608625
Our PR,19,7,975.0,225.0,-0.35734003089756705,0.21364536961697933,1.3975870086618472,0.21369145012210314,-0.04872860480403807
Our PR,0,8,25.0,255.0,0.5130543204635624,0.18265478347942232,1.4059928516592661,0.21292874870685127,0.0672763319289893
Our PR,1,8,75.0,255.0,0.5022439142374564,0.18402531315912338,1.4067032201109142,0.21306307212023573,0.06542364409939383
Our PR,2,8,125.0,255.0,0.4634066096242443,0.18503022772167577,1.405631031624693,0.2129883041665907,0.059422204332942874
Our PR,3,8,175.0,255.0,0.39267341328362937,0.18745686694899366,1.404854925154113,0.21303366936050674,0.05150446079002502
Our PR,4,8,225.0,255.0,0.31806226526313647,0.19030013113226613,1.4041406409081856,0.2130982780890775,0.03729874741911776
Our PR,5,8,275.0,255.0,0.24301936909189634,0.19314606420801844,1.4033863645004703,0.21315862507858094,0.03389870852038568
Our PR,6,8,325.0,255.0,0.1763346692884434,0.19557321491758897,1.4027420234777213,0.21321686251798858,0.0232355789568095
Our PR,7,8,375.0,255.0,0.10005703455926478,0.19692806192452866,1.4019983825867965,0.21328338779437878,0.015242991993152932
Our PR,8,8,425.0,255.0,0.027639226886225866,0.19775015837702264,1.401254033824784,0.21334179969241554,0.009687305762312581
Our PR,9,8,475.0,255.0,-0.024060896852729843,0.20483008778917014,1.4007355373704375,0.2133852677618428,-0.0018330503602226322
Our PR,10,8,525.0,255.0,-0.07895498695622943,0.20468794090832235,1.4002692995893842,0.2134434266800227,-0.012346078397923455
Our PR,11,8,575.0,255.0,-0.13254008104716428,0.20595550921660646,1.3997618255165316,0.21349171029193065,-0.01749811162987669
Our PR,12,8,625.0,255.0,-0.166048485993471,0.20637657143314794,1.399467313302228,0.2135244398380869,-0.021390453080138983
Our PR,13,8,675.0,255.0,-0.21565564726828226,0.2090274860294486,1.3989867831754106,0.21356781282820475,-0.029379800858958527
Our PR,14,8,725.0,255.0,-0.27162959357151945,0.21090770924621466,1.3984390383144885,0.21361679311422188,-0.037056976350202664
Our PR,15,8,775.0,255.0,-0.32665931101275425,0.21267319524773914,1.3978955056424545,0.21366479441169708,-0.04456238399100365
Our PR,16,8,825.0,255.0,-0.3801745895090718,0.21433147205713626,1.3973628573034207,0.21371131859495107,-0.051875573040566225
Our PR,17,8,875.0,255.0,-0.42730944952247474,0.21575793703013435,1.396890899927563,0.2137521949190412,-0.05830597333558729
Our PR,18,8,925.0,255.0,-0.4614357982705757,0.21678279108575332,1.396547725737696,0.2137817490953396,-0.06294805633719203
Our PR,19,8,975.0,255.0,-0.4788844679382257,0.2173088013267075,1.3963718267807381,0.21379685397361223,-0.06531542523263711
Our PR,0,9,25.0,285.0,0.3892417310110926,0.18752729221201703,1.404813230488512,0.21303568679799217,0.05172877820996957
Our PR,1,9,75.0,285.0,0.3772479139477872,0.1880305682229211,1.404727000698215,0.21305038006575744,0.05006186600869933
Our PR,2,9,125.0,285.0,0.34702381982263175,0.1891635298737448,1.4044185201630852,0.21307347440510288,0.04614565092969647
Our PR,3,9,175.0,285.0,0.298918339470895,0.1910194624819364,1.4039606220331453,0.21311561190720427,0.040050860094481555
Our PR,4,9,225.0,285.0,0.24561537406221404,0.1930046116846582,1.4034529566224947,0.21316264439744687,0.03291550314557523
Our PR,5,9,275.0,285.0,0.1960833229938969,0.19466314815398414,1.4029765872164979,0.21320607393833005,0.023799095628801448
Our PR,6,9,325.0,285.0,0.13433782054438442,0.19697816035271049,1.4023778782155882,0.2132600879415918,0.013402511742893752
Our PR,7,9,375.0,285.0,0.06991342417602986,0.1989301202181025,1.4017077323934757,0.21331039074718244,0.012621247835797877
Our PR,8,9,425.0,285.0,0.00782886814109236,0.20124691913401543,1.4010532316186415,0.21335823112620217,0.0021776514595173158
Our PR,9,9,475.0,285.0,-0.04450031364557147,0.20791416397472312,1.4005299335478314,0.21340236405949478,-0.010268820677949986
Our PR,10,9,525.0,285.0,-0.10610811868654006,0.21029939089011135,1.3999344842158747,0.21345672455369238,-0.017934467283903244
Our PR,11,9,575.0,285.0,-0.16175373159357906,0.2109008376903978,1.3994108071622593,0.21350745425577503,-0.02204267048983022
Our PR,12,9,625.0,285.0,-0.21410099343601055,0.2064208939631688,1.3989976925289789,0.21356646065509288,-0.028250721403610957
Our PR,13,9,675.0,285.0,-0.2804060104280654,0.21087424337732172,1.3983520643407994,0.2136243428637116,-0.03817984913698225
Our PR,14,9,725.0,285.0,-0.35552653864001116,0.21343137880729582,1.3976110583769472,0.213689845433312,-0.04850036189937845
Our PR,15,9,775.0,285.0,-0.42646245535133964,0.21568863043379033,1.3969041787277594,0.2137515203529352,-0.05817516922695942
Our PR,16,9,825.0,285.0,-0.49886769099862505,0.21784844336358394,1.396175936668669,0.21381417389573865,-0.06807331472619138
Our PR,17,9,875.0,285.0,-0.5644885637280139,0.2197388193009744,1.3955110451694488,0.2138707725819812,-0.07699892479098858
Our PR,18,9,925.0,285.0,-0.6111830030503609,0.22108250626802345,1.3950354350280618,0.21391099316178125,-0.08331031890176921
Our PR,19,9,975.0,285.0,-0.6342126485198457,0.2217550840727069,1.3948001664566378,0.21393083009878974,-0.08640976501830822
Our PR,0,10,25.0,315.0,0.2901749773218278,0.19139371380528364,1.4038759186424044,0.21312334216208714,0.038877341155568734
Our PR,1,10,75.0,315.0,0.27978592149722953,0.19178213379587328,1.4037779951914395,0.21313260771637726,0.03750520606313201
Our PR,2,10,125.0,315.0,0.2570778614024613,0.19264257705476223,1.4035618540986876,0.21315260402202035,0.03452739719453368
Our PR,3,10,175.0,315.0,0.22319409495153836,0.19392111389784888,1.4032388308286503,0.21318251691953125,0.03007153609452251
Our PR,4,10,225.0,315.0,0.18392124926663003,0.19534828609871263,1.4028624009007848,0.21321711340305952,0.02485171458924129
Our PR,5,10,275.0,315.0,0.1429050482139215,0.19677308406689206,1.402466423775807,0.21325312841348937,0.01927169227375347
Our PR,6,10,325.0,315.0,0.0955899353003595,0.19836657928131138,1.4020059955792283,0.2132945686888406,0.012844147682100626
Our PR,7,10,375.0,315.0,0.04322596727803163,0.19897097809575875,1.4014901949811498,0.2133401567133156,0.004868131332491643
Our PR,8,10,425.0,315.0,-0.013736642092227936,0.2046360578483401,1.4008385883748542,0.2133765633134311,-8.726657191315823e-05
Our PR,9,10,475.0,315.0,-0.062059333565061915,0.2087859887874731,1.4003594512872997,0.21341778549582271,-0.012585167375511741
Our PR,10,10,525.0,315.0,-0.12701502792069502,0.2115098869878042,1.3997345236251677,0.21347538812344102,-0.023005971378164958
Our PR,11,10,575.0,315.0,-0.19440666409675963,0.2105105209039088,1.3991045531739705,0.21353746273095142,-0.029370417957308437
Our PR,12,10,625.0,315.0,-0.26447355541827716,0.20687948916929036,1.3984635808281587,0.21360401966563475,-0.025925386475139645
Our PR,13,10,675.0,315.0,-0.35693367321727426,0.21257615775902136,1.3975947085916711,0.2136905088897502,-0.05217194944304171
Our PR,14,10,725.0,315.0,-0.460100806312399,0.21626801024691691,1.3965696821095457,0.21378045161451045,-0.06275702683330997
Our PR,15,10,775.0,315.0,-0.5465040602598582,0.21912616229367546,1.395700546207405,0.21385540278330387,-0.07437921024366911
Our PR,16,10,825.0,315.0,-0.6448445044400934,0.22192031975430937,1.394699083625333,0.2139399656262385,-0.08787081624495041
Our PR,17,10,875.0,315.0,-0.7376275705061686,0.22441909418489997,1.3937452613521775,0.21401939211062154,-0.10044054488150822
Our PR,18,10,925.0,315.0,-0.800778230241159,0.22615959224949403,1.393092048120707,0.21407342946625424,-0.10888198913275304
Our PR,19,10,975.0,315.0,-0.8296176157071107,0.2269913810329081,1.392792772810549,0.21409814472854066,-0.11270917762296051
Our PR,0,11,25.0,345.0,0.21304847479994968,0.19431926518981615,1.4031412092419275,0.21319148991811193,0.02868157926813608
Our PR,1,11,75.0,345.0,0.204867627199905,0.19462187832041217,1.4030631109416642,0.21319870859199846,0.027595927493434536
Our PR,2,11,125.0,345.0,0.18808054441925884,0.19524342892792904,1.4029025386770118,0.21321351155144228,0.02536644785011699
Our PR,3,11,175.0,345.0,0.1636877067454923,0.1961367664333943,1.4026684828453828,0.2132349989141436,0.022116094921365015
Our PR,4,11,225.0,345.0,0.13441988816767,0.1971818545527137,1.4023863496819915,0.2132607314018308,0.018195737766402154
Our PR,5,11,275.0,345.0,0.10192966522817873,0.19831218678360668,1.4020713021965898,0.21328922849501267,0.013810240688472142
Our PR,6,11,325.0,345.0,0.06485069100193866,0.19958137042224605,1.4017093467498813,0.2133216758344258,0.00874791099342298
Our PR,7,11,375.0,345.0,0.021928144957764076,0.20048471698124107,1.401287566619301,0.21335919768439915,0.0034706442035570273
Our PR,8,11,425.0,345.0,-0.02860746040864475,0.20200046656887846,1.4007644905108991,0.21339982017974787,-0.003601167186256804
Our PR,9,11,475.0,345.0,-0.08247418289760873,0.20478821176731307,1.4002358396981438,0.2134465716906755,-0.012324820414799653
Our PR,10,11,525.0,345.0,-0.1501567921458576,0.21016980162305,1.3995207909839453,0.21349698471563028,-0.01983114099562977
Our PR,11,11,575.0,345.0,-0.22304754736934418,0.20931508438074645,1.3988394304861673,0.2135642443628524,-0.029232303730447606
Our PR,12,11,625.0,345.0,-0.313910837450482,0.20712238411765777,1.3979786395201614,0.21364696619501328,-0.03446530912279422
Our PR,13,11,675.0,345.0,-0.43439986976981726,0.213826316509358,1.3967736240716875,0.21374984638822184,-0.052966512505137064
Our PR,14,11,725.0,345.0,-0.5496867231618091,0.21796393480357393,1.395614738475482,0.21384935315399436,-0.0672130951348826
Our PR,15,11,775.0,345.0,-0.6820875897715222,0.22245204742645655,1.3943187663869894,0.21397106434995247,-0.09748401348297353
Our PR,16,11,825.0,345.0,-0.8195942429757193,0.22638800023319666,1.3929048575772776,0.21408933965809446,-0.11157404102599133
Our PR,17,11,875.0,345.0,-0.9551914552785009,0.22971476443214628,1.3914858069593046,0.2142041754058627,-0.12964203126736296
Our PR,18,11,925.0,345.0,-1.0388693068155888,0.2319662194536038,1.3906047041060126,0.21427528181971098,-0.14059077556602406
Our PR,19,11,975.0,345.0,-1.0711009389042183,0.23296020062076578,1.3902646670323981,0.2143028752270721,-0.14475418688905672
Our PR,0,12,25.0,375.0,0.1542079161716439,0.19649097684553163,1.4025774500559411,0.21324337721855585,0.020821618156335875
Our PR,1,12,75.0,375.0,0.1480327070608996,0.1967155377174896,1.4025181296589544,0.21324881451901448,0.01999675651506716
Our PR,2,12,125.0,375.0,0.13570212489004993,0.19716174741455256,1.4023994913457223,0.21325966558921344,0.018347429182469233
Our PR,3,12,175.0,375.0,0.1178944483626429,0.19779918015733264,1.4022276980870176,0.21327532073831082,0.015959826439926328
Our PR,4,12,225.0,375.0,0.09590147070459276,0.19857284773519537,1.402014730663333,0.21329462597587817,0.01300100528700554
Our PR,5,12,275.0,375.0,0.0704308803445045,0.19945365539253598,1.4017669600982585,0.21331694363779832,0.009555964328306077
Our PR,6,12,325.0,375.0,0.04088513255661726,0.20046997795811355,1.4014781802026435,0.2133427879866657,0.005513215701635765
Our PR,7,12,375.0,375.0,0.006286063127448782,0.20165595211912204,1.4011387569561484,0.21337302645071268,0.000716636142927829
Our PR,8,12,425.0,375.0,-0.03599380172044598,0.20205007083261672,1.4007244402409504,0.21341007625386815,-0.003855613411152259
Our PR,9,12,475.0,375.0,-0.08639991809622757,0.20379836913620442,1.4002341057524867,0.2134543420410296,-0.010776387212918515
Our PR,10,12,525.0,375.0,-0.15089464408139883,0.2050925139643009,1.3996079478965922,0.2135108857133659,-0.019977969344164848
Our PR,11,12,575.0,375.0,-0.24219865270481816,0.20700570156744988,1.398724330316853,0.2135911084892294,-0.0328321513420049
Our PR,12,12,625.0,375.0,-0.35647795734489335,0.21213635550287185,1.3975521012110277,0.21368292004363648,-0.041288496327201996
Our PR,13,12,675.0,375.0,-0.48364917289432136,0.21626082881334616,1.396275360841906,0.21379160729581742,-0.06332723879440283
Our PR,14,12,725.0,375.0,-0.6284937089012209,0.22036142904693462,1.3948046490781574,0.21391537054455184,-0.08339174380203596
Our PR,15,12,775.0,375.0,-0.8130811073759888,0.22484474344021285,1.3929044074751145,0.21407258101089005,-0.10395791881578909
Our PR,16,12,825.0,375.0,-1.0215931457347536,0.23043845840475066,1.3907785118464266,0.21425790290564653,-0.14509357814126989
Our PR,17,12,875.0,375.0,-1.2299397508776113,0.2352380610797436,1.3885587057762736,0.21443317825854824,-0.16668145030387937
Our PR,18,12,925.0,375.0,-1.3363438867328,0.23834186070190055,1.3874194850483996,0.21452354739100205,-0.17959694763744483
Our PR,19,12,975.0,375.0,-1.3623237395734396,0.23952081968874572,1.38714471235431,0.21454654037170626,-0.18263268418200473
Our PR,0,13,25.0,405.0,0.11008173399232328,0.1980840395164158,1.4021528147166666,0.21328222579038095,0.014893107408181505
Our PR,1,13,75.0,405.0,0.10550340461197495,0.19824751954254552,1.4021086134931942,0.21328624974851626,0.014279045045278993
Our PR,2,13,125.0,405.0,0.09644365384056978,0.1985691878831627,1.4020210313975985,0.21329420835162233,0.013062524260920583
Our PR,3,13,175.0,405.0,0.08328463765174524,0.199032163748665,1.4018935485906283,0.21330575833130166,0.011292690565573027
Our PR,4,13,225.0,405.0,0.06657040340015664,0.19961290612357865,1.4017311631936713,0.2133204122673174,0.009039566155805145
Our PR,5,13,275.0,405.0,0.046441324150603265,0.20030358514639107,1.4015349931140217,0.21333803868227386,0.0063164788561276275
Our PR,6,13,325.0,405.0,0.022262827291205527,0.20112750903649204,1.4012987458762098,0.2133591904854623,0.003023556119835513
Our PR,7,13,375.0,405.0,-0.007226171743473038,0.2021383628969641,1.4010103365088362,0.21338498192092348,-0.0010418863625738517
Our PR,8,13,425.0,405.0,-0.04438470861352607,0.20337098180565089,1.4006476723060788,0.21341751514849205,-0.006131220894295408
Our PR,9,13,475.0,405.0,-0.09259472053632513,0.20500062756511453,1.4001793792482993,0.21345980373425072,-0.012731940163712707
Our PR,10,13,525.0,405.0,-0.1579815404463671,0.20711199570546848,1.3995451623600028,0.21351717024151234,-0.02170746433022286
Our PR,11,13,575.0,405.0,-0.2505796956657003,0.21006642681635537,1.398644055311172,0.21359830555686546,-0.034200997903327535
Our PR,12,13,625.0,405.0,-0.38016348487848417,0.21387612364684916,1.3973663819583222,0.2137109929963373,-0.054662825017426364
Our PR,13,13,675.0,405.0,-0.5304368393816427,0.21800180762741506,1.3958115008553145,0.21383312178693864,-0.06570301829861291
Our PR,14,13,725.0,405.0,-0.6940261030542031,0.2221903835746144,1.3941355198146175,0.21397154052097656,-0.09127614869042233
Our PR,15,13,775.0,405.0,-0.9319171619087495,0.22737133927669612,1.3916407153257535,0.21416933972127455,-0.12591079395790628
Our PR,16,13,825.0,405.0,-1.2144159182203562,0.2332633191641218,1.3886281605777437,0.21440441171381203,-0.15892578807483182
Our PR,17,13,875.0,405.0,-1.473321872133732,0.238757124529375,1.3858201616694574,0.21461965850595996,-0.18559605692952674
Our PR,18,13,925.0,405.0,-1.7061117737828755,0.2440849653777133,1.383290955121247,0.21481867571722385,-0.23586370769368425
Our PR,19,13,975.0,405.0,-1.699020184045069,0.24641129580599547,1.383438328450761,0.2148236024685481,-0.2252194415647557
Our PR,0,14,25.0,435.0,0.07754202168098838,0.1992393579245926,1.401838669593345,0.21331083807508647,0.010507267493020667
Our PR,1,14,75.0,435.0,0.07415958091800101,0.19935823631625185,1.4018058842805705,0.213313806448825,0.0100525305608834
Our PR,2,14,125.0,435.0,0.06745758089495264,0.19959263467495186,1.4017408570398913,0.21331968556782344,0.009150746185543346
Our PR,3,14,175.0,435.0,0.05758981310248933,0.1999353516004358,1.4016449640115165,0.2133283365065072,0.007821506928712418
Our PR,4,14,225.0,435.0,0.04467275404486619,0.20038004110217914,1.4015192058447399,0.21333965257669743,0.00607878080058355
Our PR,5,14,275.0,435.0,0.02846921978642419,0.2009330977627315,1.4013611942947304,0.21335383894957585,0.0038875035330565577
Our PR,6,14,325.0,435.0,0.008126562488764524,0.2016236720683565,1.4011626799711454,0.21337164468347108,0.0011260428481596474
Our PR,7,14,375.0,435.0,-0.017937759543783963,0.2025094452682698,1.4009085504320975,0.2133944677003779,-0.002431387513462946
Our PR,8,14,425.0,435.0,-0.05235848564992472,0.2036825982145289,1.4005737641550169,0.21342463960969357,-0.007147137763646727
Our PR,9,14,475.0,435.0,-0.09915098156595603,0.2052690242781575,1.4001197856571284,0.21346570023794978,-0.013537352274411996
Our PR,10,14,525.0,435.0,-0.16430352555969543,0.20744780354718345,1.3994872993069045,0.21352285875616092,-0.022433746652644748
Our PR,11,14,575.0,435.0,-0.25588030641330034,0.21043214549316383,1.3985936725076369,0.21360304045574727,-0.03491148456261084
Our PR,12,14,625.0,435.0,-0.38138873501168374,0.21430773873878448,1.3973560137056056,0.21371246957006548,-0.051957125480395216
Our PR,13,14,675.0,435.0,-0.5417735276702718,0.2187905615194627,1.3957521784095424,0.21385152743345923,-0.07417475106610838
Our PR,14,14,725.0,435.0,-0.7585850953517054,0.22455124517633132,1.393538248882447,0.21403712875598818,-0.10760014918156924
Our PR,15,14,775.0,435.0,-1.0349281817490366,0.23023403649760077,1.3905824173339805,0.21426045913746075,-0.13049797117417605
Our PR,16,14,825.0,435.0,-1.335480792471934,0.2359967324598468,1.3873168021583995,0.21450421839826492,-0.17421271326456544
Our PR,17,14,875.0,435.0,-1.6812509820240364,0.24213029465248734,1.383440853838451,0.21477744242348482,-0.22606767123059535
Our PR,18,14,925.0,435.0,-2.10496783779837,0.2490255202376967,1.3784883960797294,0.2150986109036051,-0.29972592981944435
Our PR,19,14,975.0,435.0,-2.055094285030078,0.25298674415266853,1.379404029891158,0.21511204499131367,-0.2677656622954161
Our PR,0,15,25.0,465.0,0.05400759969955683,0.20006486754689456,1.4016109440803421,0.2133315132413157,0.0073295860354705145
Our PR,1,15,75.0,465.0,0.05148779036704637,0.20015230809840462,1.4015864464163503,0.21333372195004463,0.006990380079979763
Our PR,2,15,125.0,465.0,0.04645582509884238,0.2003262867388655,1.4015374923101025,0.21333813145270075,0.00631258099287324
Our PR,3,15,175.0,465.0,0.03890170496034995,0.20058621814918515,1.4014639330909933,0.21334474885416452,0.005294224574875495
Our PR,4,15,225.0,465.0,0.02868103167825192,0.20093597902597402,1.4013643231222495,0.21335369946813837,0.003914791639941795
Our PR,5,15,275.0,465.0,0.015301641681509093,0.2013916632891401,1.4012338889420732,0.21336541538921586,0.0021059830074554586
Our PR,6,15,325.0,465.0,-0.002293672306329012,0.2019895681045832,1.401062468706706,0.21338082788669982,-0.00027833768018181715
Our PR,7,15,375.0,465.0,-0.025916556395528836,0.202793418544489,1.400832714358548,0.2134015356560317,-0.003488269973567215
Our PR,8,15,425.0,465.0,-0.05840200555605069,0.20390100926944585,1.4005174021354574,0.21343003774490632,-0.007912393743730872
Our PR,9,15,475.0,465.0,-0.10389941470702552,0.20544659840217552,1.4000761713352055,0.2134699737671648,-0.014111944867473136
Our PR,10,15,525.0,465.0,-0.16813378947999888,0.2076025492074316,1.3994519366884905,0.21352631548225087,-0.02287661378119754
Our PR,11,15,575.0,465.0,-0.2583229373341054,0.21055365845291157,1.398570247900834,0.21360524465288327,-0.035193133629041196
Our PR,12,15,625.0,465.0,-0.3821836026010383,0.2144399144301854,1.397347161685108,0.21371321479912173,-0.05208757513297524
Our PR,13,15,675.0,465.0,-0.5475551788642536,0.21933986637565822,1.3956915467836277,0.21385656328346853,-0.07454650844093691
Our PR,14,15,725.0,465.0,-0.771700797899386,0.22545098395315502,1.3934060060252516,0.21404925363096772,-0.10478532359775583
Our PR,15,15,775.0,465.0,-1.0798573062907606,0.23232595515385485,1.390181180534627,0.2143101601620469,-0.14737727698721503
Our PR,16,15,825.0,465.0,-1.4359509228149763,0.23893278970730947,1.3862634559820235,0.21459430815536779,-0.1789268741114458
Our PR,17,15,875.0,465.0,-1.8446258522979821,0.24520537577368037,1.3815799202945822,0.2149064972162258,-0.24975676238536693
Our PR,18,15,925.0,465.0,-2.544383945180634,0.25619574792864575,1.3729803129987448,0.21539524637567914,-0.5808883266813503
Our PR,19,15,975.0,465.0,-2.2714776671229733,0.2593925025383988,1.376893887767835,0.21528536089943598,-0.28043013231093816
Our PR,0,16,25.0,495.0,0.037437068771690125,0.20064117338553986,1.4014503527919557,0.21334606143325807,0.005090041971689274
Our PR,1,16,75.0,495.0,0.03551916062806733,0.20070708415998006,1.401431666874373,0.21334774109284074,0.004831683393990982
Our PR,2,16,125.0,495.0,0.0316426811472252,0.20083999560169077,1.4013938871825622,0.2133511356506998,0.004309242437550154
Our PR,3,16,175.0,495.0,0.02568560767878965,0.20104370415500986,1.4013358142515444,0.2133563518208547,0.0035058732316128882
Our PR,4,16,225.0,495.0,0.017340167327957227,0.20132837540263301,1.4012544634867288,0.2133636599792042,0.0023793266653859835
Our PR,5,16,275.0,495.0,0.0059458933169376105,0.20171649931269814,1.4011434731959294,0.21337364161818337,0.0008391439497990039
Our PR,6,16,325.0,495.0,-0.00970251459411718,0.20224981542793613,1.4009912673122893,0.2133873590631655,-0.001279631283435112
Our PR,7,16,375.0,495.0,-0.031556575079334896,0.2029960903703794,1.4007790935044089,0.2134065321871436,-0.004244232692768302
Our PR,8,16,425.0,495.0,-0.06254793745428137,0.20405490598463044,1.4004786174854942,0.21343373881547595,-0.008456282487273592
Our PR,9,16,475.0,495.0,-0.10681766099930555,0.2055601750924918,1.4000492820026529,0.21347260169670762,-0.014483397131337394
Our PR,10,16,525.0,495.0,-0.16986718582552857,0.20767633305214056,1.399436000801266,0.21352789184551768,-0.023084408411894186
Our PR,11,16,575.0,495.0,-0.25849151962885447,0.2105797337029005,1.3985685507776637,0.21360542638191937,-0.03519264589896265
Our PR,12,16,625.0,495.0,-0.3804188702398539,0.21442858786994554,1.3973634408783746,0.21371169374924642,-0.051846957743934
Our PR,13,16,675.0,495.0,-0.5444761490779948,0.21934546362545526,1.3957201751484873,0.21385391118941927,-0.07418165067879512
Our PR,14,16,725.0,495.0,-0.7629187175689955,0.22542336887364836,1.3934935672898197,0.2140418233766256,-0.10369193425413537
Our PR,15,16,775.0,495.0,-1.0480610407294015,0.23253814836419795,1.3905204143905843,0.21428432701337688,-0.1416680523974867
Our PR,16,16,825.0,495.0,-1.39802876604677,0.24014761145709845,1.386765746915802,0.21457701967608217,-0.1874813127491215
Our PR,17,16,875.0,495.0,-1.8245935413792096,0.24804601685926103,1.3820114558934469,0.21492341727876724,-0.24411102366692083
Our PR,18,16,925.0,495.0,-2.273333237141496,0.25622031537050177,1.3766897892967513,0.21525914834013174,-0.29854779565385847
Our PR,19,16,975.0,495.0,-2.2100558830972683,0.25976007244137866,1.3776504486404888,0.2152428753663092,-0.27948455129506167
Our PR,0,17,25.0,525.0,0.026282483191631737,0.20102689880697197,1.4013421396934647,0.21335585063647403,0.0035817262803161665
Our PR,1,17,75.0,525.0,0.024765763911304993,0.20107865988249168,1.4013273422336963,0.21335717818813502,0.003377338990473433
Our PR,2,17,125.0,525.0,0.021656720658240838,0.20118465465210789,1.4012970113357603,0.2133598996166784,0.00295821023763021
Our PR,3,17,175.0,525.0,0.016760571925126016,0.20135146299659762,1.4012492610213523,0.21336418619722605,0.0022977780333166553
Our PR,4,17,225.0,525.0,0.00966856182981655,0.20159308054786568,1.4011801506038735,0.21337039781397893,0.0013403123340083312
Our PR,5,17,275.0,525.0,-0.0003858330281432718,0.20193600223635766,1.401082309108469,0.21337920985217043,-1.8684822800096867e-05
Our PR,6,17,325.0,525.0,-0.014702495437715202,0.20242535948104906,1.4009432426193045,0.21339176779410235,-0.001956535416347549
Our PR,7,17,375.0,525.0,-0.035309948941513895,0.2031310616111921,1.4007434053315213,0.2134098574670818,-0.0047504462920844315
Our PR,8,17,425.0,525.0,-0.06517413079298474,0.20415287598349482,1.4004540193418828,0.21343608289260688,-0.008806842063141529
Our PR,9,17,475.0,525.0,-0.108385666452948,0.20562226334950023,1.4000348711926545,0.2134740175583047,-0.014688086030612002
Our PR,10,17,525.0,525.0,-0.17026171901115963,0.20769768979753245,1.3994325959690046,0.21352826908844058,-0.023127425450075734
Our PR,11,17,575.0,525.0,-0.25727861262039653,0.21054937013670955,1.3985802139551673,0.2136043818513345,-0.03501437005765107
Our PR,12,17,625.0,525.0,-0.3768053973842486,0.21433407181560934,1.3973982104230436,0.2137085496465702,-0.05134127139588829
Our PR,13,17,675.0,525.0,-0.5368465363377296,0.21916686384993725,1.3957951006420515,0.21384731375256166,-0.07313415975135351
Our PR,14,17,725.0,525.0,-0.7457262002407704,0.22508365931959928,1.3936678633955208,0.21402716019010581,-0.10136170809504907
Our PR,15,17,775.0,525.0,-1.0088747598963324,0.2319469168123011,1.390932128104549,0.21425158859485585,-0.13646390304986045
Our PR,16,17,825.0,525.0,-1.3226196948107722,0.2393824554048714,1.3875886023432267,0.21451577494796198,-0.17766796299462095
Our PR,17,17,875.0,525.0,-1.6764174722550476,0.24692581204302716,1.383704926766371,0.21480821090730604,-0.22389933177835442
Our PR,18,17,925.0,525.0,-2.028962597716421,0.2533869531293904,1.3796937585867652,0.21509100604483486,-0.27126620102777
Our PR,19,17,975.0,525.0,-2.1059756623019483,0.25765234654671193,1.378846692775421,0.2151592578080837,-0.2610197973802464
Our PR,0,18,25.0,555.0,0.01943651221727207,0.20126279043204803,1.4012756846479366,0.21336185714101955,0.0026558099846529792
Our PR,1,18,75.0,555.0,0.018164038064008577,0.20130601922048727,1.4012632608121915,0.21336297055371775,0.002484304458288955
Our PR,2,18,125.0,555.0,0.015521640649629758,0.2013957935326555,1.401237470807372,0.2133652830948746,0.002128029779252527
Our PR,3,18,175.0,555.0,0.011271360067302363,0.20154032188760987,1.4011960194426318,0.2133690042951025,0.0015546433767277268
Our PR,4,18,225.0,555.0,0.00494621249656938,0.20175578542148026,1.401134412229291,0.21337454557314497,0.0007006323625158295
Our PR,5,18,275.0,555.0,-0.004281545473804697,0.20207095908380673,1.401044691387951,0.213382636371014,-0.0005466421280908573
Our PR,6,18,325.0,555.0,-0.01776549614303373,0.20253281887757937,1.4009138353292199,0.21339446911778426,-0.00237161694827126
Our PR,7,18,375.0,555.0,-0.03757196156211756,0.2032122408055473,1.4007218984478085,0.21341186163488057,-0.005056510820333759
Our PR,8,18,425.0,555.0,-0.0666721898950655,0.204208591057336,1.4004399873490696,0.2134374203578311,-0.009008505808094647
Our PR,9,18,475.0,555.0,-0.10910398684393241,0.20565107820911877,1.4000283290102702,0.21347466997155115,-0.014782956310771533
Our PR,10,18,525.0,555.0,-0.17004345477161928,0.20769387472592227,1.3994349107577058,0.21352809411970392,-0.023093258161410724
Our PR,11,18,575.0,555.0,-0.2557095087689664,0.21050167349459087,1.3985953807871674,0.21360301687921787,-0.03479274250314801
Our PR,12,18,625.0,555.0,-0.37302522769031304,0.21422416826095256,1.3974349556840064,0.2137052574139587,-0.05081243569413085
Our PR,13,18,675.0,555.0,-0.5289573364957757,0.2189609110274043,1.395873252543894,0.21384049128691932,-0.07203803656211094
Our PR,14,18,725.0,555.0,-0.7291670973110645,0.22471379291042037,1.3938361880743697,0.21401301152113864,-0.09908420990603628
Our PR,15,18,775.0,555.0,-0.9748588986753076,0.23132680685479462,1.3912881325144077,0.21422300213380777,-0.1318468537524764
Our PR,16,18,825.0,555.0,-1.2580225651407297,0.23845394575732523,1.388286605245775,0.21446268251766334,-0.16895868249708346
Our PR,17,18,875.0,555.0,-1.5571797726973071,0.24557515442067684,1.3850413172034337,0.21471329346959508,-0.20749749154319597
Our PR,18,18,925.0,555.0,-1.8233051151061506,0.25180387136969734,1.382094532889364,0.21493474008086705,-0.24135902330651993
Our PR,19,18,975.0,555.0,-1.958752046306299,0.2555543584544867,1.3805950599241699,0.2150505882258058,-0.2582477339300726
Our PR,0,19,25.0,585.0,0.016187395780725405,0.2013745671545717,1.4012441350486833,0.2133647075263446,0.0022163653048412613
Our PR,1,19,75.0,585.0,0.015030252685343847,0.20141378430875143,1.401232833761335,0.21336571988119274,0.0020603863455370686
Our PR,2,19,125.0,585.0,0.012608143916979432,0.20149593329211068,1.4012091905511768,0.2133678395058752,0.0017337821279495014
Our PR,3,19,175.0,585.0,0.008663101809915155,0.2016299755296425,1.4011707201062176,0.2133712936458229,0.001201532891487167
Our PR,4,19,225.0,585.0,0.0027015827604439106,0.20183308787537801,1.4011126745739246,0.21337651720855422,0.0003965796547267253
Our PR,5,19,275.0,585.0,-0.006131942973088473,0.20213506511735,1.4010268285171388,0.21338426412276817,-0.000797421372683571
Our PR,6,19,325.0,585.0,-0.01921490000202693,0.20258366588986226,1.4008999240071227,0.2133957475693892,-0.002568091879290302
Our PR,7,19,375.0,585.0,-0.03862842573055811,0.20325010091326973,1.4007118549297344,0.21341279776288916,-0.0051996421823463645
Our PR,8,19,425.0,585.0,-0.06734123937939852,0.20423338037180078,1.4004337235084414,0.21343801790131822,-0.00909890836006677
Our PR,9,19,475.0,585.0,-0.1093587554580383,0.20566142540685126,1.40002604171836,0.2134749032600564,-0.014816778721199464
Our PR,10,19,525.0,585.0,-0.16977854666505754,0.20768608139670036,1.399437558726178,0.21352786875390056,-0.02305554214829253
Our PR,11,19,575.0,585.0,-0.2546704172758721,0.2104686977277781,1.3986054449230012,0.2136021107849667,-0.03464744607228898
Our PR,12,19,625.0,585.0,-0.37067172023916617,0.21415379330962878,1.3974579194882026,0.2137032073171739,-0.05048383532965661
Our PR,13,19,675.0,585.0,-0.5241189114161451,0.21883021148157447,1.3959213154996108,0.21383630619923025,-0.07136576485089474
Our PR,14,19,725.0,585.0,-0.719328044722939,0.22448150956621798,1.3939362258765187,0.21400459196010133,-0.09773117491360117
Our PR,15,19,775.0,585.0,-0.9554365337759108,0.23093708815845632,1.3914908064170521,0.21420661167227242,-0.1292150024574945
Our PR,16,19,825.0,585.0,-1.221951733170243,0.23784913177921166,1.3886736144711747,0.21443276607192815,-0.1641402563973271
Our PR,17,19,875.0,585.0,-1.4937575686030014,0.24468751812149278,1.3857417368011062,0.21466179346336262,-0.1990972145937686
Our PR,18,19,925.0,585.0,-1.7243441443168372,0.2506406394985435,1.383215742561521,0.21485602702901238,-0.22841834374892622
Our PR,19,19,975.0,585.0,-1.849854318010492,0.25444547816567553,1.3818389127851889,0.21496382193779812,-0.2448669238400425
Our SW,0,0,25.0,15.0,0.8666307813997156,0.17146813766601068,3.2603306206469576,0.2119795134853722,0.15353010884033846
Our SW,1,0,75.0,15.0,0.8076195002535134,0.1739622499208408,3.2594083793970676,0.2120549824517614,0.1438014525931286
Our SW,2,0,125.0,15.0,0.6988550499757491,0.17793226169319037,3.2566935737895855,0.2121291218426557,0.12423139197428879
Our SW,3,0,175.0,15.0,0.5680898354498185,0.18286861169230192,3.2537970809133654,0.21224357405912228,0.10106392992609292
Our SW,4,0,225.0,15.0,0.43802892528478615,0.18777112271639199,3.2509067621718235,0.21235846240244988,0.07813736143555405
Our SW,5,0,275.0,15.0,0.32261987063741127,0.19207532998164928,3.2483162407489,0.212460165322911,0.05775598069754362
Our SW,6,0,325.0,15.0,0.22799132901489735,0.1955465099181377,3.2461728708612254,0.21254334172336012,0.0409612648937796
Our SW,7,0,375.0,15.0,0.15452405140595696,0.19818894843114934,3.244496360718136,0.21260777142407578,0.027859200372376547
Our SW,8,0,425.0,15.0,0.09952371254276485,0.20012993544803823,3.243234110046039,0.212655916884848,0.018016480584331918
Our SW,9,0,475.0,15.0,0.05927243481795117,0.20152833773510875,3.2423068335641867,0.21269110563672297,0.010796989550365677
Our SW,10,0,525.0,15.0,0.03010011576673016,0.20253067848430195,3.241633559047728,0.21271659213322386,0.005556450396737578
Our SW,11,0,575.0,15.0,0.008846800006493925,0.2032563858992479,3.2411430938165973,0.21273516058674607,0.0017334716400918548
Our SW,12,0,625.0,15.0,-0.006973372442288324,0.2037955314997156,3.2407785864229814,0.21274899050074447,-0.0011157812571660486
Our SW,13,0,675.0,15.0,-0.019162571712886916,0.20421137997419483,3.2404983551044775,0.21275965572536074,-0.0033135865205868864
Our SW,14,0,725.0,15.0,-0.02890664536913112,0.20454456962162482,3.240274744028095,0.21276818857628035,-0.0050720140850890605
Our SW,15,0,775.0,15.0,-0.03688149794693105,0.2048177256153077,3.2400918906944733,0.212775175679145,-0.006511897808564315
Our SW,16,0,825.0,15.0,-0.043376280318813396,0.20504024587401787,3.2399429645502895,0.21278086687990685,-0.007684870969221214
Our SW,17,0,875.0,15.0,-0.04842020631495863,0.20521294101910886,3.2398272405814117,0.21278528638355465,-0.008595916696579886
Our SW,18,0,925.0,15.0,-0.0519050110547822,0.2053321517839058,3.2397472345733966,0.21278833931123073,-0.009225348689578805
Our SW,19,0,975.0,15.0,-0.05369230065982416,0.2053932739554743,3.239706181332162,0.21278990492743452,-0.009548128951181178
Our SW,0,1,25.0,45.0,0.9257902831070424,0.17020817865794818,3.2623896083941943,0.21197747822713353,0.156198368606697
Our SW,1,1,75.0,45.0,0.8617796714101508,0.1756568941245588,3.275284940014019,0.21295910120494957,0.1628167513776646
Our SW,2,1,125.0,45.0,0.7373860933946539,0.17687130621380603,3.2587146209321265,0.21217140747349772,0.13049052346880696
Our SW,3,1,175.0,45.0,0.5925411410556715,0.18179819690638993,3.254387594696293,0.2122251372887803,0.10486509871432403
Our SW,4,1,225.0,45.0,0.45216835829376245,0.1871407061788114,3.2512237049167765,0.21234600413738378,0.08046286051363594
Our SW,5,1,275.0,45.0,0.3299910001778863,0.19175953889886804,3.2484826158514872,0.21245365040393632,0.05901143386291552
Our SW,6,1,325.0,45.0,0.23142524710154347,0.195404193194602,3.246250978164464,0.21254031176181112,0.04155941726211032
Our SW,7,1,375.0,45.0,0.155780387779681,0.1981360043546181,3.244524916871559,0.2126066592127097,0.028080637714311685
Our SW,8,1,425.0,45.0,0.09948882758735865,0.2001261928389348,3.2432328980101706,0.21265593611430633,0.018009255070089436
Our SW,9,1,475.0,45.0,0.058353152218095956,0.20155643707373164,3.2422851052466712,0.21269189773729882,0.0106313771542077
Our SW,10,1,525.0,45.0,0.028457863969562576,0.20258423797962402,3.241595119380493,0.21271801666247425,0.005260900417969339
Our SW,11,1,575.0,45.0,0.006509141090389341,0.20333431631247012,3.241088704706923,0.21273719490014434,0.0013126785334549584
Our SW,12,1,625.0,45.0,-0.01004502910307236,0.20389901362804036,3.2407074410018497,0.21275166922925348,-0.0016691127047996357
Our SW,13,1,675.0,45.0,-0.02302744648067467,0.20434222407211627,3.240409099174416,0.2127630306455445,-0.004010491736622379
Our SW,14,1,725.0,45.0,-0.033610140831438824,0.20470409983512905,3.2401662865413905,0.21277229874949066,-0.005920887623855897
Our SW,15,1,775.0,45.0,-0.042429585089178753,0.20500589576469688,3.239964025812877,0.21278002537381302,-0.007513886232601852
Our SW,16,1,825.0,45.0,-0.04971825092952885,0.20525513180162624,3.239796798708186,0.21278641087837236,-0.00883079649377505
Our SW,17,1,875.0,45.0,-0.05543902355461382,0.20545047149720858,3.239665432812047,0.2127914217922536,-0.009864555489347282
Our SW,18,1,925.0,45.0,-0.059418445647053425,0.20558616727869444,3.2395739764663443,0.2127949066376958,-0.010583651038315045
Our SW,19,1,975.0,45.0,-0.061466901595328,0.20565598268279564,3.2395268713056242,0.21279670024293282,-0.010953759482679182
Our SW,0,2,25.0,75.0,1.003673986432055,0.173047195544827,3.2782082126041776,0.2128218480655198,0.18527214641150813
Our SW,1,2,75.0,75.0,0.9667053521357049,0.19434133779935972,3.503086450529521,0.2274397929540684,0.3931183862312393
Our SW,2,2,125.0,75.0,0.8097058786489217,0.18023269487359114,3.2845994787876442,0.21368332382664174,0.16134602420370125
Our SW,3,2,175.0,75.0,0.6377173913309034,0.1807701212951461,3.2568857298854272,0.21228278505586728,0.11233905203475447
Our SW,4,2,225.0,75.0,0.4777675433628056,0.18607227691075995,3.2518461293042633,0.2123266574808083,0.08454502286139864
Our SW,5,2,275.0,75.0,0.34280992350083406,0.19119940325194604,3.248772804268554,0.2124423772224991,0.061167109444176804
Our SW,6,2,325.0,75.0,0.2371061138747651,0.19515929682141958,3.2463801377696306,0.21253529254315384,0.04254436973183395
Our SW,7,2,375.0,75.0,0.15763848580991663,0.19805192347324355,3.2445669817229157,0.21260500675052682,0.02840749035051826
Our SW,8,2,425.0,75.0,0.09903304838508367,0.20013120540667387,3.2432214979472564,0.21265631022443432,0.017925051063127917
Our SW,9,2,475.0,75.0,0.0562468323086258,0.20162099625357807,3.242235349372618,0.21269371355674557,0.01025076028979277
Our SW,10,2,525.0,75.0,0.02495185478203371,0.20269825062714694,3.2415130101145877,0.21272105706314984,0.004628539083423311
Our SW,11,2,575.0,75.0,0.0016134364377316085,0.20349716487647646,3.2409747555158934,0.21274145441993766,0.00043009625033674226
Our SW,12,2,625.0,75.0,-0.016439270963922142,0.20411402397441777,3.2405593108739996,0.21275724479771152,-0.00282209414267931
Our SW,13,2,675.0,75.0,-0.03106244468906708,0.2046137502221419,3.2402235073133014,0.2127700462817522,-0.005460369942672516
Our SW,14,2,725.0,75.0,-0.043392846502635626,0.2050352007700335,3.239940641853368,0.21278084616310236,-0.007687559240437958
Our SW,15,2,775.0,75.0,-0.053980182276196775,0.2053965736303224,3.239697693251471,0.21279011976787307,-0.009601306645151686
Our SW,16,2,825.0,75.0,-0.06293618662279099,0.20570144138929494,3.2394919515253497,0.21279796224126418,-0.011220858843835613
Our SW,17,2,875.0,75.0,-0.07008208902816102,0.20594397337725004,3.239327574074386,0.21280421717106707,-0.012513343199543892
Our SW,18,2,925.0,75.0,-0.0751042943824064,0.20611403280445115,3.239211916595976,0.21280861164043138,-0.013421746876962626
Our SW,19,2,975.0,75.0,-0.07770351604444906,0.206201968233492,3.239152015257108,0.2128108855141734,-0.013891808644028725
Our SW,0,3,25.0,105.0,1.0528688550582659,0.1884512677595867,3.442638986683107,0.22332272815551182,0.35273510150693466
Our SW,1,3,75.0,105.0,1.072014940432785,0.2496842188947664,4.89606793651882,0.31633451901101894,1.688836695359186
Our SW,2,3,125.0,105.0,0.8992516210219469,0.19977819118113263,3.5425145368407454,0.23016582671007382,0.4240006069873292
Our SW,3,3,175.0,105.0,0.6945315843220075,0.18451049788366514,3.283893633317659,0.21390683117946221,0.14000460445318108
Our SW,4,3,225.0,105.0,0.5093071184768733,0.18549634942750592,3.253819252901402,0.21238161873991848,0.08954450344331177
Our SW,5,3,275.0,105.0,0.35719042643109145,0.19057411991089218,3.2491287700422373,0.2124317158088898,0.06345704077614922
Our SW,6,3,325.0,105.0,0.24276234732824564,0.1948859193401219,3.246508954714178,0.21253030054465105,0.04351620922715682
Our SW,7,3,375.0,105.0,0.15893059530492687,0.1979739349712895,3.2445956576801054,0.21260383316891818,0.028634631117879783
Our SW,8,3,425.0,105.0,0.09746159306412377,0.20016655291939597,3.243183685187762,0.21265764183589292,0.017636993287800662
Our SW,9,3,475.0,105.0,0.05245183310805075,0.20173747379350288,3.2421457035716483,0.21269698604593099,0.009560740809794188
Our SW,10,3,525.0,105.0,0.019159803952619434,0.20288623433435413,3.2413772216309003,0.2127260778380497,0.003579177826368296
Our SW,11,3,575.0,105.0,-0.006265775029430166,0.20375900174014921,3.2407912453482672,0.21274830781359375,-0.0009944625536106866
Our SW,12,3,625.0,105.0,-0.026644738205555827,0.20445660022289677,3.2403228181151036,0.21276614216045592,-0.004665312325763393
Our SW,13,3,675.0,105.0,-0.043867748358095066,0.2050454566659158,3.2399276460400954,0.2127812253107185,-0.007773512080339051
Our SW,14,3,725.0,105.0,-0.058999468871947375,0.20556175616220584,3.239580473464718,0.21279447887150854,-0.010508471606968106
Our SW,15,3,775.0,105.0,-0.07243887199929543,0.20601836081859423,3.239271704272298,0.21280624558707864,-0.012939942865108911
Our SW,16,3,825.0,105.0,-0.08409926328769513,0.20641243395366807,3.2390032788750744,0.21281644817206402,-0.015050735815397287
Our SW,17,3,875.0,105.0,-0.09356643812100403,0.20673083097997064,3.238784924593885,0.21282472640683286,-0.016764970418609026
Our SW,18,3,925.0,105.0,-0.10029038673452474,0.2069561840440577,3.23862960942657,0.21283060299088966,-0.017982543999067735
Our SW,19,3,975.0,105.0,-0.10378849884620309,0.2070732748709979,3.2385487340847963,0.21283365944368607,-0.01861583983053805
Our SW,0,4,25.0,135.0,1.0781138973325863,0.22768109946529433,4.360334796131985,0.2822502778239242,1.196735908096186
Our SW,1,4,75.0,135.0,1.149667754434146,0.4216147626464754,7.85560930738698,0.49476156336322374,-0.2081597634867316
Our SW,2,4,125.0,135.0,0.9298125292492379,0.26802946818145046,5.383613507394385,0.3477349755984942,2.0829063897180866
Our SW,3,4,175.0,135.0,0.7287084915917386,0.21234375971497133,3.6854504693463763,0.239910463121146,0.5560930521273932
Our SW,4,4,225.0,135.0,0.537907120049689,0.19058731065533846,3.284691076615315,0.21432894148894407,0.11143629130985766
Our SW,5,4,275.0,135.0,0.3670752318140175,0.19063107673191756,3.250324901353161,0.21248666890143836,0.06465999161611724
Our SW,6,4,325.0,135.0,0.24531004387067445,0.19470295011403888,3.246583274288714,0.212529104243883,0.043904712080988784
Our SW,7,4,375.0,135.0,0.15832505752345175,0.19794095436461898,3.244580276211533,0.2126043083250943,0.028533927542373494
Our SW,8,4,425.0,135.0,0.09391328508142383,0.20025787411410212,3.2430991766466586,0.2126606748710619,0.016983814080911985
Our SW,9,4,475.0,135.0,0.04627850575713441,0.2019275376414294,3.2419997002419585,0.2127023080096016,0.008425089384866968
Our SW,10,4,525.0,135.0,0.010489138005807995,0.2031687326815049,3.241173598380826,0.2127335893519235,0.001994232291552267
Our SW,11,4,575.0,135.0,-0.01773644475935027,0.20414149529044626,3.240523821286588,0.21275828128772084,-0.0030807053592318834
Our SW,12,4,625.0,135.0,-0.04136223161644302,0.20495006542302874,3.2399816097457106,0.21277897016112926,-0.007331250080400142
Our SW,13,4,675.0,135.0,-0.062316443799324335,0.20566527039728216,3.23950119371491,0.21279732706151058,-0.011111599321905752
Our SW,14,4,725.0,135.0,-0.08152828542386369,0.20631807128719473,3.2390601014825307,0.2128141506964954,-0.01458568931675397
Our SW,15,4,775.0,135.0,-0.0991524079064075,0.20691246062959787,3.238654355376118,0.21282956975361184,-0.017777074576952323
Our SW,16,4,825.0,135.0,-0.11481014161881618,0.20743619124144597,3.238292813147375,0.2128432541870898,-0.02061444920442579
Our SW,17,4,875.0,135.0,-0.1277292215137202,0.20786528687831357,3.237993744822677,0.21285453486491895,-0.022956270556789837
Our SW,18,4,925.0,135.0,-0.13698910014934465,0.20817139390186906,3.2377789805327155,0.21286261513183832,-0.02463480310621602
Our SW,19,4,975.0,135.0,-0.14182559679310583,0.20833102878684168,3.237666683386467,0.21286683412449356,-0.025511208920303563
Our SW,0,5,25.0,165.0,0.9943325548526477,0.1882261031776401,3.436061490392564,0.22303958801821394,0.3358180075928585
Our SW,1,5,75.0,165.0,1.0250784044176042,0.2674211712186487,5.380745200353468,0.34707132646993133,2.105578248264961
Our SW,2,5,125.0,165.0,0.8474974102478362,0.22303795478368013,3.9277267957161053,0.2552341658759893,0.8258445727279962
Our SW,3,5,175.0,165.0,0.6773816855451186,0.19601605993854487,3.3571015475334365,0.21870978984915773,0.20506392080962832
Our SW,4,5,225.0,165.0,0.51606301416024,0.1881048966668862,3.2608742325458326,0.21282629800445418,0.09205540234222265
Our SW,5,5,275.0,165.0,0.3627190992661063,0.19066184730869928,3.2495143084544362,0.21244376519883304,0.05640903980483336
Our SW,6,5,325.0,165.0,0.24151174249371885,0.19457801625896587,3.2464802674387245,0.21253135298991213,0.04228385941981716
Our SW,7,5,375.0,165.0,0.1550633354517948,0.19796004458992944,3.2445023583526917,0.21260705162106328,0.02796756384951249
Our SW,8,5,425.0,165.0,0.08749445111574047,0.20043073956767032,3.2429465794975134,0.2126661757237646,0.015782520635637676
Our SW,9,5,475.0,165.0,0.03682955373988487,0.2022221819842044,3.2417756391051764,0.21271044794566504,0.006646826046979859
Our SW,10,5,525.0,165.0,-0.0018342231866773219,0.2035797241834881,3.2408835018466906,0.21274425913991007,-0.000298389876834948
Our SW,11,5,575.0,165.0,-0.033614004042778166,0.2046804727551405,3.2401531571169415,0.21277208150287516,-0.006005189584989967
Our SW,12,5,625.0,165.0,-0.06147857133718021,0.20562567301410922,3.2395149411595034,0.21279649865726386,-0.010994664028013412
Our SW,13,5,675.0,165.0,-0.08752077534865961,0.20650778672207784,3.238918151941971,0.2128193166530603,-0.01568343953556317
Our SW,14,5,725.0,165.0,-0.11240614182967693,0.20734666886040554,3.2383459198026463,0.2128410966362111,-0.020183200902940124
Our SW,15,5,775.0,165.0,-0.13588789589120076,0.20813010266885573,3.237803636787798,0.21286161683745647,-0.024438202737286918
Our SW,16,5,825.0,165.0,-0.1571964346459154,0.20883285552809902,3.2373095649851287,0.21288021045525615,-0.02830314629126418
Our SW,17,5,875.0,165.0,-0.1750372048354335,0.20941566287327293,3.2368945582595803,0.21289575962875515,-0.031540079923758624
Our SW,18,5,925.0,165.0,-0.1879181941562239,0.20983390661772533,3.2365942300028214,0.21290697698461494,-0.033876830462520324
Our SW,19,5,975.0,165.0,-0.19465957807081938,0.21005244157190006,3.2364368399425416,0.21291284546025113,-0.03509910681934181
Our SW,0,6,25.0,195.0,0.8321289914469103,0.1775960271673825,3.277245434567292,0.21315449516263732,0.15815579021241644
Our SW,1,6,75.0,195.0,0.8501974988624882,0.2099075613819501,3.679919821568052,0.23919345483137328,0.5536413377234262
Our SW,2,6,125.0,195.0,0.7452874154711663,0.19410736144044996,3.3548775378174622,0.21839830751539085,0.21671304862233565
Our SW,3,6,175.0,195.0,0.6133084612730593,0.1865775021477164,3.2666803529584594,0.2129771197214781,0.10980607249533314
Our SW,4,6,225.0,195.0,0.45956062858020325,0.18748732431743143,3.2523362087035337,0.21240095711561985,0.07621654709419334
Our SW,5,6,275.0,195.0,0.3264840995854065,0.1912532668708195,3.248347190062779,0.21245283337798226,0.0576922048211026
Our SW,6,6,325.0,195.0,0.23438219610676916,0.19498987010013832,3.2462146493505797,0.2125310163456707,0.042564788208715454
Our SW,7,6,375.0,195.0,0.15049919331453368,0.1981515411694848,3.2443865718330436,0.21261049869461995,0.021764610116603578
Our SW,8,6,425.0,195.0,0.07708059110970236,0.20068698813822636,3.242698578085317,0.21267510125126057,0.013670071630805802
Our SW,9,6,475.0,195.0,0.022665111487278716,0.2026307072055676,3.2414385981848177,0.21272264660691223,0.003903388838072397
Our SW,10,6,525.0,195.0,-0.019069141501313076,0.20416530792727064,3.240476883450429,0.2127591904592793,-0.0035548135337848397
Our SW,11,6,575.0,195.0,-0.05532241626998037,0.20543574562287695,3.2396457190332257,0.21279095442985801,-0.010070444332738182
Our SW,12,6,625.0,195.0,-0.08809807167650015,0.20652642042595043,3.2388969497867857,0.2128196865184811,-0.01588826221987638
Our SW,13,6,675.0,195.0,-0.12079108201955259,0.2076113486365127,3.23814768332177,0.21284832659542502,-0.021740112409185386
Our SW,14,6,725.0,195.0,-0.1533555022381991,0.208694601443819,3.2373968861794866,0.2128767992709017,-0.027621399433158667
Our SW,15,6,775.0,195.0,-0.1847922546556592,0.20972808129131382,3.2366677299706357,0.21290422645062174,-0.03331951992802118
Our SW,16,6,825.0,195.0,-0.21388654277268798,0.2106698104697436,3.235989450302905,0.21292956044244016,-0.03860023323143391
Our SW,17,6,875.0,195.0,-0.23859477896034345,0.2114595530211365,3.2354111301028237,0.21295104294442302,-0.04308576670514208
Our SW,18,6,925.0,195.0,-0.2565247434597351,0.2120284237366668,3.2349902808032045,0.21296661682606555,-0.0463393257477962
Our SW,19,6,975.0,195.0,-0.2658993712943606,0.21232546679178949,3.2347698858357283,0.21297475619514414,-0.04803887099158466
Our SW,0,7,25.0,225.0,0.6658946246874444,0.17919192315338645,3.257064880643147,0.21222919881529517,0.11608411539829055
Our SW,1,7,75.0,225.0,0.6635237565914076,0.18711949523005533,3.292826687674487,0.21456087871666338,0.14517467149260943
Our SW,2,7,125.0,225.0,0.616971352079425,0.18471367368186126,3.2616581007181957,0.2126414761282443,0.10145032267977472
Our SW,3,7,175.0,225.0,0.5079393703258243,0.18597419157924577,3.2530967126105996,0.21233745268987642,0.08000449457484793
Our SW,4,7,225.0,225.0,0.3929229439175893,0.18904036763885715,3.249857457585801,0.21239523967575935,0.07109367700222635
Our SW,5,7,275.0,225.0,0.2897055110220481,0.19281898233878356,3.247469941596334,0.21248224878364166,0.05077427793828693
Our SW,6,7,325.0,225.0,0.20714670412814615,0.19615066848101254,3.2455859081863028,0.2125544925333799,0.03584367441225589
Our SW,7,7,375.0,225.0,0.13164134515088982,0.19900778431490931,3.243850650828417,0.21262063797586891,0.024827579960196022
Our SW,8,7,425.0,225.0,0.059339245723003524,0.1999253686236087,3.242271776403527,0.2126900631874203,0.00740931537837608
Our SW,9,7,475.0,225.0,0.000377801911149174,0.202085918273273,3.2409062780995805,0.21274183466653623,0.00015792878194087479
Our SW,10,7,525.0,225.0,-0.044735080573987215,0.20434343525862003,3.2398725615931228,0.2127815628550187,-0.007459349752519939
Our SW,11,7,575.0,225.0,-0.0874362398470454,0.20588902488543748,3.238896129767928,0.21281899656176453,-0.015167594164283704
Our SW,12,7,625.0,225.0,-0.12278045315804145,0.20767018418829988,3.2380912536225486,0.21284989309379662,-0.022277660201130978
Our SW,13,7,675.0,225.0,-0.163589120696513,0.20900931486127966,3.237154989474051,0.21288561073561704,-0.029562442810604495
Our SW,14,7,725.0,225.0,-0.20636445372278056,0.2104072626461176,3.2361647633397097,0.21292295416441695,-0.0372692041853695
Our SW,15,7,775.0,225.0,-0.24831293392555973,0.21176137232188172,3.2351861847594914,0.2129594729837246,-0.044870801789886894
Our SW,16,7,825.0,225.0,-0.28795391837870515,0.21301383635558735,3.2342556385004073,0.21299389619131254,-0.052068499469565266
Our SW,17,7,875.0,225.0,-0.32215206938154994,0.21407624937404104,3.2334489907865374,0.21302353707428612,-0.05827721136072994
Our SW,18,7,925.0,225.0,-0.3470133088668119,0.21484217125211624,3.2328605757449513,0.21304506047959199,-0.0627857396131859
Our SW,19,7,975.0,225.0,-0.3599314043374732,0.2152401554340099,3.2325542335174537,0.21305623961272618,-0.06512478249731668
Our SW,0,8,25.0,255.0,0.517011832420094,0.18432132580710942,3.2527084087867433,0.21229147572961743,0.09076439681801607
Our SW,1,8,75.0,255.0,0.5061904640835077,0.18571365849441088,3.2543921082831053,0.21242653425531582,0.08953469198383357
Our SW,2,8,125.0,255.0,0.4671832162571531,0.1867030821006367,3.251842141376884,0.21235108831701827,0.08069292779122605
Our SW,3,8,175.0,255.0,0.3960956637024619,0.18910644494325393,3.249987236590603,0.21239633671186314,0.06955128267829847
Our SW,4,8,225.0,255.0,0.32103978051495924,0.1919292918733549,3.24827694715082,0.21246100413583885,0.051853486892849965
Our SW,5,8,275.0,255.0,0.24548858975397236,0.19479178898973665,3.246471195967392,0.21252148609925667,0.045311904480788145
Our SW,6,8,325.0,255.0,0.1783132485634759,0.19721808463807494,3.2449266281901674,0.21257985851228378,0.03149105943592301
Our SW,7,8,375.0,255.0,0.1014068025618177,0.19856661279115434,3.243142870959122,0.21264659873963607,0.01999129354374185
Our SW,8,8,425.0,255.0,0.028371151736233384,0.19930770524191985,3.241363292501567,0.21270553981406898,0.01180688682628217
Our SW,9,8,475.0,255.0,-0.023774980038594455,0.2064683325487951,3.2401212104265613,0.21274927368237412,-0.002201622023328964
Our SW,10,8,525.0,255.0,-0.07919207597703673,0.20630213919879514,3.238995947979954,0.21280750747243915,-0.015606884651020447
Our SW,11,8,575.0,255.0,-0.13331447153508105,0.20756437569879133,3.237775030259927,0.21285600871003915,-0.023219870095125827
Our SW,12,8,625.0,255.0,-0.16730820057244972,0.2079830926919803,3.2370593469761095,0.2128888616457564,-0.02893067888254386
Our SW,13,8,675.0,255.0,-0.21733912648333797,0.21064285841762,3.23590553578487,0.2129323856174003,-0.03927431541680959
Our SW,14,8,725.0,255.0,-0.2736876999206841,0.21251500868385298,3.2345933442422585,0.21298145656574424,-0.049526456277204645
Our SW,15,8,775.0,255.0,-0.3290276242708564,0.2142709937349378,3.233292988702307,0.21302950204949905,-0.059554702872111065
Our SW,16,8,825.0,255.0,-0.38279775984225234,0.21591898398720658,3.2320200160297943,0.21307603018972107,-0.06932112114579891
Our SW,17,8,875.0,255.0,-0.4301295996393468,0.21733579990767318,3.230892919013902,0.21311688883550853,-0.07790937725643543
Our SW,18,8,925.0,255.0,-0.46438944032997453,0.21835356457673855,3.2300737096552568,0.21314642548458682,-0.08410970963823594
Our SW,19,8,975.0,255.0,-0.4819055462477542,0.21887599050441753,3.229653879779112,0.21316152246908668,-0.08727133771865847
Our SW,0,9,25.0,285.0,0.3927021422995571,0.18916949388560206,3.249889179798488,0.21239831193254227,0.06968079291333473
Our SW,1,9,75.0,285.0,0.3806508208256755,0.18967377433521349,3.2496824185876276,0.2124130334735647,0.06749156466784312
Our SW,2,9,125.0,285.0,0.35025437330860454,0.19080195410601672,3.2489442317581476,0.21243611631328774,0.06217726904750309
Our SW,3,9,175.0,285.0,0.301855205474291,0.1926520346992563,3.2478477863241957,0.21247831125012873,0.0539286283652296
Our SW,4,9,225.0,285.0,0.24818402293811367,0.19463225102514342,3.2466312436804863,0.21252544458342304,0.04437266422260833
Our SW,5,9,275.0,285.0,0.19826156357107313,0.1962811968067956,3.245488787190599,0.21256900734584044,0.03291784599468439
Our SW,6,9,325.0,285.0,0.13600245926738716,0.19859611814022587,3.2440524081897535,0.21262319942486987,0.019592359299019924
Our SW,7,9,375.0,285.0,0.07099965168396011,0.20058036683345323,3.2424463081776764,0.21267377099273066,0.016116971700091964
Our SW,8,9,425.0,285.0,0.00839574601743929,0.20283573433813892,3.2408828472056417,0.21272208990135702,0.003306960368848477
Our SW,9,9,475.0,285.0,-0.04437289631149545,0.2095671754369098,3.23962902230841,0.21276645335843952,-0.01170417501430987
Our SW,10,9,525.0,285.0,-0.1065176034391541,0.21195961208194816,3.238199790659933,0.2128210347007482,-0.022222192014587083
Our SW,11,9,575.0,285.0,-0.16266006120563858,0.2125556066704295,3.236941242371773,0.21287194171820384,-0.028883556202036198
Our SW,12,9,625.0,285.0,-0.21562616726295092,0.20798935656312828,3.2359354546419006,0.21293088948510866,-0.03800567300557556
Our SW,13,9,675.0,285.0,-0.2824235203343518,0.2124730973648353,3.2343872111164607,0.21298891528156555,-0.05106436392715574
Our SW,14,9,725.0,285.0,-0.3579573531047515,0.21501943476377328,3.232614518405926,0.2130544679232588,-0.06483173549159948
Our SW,15,9,775.0,285.0,-0.4292162389772535,0.21726350461874322,3.2309256427577995,0.21311614351680858,-0.07774363152995845
Our SW,16,9,825.0,285.0,-0.5018906539196074,0.21940823545502192,3.2291874341651776,0.2131787410886913,-0.09096172361519606
Our SW,17,9,875.0,285.0,-0.5677200113161374,0.2212842232026786,3.2276015751150924,0.21323526226732525,-0.1028942040824099
Our SW,18,9,925.0,285.0,-0.6145538858314268,0.22261771034751504,3.2264676337505316,0.21327542786155065,-0.11133437948690483
Our SW,19,9,975.0,285.0,-0.6376538655979485,0.22328539379351398,3.2259067727176753,0.21329524324143173,-0.11547759472066432
Our SW,0,10,25.0,315.0,0.293119111178346,0.19302348661524216,3.2476464912464302,0.21248600578410232,0.052379410875047494
Our SW,1,10,75.0,315.0,0.2826576277235784,0.19341120369940823,3.247411744503325,0.2124952899695546,0.05053247097677738
Our SW,2,10,125.0,315.0,0.25978673860426804,0.19427014075514099,3.2468936139115465,0.21251533263351824,0.04652235959426432
Our SW,3,10,175.0,315.0,0.22564968096401913,0.19554696644805442,3.246119127572693,0.21254532791843367,0.04052754429423322
Our SW,4,10,225.0,315.0,0.1860545057315845,0.196972702336378,3.2452160204050156,0.2125800436148685,0.03351063758827433
Our SW,5,10,275.0,315.0,0.14466827234509586,0.19839666133532557,3.244265380235641,0.2126162102949082,0.02603322322819457
Our SW,6,10,325.0,315.0,0.096910342806004,0.19999092562297185,3.243159893290554,0.2126578415647999,0.017409389761802174
Our SW,7,10,375.0,315.0,0.04405933453980647,0.2005814652669053,3.241922022908937,0.2127036455051002,0.007002793472654645
Our SW,8,10,425.0,315.0,-0.013365285199806095,0.20627713391020844,3.240368385638099,0.2127405430358223,2.1471408290230087e-05
Our SW,9,10,475.0,315.0,-0.06208719741136394,0.21045136920194332,3.2392199078887147,0.21278194536839412,-0.014857138127322145
Our SW,10,10,525.0,315.0,-0.1275966750564333,0.21316920446745433,3.237719947009227,0.21283976529289386,-0.028310540505976922
Our SW,11,10,575.0,315.0,-0.19554935830207912,0.2121272624320118,3.236206268647266,0.2129019934563438,-0.0377744025830129
Our SW,12,10,625.0,315.0,-0.2662753139702789,0.20843652822138498,3.2346585041092455,0.2129684501442294,-0.03772955623837504
Our SW,13,10,675.0,315.0,-0.35929129481930655,0.214139414804481,3.2325766036155485,0.21305500458968854,-0.06871319512632978
Our SW,14,10,725.0,315.0,-0.46291330202701314,0.21782541420518836,3.230127906274867,0.21314494386773347,-0.08391280132641343
Our SW,15,10,775.0,315.0,-0.5496258902695701,0.22067078331578543,3.228054183104651,0.2132198500726465,-0.09944041127962766
Our SW,16,10,825.0,315.0,-0.6482429086919855,0.22344444933831506,3.225666535506776,0.21330425980536213,-0.11746866165043834
Our SW,17,10,875.0,315.0,-0.741239290669782,0.22592269695894457,3.2233941452241073,0.21338350774100187,-0.13431540669725517
Our SW,18,10,925.0,315.0,-0.8045277874640989,0.2276494540592906,3.221838653011832,0.21343743961836537,-0.14563097431813388
Our SW,19,10,975.0,315.0,-0.8334376296884977,0.2284752255163261,3.221126029799813,0.2134621240898562,-0.15075281628743054
Our SW,0,11,25.0,345.0,0.21547850262884982,0.19594298976948127,3.2458862541421425,0.2125542841329561,0.03868654475383537
Our SW,1,11,75.0,345.0,0.2072269538775645,0.1962454380644462,3.2456987761382674,0.2125615302012689,0.03722553722707023
Our SW,2,11,125.0,345.0,0.19029380756029488,0.19686674689264166,3.2453133258058915,0.21257639130044556,0.03422688150919728
Our SW,3,11,175.0,345.0,0.1656817384958863,0.19775997429570655,3.2447513703310893,0.21259797003867434,0.029857137024386082
Our SW,4,11,225.0,345.0,0.13613276668008045,0.19880539970909558,3.2440736386729645,0.21262382783094122,0.02458691206810859
Our SW,5,11,275.0,345.0,0.10331093854642846,0.19993682044702604,3.2433165052345423,0.2126524811473534,0.018694076407616
Our SW,6,11,325.0,345.0,0.06584810409210436,0.20120832417548332,3.2424466837054884,0.21268511251182137,0.011902641890493282
Our SW,7,11,375.0,345.0,0.022497613987697288,0.2021098683491734,3.2414336786512874,0.21272283406645937,0.0046475002042078994
Our SW,8,11,425.0,345.0,-0.02845139462327957,0.20360409185982528,3.2401827310225433,0.21276374634174905,-0.004485764168504769
Our SW,9,11,475.0,345.0,-0.08276044838914089,0.20639979080999787,3.2389151884394716,0.2128106821454936,-0.015726247470315702
Our SW,10,11,525.0,345.0,-0.15096263831503132,0.2118222967761783,3.237205368328426,0.21286143215773096,-0.02609440986944822
Our SW,11,11,575.0,345.0,-0.224411498501705,0.21091132501719478,3.2355690750887254,0.21292879873151976,-0.03893188153850091
Our SW,12,11,625.0,345.0,-0.315994952950906,0.20865604060416362,3.233496519237785,0.21301134236945735,-0.048771022016030896
Our SW,13,11,675.0,345.0,-0.43707123479092125,0.21538503607736686,3.2306154155285336,0.2131141900392516,-0.07295204748178352
Our SW,14,11,725.0,345.0,-0.5527678360509836,0.21950912174701193,3.227850544298407,0.2132136511903854,-0.09232962835969971
Our SW,15,11,775.0,345.0,-0.6855126244569887,0.2239544337523775,3.224760500389375,0.21333516300759311,-0.12899523296011628
Our SW,16,11,825.0,345.0,-0.8233100609750208,0.22786823457568844,3.221393339378626,0.2134531925174843,-0.14925920225974942
Our SW,17,11,875.0,345.0,-0.9591187758807485,0.23116703422181803,3.2180160196708725,0.21356767189987647,-0.17366398774182334
Our SW,18,11,925.0,345.0,-1.0429218837796337,0.23340130750605081,3.2159204778115846,0.2136386202809351,-0.18839283259022843
Our SW,19,11,975.0,345.0,-1.075223848640697,0.23438892935652178,3.2151117541317107,0.21366620264098635,-0.19395482959122523
Our SW,0,12,25.0,375.0,0.1561572168640215,0.19811261213559045,3.244533686197964,0.21260634869751582,0.02813482205810125
Our SW,1,12,75.0,375.0,0.14991928429150955,0.19833735400609626,3.2443910941831335,0.21261181529521345,0.027024876261494413
Our SW,2,12,125.0,375.0,0.13746253722725063,0.19878396041725094,3.244105908724868,0.21262272590784698,0.02480609940322398
Our SW,3,12,175.0,375.0,0.119467654707985,0.1994221238369565,3.243692863151773,0.2126384716877448,0.021594568047150764
Our SW,4,12,225.0,375.0,0.09723287723091058,0.2001970259561218,3.2431806280022353,0.21265789828209117,0.01761452379059336
Our SW,5,12,275.0,375.0,0.07147264842886104,0.20107968176240618,3.242584537727844,0.2126803652218038,0.01298224338822096
Our SW,6,12,325.0,375.0,0.04159215648068488,0.20209856885395655,3.241889908136501,0.21270638201976594,0.007557124184542907
Our SW,7,12,375.0,375.0,0.006618017812462524,0.2032878461344271,3.2410739181508905,0.21273680681970916,0.0011351465266928873
Our SW,8,12,425.0,375.0,-0.03607988642615453,0.20366971780471604,3.240078693601704,0.212774044603029,-0.005355341405915981
Our SW,9,12,475.0,375.0,-0.08693506318207457,0.20541504276171643,3.23890169815714,0.21281849444294365,-0.014609854356278928
Our SW,10,12,525.0,375.0,-0.1519282253366094,0.20668712704698927,3.237400020579874,0.21287519459302243,-0.026784631425774696
Our SW,11,12,575.0,375.0,-0.24387958405381815,0.20856361498611947,3.2352812383605105,0.2129555500633075,-0.0438787280499231
Our SW,12,12,625.0,375.0,-0.35881253601649404,0.2137183211131556,3.232476586232497,0.21304738431735504,-0.05749179615022193
Our SW,13,12,675.0,375.0,-0.48650474862970783,0.2178228553762084,3.2294262627048758,0.21315592457677224,-0.08565262107360083
Our SW,14,12,725.0,375.0,-0.6317716507479921,0.22189441578350447,3.2259184186393273,0.21327942990059617,-0.11249922610800933
Our SW,15,12,775.0,375.0,-0.8167403072244059,0.2263370232191419,3.22139134516862,0.2134361836026951,-0.1416561179040654
Our SW,16,12,825.0,375.0,-1.0255413382906373,0.23186635193772812,3.2163324944521334,0.21362099686719055,-0.19266399606396312
Our SW,17,12,875.0,375.0,-1.2340797994470336,0.23662735456152287,3.21105539134138,0.21379566160353036,-0.22389016515367288
Our SW,18,12,925.0,375.0,-1.3405775838929508,0.23971397998915006,3.208350157987271,0.2138858757982202,-0.24143574349155816
Our SW,19,12,975.0,375.0,-1.3666392963575276,0.24088789203986555,3.20769768009557,0.2139089795960894,-0.24539191792474768
Our SW,0,13,25.0,405.0,0.11160838862418011,0.19970585165057392,3.243513538037795,0.2126453842316535,0.020172004914859043
Our SW,1,13,75.0,405.0,0.10697676017065906,0.19986967597329328,3.243407145005339,0.2126494359984638,0.019345156183736556
Our SW,2,13,125.0,405.0,0.09781055786343665,0.20019205296964898,3.2431963182960115,0.21265745053633606,0.01770719676580379
Our SW,3,13,175.0,405.0,0.08449354535379633,0.20065616489116606,3.2428893833688734,0.2126690848349278,0.015324177270265027
Our SW,4,13,225.0,405.0,0.06757302464876137,0.20123853708008133,3.242498316510652,0.2126838509046011,0.012290234115336363
Our SW,5,13,275.0,405.0,0.04719240536044725,0.20193133017258053,3.2420258556295884,0.21270161518635358,0.008624563842929422
Our SW,6,13,325.0,405.0,0.022718023184148596,0.20275772992489557,3.241457048553698,0.21272292683882993,0.0041973228282754516
Our SW,7,13,375.0,405.0,-0.007111434249315411,0.20377112315413876,3.2407631042534697,0.21274889380780976,-0.0012540636413760353
Our SW,8,13,425.0,405.0,-0.044660538864741105,0.20500507247419222,3.2398912268506677,0.2127816101983308,-0.00808686723768881
Our SW,9,13,475.0,405.0,-0.09331450849728844,0.20663288417854114,3.2387665883245784,0.21282407934820133,-0.016932902845684383
Our SW,10,13,525.0,405.0,-0.15921778371923417,0.20873642274128096,3.2372451308824726,0.21288160696043593,-0.028946270924729012
Our SW,11,13,575.0,405.0,-0.2524335792948529,0.21167403468714405,3.2350860928788805,0.21296287442460637,-0.04570541203857692
Our SW,12,13,625.0,405.0,-0.38266246917960045,0.21544392855247668,3.2320306216222727,0.21307555421968621,-0.07218490100258101
Our SW,13,13,675.0,405.0,-0.5334721077741925,0.21955727819254428,3.228320186939583,0.2131975038141908,-0.08988400833725985
Our SW,14,13,725.0,405.0,-0.6974683294708244,0.22370893436239925,3.2243239573754257,0.2133355009560552,-0.12334728065918621
Our SW,15,13,775.0,405.0,-0.9357554552407525,0.228843945062518,3.218380906915515,0.2135324016975943,-0.1699239761738247
Our SW,16,13,825.0,405.0,-1.218528631612554,0.2346787987903492,3.211215897690601,0.21376648091688094,-0.21645315595963943
Our SW,17,13,875.0,405.0,-1.4775539337071646,0.24012218572372251,3.204547623628343,0.213980992018889,-0.2549328204198842
Our SW,18,13,925.0,405.0,-1.7103368242465984,0.24538933832365045,3.198545523831701,0.21417922208877962,-0.3167195318337923
Our SW,19,13,975.0,405.0,-1.7033890355820116,0.2477131048471802,3.1989001779472876,0.2141849628971654,-0.30375277181149407
Our SW,0,14,25.0,435.0,0.07871636890552379,0.20086244104579437,3.2427579245906633,0.21267416954350787,0.014276251744022028
Our SW,1,14,75.0,435.0,0.07528942524472065,0.2009817313993317,3.2426788987094115,0.21267716299627093,0.013663239193606458
Our SW,2,14,125.0,435.0,0.06849844780385868,0.20121696782417273,3.2425221424370747,0.21268309251082843,0.012447548321498081
Our SW,3,14,175.0,435.0,0.058497685718396676,0.20156098038102996,3.2422909446238593,0.21269181943476823,0.010655474188325798
Our SW,4,14,225.0,435.0,0.04540432234653458,0.2020074361168412,3.241987706147504,0.21270323693113585,0.008305899838578767
Our SW,5,14,275.0,435.0,0.028980994955625384,0.20256266433744208,3.241606740370183,0.21271754920520505,0.0053525200302551035
Our SW,6,14,325.0,435.0,0.00837287553419359,0.20325560812514315,3.241128357553853,0.2127355032098393,0.0016341522705576317
Our SW,7,14,375.0,435.0,-0.018006815992310646,0.2041435253682255,3.2405164679075544,0.21275849297949842,-0.003147984215079447
Our SW,8,14,425.0,435.0,-0.05280037154154852,0.20531778256728095,3.2397112458990316,0.21278884415038707,-0.009476385626205897
Our SW,9,14,475.0,435.0,-0.10003203682385012,0.206902429437294,3.2386207188247833,0.21283008660724684,-0.01804536573191129
Our SW,10,14,525.0,435.0,-0.16570140229381622,0.20907450866358382,3.237103451487734,0.2128874128379879,-0.02996015762268822
Our SW,11,14,575.0,435.0,-0.2578742949826047,0.21204395891869038,3.234962929667788,0.21296771919697197,-0.04665659215219442
Our SW,12,14,625.0,435.0,-0.38400652936195584,0.2158921689262286,3.2320035673728045,0.2130771605626059,-0.06945409122158241
Our SW,13,14,675.0,435.0,-0.5449438422220573,0.22032878710568374,3.2281757964581805,0.21321604387396215,-0.09899309276553692
Our SW,14,14,725.0,435.0,-0.7622266573633868,0.22603359394964082,3.2229001854926094,0.21340114213759884,-0.14255129871712513
Our SW,15,14,775.0,435.0,-1.0389301372542363,0.23167964506681282,3.215865982754526,0.21362353181558236,-0.1783151472401212
Our SW,16,14,825.0,435.0,-1.3396997967690845,0.23738926509542954,3.208100452836875,0.2138660036174195,-0.2372911090830765
Our SW,17,14,875.0,435.0,-1.6854970352648813,0.24346704542010192,3.1988945473812183,0.21413755038886473,-0.30767481653470874
Our SW,18,14,925.0,435.0,-2.109006094384579,0.2502989178442866,3.187144187874934,0.21445626912705396,-0.4062544519391198
Our SW,19,14,975.0,435.0,-2.05937607162302,0.25421925390820876,3.1893365328577934,0.21447236021697602,-0.3628087495835264
Our SW,0,15,25.0,465.0,0.05490170222517476,0.20168958842654328,3.2422096005460763,0.2126949917885681,0.010000661861769844
Our SW,1,15,75.0,465.0,0.05234475045466237,0.20177746006160585,3.242150463163516,0.21269722268496669,0.009542734723616553
Our SW,2,15,125.0,465.0,0.04723813589641079,0.20195231179856293,3.242032278898519,0.21270167690434683,0.008627664575877603
Our SW,3,15,175.0,465.0,0.03957116708239168,0.20221357492087103,3.241854679563821,0.21270836211695032,0.007252772089350046
Our SW,4,15,225.0,465.0,0.029198093230964613,0.20256511784746553,3.241614194446279,0.21271740416192086,0.005390593070031535
Our SW,5,15,275.0,465.0,0.015623948345333337,0.20302295118751137,3.2412993965946586,0.21272923533959984,0.0029499284990297525
Our SW,6,15,325.0,465.0,-0.0022134134242646395,0.20362315386610125,3.2408859787840796,0.21274478638515015,-0.0002641021548122069
Our SW,7,15,375.0,465.0,-0.026132828127354384,0.2044289996638454,3.2403324668309454,0.21276565395881125,-0.004584569971238794
Our SW,8,15,425.0,465.0,-0.058978670357570054,0.20553746000810308,3.239573819109906,0.21279433241322904,-0.010529079931653751
Our SW,9,15,475.0,465.0,-0.10491004889197833,0.2070813122435225,3.238513728358201,0.21283445166746429,-0.018846082055268276
Our SW,10,15,525.0,465.0,-0.16965847920602747,0.20923087812552588,3.237016216564004,0.21289096518056888,-0.030584242813214146
Our SW,11,15,575.0,465.0,-0.2604348260040917,0.21216808445843113,3.2349044377238907,0.2129700211240416,-0.047054747367492045
Our SW,12,15,625.0,465.0,-0.3849170323879775,0.21602951783142516,3.231979963581938,0.21307801397914,-0.06962844999228168
Our SW,13,15,675.0,465.0,-0.5508787802439127,0.22089076960639636,3.228028279857055,0.2132212038293042,-0.09964650927551943
Our SW,14,15,725.0,465.0,-0.775532119212998,0.2269467386157737,3.2225823273648047,0.21341344841387905,-0.14015725543087276
Our SW,15,15,775.0,465.0,-1.0840301996221002,0.23374036809784285,3.214910375817339,0.21367341341900156,-0.19712370494406883
Our SW,16,15,825.0,465.0,-1.440262644702889,0.24029950490819219,3.205602206789999,0.21395617667482364,-0.24558185245238118
Our SW,17,15,875.0,465.0,-1.8488562491296363,0.2465126511778059,3.1944792725317472,0.2142659387126729,-0.33985445502862643
Our SW,18,15,925.0,465.0,-2.5479912600280477,0.25741274417339877,3.1740899751545752,0.21474985675712696,-0.7467766789772401
Our SW,19,15,975.0,465.0,-2.275704606105156,0.260594773598309,3.183400527781952,0.21464585868401365,-0.3839188006831973
Our SW,0,16,25.0,495.0,0.03811858459876291,0.20226748366036426,3.2418225752038086,0.21270965668077468,0.006984698769391118
Our SW,1,16,75.0,495.0,0.036169248710809274,0.2023338221827434,3.2417773965983585,0.2127113559889085,0.006635350946138097
Our SW,2,16,125.0,495.0,0.03222913567963056,0.2024675988776667,3.241686051184728,0.21271479034206378,0.00592891280781771
Our SW,3,16,175.0,495.0,0.026174552242746577,0.20267262180358103,3.2415456465080976,0.212720067386918,0.004842698647866683
Our SW,4,16,225.0,495.0,0.01769478686559759,0.2029590433611342,3.241349011464714,0.2127274587046765,0.0033200161465296585
Our SW,5,16,275.0,495.0,0.006124580419005827,0.20334927328197513,3.241080892118893,0.21273754701700023,0.0012397629433891222
Our SW,6,16,325.0,495.0,-0.00974841929860413,0.2038848395338097,3.240713566987876,0.21275139539109622,-0.0016185209590624527
Our SW,7,16,375.0,495.0,-0.03188497191819921,0.20463307215485407,3.240202177054796,0.21277072301437175,-0.0056114023541664615
Our SW,8,16,425.0,495.0,-0.06322739203695021,0.20569275501019946,3.2394790203313466,0.21279810399494256,-0.011274029567298616
Our SW,9,16,475.0,495.0,-0.10792647876846045,0.20719645844464937,3.2384473391344843,0.2128371517109103,-0.01936158250334663
Our SW,10,16,525.0,495.0,-0.17148796415681392,0.2093066472574283,3.2369759800778533,0.212892618347992,-0.030881181335790098
Our SW,11,16,575.0,495.0,-0.2606977163556386,0.21219699336656656,3.2348982073302768,0.2129702874402414,-0.04707127416861412
Our SW,12,16,625.0,495.0,-0.3832518478047345,0.21602252699651095,3.2320164862928653,0.21307659418520902,-0.06931644373062151
Our SW,13,16,675.0,495.0,-0.5479236813236978,0.2209028105557492,3.2280937050915686,0.2132186847478855,-0.09915118388015287
Our SW,14,16,725.0,495.0,-0.7669075335602388,0.22692865068587692,3.2227872006206644,0.21340621529117731,-0.13865485859265725
Our SW,15,16,775.0,495.0,-1.0524400321346148,0.23397586243275548,3.2157127177702303,0.21364797650383482,-0.1897709981571738
Our SW,16,16,825.0,495.0,-1.4025633887865356,0.24150700128027153,3.206792021532424,0.21393951509838915,-0.2519564858326495
Our SW,17,16,875.0,495.0,-1.829059360530246,0.2493264030364024,3.195510096651534,0.21428425010307825,-0.32932899999654763
Our SW,18,16,925.0,495.0,-2.277513739348985,0.25744893307160266,3.1828985483338235,0.21461803831353707,-0.4077460202369654
Our SW,19,16,975.0,495.0,-2.2144942192641923,0.2609640835544782,3.1851926025624313,0.21460408581688456,-0.3795422749306443
Our SW,0,17,25.0,525.0,0.026812401839548722,0.20265452528053873,3.2415615858114797,0.21271953174792654,0.004951911250716812
Our SW,1,17,75.0,525.0,0.02526837107136473,0.20270670295418416,3.2415257529220405,0.21272087697944123,0.0046750873332335185
Our SW,2,17,125.0,525.0,0.022103586535230278,0.2028135408465813,3.2414523099941492,0.21272363441567937,0.004107468852987406
Our SW,3,17,175.0,525.0,0.01712085611378215,0.20298163028246557,3.241336713184565,0.21272797659584936,0.003213300758669879
Our SW,4,17,225.0,525.0,0.009907347448810935,0.20322495607949062,3.2411694891592457,0.21273426517098817,0.0019177431475614348
Our SW,5,17,275.0,525.0,-0.0003096518402323127,0.20356994223836825,3.2409329495196397,0.21274317753954394,8.074818075298751e-05
Our SW,6,17,325.0,525.0,-0.014838568368965759,0.2040615210541393,3.2405971548562125,0.2127558608713916,-0.00253489530122053
Our SW,7,17,375.0,525.0,-0.03571853817686252,0.2047691877092342,3.2401153296415686,0.21277410126962337,-0.0062993374314312955
Our SW,8,17,425.0,525.0,-0.06592702760389074,0.20579194439709442,3.239418703829787,0.2128004998066868,-0.011754212645737061
Our SW,9,17,475.0,525.0,-0.10956446952306106,0.20725998223613895,3.238411346568916,0.2128386210701183,-0.01964734664153256
Our SW,10,17,525.0,525.0,-0.1719515634022914,0.20932987451152774,3.236966225790347,0.21289305420099386,-0.030951732235440232
Our SW,11,17,575.0,525.0,-0.259555363615552,0.21216928369423158,3.2349243242187327,0.21296931136921007,-0.04684720223704919
Our SW,12,17,625.0,525.0,-0.37971636937208286,0.2159319859417197,3.232097464533861,0.21307353771656734,-0.06865526664354138
Our SW,13,17,675.0,525.0,-0.5403905477179065,0.22073026909727728,3.22826981504712,0.21321221173796143,-0.09776215609169636
Our SW,14,17,725.0,525.0,-0.7498400241871682,0.22659843907017305,3.2231989513107093,0.21339175000986343,-0.13552493977792013
Our SW,15,17,775.0,525.0,-1.0134246398458797,0.23340004009690735,3.2166876866690077,0.21361559311552308,-0.18266879937889335
Our SW,16,17,825.0,525.0,-1.3274116340722701,0.24076594016967756,3.2087414393426363,0.2138789068975492,-0.2383302594179404
Our SW,17,17,875.0,525.0,-1.681245589494927,0.2482387618351018,3.1995234134618773,0.2141702160123312,-0.3011463081957766
Our SW,18,17,925.0,525.0,-2.033612304601757,0.2546312609872402,3.190014429338744,0.21445171982998903,-0.36566393285808463
Our SW,19,17,975.0,525.0,-2.110637804529959,0.25888248449602747,3.188020438380127,0.21452080235276444,-0.3562883338172895
Our SW,0,18,25.0,555.0,0.019869405081676318,0.20289134231151515,3.241401216672029,0.21272559438099686,0.0037032814027004868
Our SW,1,18,75.0,555.0,0.018572263803558423,0.20293497678617328,3.2413710915268337,0.21272672415025337,0.0034706631788783415
Our SW,2,18,125.0,555.0,0.015879180230645464,0.20302557306985158,3.2413085675006967,0.21272907016462264,0.0029875417645319757
Our SW,3,18,175.0,555.0,0.011549296119647102,0.2031713525387266,3.2412081153904726,0.21273284345928606,0.0022103818633212313
Our SW,4,18,225.0,555.0,0.005110824258426204,0.20338848990647404,3.2410589268977357,0.21273845760928203,0.0010538579095775713
Our SW,5,18,275.0,555.0,-0.004271051197294146,0.2037056967910711,3.2408418967785844,0.2127466445937217,-0.0006330683096911205
Our SW,6,18,325.0,555.0,-0.017959394478725268,0.20416976331935538,3.2405258089949007,0.21275859914874165,-0.003097247462363617
Our SW,7,18,375.0,555.0,-0.038031987460166214,0.20485116886383586,3.2400629192783454,0.2127761400025095,-0.006715659672668073
Our SW,8,18,425.0,555.0,-0.06747215956400894,0.20584854175327383,3.239384174377404,0.21280187119420724,-0.012031026728809291
Our SW,9,18,475.0,555.0,-0.11032766587405839,0.207289867198237,3.238394693708383,0.21283930897545633,-0.01978183154832669
Our SW,10,18,525.0,555.0,-0.17177801767969503,0.2093274882503231,3.2369706693862526,0.2128929191131414,-0.030914737834536465
Our SW,11,18,575.0,555.0,-0.2580332197639532,0.2121236480162901,3.2349593259190694,0.2129679949745468,-0.0465614935468428
Our SW,12,18,625.0,555.0,-0.37598968506063896,0.21582521820941278,3.232183684428199,0.2130703106538907,-0.06796144788068226
Our SW,13,18,675.0,555.0,-0.532568089964822,0.2205292157545693,3.2284542348421477,0.21320548586086724,-0.09631047796393455
Our SW,14,18,725.0,555.0,-0.7333686715714206,0.22623637118733425,3.2235972879694845,0.21337775838027767,-0.13247873803823307
Our SW,15,18,775.0,555.0,-0.9795299747645334,0.23279214771130344,3.2175312763079167,0.21358728089573145,-0.1764213243788948
Our SW,16,18,825.0,555.0,-1.2629913069399819,0.23985512197253475,3.210396060407409,0.21382630042472198,-0.2264080876881458
Our SW,17,18,875.0,555.0,-1.5622631401818021,0.24691180993404624,3.2026917365598875,0.21407616729537526,-0.27852374844300476
Our SW,18,18,925.0,555.0,-1.8283471703674847,0.2530835086437,3.1957051608979095,0.21429700171360883,-0.3243347306543798
Our SW,19,18,975.0,555.0,-1.963719080100123,0.25679434264410717,3.1921562083896866,0.214412769865881,-0.346776616179989
Our SW,0,19,25.0,585.0,0.016573038043754176,0.20300359536812757,3.2413250534618747,0.21272847244763132,0.0031104454221719813
Our SW,1,19,75.0,585.0,0.015392516906509177,0.20304321170127237,3.241297628479761,0.21272950049674222,0.0028987072685782156
Our SW,2,19,125.0,585.0,0.01292218261370249,0.20312617016754037,3.241240268088711,0.21273165232948457,0.002455485146379832
Our SW,3,19,175.0,585.0,0.00890092849691771,0.20326144621088926,3.2411469849918912,0.21273515682133035,0.0017336386247124302
Our SW,4,19,225.0,585.0,0.002830055348457769,0.20346621326766376,3.241006359751539,0.21274045123401972,0.0006430619191311049
Our SW,5,19,275.0,585.0,-0.006153466617777943,0.2037702072155822,3.2407986403572946,0.21274829229538922,-0.0009722879987794641
Our SW,6,19,325.0,585.0,-0.019436995208064096,0.20422100885143224,3.2404920383457485,0.212759895798755,-0.003363580942911115
Our SW,7,19,375.0,585.0,-0.03911353417925723,0.20488944139008486,3.24003841916392,0.21277709317930132,-0.006910520226832695
Our SW,8,19,425.0,585.0,-0.06816415835838392,0.20587379235630127,3.2393687147827976,0.2128024855314062,-0.012155413515374525
Our SW,9,19,475.0,585.0,-0.11060433969732002,0.20730078357189302,3.238388722658355,0.21283955998308857,-0.019830833526107705
Our SW,10,19,525.0,585.0,-0.17153509542230516,0.20932046693870848,3.2369764482133427,0.21289271398910178,-0.03086874538624218
Our SW,11,19,575.0,585.0,-0.2570175944522526,0.21209180109798725,3.2349827297312173,0.21296711415488315,-0.04637292547854388
Our SW,12,19,625.0,585.0,-0.373663364386024,0.21575657965125808,3.232237704986529,0.21306829536819202,-0.06752965725131954
Our SW,13,19,675.0,585.0,-0.5277638830675893,0.22040126774664154,3.228567796286305,0.21320135333791743,-0.09542014777449981
Our SW,14,19,725.0,585.0,-0.7235750312903486,0.22600850092926641,3.2238341569904145,0.2133694243681526,-0.13067161580415654
Our SW,15,19,775.0,585.0,-0.9601705593115595,0.23240932919861584,3.2180116243846606,0.2135710362930618,-0.17287104124361075
Our SW,16,19,825.0,585.0,-1.2270109245189613,0.2392604251959009,3.211313545128476,0.21379663349291245,-0.21983905292308203
Our SW,17,19,875.0,585.0,-1.4989706659019497,0.24603809684800945,3.204352198890055,0.21402508402573842,-0.26696033434020494
Our SW,18,19,925.0,585.0,-1.7295746896722781,0.2519385863817499,3.198362300357477,0.21421892191075007,-0.30636330929237343
Our SW,19,19,975.0,585.0,-1.8550539494298157,0.2557098625091376,3.195101762789318,0.21432665411877078,-0.3279947365694147
Our CPA,0,0,25.0,15.0,0.6935283960415702,0.06621341192772126,2.392057183730828,0.19941041136972118,0.12093317020434036
Our CPA,1,0,75.0,15.0,0.6412662511917763,0.06874113912710848,2.3917079764097964,0.199487418478879,0.11278642353187984
Our CPA,2,0,125.0,15.0,0.548091451614473,0.07319640898077907,2.390525737029064,0.19957949744718756,0.09626816327992782
Our CPA,3,0,175.0,15.0,0.4392965767319706,0.07836306932020634,2.389348714203257,0.19970492719232294,0.07750310115622883
Our CPA,4,0,225.0,15.0,0.33390106803496555,0.08331926658744737,2.3882007698028094,0.19982709358983566,0.05951389451641642
Our CPA,5,0,275.0,15.0,0.2424217361275423,0.08759075487566492,2.387189927155842,0.1999330089993297,0.043780199603354886
Our CPA,6,0,325.0,15.0,0.16878444506702198,0.09100838535024222,2.386365912283176,0.20001817285765516,0.03087939251253391
Our CPA,7,0,375.0,15.0,0.11260417185767739,0.09360019811595252,2.3857308806777633,0.2000830926610419,0.020829024561380693
Our CPA,8,0,425.0,15.0,0.07134480028377846,0.09549311375674455,2.3852611068627363,0.200130743533988,0.01331006326352191
Our CPA,9,0,475.0,15.0,0.04181980267762579,0.09684223666122979,2.3849235598848604,0.20016483335691682,0.007851913968431878
Our CPA,10,0,525.0,15.0,0.020967178077124057,0.09779378297745296,2.384685057469103,0.20018891232660657,0.003957944764459986
Our CPA,11,0,575.0,15.0,0.006182386178618296,0.09846974520267145,2.3845165402913073,0.20020599296308142,0.0011789933697659016
Our CPA,12,0,625.0,15.0,-0.0045665955806616695,0.09896357560206742,2.384394827169612,0.20021842096023584,-0.000848113726470423
Our CPA,13,0,675.0,15.0,-0.01273778775879927,0.09934126935557583,2.3843029903565673,0.20022787659352295,-0.0023892993116780836
Our CPA,14,0,725.0,15.0,-0.01927179052483663,0.09964478928949863,2.3842299611805555,0.20023544241868318,-0.003619224452910963
Our CPA,15,0,775.0,15.0,-0.024679698157317933,0.09989656641917274,2.3841696565362316,0.20024170601485597,-0.004635620750481628
Our CPA,16,0,825.0,15.0,-0.02915386776005663,0.10010485248064974,2.384119744461382,0.20024688803586616,-0.005476168767892808
Our CPA,17,0,875.0,15.0,-0.03268072360194288,0.10026883011535208,2.384080334235694,0.2002509722235744,-0.006138961912927066
Our CPA,18,0,925.0,15.0,-0.03514504625248909,0.10038324259396185,2.3840527476473223,0.20025382546493004,-0.006602279203848926
Our CPA,19,0,975.0,15.0,-0.036417659145714716,0.10044226942117962,2.3840384834822155,0.20025529872833317,-0.0068414926839288626
Our CPA,0,1,25.0,45.0,0.7497231569483485,0.06376350584661972,2.3931668444710517,0.1993880373899947,0.1257859289726937
Our CPA,1,1,75.0,45.0,0.6907206965125018,0.06769291750403239,2.4016024674877805,0.20019892293171487,0.13488914204784486
Our CPA,2,1,125.0,45.0,0.5815141505848895,0.07173271672319412,2.3915290498700843,0.19959388043960663,0.1003507645891133
Our CPA,3,1,175.0,45.0,0.4593691732745934,0.07743488842706067,2.3895906293057476,0.19968364372272795,0.07962290815155537
Our CPA,4,1,225.0,45.0,0.3449769524662476,0.08280187716002817,2.388323798506986,0.19981434110765964,0.06087473458113446
Our CPA,5,1,275.0,45.0,0.24803133911724018,0.08732771778161252,2.387252790962405,0.1999265346952015,0.04455167179628905
Our CPA,6,1,325.0,45.0,0.17135755344858578,0.09088687736086258,2.3863948904930536,0.20001520345749624,0.031252337173853784
Our CPA,7,1,375.0,45.0,0.11352268922158144,0.09355517596774401,2.3857409887216936,0.20008203059195875,0.02095111048514009
Our CPA,8,1,425.0,45.0,0.07127734849199094,0.09549301393968813,2.3852597688541617,0.2001308168657349,0.013264305281535105
Our CPA,9,1,475.0,45.0,0.041073292067244645,0.0968728946221012,2.38491431225473,0.20016568883401248,0.007684041061939428
Our CPA,10,1,525.0,45.0,0.0196738189817369,0.09784952672409968,2.384669543540931,0.20019039889868573,0.0036920862118983155
Our CPA,11,1,575.0,45.0,0.0043773497584704306,0.09854941908872822,2.3844953053316535,0.20020807162124502,0.0008225670138917174
Our CPA,12,1,625.0,45.0,-0.006904019037075341,0.09906841861456035,2.3843677295973524,0.20022111672688053,-0.0012994270283950282
Our CPA,13,1,675.0,45.0,-0.015655718483887613,0.09947354430600541,2.3842695052900647,0.20023124542252946,-0.002946197884406976
Our CPA,14,1,725.0,45.0,-0.022816696635784582,0.09980646862244553,2.3841895275934335,0.20023953777419307,-0.0042927042909479685
Our CPA,15,1,775.0,45.0,-0.028869734852218998,0.10008824117142423,2.384122010742969,0.20024654833891584,-0.005430835541692103
Our CPA,16,1,825.0,45.0,-0.033960729156607763,0.10032500316603601,2.384065151881912,0.20025244404487394,-0.006388781575994429
Our CPA,17,1,875.0,45.0,-0.03801982215574756,0.10051342496656948,2.384019715124199,0.20025714371890962,-0.00715340668627773
Our CPA,18,1,925.0,45.0,-0.04087607850216888,0.10064577704555308,2.383987674844777,0.20026045003613557,-0.007691932710440774
Our CPA,19,1,975.0,45.0,-0.0423565325164143,0.10071430046428823,2.383971044126405,0.20026216351320544,-0.007971041667026446
Our CPA,0,2,25.0,75.0,0.8261762112317849,0.06112284211815603,2.4038146556608138,0.2001056663681732,0.16289532324451073
Our CPA,1,2,75.0,75.0,0.7941491201707609,0.08296572391833562,2.5611456975443496,0.21301597451976298,0.3944398603153709
Our CPA,2,2,125.0,75.0,0.6449458635750525,0.07085962431477522,2.4072547841890812,0.20075606587908798,0.13713023884082132
Our CPA,3,2,175.0,75.0,0.4960923629881181,0.07584584344700025,2.3907489260679764,0.19970375581210956,0.08481172801577674
Our CPA,4,2,225.0,75.0,0.36471684734078313,0.0818881314081144,2.388563308539935,0.19979330431549686,0.06320502694759367
Our CPA,5,2,275.0,75.0,0.2576531112298872,0.0868766808555745,2.387361008773474,0.1999154622911608,0.04579687578232239
Our CPA,6,2,325.0,75.0,0.1755620879459251,0.09068702867243764,2.3864422206205167,0.20001035353718102,0.03182121006153893
Our CPA,7,2,375.0,75.0,0.11483793858198076,0.0934886339193379,2.385755217230052,0.20008050870684468,0.02109508916622871
Our CPA,8,2,425.0,75.0,0.07081920543617011,0.0955069063438845,2.3852532961371344,0.20013133598946303,0.01310406021554078
Our CPA,9,2,475.0,75.0,0.03933946064407937,0.0969443627053341,2.384892927491768,0.20016767684185827,0.007292182988949403
Our CPA,10,2,525.0,75.0,0.016878751987280324,0.09796973053563904,2.384636005228452,0.20019361167406907,0.0031110282427693203
Our CPA,11,2,575.0,75.0,0.0005623437715079635,0.09871750814155072,2.3844504047419495,0.20021246498002804,6.289259540936953e-05
Our CPA,12,2,625.0,75.0,-0.011802688447795808,0.0992879431240824,2.384310939370354,0.20022676657693256,-0.0022503309148047546
Our CPA,13,2,675.0,75.0,-0.02175645490030013,0.09975000097712625,2.3841995075717444,0.20023828914053282,-0.004114515346875791
Our CPA,14,2,725.0,75.0,-0.030230251555847003,0.10014449165779608,2.3841049699670047,0.20024810262693885,-0.0057048866901332485
Our CPA,15,2,775.0,75.0,-0.037642954174531625,0.10048936994271485,2.3840222209164468,0.20025668716521863,-0.0071002880847603755
Our CPA,16,2,825.0,75.0,-0.04403968838235922,0.10078623372914677,2.3839506146339966,0.20026409325711553,-0.008308235331655478
Our CPA,17,2,875.0,75.0,-0.049228821499515324,0.10102636222160562,2.3838923407074053,0.20027009934855303,-0.009290847339915587
Our CPA,18,2,925.0,75.0,-0.05291842877862602,0.10119669956474478,2.383850797691851,0.20027436872837034,-0.009990795163672406
Our CPA,19,2,975.0,75.0,-0.054840946112889796,0.1012853334567085,2.3838291152559226,0.2002765929623398,-0.010355587232363517
Our CPA,0,3,25.0,105.0,0.8805317269525584,0.07450329462950699,2.525698801926943,0.20993707375234844,0.3694561212891079
Our CPA,1,3,75.0,105.0,0.9084012546212115,0.15038916166994074,3.6825600488050507,0.30223697338429334,1.702535789130405
Our CPA,2,3,125.0,105.0,0.731109019634733,0.08832065090289651,2.579808236492013,0.21468171631298158,0.409650439941206
Our CPA,3,3,175.0,105.0,0.5419942305085194,0.07590407992892902,2.405165435796517,0.2007961045065496,0.11666190168815871
Our CPA,4,3,225.0,105.0,0.3882424487441089,0.08089053770587315,2.389377000041813,0.19981187966365724,0.06668359358100173
Our CPA,5,3,275.0,105.0,0.26812804773893395,0.08638622501211271,2.3874903054139267,0.1999043534146634,0.04692638070327715
Our CPA,6,3,325.0,105.0,0.17963107010125182,0.09048941390900618,2.386488075708535,0.20000567695144836,0.0322558985461352
Our CPA,7,3,375.0,105.0,0.11562492429356463,0.093441851011932,2.385762912137851,0.20007959458029617,0.021076485667459455
Our CPA,8,3,425.0,105.0,0.06938342185720243,0.09556004955329171,2.385234743248351,0.20013297712726938,0.012694518809197586
Our CPA,9,3,475.0,105.0,0.03615889073598198,0.09707584275610612,2.38485384227155,0.20017132576859908,0.00656097237242137
Our CPA,10,3,525.0,105.0,0.012176801103156061,0.09817135528732998,2.3845795205100213,0.20019901641147203,0.00211457775636803
Our CPA,11,3,575.0,105.0,-0.005663576447939501,0.09899120117629996,2.3843770590163995,0.20021963463890985,-0.0011930386079883615
Our CPA,12,3,625.0,105.0,-0.019700603174757213,0.09964152482336784,2.384219369721257,0.2002358758737881,-0.003794582550981085
Our CPA,13,3,675.0,105.0,-0.0315621018050164,0.10019419602347723,2.3840870251516977,0.2002496109382425,-0.006000817285384263
Our CPA,14,3,725.0,105.0,-0.042157003979546956,0.10068805648355958,2.383968927245632,0.20026188169895837,-0.007985221515266483
Our CPA,15,3,775.0,105.0,-0.05178858822309039,0.10113555454769929,2.3838612264025008,0.20027303390601095,-0.009802288935184533
Our CPA,16,3,825.0,105.0,-0.06033129186766409,0.10153069202465743,2.3837652630112314,0.2002829211197179,-0.011424020999850626
Our CPA,17,3,875.0,105.0,-0.06738678519453853,0.10185570269341145,2.3836856692653114,0.20029108372714824,-0.012769785943472778
Our CPA,18,3,925.0,105.0,-0.07245568419819698,0.1020884949298662,2.383628304676047,0.20029694618472424,-0.01373940451149247
Our CPA,19,3,975.0,105.0,-0.07510995048361643,0.1022101905664466,2.3835982085660374,0.20030001537765307,-0.014247328123856429
Our CPA,0,4,25.0,135.0,0.910964390066469,0.1238012173353901,3.2615053405874312,0.26901843622475247,1.2184564586946722
Our CPA,1,4,75.0,135.0,0.9804993158533629,0.3442621740971382,6.095412847322449,0.48274026482406,-1.3966480194865238
Our CPA,2,4,125.0,135.0,0.760364694276074,0.16732299738699527,3.923620190869993,0.3217967549231181,1.917405785623827
Our CPA,3,4,175.0,135.0,0.5719959357263408,0.10138147724409655,2.632011762401849,0.21932710859585264,0.45095372523820676
Our CPA,4,4,225.0,135.0,0.408614573723169,0.08251208521674985,2.4038908992207895,0.20096762914736205,0.09247191740946459
Our CPA,5,4,275.0,135.0,0.2747771804204676,0.08614842899568545,2.3879617425916813,0.19992951865283787,0.04787460710489744
Our CPA,6,4,325.0,135.0,0.18125271546434427,0.0904000655559623,2.3865120638216126,0.20000432805297744,0.0321424886242927
Our CPA,7,4,375.0,135.0,0.11483060786297544,0.09346114668801153,2.3857518691790034,0.20008050646038758,0.02068342889866015
Our CPA,8,4,425.0,135.0,0.06622529035130889,0.09568372099127127,2.385195156415198,0.2001365975835967,0.011846477193960814
Our CPA,9,4,475.0,135.0,0.030880820442296564,0.09729394159410024,2.3847890420829483,0.20017738357143927,0.005307060678388931
Our CPA,10,4,525.0,135.0,0.004982645956806839,0.0984786345592806,2.384492874771418,0.20020728538539362,0.0005458044352590896
Our CPA,11,4,575.0,135.0,-0.014882322022531182,0.09939528878425427,2.3842682711054404,0.2002302503056657,-0.0030893186637737102
Our CPA,12,4,625.0,135.0,-0.03122718496939354,0.10015693909277028,2.3840856951492366,0.2002491709014242,-0.006072201353291007
Our CPA,13,4,675.0,135.0,-0.04583267852922715,0.10084032080661705,2.38392335831491,0.2002660890016268,-0.00876481634479176
Our CPA,14,4,725.0,135.0,-0.059553232439853256,0.10148023444053653,2.383770441893049,0.20028197970746775,-0.01133040896036941
Our CPA,15,4,775.0,135.0,-0.07249359419165179,0.10207985330693863,2.3836253164822256,0.20029695861904284,-0.013780442549266025
Our CPA,16,4,825.0,135.0,-0.08426616213835217,0.10262172632506066,2.383492428616826,0.2003105775251302,-0.01603128361013506
Our CPA,17,4,875.0,135.0,-0.09414982699040138,0.10307417874897154,2.3833802704383205,0.2003220054836529,-0.017933891480054198
Our CPA,18,4,925.0,135.0,-0.10131355869065971,0.10340087896750796,2.3832986730020718,0.20033028549445814,-0.019318149041908095
Our CPA,19,4,975.0,135.0,-0.10507815437334031,0.10357222538446087,2.3832556979464616,0.20033463570361162,-0.020045822440889483
Our CPA,0,5,25.0,165.0,0.8250703204249517,0.07553669871492978,2.5190559752251604,0.20951693944003882,0.3459786363803896
Our CPA,1,5,75.0,165.0,0.8601401390085909,0.16933292060754132,4.003554564910369,0.3275220774206743,2.0410684142491142
Our CPA,2,5,125.0,165.0,0.6845559130647444,0.1144084431435739,2.8074977829746164,0.23331325835483288,0.719880092137859
Our CPA,3,5,175.0,165.0,0.5274314058006387,0.08360510957408789,2.44231782336552,0.20388256904954222,0.17269017392934627
Our CPA,4,5,225.0,165.0,0.39260850352103077,0.0812869262037213,2.392557478987609,0.2000653353599494,0.06946764136298023
Our CPA,5,5,275.0,165.0,0.27149676990715416,0.0863433216255542,2.387637939741556,0.19990949667554445,0.044143612557029366
Our CPA,6,5,325.0,165.0,0.17820338632351349,0.09053748485012356,2.386471685915558,0.20000746503619635,0.030894764061067947
Our CPA,7,5,375.0,165.0,0.111812495425649,0.09357440819615549,2.385714158654427,0.2000839686857193,0.01978697374921401
Our CPA,8,5,425.0,165.0,0.060535539401739835,0.09591073022759929,2.385124537172151,0.20014312810029464,0.01031109224056137
Our CPA,9,5,475.0,165.0,0.022636277121376246,0.09763372142844426,2.38468758439775,0.20018684877400816,0.003238817490841539
Our CPA,10,5,525.0,165.0,-0.0054832958375178285,0.09892434745962989,2.384366274090521,0.20021931288977032,-0.0018213653016074804
Our CPA,11,5,575.0,165.0,-0.027874714630451054,0.09996354367545485,2.3841145479137116,0.20024521034851778,-0.005834984723340764
Our CPA,12,5,625.0,165.0,-0.04717181491591036,0.10086916218991773,2.3839007086038633,0.20026756283292868,-0.009269805406081355
Our CPA,13,5,675.0,165.0,-0.06553372414928303,0.10173165578099815,2.383697444895313,0.20028883935720118,-0.012619598069141258
Our CPA,14,5,725.0,165.0,-0.08367229522829875,0.10257688383352828,2.383495067311932,0.2003098441247396,-0.01600826220757301
Our CPA,15,5,775.0,165.0,-0.10134278048918025,0.10339195152537958,2.383295995648272,0.20033028909961534,-0.019371517537503102
Our CPA,16,5,825.0,165.0,-0.1177861089832224,0.10414352764914736,2.38310919085741,0.20034929938710017,-0.02254478401761406
Our CPA,17,5,875.0,165.0,-0.13179682932315395,0.10477945839821386,2.382949012498435,0.20036548752243766,-0.025272811403465045
Our CPA,18,5,925.0,165.0,-0.14202200908477045,0.10524140673484514,2.382831604970715,0.20037729678624924,-0.027272675491768483
Our CPA,19,5,975.0,165.0,-0.1474035343195349,0.10548397743029633,2.382769655652505,0.20038351035450672,-0.02832509113798176
Our CPA,0,6,25.0,195.0,0.6712517429777588,0.06894096689230268,2.402997562444338,0.2003529254666414,0.13049433923847942
Our CPA,1,6,75.0,195.0,0.6869299640430995,0.09948450748778084,2.6610438389454503,0.22140671090482025,0.5104600360198719
Our CPA,2,6,125.0,195.0,0.5882812044041567,0.08084297892743757,2.443499619295908,0.20385000695294928,0.19033211883853762
Our CPA,3,6,175.0,195.0,0.47315861389878766,0.07793606277351754,2.395289130200598,0.20012459130637245,0.0870870341813379
Our CPA,4,6,225.0,195.0,0.3486842390893847,0.08266670056459997,2.3887780640800136,0.19984380844507837,0.05335050313701184
Our CPA,5,6,275.0,195.0,0.24434678295004741,0.08729809617998326,2.387212926631729,0.1999308060010636,0.03897658388998804
Our CPA,6,6,325.0,195.0,0.17262455181188135,0.0906253268473389,2.386383694307768,0.2000119913087576,0.02968504879710676
Our CPA,7,6,375.0,195.0,0.10733804461848923,0.093841544480865,2.3856577236354473,0.20008906072859162,0.016768519241899815
Our CPA,8,6,425.0,195.0,0.05128066336910613,0.09627926432684196,2.385009857650523,0.20015375710934377,0.007641288273380065
Our CPA,9,6,475.0,195.0,0.010074992508599535,0.0981454324727706,2.3845322070247477,0.20020127168478438,-0.00023347597441492063
Our CPA,10,6,525.0,195.0,-0.020410336180899293,0.0995588712190246,2.3841847089740886,0.20023646204569517,-0.005324121214400623
Our CPA,11,6,575.0,195.0,-0.0459092223238796,0.10075074335903593,2.3839004883225825,0.20026597623288445,-0.009794832206949655
Our CPA,12,6,625.0,195.0,-0.068474036036985,0.10182088937623937,2.3836534685494306,0.20029213759603187,-0.013630675815695659
Our CPA,13,6,675.0,195.0,-0.09179100229330361,0.10291840531337307,2.383396378057766,0.20031916420857873,-0.017835185903314343
Our CPA,14,6,725.0,195.0,-0.11604747023292071,0.10404498622594316,2.3831249514223116,0.2003472447313336,-0.022365484726283302
Our CPA,15,6,775.0,195.0,-0.14031323387607186,0.10515625161254519,2.382849812294576,0.20037530254337438,-0.02701663307486113
Our CPA,16,6,825.0,195.0,-0.16336833477308602,0.10619963546306113,2.382585735244071,0.20040193546118995,-0.03151939744291954
Our CPA,17,6,875.0,195.0,-0.18329534995330127,0.10709352471138137,2.3823558080210496,0.2004249387314511,-0.035454470857593234
Our CPA,18,6,925.0,195.0,-0.19790494717995266,0.10774512176887785,2.382186389358723,0.20044179534332188,-0.038352854932643954
Our CPA,19,6,975.0,195.0,-0.20558098070612923,0.10808658860934092,2.382097109494659,0.20045064915445449,-0.03987387392523356
Our CPA,0,7,25.0,225.0,0.5264462860716377,0.0744611837029586,2.390906700470689,0.19965477693998027,0.08672360842229554
Our CPA,1,7,75.0,225.0,0.5187614395529554,0.0779267929797752,2.4107597355705157,0.20130449930444777,0.12232720177196565
Our CPA,2,7,125.0,225.0,0.4770135156238619,0.07738467082315954,2.3930413357485216,0.19993155215652125,0.08464373026242922
Our CPA,3,7,175.0,225.0,0.38728585759853384,0.08101575210814785,2.3890569580563454,0.1997872603472695,0.06367357962408504
Our CPA,4,7,225.0,225.0,0.2964258983912542,0.08491866869579597,2.3877932952760634,0.19987058875817162,0.05036545350492472
Our CPA,5,7,275.0,225.0,0.21572277354828828,0.08865526353159388,2.3868728203671323,0.1999623473803851,0.03525544709434558
Our CPA,6,7,325.0,225.0,0.1512809232909605,0.09161753191005396,2.3861391059589114,0.2000365830465379,0.02444469015600026
Our CPA,7,7,375.0,225.0,0.09245689694418013,0.0942377911444127,2.3854590432395035,0.2001043451558607,0.014725816833288663
Our CPA,8,7,425.0,225.0,0.035859741689998656,0.0966912254873591,2.384817638698971,0.20017134649396837,0.0004898988442691987
Our CPA,9,7,475.0,225.0,-0.009687374262642115,0.09871531590237194,2.3842847216164276,0.20022382813917905,-0.006540443109631644
Our CPA,10,7,525.0,225.0,-0.04259477670692094,0.10036613636300348,2.38391391922894,0.20026191936222415,-0.010973881011538955
Our CPA,11,7,575.0,225.0,-0.0725836617213767,0.10176401995273077,2.3835833483826105,0.20029669193530442,-0.016479136637742586
Our CPA,12,7,625.0,225.0,-0.09632661273533293,0.10306314065258586,2.3833303087021327,0.2003242805903543,-0.019541972472419955
Our CPA,13,7,675.0,225.0,-0.12583487036164104,0.10445441699587225,2.3830060495417444,0.2003584891457439,-0.024752033892100345
Our CPA,14,7,725.0,225.0,-0.15848699946309255,0.10596047274798277,2.382638682437548,0.20039626655799117,-0.030842799338876015
Our CPA,15,7,775.0,225.0,-0.19175170888972098,0.10746769458036065,2.3822582268265373,0.20043469609974734,-0.03727259466271282
Our CPA,16,7,825.0,225.0,-0.2240436715095695,0.10890882000352275,2.381884552465333,0.20047196220887428,-0.04367596153567743
Our CPA,17,7,875.0,225.0,-0.2523951023412384,0.11015982563758882,2.381553714130907,0.20050465454316577,-0.049372383898599326
Our CPA,18,7,925.0,225.0,-0.2732050344101749,0.11107152555811457,2.381309447940923,0.2005286363769982,-0.0535681526279419
Our CPA,19,7,975.0,225.0,-0.2840589131085798,0.1115457054513496,2.3811815864729056,0.2005411396405376,-0.05574863585777745
Our CPA,0,8,25.0,255.0,0.402475215838749,0.08014068803172637,2.388974913321238,0.19974968081185474,0.06778736962020915
Our CPA,1,8,75.0,255.0,0.39048852447415333,0.08083460797632086,2.3897636800073583,0.19983937778423347,0.06714627163037501
Our CPA,2,8,125.0,255.0,0.35704618478297256,0.08228214731317805,2.3885779959237503,0.19981029004778558,0.060155681049306464
Our CPA,3,8,175.0,255.0,0.2993948860185258,0.08492671616540565,2.387832297795702,0.1998677497365676,0.05182331879013957
Our CPA,4,8,225.0,255.0,0.23990160824609735,0.08776834265511044,2.387164205252736,0.19993600641558407,0.04082544594080639
Our CPA,5,8,275.0,255.0,0.18129479101991466,0.09025410561325284,2.38648173370692,0.20000193141311434,0.03203130042889191
Our CPA,6,8,325.0,255.0,0.12879703900658526,0.09263842259074288,2.385880612988611,0.20006248281618158,0.020645782120271017
Our CPA,7,8,375.0,255.0,0.06871813608732448,0.09497021859483032,2.38517944059487,0.20013163848446364,0.005830352674207617
Our CPA,8,8,425.0,255.0,0.010822981237344443,0.09713345379469562,2.384443439848772,0.20019451224366253,0.014643035528810744
Our CPA,9,8,475.0,255.0,-0.030976606163263323,0.10025979917533936,2.383939247771764,0.2002416684597701,0.012110166902890018
Our CPA,10,8,525.0,255.0,-0.07280624883269518,0.10197763105456022,2.383515719381511,0.20029424578242216,-0.008730020341962685
Our CPA,11,8,575.0,255.0,-0.11139633092340828,0.10360393053986747,2.3830948328942236,0.20033933432148898,-0.016652535568401072
Our CPA,12,8,625.0,255.0,-0.13191913194199092,0.10445694611246095,2.3829184460378894,0.20036540361215227,-0.028421342831125296
Our CPA,13,8,675.0,255.0,-0.16886287265916727,0.1063808481521723,2.382512695178632,0.20040820748327026,-0.03380267617375532
Our CPA,14,8,725.0,255.0,-0.21312117392405308,0.10840580635434231,2.3820103456411506,0.2004593611966033,-0.04200280187113825
Our CPA,15,8,775.0,255.0,-0.2582954583431203,0.11042265105918254,2.381487917538673,0.20051148974699876,-0.0508079120492555
Our CPA,16,8,825.0,255.0,-0.30338270461493544,0.11239542540355223,2.3809596942192828,0.20056345954151703,-0.05992476286295623
Our CPA,17,8,875.0,255.0,-0.3437669353188276,0.11413578231982018,2.380481996338802,0.20060996522284347,-0.0682130022632288
Our CPA,18,8,925.0,255.0,-0.37325628382972253,0.11539564304709518,2.3801306751548807,0.20064389853815906,-0.07425986388781558
Our CPA,19,8,975.0,255.0,-0.38836217448711585,0.11603947579040745,2.3799498912439327,0.20066127154892216,-0.07732942576957336
Our CPA,0,9,25.0,285.0,0.301747471012963,0.0848188232496186,2.3878479938083803,0.19986447363235887,0.05248323960624357
Our CPA,1,9,75.0,285.0,0.2906333364082258,0.0853389352744511,2.3877516520114974,0.19987947048215807,0.05057357395008011
Our CPA,2,9,125.0,285.0,0.2652228194352463,0.08651662598644018,2.3874476189586415,0.19990693607661736,0.04644279217688729
Our CPA,3,9,175.0,285.0,0.22628850611708312,0.08832368522851669,2.387011875225018,0.19995174944542482,0.040232634820197566
Our CPA,4,9,225.0,285.0,0.18388610450292753,0.09028325548733779,2.3865353091936323,0.2000007472646371,0.032940057339447826
Our CPA,5,9,275.0,285.0,0.1446808297256939,0.09210848936262601,2.3860885692842473,0.2000459890631955,0.025123198441140415
Our CPA,6,9,325.0,285.0,0.09588535238642432,0.09433959885617804,2.3855246341216194,0.20010228382912726,0.01424983725004103
Our CPA,7,9,375.0,285.0,0.04473138872089423,0.09622542256844692,2.384895617116234,0.2001591092038723,0.005327771956942229
Our CPA,8,9,425.0,285.0,-0.005501006522098556,0.09863679129083942,2.3842418660297593,0.2002127012077412,0.013896527743667564
Our CPA,9,9,475.0,285.0,-0.04812771076738648,0.10182166794958332,2.3837312093116347,0.20026094917910015,0.009418650351894486
Our CPA,10,9,525.0,285.0,-0.09587103996704706,0.10398203907890277,2.383186362626274,0.2003160426583487,0.0011517567176655419
Our CPA,11,9,575.0,285.0,-0.13674958011401073,0.10542609738756123,2.382740075820448,0.20036390858503755,-0.006721841219803348
Our CPA,12,9,625.0,285.0,-0.1709281224583853,0.105990534772934,2.3824685504051932,0.200410447288577,-0.03930652095707199
Our CPA,13,9,675.0,285.0,-0.2215116899689548,0.108718407191984,2.3819083595113564,0.2004690497687426,-0.0451979893938137
Our CPA,14,9,725.0,285.0,-0.28260722719927134,0.11147047560091901,2.381206382321868,0.20053957580499543,-0.05659013221306908
Our CPA,15,9,775.0,285.0,-0.3425938209757991,0.11409860258272761,2.3805031886070394,0.20060869557185274,-0.068328892528835
Our CPA,16,9,825.0,285.0,-0.4053798391790762,0.11676880976933493,2.379756844515688,0.20068096470060812,-0.08136449460863227
Our CPA,17,9,875.0,285.0,-0.46323672574726676,0.11917669318472661,2.379061272908662,0.2007474855992585,-0.09355611877798209
Our CPA,18,9,925.0,285.0,-0.5047282881903239,0.12088790007891007,2.378557889931145,0.20079513862232123,-0.10218487035296153
Our CPA,19,9,975.0,285.0,-0.5251646600591112,0.12173150357648636,2.378308445248907,0.20081859130043464,-0.10634353214875047
Our CPA,0,10,25.0,315.0,0.22247056959481348,0.08850976282266186,2.3869674082097374,0.19995613211731528,0.039700080587540265
Our CPA,1,10,75.0,315.0,0.21351722208433038,0.08892534994683757,2.3868682361471425,0.19996652808174278,0.038169458754705454
Our CPA,2,10,125.0,315.0,0.19481480690323563,0.08979302625632278,2.3866588461451825,0.19998811957999782,0.03502263667004568
Our CPA,3,10,175.0,315.0,0.16763731066902915,0.09105023829720837,2.386353193892711,0.20001952436107615,0.030380804685092855
Our CPA,4,10,225.0,315.0,0.13659714849191532,0.09247384553500712,2.386001009595311,0.20005537591086725,0.024809859917068744
Our CPA,5,10,275.0,315.0,0.1043120163856335,0.09393393085764291,2.3856301516825167,0.2000926357744798,0.018620058884949442
Our CPA,6,10,325.0,315.0,0.066856619999161,0.09559657921616098,2.3851932413937327,0.20013581673872533,0.010898848531948335
Our CPA,7,10,375.0,315.0,0.024404204528607427,0.09725496832450978,2.3846860166671813,0.20018458476845194,-2.2095108187514256e-05
Our CPA,8,10,425.0,315.0,-0.022566157657586038,0.09990968640705303,2.3840379415420023,0.20023203182567345,0.01442054930261838
Our CPA,9,10,475.0,315.0,-0.06190298736168258,0.10240878161410447,2.383572572027676,0.20027681133960065,0.007281195616631875
Our CPA,10,10,525.0,315.0,-0.11199593557870388,0.10497137272755948,2.383004711942288,0.20033466647465942,-0.0023529045799219883
Our CPA,11,10,575.0,315.0,-0.16188152832933328,0.10643518659434197,2.382464422501253,0.20039334888721272,-0.01536468199894725
Our CPA,12,10,625.0,315.0,-0.21113063371879795,0.10743993269616867,2.38198508628458,0.2004547492340209,-0.04766010893664241
Our CPA,13,10,675.0,315.0,-0.28455496018646287,0.11150722748453099,2.3811817525524397,0.20054186837258614,-0.061391470926625
Our CPA,14,10,725.0,315.0,-0.37085704034457545,0.11526249778262446,2.380175760030793,0.20064138367784942,-0.07585579747593219
Our CPA,15,10,775.0,315.0,-0.4463319834738485,0.1185065374110239,2.379276654946406,0.20072817830475276,-0.09026564101458079
Our CPA,16,10,825.0,315.0,-0.5340688154713065,0.12208284002594609,2.3782162520301924,0.20082901192704194,-0.10921527015919641
Our CPA,17,10,875.0,315.0,-0.6182546932144407,0.12540466080900742,2.377184452037387,0.20092562029888686,-0.127559795114085
Our CPA,18,10,925.0,315.0,-0.6759905094607248,0.12767614248819698,2.376468106695561,0.20099176173975408,-0.139600564418918
Our CPA,19,10,975.0,315.0,-0.7021560350517909,0.1287212174593408,2.3761406729133947,0.20102169755486984,-0.14477065899118347
Our CPA,0,11,25.0,345.0,0.16149326218573562,0.09134357642908689,2.3862842938042657,0.20002662616412623,0.029371149198792468
Our CPA,1,11,75.0,345.0,0.1547261793580819,0.09165658466440205,2.386208174767114,0.20003444818059277,0.028195118548152154
Our CPA,2,11,125.0,345.0,0.14117546099737285,0.09228224067240212,2.3860552264677235,0.2000501048601305,0.025829481689998435
Our CPA,3,11,175.0,345.0,0.12185178996934183,0.09317045429779074,2.385835914151163,0.20007242224217264,0.022393092633216094
Our CPA,4,11,225.0,345.0,0.09893602563370765,0.09421457099686559,2.3855737046883227,0.20009887277571262,0.018173472872723417
Our CPA,5,11,275.0,345.0,0.07355756179460697,0.0953561729548212,2.385280074276593,0.2001281420168516,0.013283498712518549
Our CPA,6,11,325.0,345.0,0.04434191126100161,0.09664984083796067,2.384937498106631,0.20016180477431633,0.007308015122026168
Our CPA,7,11,375.0,345.0,0.00990184511787072,0.09803503848206231,2.3845274004995467,0.20020143773662244,-0.0008109909245823665
Our CPA,8,11,425.0,345.0,-0.03167787939381972,0.09990700526122556,2.3839989756560405,0.20024711850119759,-0.0019165897036654833
Our CPA,9,11,475.0,345.0,-0.07523646179511212,0.10210645273658052,2.3834887915239373,0.20029706123774185,-0.009023331975277493
Our CPA,10,11,525.0,345.0,-0.12835713827765918,0.10493837959620603,2.3828329838168427,0.20035416331798675,-0.0055237964612930845
Our CPA,11,11,575.0,345.0,-0.1832097398033589,0.10679481542454834,2.3822386512875493,0.2004187607119709,-0.021643156753431425
Our CPA,12,11,625.0,345.0,-0.2505393440330662,0.10889783024239355,2.381543069151736,0.20050059164085843,-0.062049241786793496
Our CPA,13,11,675.0,345.0,-0.3491356659136377,0.11380143648110877,2.3804059931361388,0.20061424768914055,-0.07681416988691847
Our CPA,14,11,725.0,345.0,-0.44827345442893174,0.11807919502981001,2.379231017065893,0.2007280600192381,-0.09243785863238818
Our CPA,15,11,775.0,345.0,-0.5668507844892331,0.12337720820827854,2.377830281138931,0.2008667763827566,-0.12016163723138629
Our CPA,16,11,825.0,345.0,-0.6925448186478671,0.1282604574337318,2.376282871303219,0.20101098857878763,-0.14472486582930988
Our CPA,17,11,875.0,345.0,-0.8189521204121616,0.13284848491016513,2.374697500411501,0.20115570204075595,-0.17343050109572267
Our CPA,18,11,925.0,345.0,-0.8976782181239966,0.1357849691662677,2.373693174007848,0.20124556959399603,-0.1893630828684323
Our CPA,19,11,975.0,345.0,-0.927312886028951,0.13697391390815122,2.373310115669259,0.2012793113366857,-0.1944691235357121
Our CPA,0,12,25.0,375.0,0.11547349419176206,0.09347406635907661,2.385765246276799,0.2000798075196401,0.0212919996085692
Our CPA,1,12,75.0,375.0,0.1105209510507863,0.09370187289782014,2.3857090316927447,0.20008552751265918,0.020411443799384088
Our CPA,2,12,125.0,375.0,0.10077737319829874,0.09414889685630566,2.3855981208253914,0.20009677825463973,0.01866352336504784
Our CPA,3,12,175.0,375.0,0.08689599618704989,0.09478263120801363,2.3854393361748265,0.20011280060818235,0.016132323294476558
Our CPA,4,12,225.0,375.0,0.06990401896667853,0.09555214019637066,2.3852435857748255,0.20013240260879073,0.012953692243800052
Our CPA,5,12,275.0,375.0,0.05024351171612181,0.09643296374204789,2.3850150462360733,0.20015506740140535,0.009151273613838828
Our CPA,6,12,325.0,375.0,0.027242343340529128,0.09745178120008188,2.3847451100947925,0.20018156519209293,0.004515546170369422
Our CPA,7,12,375.0,375.0,-7.342628707550466e-05,0.09865070190570513,2.384422046377859,0.20021301976500974,-0.0012469652429514255
Our CPA,8,12,425.0,375.0,-0.033582600061688575,0.09993023797829,2.3840259570982085,0.2002516187674391,-0.009652999871212486
Our CPA,9,12,475.0,375.0,-0.07341229478863441,0.1017412895999277,2.383565438865267,0.20029756542013383,-0.01722262405062791
Our CPA,10,12,525.0,375.0,-0.1240451626644805,0.1038842448318561,2.3829880365341696,0.20035603286214868,-0.02869458712345674
Our CPA,11,12,575.0,375.0,-0.1941915832850188,0.10696866695554767,2.382204069993501,0.20043732560245786,-0.044681621244102576
Our CPA,12,12,625.0,375.0,-0.28456982082036697,0.1111538792121541,2.381152341932086,0.20053961715565033,-0.059363358940828226
Our CPA,13,12,675.0,375.0,-0.3914101883646138,0.11576055758947194,2.3799071453940965,0.20066271963559318,-0.08457563767036436
Our CPA,14,12,725.0,375.0,-0.5185596745252479,0.12087808234990247,2.3783889807858034,0.20080881912956708,-0.11217478226271949
Our CPA,15,12,775.0,375.0,-0.6860284687517825,0.12706757344359462,2.3763426182550704,0.20100093445133416,-0.14800430180228474
Our CPA,16,12,825.0,375.0,-0.8811628851528708,0.13473108076111973,2.3739262241544297,0.20122695410772612,-0.19494052592064492
Our CPA,17,12,875.0,375.0,-1.0803517513035945,0.14128756401897413,2.3713570345445514,0.20145429362756362,-0.23700837734116909
Our CPA,18,12,925.0,375.0,-1.1834656800551546,0.14504861461300966,2.369996317679473,0.20157140571315318,-0.25521431995906285
Our CPA,19,12,975.0,375.0,-1.2066326290167178,0.14625665620787326,2.3696826050847037,0.2015975200108348,-0.25629437784011055
Our CPA,0,13,25.0,405.0,0.0813450701236464,0.09504739103989208,2.3853784348135143,0.20011923616379104,0.015149022298460713
Our CPA,1,13,75.0,405.0,0.07777744129781425,0.09521045501035783,2.3853376355106737,0.20012335409638649,0.014501955896362162
Our CPA,2,13,125.0,405.0,0.07078688873321376,0.09552909387876876,2.3852574955700088,0.2001314213592778,0.013223194485378897
Our CPA,3,13,175.0,405.0,0.060734347072064876,0.09598518315798805,2.3851417749746067,0.2001430183776396,0.011359932997306865
Our CPA,4,13,225.0,405.0,0.04804867318139225,0.0965568470527259,2.3849949192990394,0.2001576466576626,0.008963317449262043
Our CPA,5,13,275.0,405.0,0.03276922283745557,0.09723980076743739,2.38481693797489,0.20017525784525855,0.006005664786479237
Our CPA,6,13,325.0,405.0,0.014279444155463948,0.09806027835442212,2.3846005060250475,0.20019656306457403,0.002326953917719532
Our CPA,7,13,375.0,405.0,-0.008514814897567034,0.0990706852083901,2.384333447640796,0.20022283160486443,-0.002321978864239238
Our CPA,8,13,425.0,405.0,-0.03740822472725995,0.10035563102347825,2.3839972871088504,0.20025616349108105,-0.008397319218061972
Our CPA,9,13,475.0,405.0,-0.07491685059136897,0.10205485409850942,2.3835674795965645,0.20029948578749113,-0.0158523083284845
Our CPA,10,13,525.0,405.0,-0.1258451242141109,0.10437155529537215,2.382990180303124,0.20035838519550975,-0.026193313770794813
Our CPA,11,13,575.0,405.0,-0.19849727186091246,0.10768384349227667,2.3821679959613156,0.20044240176221179,-0.04024251009879243
Our CPA,12,13,625.0,405.0,-0.30393553519821725,0.1124484766552564,2.3809569490080573,0.20056414377721632,-0.0628967276428416
Our CPA,13,13,675.0,405.0,-0.43181637167969716,0.11754062376628094,2.3794260560304132,0.20070904574791704,-0.08737298784286529
Our CPA,14,13,725.0,405.0,-0.5775255328464378,0.12322465911242238,2.377673555251415,0.20087640354645928,-0.12362012789252086
Our CPA,15,13,775.0,405.0,-0.7966010545007959,0.13062084491387718,2.374965033761514,0.20112741840996531,-0.18313821751506087
Our CPA,16,13,825.0,405.0,-1.0652810098291858,0.13904272184724725,2.371523703790376,0.20143376782447814,-0.24260126258096593
Our CPA,17,13,875.0,405.0,-1.3180133006475232,0.14674657120902995,2.368166514775228,0.20171986177534698,-0.2901216812691565
Our CPA,18,13,925.0,405.0,-1.5503956586736347,0.1542191394077073,2.365027374096854,0.20198585141052136,-0.35625282747761555
Our CPA,19,13,975.0,405.0,-1.5380735198372137,0.15610598501550055,2.3652041409123985,0.2019726719760233,-0.32828781101890137
Our CPA,0,14,25.0,435.0,0.05648297158654779,0.09618929452650274,2.3850956938982613,0.20014795428893245,0.010596789468492185
Our CPA,1,14,75.0,435.0,0.05392558460496553,0.09630546269816198,2.385066264703183,0.20015090461969226,0.010125690249884745
Our CPA,2,14,125.0,435.0,0.048893051434105265,0.09653349919566334,2.385008237089508,0.20015670950410955,0.009192142641334389
Our CPA,3,14,175.0,435.0,0.04153631428418868,0.0968655772820112,2.3849231414118948,0.20016519318106965,0.007813591849870072
Our CPA,4,14,225.0,435.0,0.031945686843246224,0.09729635033810533,2.3848117887661346,0.20017624989344504,0.00599132741588293
Our CPA,5,14,275.0,435.0,0.019894372382419184,0.09783499886708727,2.3846714347950573,0.20019014096595328,0.003663572818612959
Our CPA,6,14,325.0,435.0,0.0046477504171300674,0.09851475525843638,2.384493759660987,0.20020771662043466,0.0006717641199416313
Our CPA,7,14,375.0,435.0,-0.015096395948024467,0.09939736462939139,2.3842644902200414,0.20023048834420715,-0.00324934061254889
Our CPA,8,14,425.0,435.0,-0.04141730492663197,0.10058349338563226,2.383961373367954,0.20026087435957204,-0.00849783654499614
Our CPA,9,14,475.0,435.0,-0.07748830861483143,0.10222512061362943,2.3835501280811493,0.2003025551699622,-0.015546677565619893
Our CPA,10,14,525.0,435.0,-0.12822884274607896,0.10454329086752956,2.382974462085544,0.20036121787936767,-0.02543335524896051
Our CPA,11,14,575.0,435.0,-0.20084024758433364,0.10784369041320521,2.3821476537247257,0.2004451362901058,-0.039614513392821626
Our CPA,12,14,625.0,435.0,-0.30368310209852645,0.1124263550147289,2.380960760491068,0.20056385149326322,-0.0602755702848734
Our CPA,13,14,675.0,435.0,-0.44088681874709396,0.11834126648585977,2.3793455426459156,0.2007219207791749,-0.0891505706006046
Our CPA,14,14,725.0,435.0,-0.6355295334822106,0.12617973520565356,2.3769939209933564,0.20094563237830326,-0.13422071204532982
Our CPA,15,14,775.0,435.0,-0.8927589991411734,0.13442644960421984,2.3737448181497904,0.20123708855483455,-0.1894840663751174
Our CPA,16,14,825.0,435.0,-1.1820108519881367,0.14279397194731397,2.369983072089912,0.20156551027420724,-0.2666598081375593
Our CPA,17,14,875.0,435.0,-1.5251982642650697,0.15153966387659648,2.3653148165700606,0.20195113811093166,-0.36466707212984284
Our CPA,18,14,925.0,435.0,-1.9569522091898042,0.1612460651502569,2.359099969502612,0.2024294483082169,-0.5067556772327397
Our CPA,19,14,975.0,435.0,-1.896596108241966,0.16576377070499348,2.360132156459644,0.20237493184866368,-0.40109124817325204
Our CPA,0,15,25.0,465.0,0.038737196054235104,0.09700201852584023,2.3848934344144017,0.20016845027656474,0.0073098636874657785
Our CPA,1,15,75.0,465.0,0.03689407039216906,0.09708528190188619,2.384872116327017,0.20017057568740199,0.006966333121999346
Our CPA,2,15,125.0,465.0,0.03323028407907114,0.09725048037785221,2.3848296808536116,0.2001748001785925,0.006279862529684488
Our CPA,3,15,175.0,465.0,0.027753910195454954,0.09749676408859684,2.3847661285563797,0.2001811138083558,0.005246307909628767
Our CPA,4,15,225.0,465.0,0.020351749654710292,0.09782874840497469,2.3846800864902398,0.2001896469744401,0.0038362916160716853
Our CPA,5,15,275.0,465.0,0.010616736965123564,0.09826469720018025,2.3845669161962704,0.2002008705064379,0.0019639789163028443
Our CPA,6,15,325.0,465.0,-0.002316791580431163,0.0988446615072534,2.3844169554729744,0.2002157871292038,-0.0005419162333875072
Our CPA,7,15,375.0,465.0,-0.019914454573486,0.0996375634767899,2.384214064180923,0.20023609653909955,-0.003965120336874017
Our CPA,8,15,425.0,465.0,-0.04444879566747322,0.1007509076381696,2.3839332892701535,0.20026443420395662,-0.008727845046241356
Our CPA,9,15,475.0,465.0,-0.07929381524085254,0.10234168694396262,2.383536943026472,0.2003047054063014,-0.015443995016822809
Our CPA,10,15,525.0,465.0,-0.12931041832570173,0.10462628814851563,2.3829685916570638,0.20036251870890137,-0.02510700365995766
Our CPA,11,15,575.0,465.0,-0.2011400107662361,0.10788156398081108,2.38214754600903,0.20044550351130935,-0.03918283006831835
Our CPA,12,15,625.0,465.0,-0.30295843276986484,0.11240905143265323,2.380968485465886,0.20056299735933808,-0.05966817782238065
Our CPA,13,15,675.0,465.0,-0.4443805500138011,0.11849393847340273,2.3792994780392482,0.20072590240810162,-0.08903923086178711
Our CPA,14,15,725.0,465.0,-0.644732510469664,0.12662804439443545,2.376874369320693,0.20095613812655663,-0.1323811114701534
Our CPA,15,15,775.0,465.0,-0.9328755376898479,0.13702673922838277,2.3732661768340404,0.20128611398372437,-0.19949687017267737
Our CPA,16,15,825.0,465.0,-1.2792622018175406,0.14659060508702632,2.3686889587318714,0.20167629099437628,-0.2722224656966643
Our CPA,17,15,875.0,465.0,-1.689795125202175,0.15585562012491763,2.362995706879003,0.20213473315427252,-0.4086547671020291
Our CPA,18,15,925.0,465.0,-2.4162266405292896,0.17092716642249117,2.351823574894484,0.20290975400208705,-1.0876344991603837
Our CPA,19,15,975.0,465.0,-2.117033268821111,0.17339192316278368,2.356827718482863,0.202614812624523,-0.4213505053219102
Our CPA,0,16,25.0,495.0,0.026411189486324788,0.09756539848381704,2.3847527573427487,0.20018268588935806,0.005009322965043861
Our CPA,1,16,75.0,495.0,0.025057950670918448,0.09762625334108006,2.3847370429319095,0.20018424586072697,0.004754889240010662
Our CPA,2,16,125.0,495.0,0.02232875432021171,0.09774885118747564,2.384705330001109,0.20018739190405016,0.004239916765402807
Our CPA,3,16,175.0,495.0,0.01813792284991406,0.09793689907648295,2.3846566080406886,0.2001922228450415,0.0034455240296993317
Our CPA,4,16,225.0,495.0,0.01224682038460672,0.09820114119540066,2.384588151266319,0.20019901459489917,0.0023230546170038835
Our CPA,5,16,275.0,495.0,0.004129047623610124,0.09856576546039252,2.3844940419239116,0.200208376458546,0.000769654829424482
Our CPA,6,16,325.0,495.0,-0.0071812848693653935,0.09907569656780531,2.3843635209044205,0.20022142723393008,-0.0013996585630227099
Our CPA,7,16,375.0,495.0,-0.023251114113757385,0.09980418159452017,2.3841792052251205,0.20023998248480268,-0.0044820338014062155
Our CPA,8,16,425.0,495.0,-0.04644663284254633,0.10086153783190568,2.3839147218851773,0.20026678234001022,-0.008923360054535756
Our CPA,9,16,475.0,495.0,-0.08018394376850314,0.1024041934229154,2.38353131065673,0.2003057760723724,-0.015382030000704594
Our CPA,10,16,525.0,495.0,-0.1292059304194376,0.1046414189215216,2.382973451812815,0.20036243152375838,-0.02483589238386208
Our CPA,11,16,575.0,495.0,-0.19980868530654908,0.10783473514452584,2.382164417489205,0.20044397931733182,-0.0386787308007952
Our CPA,12,16,625.0,495.0,-0.2999395813446399,0.11228227387292491,2.3810023977904056,0.2005594993524467,-0.05878784107066215
Our CPA,13,16,675.0,495.0,-0.43965323913944887,0.11829985533465989,2.3793513100905446,0.20072040933026664,-0.08766913887012229
Our CPA,14,16,725.0,495.0,-0.6333762775039058,0.12622058231965264,2.377006057644098,0.200943003095673,-0.1291172223457926
Our CPA,15,16,775.0,495.0,-0.897179801119877,0.13610466760552561,2.3737112446153192,0.20124515759228556,-0.18764482900829327
Our CPA,16,16,825.0,495.0,-1.2350130822550505,0.14721299344624894,2.3693221850243495,0.2016302600302467,-0.2647754938058522
Our CPA,17,16,875.0,495.0,-1.6610555326874032,0.15885195625727985,2.3634964003888808,0.20211168692109807,-0.3665847298959246
Our CPA,18,16,925.0,495.0,-2.121285382981969,0.16958898784160936,2.356692667590287,0.20261486369482906,-0.48443265872652463
Our CPA,19,16,975.0,495.0,-2.04784281662889,0.1734168702824304,2.357860783769427,0.20253876172098617,-0.40941913305256317
Our CPA,0,17,25.0,525.0,0.01822027783703059,0.09793930213330866,2.3846592047982007,0.20019214568973162,0.0034730844105657077
Our CPA,1,17,75.0,525.0,0.01718868857509643,0.09798553209270174,2.3846471907902127,0.20019333458979388,0.00327789448339999
Our CPA,2,17,125.0,525.0,0.015072391951352359,0.09808035811641032,2.3846225492064703,0.2001957737429847,0.00287666566961553
Our CPA,3,17,175.0,525.0,0.0117267681401968,0.0982303382699498,2.384583629557497,0.20019963032711977,0.0022410176152287686
Our CPA,4,17,225.0,525.0,0.0068368456086572256,0.09844992512462095,2.384526876306946,0.2002052687556871,0.0013102906407380654
Our CPA,5,17,275.0,525.0,-0.00019889228609949348,0.09876696144677459,2.384445550681009,0.20021338537303,-2.987331723658393e-05
Our CPA,6,17,325.0,525.0,-0.010411056335929782,0.09922938560853542,2.384328155722706,0.2002251736627451,-0.0019743436332486652
Our CPA,7,17,375.0,525.0,-0.025420522781951355,0.09991261092981303,2.384156603940245,0.20024251050561276,-0.0048293338641425265
Our CPA,8,17,425.0,525.0,-0.04762697837777436,0.10092752562819636,2.383903914693538,0.2002681726138658,-0.009053402982212022
Our CPA,9,17,475.0,525.0,-0.0804245626194477,0.10242815079358139,2.383531261999541,0.20030608119008653,-0.015315195241449864
Our CPA,10,17,525.0,525.0,-0.12841859700223432,0.10461661654118007,2.3829844922559498,0.2003615431460402,-0.024568797528212727
Our CPA,11,17,575.0,525.0,-0.19759649357392453,0.10774152208775947,2.3821905362907407,0.2004414331303083,-0.03812852638460096
Our CPA,12,17,625.0,525.0,-0.29541266309942676,0.11208425664851078,2.3810539661012338,0.20055426737651638,-0.05772520971891737
Our CPA,13,17,675.0,525.0,-0.43086204722958243,0.11792862653779745,2.3794524932430074,0.20071025288188632,-0.08556399381243196
Our CPA,14,17,725.0,525.0,-0.6143877194503173,0.1254953856433728,2.377232315564312,0.20092112287298475,-0.12430928781945183
Our CPA,15,17,775.0,525.0,-0.8549209997438584,0.1347456039134302,2.374236965072387,0.20119665061172815,-0.17631516068236652
Our CPA,16,17,825.0,525.0,-1.1531600061974356,0.14515199406076854,2.370389416391699,0.20153684965261237,-0.24183764262727947
Our CPA,17,17,875.0,525.0,-1.5011158699990679,0.1558675205179672,2.3657079749399057,0.20193130119840408,-0.31973357780284983
Our CPA,18,17,925.0,525.0,-1.8583948541560433,0.16538349805166666,2.360660573543242,0.20233206055553596,-0.40446396613430524
Our CPA,19,17,975.0,525.0,-1.935140141014671,0.17002841947575575,2.3595045917090727,0.20241397172179193,-0.3826788101116696
Our CPA,0,18,25.0,555.0,0.013247273439701645,0.09816615049597227,2.384602385627958,0.20019788913697498,0.0025376699570311967
Our CPA,1,18,75.0,555.0,0.012409123404992745,0.09820362469356872,2.384592606384615,0.20019885495941697,0.0023784011032590424
Our CPA,2,18,125.0,555.0,0.010661483847476543,0.09828181974979389,2.3845722355444843,0.20020086907806256,0.002046091261226346
Our CPA,3,18,175.0,555.0,0.007825590565983205,0.0984089380636981,2.384539249670526,0.2002041382476826,0.0015067798925516573
Our CPA,4,18,225.0,555.0,0.0035430591874327515,0.09860152553946293,2.3844896175409125,0.20020907718318287,0.0006928170540876355
Our CPA,5,18,275.0,555.0,-0.002830760694745928,0.09888948260553612,2.384416121318127,0.20021643214707857,-0.0005171458283270702
Our CPA,6,18,325.0,555.0,-0.012362547602543607,0.09932237830928366,2.3843068402091268,0.20022743812099514,-0.002323801113479629
Our CPA,7,18,375.0,555.0,-0.026697999476484956,0.09997652649582614,2.384143339471824,0.2002440000131128,-0.005038617959696179
Our CPA,8,18,425.0,555.0,-0.04824149294259771,0.10096247084924433,2.383898454239939,0.20026889875279946,-0.009124937382809506
Our CPA,9,18,475.0,555.0,-0.08034798151281289,0.10243171856101448,2.383533644090184,0.20030600883808897,-0.015249638829123446
Our CPA,10,18,525.0,555.0,-0.12750009434876033,0.10458047010353388,2.3829960723863652,0.20036049456701335,-0.024342365933627264
Our CPA,11,18,575.0,555.0,-0.19542167373039573,0.10764637274293705,2.3822158223767307,0.20043892699707477,-0.037650680771744716
Our CPA,12,18,625.0,555.0,-0.29105094642779605,0.11189178159762456,2.3811039530327776,0.20054923072927408,-0.056767391039269643
Our CPA,13,18,675.0,555.0,-0.42223220680122825,0.11756314451544184,2.3795528688754723,0.20070029509433923,-0.08357566815492268
Our CPA,14,18,725.0,555.0,-0.596662715760354,0.1248074215463795,2.377444669634472,0.20090071559861178,-0.11996361275068423
Our CPA,15,18,775.0,555.0,-0.818802406108804,0.13352277921799713,2.374685544878667,0.20115519630392878,-0.16693867784117744
Our CPA,16,18,825.0,555.0,-1.0843620284532158,0.14322325220005402,2.3712787588847157,0.20145824010113741,-0.22311941087471698
Our CPA,17,18,875.0,555.0,-1.3741688506899177,0.15305592102849036,2.3674253472525977,0.20178734320734565,-0.28358038921999507
Our CPA,18,18,925.0,555.0,-1.6389496755983606,0.16167804958376633,2.363778674843146,0.20208641752801104,-0.337141441050931
Our CPA,19,18,975.0,555.0,-1.7762167086401226,0.1668995465391118,2.3618434753660864,0.20224125576573887,-0.36064081897724254
Our CPA,0,19,25.0,585.0,0.010904077473619952,0.09827300610124169,2.38457560973128,0.200200595380904,0.002096382970495636
Our CPA,1,19,75.0,585.0,0.010156532938225195,0.09830638973921668,2.38456687994514,0.20020145674097045,0.0019539973512561204
Our CPA,2,19,125.0,585.0,0.008581646900003776,0.098376811477381,2.3845485153650383,0.20020327173421001,0.0016540961427224943
Our CPA,3,19,175.0,585.0,0.005985065216138959,0.09849322314060772,2.384518321528706,0.20020626517788626,0.0011601825854745673
Our CPA,4,19,225.0,585.0,0.00198878904562071,0.09867311092295304,2.3844720510039528,0.20021087450253958,0.00040140840310010084
Our CPA,5,19,275.0,585.0,-0.004071270780719816,0.09894728763811722,2.384402267726501,0.20021786844885936,-0.0007468607146898787
Our CPA,6,19,325.0,585.0,-0.013277372136311605,0.09936600888483864,2.384296863962049,0.20022849988989694,-0.002488005530099091
Our CPA,7,19,375.0,585.0,-0.027284171938490122,0.10000587343267633,2.3841372703366424,0.2002446837706852,-0.005135767143255032
Our CPA,8,19,425.0,585.0,-0.04849302341108769,0.10097703300288667,2.383896297117996,0.20026919698825116,-0.009154733197236364
Our CPA,9,19,475.0,585.0,-0.0802316819125954,0.10242945267063949,2.383535646515431,0.20030588200831412,-0.015208609676103935
Our CPA,10,19,525.0,585.0,-0.1269102335575521,0.10455593011970385,2.383003282946466,0.20035981901968203,-0.02421195273913379
Our CPA,11,19,575.0,585.0,-0.19409800167858787,0.10758769105787051,2.3822311416963573,0.2004374011709631,-0.03737378087942389
Our CPA,12,19,625.0,585.0,-0.28841738996082356,0.11177526182562854,2.3811342169629914,0.2005461907293414,-0.05620305211148646
Our CPA,13,19,675.0,585.0,-0.4170346199493911,0.11734249197141255,2.37961355054823,0.2006943007228919,-0.0824015296781444
Our CPA,14,19,725.0,585.0,-0.5862475415878613,0.12439776084962403,2.37756965841719,0.2008887297232266,-0.1174781807253833
Our CPA,15,19,775.0,585.0,-0.7983157141390312,0.1328027018445948,2.374939639358497,0.2011316898938383,-0.16181990726144013
Our CPA,16,19,825.0,585.0,-1.0462093136101105,0.14206587933267537,2.371769362984685,0.2014146349330499,-0.21327106619245528
Our CPA,17,19,875.0,585.0,-1.3069893881519457,0.15133753252855395,2.3683225778736445,0.20171097672159619,-0.2658813945139449
Our CPA,18,19,925.0,585.0,-1.5337602087018063,0.1593743910753694,2.365232922736745,0.2019676153529344,-0.3092795967371831
Our CPA,19,19,975.0,585.0,-1.659208282275008,0.16439023294184102,2.363489905336613,0.20210943906245782,-0.33135500784212124
Traditional,0,0,25.0,15.0,0.8717786674242708,0.17384965449622708,0.0,0.2137685593887788,0.17095784163417838
Traditional,1,0,75.0,15.0,0.8126887485839427,0.17633891197605248,0.0,0.21384491280812862,0.15969466988496883
Traditional,2,0,125.0,15.0,0.7036728812922836,0.18029073654509703,0.0,0.21391796133585742,0.13837321777102063
Traditional,3,0,175.0,15.0,0.5724699844718146,0.18521623676694607,0.0,0.21403227084954138,0.11259735703714191
Traditional,4,0,225.0,15.0,0.4418249528997652,0.19011564168993983,0.0,0.21414719557004208,0.08710929516997368
Traditional,5,0,275.0,15.0,0.325753291366376,0.19442268075958405,0.0,0.21424903263783918,0.06446605710014319
Traditional,6,0,325.0,15.0,0.23045448883305863,0.19790030620656232,0.0,0.21433241216220839,0.04580563340975119
Traditional,7,0,375.0,15.0,0.1563630260283444,0.2005507381500738,0.0,0.21439707975704314,0.031243205300901522
Traditional,8,0,425.0,15.0,0.10081407121492923,0.20249993372198646,0.0,0.21444546856887414,0.020298560021669854
Traditional,9,0,475.0,15.0,0.060098899487681684,0.20390605227635228,0.0,0.21448088711238827,0.012265138963241107
Traditional,10,0,525.0,15.0,0.030543227986548096,0.20491530248086937,0.0,0.21450658041731535,0.0064270575121927465
Traditional,11,0,575.0,15.0,0.008976377396311611,0.20564701780044614,0.0,0.21452532963593543,0.0021612445868512964
Traditional,12,0,625.0,15.0,-0.007099754936525599,0.20619128111009508,0.0,0.21453931447563365,-0.001023993132232004
Traditional,13,0,675.0,15.0,-0.019498266669590026,0.2066114130954065,0.0,0.2145501103047535,-0.0034850095041172313
Traditional,14,0,725.0,15.0,-0.02941350229729526,0.2069481191486951,0.0,0.21455875135187347,-0.005455961733485948
Traditional,15,0,775.0,15.0,-0.03752721209766157,0.20722409768347244,0.0,0.21456582612214375,-0.007070162604511099
Traditional,16,0,825.0,15.0,-0.04413197967359423,0.2074488082628963,0.0,0.21457158603397133,-0.008384605923200672
Traditional,17,0,875.0,15.0,-0.04925850699355267,0.20762310892108768,0.0,0.21457605639639418,-0.009404868999474125
Traditional,18,0,925.0,15.0,-0.052798736387947576,0.20774337394747516,0.0,0.21457914298204578,-0.010109324643875484
Traditional,19,0,975.0,15.0,-0.054613910105794666,0.20780501941620305,0.0,0.21458072536775202,-0.010470423884995084
Traditional,0,1,25.0,45.0,0.9309313704287707,0.1726332266845128,0.0,0.21376882302022354,0.17025548328383766
Traditional,1,1,75.0,45.0,0.8668831152231116,0.17808387626439867,0.0,0.21477780585315148,0.15917897670358894
Traditional,2,1,125.0,45.0,0.7422620536571741,0.17925136753719392,0.0,0.21396390248492297,0.14325871647344335
Traditional,3,1,175.0,45.0,0.5969714256230891,0.18414819744895178,0.0,0.21401412038207707,0.11663481845994306
Traditional,4,1,225.0,45.0,0.4559950449267961,0.1894848952395463,0.0,0.21413478337899927,0.08966013218117408
Traditional,5,1,275.0,45.0,0.33313751375036127,0.19410685824422785,0.0,0.21424254060602763,0.06585024231570147
Traditional,6,1,325.0,45.0,0.23388984937458485,0.1977582179791556,0.0,0.21432939690867886,0.046465968084330456
Traditional,7,1,375.0,45.0,0.15761354730882868,0.2004981192004461,0.0,0.2143959785237953,0.031487415433989474
Traditional,8,1,425.0,45.0,0.10076771697652341,0.20249656338759364,0.0,0.2144454977362257,0.020289915675070214
Traditional,9,1,475.0,45.0,0.05916279447039962,0.20393456590733233,0.0,0.21448168975475995,0.012081205397085348
Traditional,10,1,525.0,45.0,0.028878518832212312,0.2049693219685942,0.0,0.21450801717334894,0.006098990159714157
Traditional,11,1,575.0,45.0,0.006610012562485412,0.20572545764639996,0.0,0.2145273786520176,0.0016938576362646174
Traditional,12,1,625.0,45.0,-0.010206981018330901,0.20629532065865144,0.0,0.21454201085334307,-0.0016390307117086778
Traditional,13,1,675.0,45.0,-0.023405881043398753,0.2067428559386452,0.0,0.21455350587184058,-0.004259958176849876
Traditional,14,1,725.0,45.0,-0.034166813574854286,0.207108276326503,0.0,0.2145628848676595,-0.006399971538006977
Traditional,15,1,775.0,45.0,-0.043131724058691416,0.20741290855508923,0.0,0.21457070137144935,-0.00818425272403056
Traditional,16,1,825.0,45.0,-0.05053618017395586,0.20766433504932524,0.0,0.21457715726315957,-0.009658363601783293
Traditional,17,1,875.0,45.0,-0.05634424494309724,0.2078612720565917,0.0,0.21458222020616652,-0.010814605526765497
Traditional,18,1,925.0,45.0,-0.060382394286587836,0.2079980121047639,0.0,0.2145857394378731,-0.011618343584041124
Traditional,19,1,975.0,45.0,-0.062460441073320806,0.20806834450593875,0.0,0.21458755015846975,-0.012031824519836976
Traditional,0,2,25.0,75.0,1.008743493889613,0.17557716616262892,0.0,0.21463914282142857,0.18301014952662453
Traditional,1,2,75.0,75.0,0.9718155205777809,0.19675278963191142,0.0,0.2294933985165581,0.10430539872710587
Traditional,2,2,125.0,75.0,0.814694798898097,0.18268425191635568,0.0,0.2155254272552618,0.1423744485788414
Traditional,3,2,175.0,75.0,0.6422671503571663,0.18314712228675684,0.0,0.2140766751938373,0.12230069627047757
Traditional,4,2,225.0,75.0,0.4816640607527178,0.18841895600685393,0.0,0.21411572643003446,0.0940118540664614
Traditional,5,2,275.0,75.0,0.34598158608065727,0.1935465545737412,0.0,0.21423131239808088,0.06822065650075038
Traditional,6,2,325.0,75.0,0.23956990624254199,0.19751363647370898,0.0,0.21432440566292552,0.047553755045448565
Traditional,7,2,375.0,75.0,0.15945722319542244,0.20041463667483814,0.0,0.21439434769072702,0.031848241238002784
Traditional,8,2,425.0,75.0,0.1002873151349742,0.20250230658272422,0.0,0.21444589155512292,0.02019578646381137
Traditional,9,2,475.0,75.0,0.05702195159347355,0.20399994581602338,0.0,0.21448352629605347,0.0116588898800285
Traditional,10,2,525.0,75.0,0.025327234640561046,0.20508423880675714,0.0,0.2145110814124786,0.005397362012743434
Traditional,11,2,575.0,75.0,0.0016567481138370932,0.20588929600455064,0.0,0.21453166679171928,0.0007138559648955933
Traditional,12,2,625.0,75.0,-0.01667250326345861,0.20651139927648016,0.0,0.21454762080673273,-0.002920196433275901
Traditional,13,2,675.0,75.0,-0.031526529475389045,0.20701550963565007,0.0,0.2145605616698832,-0.005871672143581419
Traditional,14,2,725.0,75.0,-0.04404930338501372,0.2074405345602912,0.0,0.21457147748606786,-0.008363907244485214
Traditional,15,2,775.0,75.0,-0.05479525214640424,0.20780474095902327,0.0,0.21458084495160815,-0.010504218486084849
Traditional,16,2,825.0,75.0,-0.06387856075578369,0.208111768838459,0.0,0.21458876069087202,-0.012313765424015743
Traditional,17,2,875.0,75.0,-0.07112104387838766,0.20835585438171655,0.0,0.2145950695569092,-0.013756439723150438
Traditional,18,2,925.0,75.0,-0.0762085099231489,0.2085269176199899,0.0,0.21459949954014776,-0.014769592090013717
Traditional,19,2,975.0,75.0,-0.07884069681423343,0.20861534661259803,0.0,0.2146017910439892,-0.015293588825571192
Traditional,0,3,25.0,105.0,1.0578711916073487,0.19091068195655575,0.0,0.2253009421948613,0.14635248904878995
Traditional,1,3,75.0,105.0,1.07715171364061,0.2520516549378933,0.0,0.31863113705204654,-0.3324683651634297
Traditional,2,3,125.0,105.0,0.9043803156364002,0.20221961340792777,0.0,0.23229392251535957,0.08328752309097465
Traditional,3,3,175.0,105.0,0.6992580008095913,0.18694589499732253,0.0,0.21576026629806866,0.115343487055386
Traditional,4,3,225.0,105.0,0.5133133530568424,0.18786455581665545,0.0,0.21417524199054688,0.0972576775511158
Traditional,5,3,275.0,105.0,0.3603920863454733,0.19292249626432925,0.0,0.2142208530038908,0.0706531818565892
Traditional,6,3,325.0,105.0,0.24521435607838815,0.1972403909744444,0.0,0.21431945591033347,0.04862908242256325
Traditional,7,3,375.0,105.0,0.16072112994236126,0.20033740261286978,0.0,0.21439320595673497,0.03210115783200407
Traditional,8,3,425.0,105.0,0.09867514735425077,0.2025387173693453,0.0,0.2144472523290339,0.019876419673048318
Traditional,9,3,475.0,105.0,0.05317324998408183,0.20411764930482978,0.0,0.21448682892117804,0.010893806433626141
Traditional,10,3,525.0,105.0,0.019466610145524144,0.20527355641459205,0.0,0.21451613630339428,0.004233352541127555
Traditional,11,3,575.0,105.0,-0.00630898119222559,0.2061525595699399,0.0,0.21453856104492103,-0.0008675912859801294
Traditional,12,3,625.0,105.0,-0.02698510905049555,0.20685546641356867,0.0,0.21455656738148504,-0.004967572425906841
Traditional,13,3,675.0,105.0,-0.04446060325400904,0.20744873246458267,0.0,0.21457179801023832,-0.008441751917831475
Traditional,14,3,725.0,105.0,-0.05980580689854362,0.207968585537648,0.0,0.21458517413188738,-0.011497904881474508
Traditional,15,3,775.0,105.0,-0.07342329629170521,0.20842794783443935,0.0,0.21459703946602332,-0.014212114677503163
Traditional,16,3,825.0,105.0,-0.08522795220206492,0.2088240639860523,0.0,0.21460731832614113,-0.01656529857710365
Traditional,17,3,875.0,105.0,-0.0948053485277556,0.20914388533514874,0.0,0.21461565215243844,-0.018474107512128635
Traditional,18,3,925.0,105.0,-0.10160413524851203,0.20937013432941862,0.0,0.21462156502519183,-0.019828660694221067
Traditional,19,3,975.0,105.0,-0.10514015345853939,0.209487658832387,0.0,0.21462463938724635,-0.020532810684703584
Traditional,0,4,25.0,135.0,1.0831631063675005,0.23002914698265126,0.0,0.2844452459918059,-0.15923846359702787
Traditional,1,4,75.0,135.0,1.1551468177462407,0.42432463083964694,0.0,0.49657690316318515,-4.7365986746263635
Traditional,2,4,125.0,135.0,0.935174456482457,0.27061549677868035,0.0,0.35039098509276706,-0.5541267933450444
Traditional,3,4,175.0,135.0,0.7335678975454587,0.21487155762124202,0.0,0.24231906007397566,0.036211299379140804
Traditional,4,4,225.0,135.0,0.5420054913267623,0.1930160848405947,0.0,0.2162023293610844,0.07623318859950601
Traditional,5,4,275.0,135.0,0.3702851576926354,0.1929941828193676,0.0,0.2142796234695763,0.07017463323721884
Traditional,6,4,325.0,135.0,0.24772312195885926,0.19705779029539033,0.0,0.21431840013032916,0.049026719732891966
Traditional,7,4,375.0,135.0,0.16006762052202783,0.20030510758408354,0.0,0.21439372345560984,0.03199913039586555
Traditional,8,4,425.0,135.0,0.09506664666419476,0.2026314088407725,0.0,0.21445032349860052,0.019153694650747566
Traditional,9,4,475.0,135.0,0.046925273055616765,0.2043094014865719,0.0,0.21449218933026115,0.0096337382927969
Traditional,10,4,525.0,135.0,0.01070375071644783,0.20555785884334904,0.0,0.21452369015003536,0.0024738077550323645
Traditional,11,4,575.0,135.0,-0.01789499361578934,0.20653690582525247,0.0,0.2145485850872789,-0.0031847316374067347
Traditional,12,4,625.0,135.0,-0.04184561706484482,0.20735072653523154,0.0,0.21456945657819704,-0.007928216194413862
Traditional,13,4,675.0,135.0,-0.06308124328128807,0.2080702380832818,0.0,0.21458797058405085,-0.012148547992391068
Traditional,14,4,725.0,135.0,-0.0825344037941806,0.20872642864239763,0.0,0.21460492363912143,-0.016024044718121466
Traditional,15,4,775.0,135.0,-0.10036192173540592,0.20932333339600148,0.0,0.2146204451228851,-0.01957893060269833
Traditional,16,4,825.0,135.0,-0.11618577353319338,0.20984881151725215,0.0,0.21463420712709874,-0.022734402440743873
Traditional,17,4,875.0,135.0,-0.1292325741447024,0.21027903556909844,0.0,0.21464554310560868,-0.02533516526426194
Traditional,18,4,925.0,135.0,-0.1385795434113387,0.21058580361209306,0.0,0.21465365880040235,-0.02719742532897307
Traditional,19,4,975.0,135.0,-0.14346025534217247,0.21074574510867392,0.0,0.2146578950607753,-0.028169169907471536
Traditional,0,5,25.0,165.0,0.9993050793962218,0.19068333289299452,0.0,0.22502813471980496,0.13364407016949742
Traditional,1,5,75.0,165.0,1.0303526691140905,0.269932374807851,0.0,0.34956030975938057,-0.5202999310641165
Traditional,2,5,125.0,165.0,0.8525978554985951,0.22553238663012456,0.0,0.2578139571360517,0.014289314222870608
Traditional,3,5,175.0,165.0,0.6819413300737404,0.19851998234701065,0.0,0.22073902301706516,0.0863218795402465
Traditional,4,5,225.0,165.0,0.5199495162871759,0.1905401814326924,0.0,0.21464506209422268,0.08887120465830844
Traditional,5,5,275.0,165.0,0.36582451576075514,0.19301810879282083,0.0,0.21423434302184194,0.05994254093816265
Traditional,6,5,325.0,165.0,0.2438306862511318,0.19692339816529056,0.0,0.21432065094983743,0.04704629988019904
Traditional,7,5,375.0,165.0,0.1567362452536188,0.20032384003395504,0.0,0.21439651369345353,0.03139578998256898
Traditional,8,5,425.0,165.0,0.08856487197206914,0.2028059790715969,0.0,0.21445587125610008,0.017821810168766605
Traditional,9,5,475.0,165.0,0.03737817070193589,0.20460646649626243,0.0,0.21450037539650157,0.007652796403162521
Traditional,10,5,525.0,165.0,-0.0017359800082035364,0.2059713910222622,0.0,0.21453440821288622,-8.066131393369425e-05
Traditional,11,5,575.0,165.0,-0.03391687812230363,0.20707835538258737,0.0,0.21456244280534847,-0.006441453786198981
Traditional,12,5,625.0,165.0,-0.06214094867987372,0.2080283275277895,0.0,0.21458705487841884,-0.011998390294670758
Traditional,13,5,675.0,165.0,-0.08850048402452468,0.2089143321941457,0.0,0.21461003968788894,-0.01722266082471169
Traditional,14,5,725.0,165.0,-0.11366102860987559,0.20975614858085825,0.0,0.2146319538859062,-0.022231807903921874
Traditional,15,5,775.0,165.0,-0.13737629742907545,0.21054155400936195,0.0,0.2146525765945256,-0.026960062123992934
Traditional,16,5,825.0,165.0,-0.1588766603411641,0.21124544892778285,0.0,0.21467124445620223,-0.03124676767751744
Traditional,17,5,875.0,165.0,-0.17686562693642452,0.2118288050882044,0.0,0.21468684402902866,-0.03483124077299782
Traditional,18,5,925.0,165.0,-0.189847986195907,0.21224726354648632,0.0,0.21469809231349682,-0.03741595747400184
Traditional,19,5,975.0,165.0,-0.19664091723544525,0.212465868701111,0.0,0.21470397543953057,-0.038767032778691535
Traditional,0,6,25.0,195.0,0.8368781527020651,0.18005413814825896,0.0,0.21498106208314532,0.14977978202168618
Traditional,1,6,75.0,195.0,0.8552120459040049,0.2123667421074587,0.0,0.24149350610828685,0.03898829847492902
Traditional,2,6,125.0,195.0,0.7500098420119491,0.19662040267770492,0.0,0.22040940502867193,0.10505574491195824
Traditional,3,6,175.0,195.0,0.6175795676127616,0.18904815478559184,0.0,0.21480738071472527,0.10251626614257714
Traditional,4,6,225.0,195.0,0.46312634973382205,0.18989309975758353,0.0,0.2141948618096725,0.08169252050688192
Traditional,5,6,275.0,195.0,0.32929447133110834,0.1936236531168923,0.0,0.21424218352398033,0.0643316474080724
Traditional,6,6,325.0,195.0,0.23659208620777353,0.19736392669100908,0.0,0.21432015884882438,0.047833470664393474
Traditional,7,6,375.0,195.0,0.15209923390129582,0.2005080725557991,0.0,0.21440000447115803,0.022938623900847777
Traditional,8,6,425.0,195.0,0.0780395867871698,0.2030638379452629,0.0,0.21446485559135703,0.015431763538575893
Traditional,9,6,475.0,195.0,0.023084943918919187,0.20501801535808822,0.0,0.214512630802475,0.004581018328231323
Traditional,10,6,525.0,195.0,-0.019115846111908554,0.20656080359477688,0.0,0.21454939355962485,-0.0037248363407293983
Traditional,11,6,575.0,195.0,-0.0558031548465956,0.2078375243617702,0.0,0.21458137987935794,-0.01098998322224265
Traditional,12,6,625.0,195.0,-0.08897712851025537,0.20893128054692395,0.0,0.21461031872863096,-0.017444626845358746
Traditional,13,6,675.0,195.0,-0.12202834809739142,0.21001898327055124,0.0,0.2146391322199921,-0.023941700602408966
Traditional,14,6,725.0,195.0,-0.15490610133468175,0.21110420120780385,0.0,0.21466773790910126,-0.03047089470192832
Traditional,15,6,775.0,195.0,-0.18660932356804794,0.21213863537272465,0.0,0.21469525968129602,-0.03678526773373547
Traditional,16,6,825.0,195.0,-0.2159232145945113,0.21308042194026838,0.0,0.2147206556198548,-0.042624545834091254
Traditional,17,6,875.0,195.0,-0.24080167197782917,0.2138696960122593,0.0,0.21474217501274354,-0.04757542079864008
Traditional,18,6,925.0,195.0,-0.2588482722955793,0.2144380169521601,0.0,0.21475776871183855,-0.05116183024855836
Traditional,19,6,975.0,195.0,-0.2682822514719255,0.21473473482608693,0.0,0.21476591661426836,-0.05303383656019012
Traditional,0,7,25.0,225.0,0.6701815258624833,0.1815754582040823,0.0,0.21402195706060337,0.12690320763705798
Traditional,1,7,75.0,225.0,0.6679577210178524,0.18957748937888833,0.0,0.21643462896425653,0.10826800997068564
Traditional,2,7,125.0,225.0,0.6212724721586481,0.18714132215744836,0.0,0.21445342181168897,0.09899761261514262
Traditional,3,7,175.0,225.0,0.5117781534825582,0.18835397171550847,0.0,0.21412940589714022,0.08487371132648303
Traditional,4,7,225.0,225.0,0.396121509656867,0.19141446472076767,0.0,0.21418450448814502,0.07959825247380592
Traditional,5,7,275.0,225.0,0.2922698487497643,0.19518808249795122,0.0,0.21427134457417552,0.05653162919674881
Traditional,6,7,325.0,225.0,0.2091454936212506,0.1985313866321325,0.0,0.2143436980960267,0.039797790687162715
Traditional,7,7,375.0,225.0,0.13305433289377577,0.20140574433344977,0.0,0.21441002707855428,0.028220606010126437
Traditional,8,7,425.0,225.0,0.060125488905012604,0.2022794046956633,0.0,0.214479898630121,0.007923546615912214
Traditional,9,7,475.0,225.0,0.0006158860075324774,0.2044545838804582,0.0,0.21453187927428594,0.0008275076325281461
Traditional,10,7,525.0,225.0,-0.044975878941148524,0.20673307386464485,0.0,0.21457182981350176,-0.007665510506321693
Traditional,11,7,575.0,225.0,-0.0881524962007627,0.2082883153062542,0.0,0.21460950089185998,-0.016281804715301273
Traditional,12,7,625.0,225.0,-0.12392073128430918,0.21007678991553674,0.0,0.2146406092158885,-0.024550378733750877
Traditional,13,7,675.0,225.0,-0.16512645617380178,0.21141697678267274,0.0,0.21467649622581003,-0.032613188695712614
Traditional,14,7,725.0,225.0,-0.2082540297306273,0.2128151667734805,0.0,0.21471395887362546,-0.041139607469597994
Traditional,15,7,775.0,225.0,-0.2505012934796922,0.21416857972814024,0.0,0.21475055020698272,-0.04953651693989647
Traditional,16,7,825.0,225.0,-0.29038899192162604,0.21541935230747983,0.0,0.21478500794967825,-0.05746800968514654
Traditional,17,7,875.0,225.0,-0.3247788647945281,0.21647965849913717,0.0,0.21481465781969206,-0.06429457104045744
Traditional,18,7,925.0,225.0,-0.3497714671726506,0.2172438324911657,0.0,0.21483617907917846,-0.06924398531304998
Traditional,19,7,975.0,225.0,-0.3627563953171224,0.21764089398664463,0.0,0.21484735507985236,-0.07180954706836884
Traditional,0,8,25.0,255.0,0.5207438137025088,0.18667638204174458,0.0,0.2140808337927406,0.10075379847968025
Traditional,1,8,75.0,255.0,0.5099619939110148,0.18809281525330662,0.0,0.21422237533301294,0.09632857350208579
Traditional,2,8,125.0,255.0,0.4708074783008732,0.18907133946107096,0.0,0.21414147328285024,0.08870113516501466
Traditional,3,8,175.0,255.0,0.3993573276047483,0.19146161567347617,0.0,0.21418552738746213,0.0771772351695621
Traditional,4,8,225.0,255.0,0.32384494582250717,0.19427324887586173,0.0,0.2142501749539437,0.05624268811074695
Traditional,5,8,275.0,255.0,0.2477653438044358,0.1971691543149373,0.0,0.21431059813950815,0.05106604929336345
Traditional,6,8,325.0,255.0,0.1800921718824059,0.1996040031860354,0.0,0.21436912677509173,0.03517369686911742
Traditional,7,8,375.0,255.0,0.10255219868843816,0.2009511124075345,0.0,0.21443611348075856,0.023371287205475877
Traditional,8,8,425.0,255.0,0.028881410286489873,0.20160380322073332,0.0,0.21449494572014088,0.016291833771664432
Traditional,9,8,475.0,255.0,-0.023695646372372283,0.2088801490592016,0.0,0.21453867233087495,-0.001843232834447539
Traditional,10,8,525.0,255.0,-0.07962572272638417,0.20868651455209086,0.0,0.21459754969540815,-0.01733998829245298
Traditional,11,8,575.0,255.0,-0.1342884174695965,0.20994794976744396,0.0,0.2146463589880207,-0.025074851095790995
Traditional,12,8,625.0,255.0,-0.1687571527654212,0.21036604101766349,0.0,0.2146796808172255,-0.031207157575458
Traditional,13,8,675.0,255.0,-0.21921662793169916,0.21304671115273158,0.0,0.2147233419936902,-0.04330912271685583
Traditional,14,8,725.0,255.0,-0.2759531600785628,0.2149181286504886,0.0,0.2147724956411185,-0.05465555067374339
Traditional,15,8,775.0,255.0,-0.33161815283726714,0.21667123179061862,0.0,0.21482056952536252,-0.06569696645167267
Traditional,16,8,825.0,255.0,-0.385657831914559,0.21831498530617752,0.0,0.21486708166351462,-0.07641690436230308
Traditional,17,8,875.0,255.0,-0.43319976401177607,0.21972724408880467,0.0,0.21490789882834443,-0.08581658556561234
Traditional,18,8,925.0,255.0,-0.4676031248506568,0.22074154105199315,0.0,0.21493739469249573,-0.0925892499394898
Traditional,19,8,975.0,255.0,-0.4851922120011765,0.22126224140262885,0.0,0.21495246887761885,-0.09603929790000243
Traditional,0,9,25.0,285.0,0.39587698961467294,0.19152248037581623,0.0,0.21418745686529297,0.0775875893576361
Traditional,1,9,75.0,285.0,0.38379724923560204,0.192028705680732,0.0,0.2142024533479776,0.07503220060853244
Traditional,2,9,125.0,285.0,0.35325134458942337,0.19315585393770857,0.0,0.2142252877691945,0.06923145546502973
Traditional,3,9,175.0,285.0,0.3045670999687109,0.19500695274711807,0.0,0.21426748453861721,0.06015815081103493
Traditional,4,9,225.0,285.0,0.2505349173459653,0.19698933469171415,0.0,0.21431470491054455,0.04952833856930461
Traditional,5,9,275.0,285.0,0.20023221159073154,0.19863242835203657,0.0,0.21435838174021557,0.03609859645206659
Traditional,6,9,325.0,285.0,0.13746690240358747,0.2009556002618929,0.0,0.2144127645302678,0.020663612164378842
Traditional,7,9,375.0,285.0,0.07188273476761953,0.2029860074316499,0.0,0.21446334865197542,0.019272377874884894
Traditional,8,9,425.0,285.0,0.008745815872991457,0.20517928126791007,0.0,0.2145114651799668,0.0048263462461839435
Traditional,9,9,475.0,285.0,-0.044449204640625045,0.21200832700998357,0.0,0.21455584728511296,-0.014473933579145504
Traditional,10,9,525.0,285.0,-0.10712650381325559,0.21441957081917634,0.0,0.2146106273664893,-0.02601398917642661
Traditional,11,9,575.0,285.0,-0.1637742800406348,0.21501172283053913,0.0,0.21466182815625037,-0.03222617823323004
Traditional,12,9,625.0,285.0,-0.21736426133646816,0.21033071202068757,0.0,0.21472178005732362,-0.0409330001699959
Traditional,13,9,675.0,285.0,-0.28466146397777087,0.21486690879881967,0.0,0.21477991328324367,-0.056251091672288034
Traditional,14,9,725.0,285.0,-0.36062406497800353,0.2174125999308565,0.0,0.21484548604215653,-0.07145294977095595
Traditional,15,9,775.0,285.0,-0.43222113277386687,0.21965179127295803,0.0,0.21490711664411113,-0.08562678534740353
Traditional,16,9,825.0,285.0,-0.5051802222523857,0.2217890060557412,0.0,0.21496961539703055,-0.10007454899083057
Traditional,17,9,875.0,285.0,-0.5712323438794259,0.22365700935364208,0.0,0.21502601056567486,-0.11306250353182445
Traditional,18,9,925.0,285.0,-0.6182168809565659,0.2249847975947341,0.0,0.21506607230490093,-0.12222489325483532
Traditional,19,9,975.0,285.0,-0.6413936658102348,0.22564984754990497,0.0,0.21508583498899747,-0.12671789249912857
Traditional,0,10,25.0,315.0,0.29576615096635744,0.1953799603345456,0.0,0.21427519251318264,0.058433134985269586
Traditional,1,10,75.0,315.0,0.2852509777303263,0.19576780000139835,0.0,0.21428448977065245,0.05638250077796836
Traditional,2,10,125.0,315.0,0.2622385818455052,0.19662780765172738,0.0,0.2143045543711072,0.051939595897582125
Traditional,3,10,175.0,315.0,0.22786554350150934,0.19790721247490012,0.0,0.2143346108657247,0.04529501663488866
Traditional,4,10,225.0,315.0,0.18796482193061897,0.19933628137924764,0.0,0.21436942626554384,0.03751378269861716
Traditional,5,10,275.0,315.0,0.14622541447289847,0.2007639373781473,0.0,0.2144057265837664,0.029197859280155614
Traditional,6,10,325.0,315.0,0.09803782475438341,0.20236427375059068,0.0,0.2144475310137932,0.01963113197539501
Traditional,7,10,375.0,315.0,0.044699628523996095,0.20293984815975277,0.0,0.21449352840992914,0.008131628477597852
Traditional,8,10,425.0,315.0,-0.013203499220354483,0.20869212650117044,0.0,0.2145299226242067,0.0006850001473546197
Traditional,9,10,475.0,315.0,-0.062315987631030384,0.21291008856528357,0.0,0.21457138663335237,-0.018050036194844354
Traditional,10,10,525.0,315.0,-0.1283814349292107,0.21563281918285396,0.0,0.2146294331432926,-0.03350473648969232
Traditional,11,10,575.0,315.0,-0.19691123747124337,0.2145380065766891,0.0,0.21469204618886484,-0.042496165133021346
Traditional,12,10,625.0,315.0,-0.26830873728436416,0.2107705849041175,0.0,0.21475918819695802,-0.03733724608409594
Traditional,13,10,675.0,315.0,-0.36189541893147864,0.21649980529148846,0.0,0.2148460058578145,-0.07659863235923159
Traditional,14,10,725.0,315.0,-0.4659922493331227,0.2201968317947205,0.0,0.21493585441933255,-0.09226567104009264
Traditional,15,10,775.0,315.0,-0.5530275583817884,0.22304053870543789,0.0,0.21501060714954998,-0.10924118780064607
Traditional,16,10,825.0,315.0,-0.6519367283913586,0.22580320004588725,0.0,0.21509479442846216,-0.12886802573328082
Traditional,17,10,875.0,315.0,-0.745161427359175,0.2282689340272447,0.0,0.2151737806441878,-0.14708339467595088
Traditional,18,10,925.0,315.0,-0.8085999396326653,0.22998747470022202,0.0,0.21522751085207498,-0.1592735048965288
Traditional,19,10,975.0,315.0,-0.8375879153168015,0.23080989960273562,0.0,0.21525210237551473,-0.16478722981250193
Traditional,0,11,25.0,345.0,0.21764051412578672,0.1983038054030392,0.0,0.21434356936796511,0.04324221028023656
Traditional,1,11,75.0,345.0,0.2093309969060738,0.1986067862840925,0.0,0.21435083192634688,0.0416208060911305
Traditional,2,11,125.0,345.0,0.19226967990716173,0.19922958633862675,0.0,0.2143657335380968,0.03829231735014149
Traditional,3,11,175.0,345.0,0.16745671234573237,0.2001254335213904,0.0,0.21438738306607208,0.03344125876275639
Traditional,4,11,225.0,345.0,0.1376447254610788,0.20117445407224882,0.0,0.21441334419782154,0.027591003244037404
Traditional,5,11,275.0,345.0,0.10450782987422125,0.2023105337969801,0.0,0.21444213136926735,0.021048444209026407
Traditional,6,11,325.0,345.0,0.06667270997490361,0.20358858692985776,0.0,0.21447492631125428,0.01349980354475866
Traditional,7,11,375.0,345.0,0.022890950623417276,0.20449083384994465,0.0,0.2145128420388435,0.005749151920420026
Traditional,8,11,425.0,345.0,-0.028498332788415254,0.2059659144745578,0.0,0.21455370698404436,-0.004212894992416949
Traditional,9,11,475.0,345.0,-0.08324775618148036,0.20878205702771924,0.0,0.21460075845972354,-0.01730199035263058
Traditional,10,11,525.0,345.0,-0.15197655910017902,0.21427269123314066,0.0,0.21465127135456333,-0.028851911526711627
Traditional,11,11,575.0,345.0,-0.2260041592342481,0.21329448404345142,0.0,0.2147190382830148,-0.042160354038450754
Traditional,12,11,625.0,345.0,-0.31832676853043396,0.21096560853871452,0.0,0.21480221004124403,-0.04969010564559451
Traditional,13,11,675.0,345.0,-0.4400131879878398,0.2177475350239017,0.0,0.21490494092372775,-0.07782987450100087
Traditional,14,11,725.0,345.0,-0.5561396519181132,0.22187497781540094,0.0,0.2150041408640838,-0.09860241097831013
Traditional,15,11,775.0,345.0,-0.6892420875820146,0.2262901074519082,0.0,0.21512557749657185,-0.14271931801879134
Traditional,16,11,825.0,345.0,-0.8273460510909892,0.2301967336291521,0.0,0.21524318331838033,-0.16319226300223755
Traditional,17,11,875.0,345.0,-0.9633815497838873,0.23347789420100656,0.0,0.21535718370627305,-0.18928297712364484
Traditional,18,11,925.0,345.0,-1.0473224489813988,0.23570183718544632,0.0,0.21542778266850043,-0.20499460357617516
Traditional,19,11,975.0,345.0,-1.0797045234192386,0.23668619955185285,0.0,0.2154552279970577,-0.21093809727457113
Traditional,0,12,25.0,375.0,0.1578872717772741,0.20047794203440583,0.0,0.2143957602971449,0.031525985002223145
Traditional,1,12,75.0,375.0,0.1515951669492293,0.20070340756656752,0.0,0.21440124765551802,0.03029301938128892
Traditional,2,12,125.0,375.0,0.13902564565608652,0.20115161460764322,0.0,0.21441220342475806,0.0278280761110139
Traditional,3,12,175.0,375.0,0.12085849747292883,0.20179236177864857,0.0,0.21442802208509515,0.024260094427241974
Traditional,4,12,225.0,375.0,0.09839649318157881,0.20257084420617405,0.0,0.2144475506156242,0.019838522749254794
Traditional,5,12,275.0,375.0,0.07235881765372865,0.2034581419987124,0.0,0.21447014726146482,0.014691690157747628
Traditional,6,12,325.0,375.0,0.04215090774089656,0.2044830545486857,0.0,0.21449631922101928,0.008654969963217685
Traditional,7,12,375.0,375.0,0.006800167853452265,0.20568003231283932,0.0,0.21452692226539508,0.0014911400403327946
Traditional,8,12,425.0,375.0,-0.036332454340822995,0.20604948548731775,0.0,0.21456436724400438,-0.005097728181385763
Traditional,9,12,475.0,375.0,-0.08764703423723579,0.20779863191891898,0.0,0.2146089989209765,-0.015389279082234086
Traditional,10,12,525.0,375.0,-0.15315665105538814,0.20905173477202013,0.0,0.2146658778889985,-0.028801965541974672
Traditional,11,12,575.0,375.0,-0.24578586794244872,0.2108958404349015,0.0,0.21474647300325325,-0.04754619169786145
Traditional,12,12,625.0,375.0,-0.36140236354319566,0.2160992663723833,0.0,0.21483813186448417,-0.06075184989956517
Traditional,13,12,675.0,375.0,-0.48964145389639213,0.22019915143269503,0.0,0.21494654127852325,-0.09300906828599298
Traditional,14,12,725.0,375.0,-0.6353531656137947,0.22425655076531742,0.0,0.21506973713741742,-0.12230129759246977
Traditional,15,12,775.0,375.0,-0.8207241164881736,0.2286737988366223,0.0,0.21522598604313478,-0.15223856137147607
Traditional,16,12,825.0,375.0,-1.0298279003659616,0.2341516508147899,0.0,0.21541027111467023,-0.21157156091505813
Traditional,17,12,875.0,375.0,-1.2385725379196981,0.23888937092240145,0.0,0.21558406028789703,-0.2425869662491531
Traditional,18,12,925.0,375.0,-1.3451747833701262,0.2419688802697078,0.0,0.21567369438087153,-0.26094825119341025
Traditional,19,12,975.0,375.0,-1.371332990372788,0.24314146530654085,0.0,0.21569663428695654,-0.26516935189566104
Traditional,0,13,25.0,405.0,0.11296686698450707,0.20207560455850793,0.0,0.21443493005934208,0.022680075351472206
Traditional,1,13,75.0,405.0,0.10828734364915453,0.2022401915984306,0.0,0.2144390035805114,0.02176088854272118
Traditional,2,13,125.0,405.0,0.09902354690263421,0.20256415999230679,0.0,0.21444706349345033,0.019939906085314485
Traditional,3,13,175.0,405.0,0.08555856780099683,0.20303076420025823,0.0,0.21445876880982287,0.017290537611736045
Traditional,4,13,225.0,405.0,0.06844097970323451,0.20361656839357362,0.0,0.2144736326083271,0.013917549782166416
Traditional,5,13,275.0,405.0,0.04781529487635382,0.2043137584267564,0.0,0.2144915209635468,0.009842056621606199
Traditional,6,13,325.0,405.0,0.02304688784894906,0.20514556277699936,0.0,0.21451298160971738,0.004916758688133793
Traditional,7,13,375.0,405.0,-0.007127696241581813,0.20616537703855528,0.0,0.2145391203334696,-0.0011606829058430357
Traditional,8,13,425.0,405.0,-0.04508011197806336,0.20740551504106403,0.0,0.2145720304087214,-0.008761531790135724
Traditional,9,13,475.0,405.0,-0.09419417156619393,0.20903808365164106,0.0,0.2146146945585897,-0.018595873008592223
Traditional,10,13,525.0,405.0,-0.16063844907227717,0.2111420932226647,0.0,0.21467241934986947,-0.031927190072306155
Traditional,11,13,575.0,405.0,-0.2545069091859851,0.21407421529278076,0.0,0.2147538544051028,-0.050407878444846954
Traditional,12,13,625.0,405.0,-0.3854192006894182,0.21781577506791247,0.0,0.21486654865559526,-0.08027461011270165
Traditional,13,13,675.0,405.0,-0.5367988164215144,0.22193496015884712,0.0,0.21498801090607317,-0.0964527154399819
Traditional,14,13,725.0,405.0,-0.7012253164874409,0.22606307593573643,0.0,0.21512562335117594,-0.13373875105204824
Traditional,15,13,775.0,405.0,-0.9399319851936866,0.23116941660752768,0.0,0.21532187939560976,-0.1842957525052813
Traditional,16,13,825.0,405.0,-1.222997132987801,0.23696481324737392,0.0,0.21555490298542757,-0.2319952326421959
Traditional,17,13,875.0,405.0,-1.4821503896483144,0.24237319136454177,0.0,0.21576814027182595,-0.26990282672662014
Traditional,18,13,925.0,405.0,-1.7149239704319779,0.24758927891911586,0.0,0.2159653587655917,-0.34153206352055543
Traditional,19,13,975.0,405.0,-1.708147431581147,0.24991855246235706,0.0,0.2159707782315264,-0.3256730107807637
Traditional,0,14,25.0,435.0,0.0797664050841555,0.2032362806558504,0.0,0.21446384300897417,0.016127828183581938
Traditional,1,14,75.0,435.0,0.07629800329185464,0.2033563136715888,0.0,0.21446685759644998,0.015445785240292276
Traditional,2,14,125.0,435.0,0.0694230213244427,0.2035930737926582,0.0,0.2144728305459008,0.014093110008467358
Traditional,3,14,175.0,435.0,0.059294582884900277,0.20393944657705904,0.0,0.21448162474857627,0.012098983539682306
Traditional,4,14,225.0,435.0,0.04602892531269603,0.20438914152693205,0.0,0.2144931346448815,0.009484424399547331
Traditional,5,14,275.0,435.0,0.029386894154289737,0.2049485014472841,0.0,0.21450756508925836,0.006197921294470721
Traditional,6,14,325.0,435.0,0.00851003682530485,0.20564642929446145,0.0,0.21452566296246775,0.002059452777980475
Traditional,7,14,375.0,435.0,-0.018193886489855128,0.20654004021093475,0.0,0.2145488211165981,-0.003265888921660798
Traditional,8,14,425.0,435.0,-0.05337552193094231,0.20772026308953445,0.0,0.21457936222628832,-0.010314532278427047
Traditional,9,14,475.0,435.0,-0.10106759299516305,0.2093097247393764,0.0,0.21462080531440658,-0.01984109779903931
Traditional,10,14,525.0,435.0,-0.1672824783667978,0.21148403399571952,0.0,0.21467832711116333,-0.033059145339714435
Traditional,11,14,575.0,435.0,-0.260088079198312,0.2144503800672483,0.0,0.214758782764381,-0.051508834737812315
Traditional,12,14,625.0,435.0,-0.3868849937376547,0.21828544660651264,0.0,0.21486823400083513,-0.07654160851688907
Traditional,13,14,675.0,435.0,-0.5484129069232587,0.22268982126697412,0.0,0.2150068792760016,-0.10883762001334674
Traditional,14,14,725.0,435.0,-0.766197252812218,0.22835570451932513,0.0,0.21519137800857066,-0.15732618654881736
Traditional,15,14,775.0,435.0,-1.043286590347089,0.2339862545806334,0.0,0.21541251426200952,-0.19052072835495926
Traditional,16,14,825.0,435.0,-1.3442880533910357,0.23965977381926237,0.0,0.2156538274495566,-0.25373252357047127
Traditional,17,14,875.0,435.0,-1.690110938515639,0.24569954820165743,0.0,0.21592395688885122,-0.3285491488262682
Traditional,18,14,925.0,435.0,-2.1133945883340126,0.2524866963828207,0.0,0.2162410098432485,-0.4346699004126875
Traditional,19,14,975.0,435.0,-2.0640523315835075,0.25636846600830754,0.0,0.21625590352817414,-0.3853269914945445
Traditional,0,15,25.0,465.0,0.055705001928208396,0.20406699005564918,0.0,0.21448477736451804,0.011374137132036388
Traditional,1,15,75.0,465.0,0.053112248302223164,0.20415556366291815,0.0,0.21448702814833434,0.010864088489132007
Traditional,2,15,125.0,465.0,0.04793297080330178,0.2043318496042891,0.0,0.21449152307906288,0.00984477460830302
Traditional,3,15,175.0,465.0,0.040154674300743265,0.2045953298850139,0.0,0.2144982713248972,0.008313102636381409
Traditional,4,15,225.0,465.0,0.029628978211376816,0.20494992152807706,0.0,0.21450740042181896,0.0062384474963650405
Traditional,5,15,275.0,465.0,0.015856836742686106,0.2054116568547951,0.0,0.21451934426844188,0.003519341949725918
Traditional,6,15,325.0,465.0,-0.002229979599300772,0.2060165790878549,0.0,0.21453503473066565,-6.1034673953797025e-05
Traditional,7,15,375.0,465.0,-0.02645845966862701,0.20682779305596016,0.0,0.2145560683160336,-0.004873270565530774
Traditional,8,15,425.0,465.0,-0.05968307732208259,0.20794183991637505,0.0,0.21458493645143065,-0.011491071982949741
Traditional,9,15,475.0,465.0,-0.10607310457318089,0.20949049932303518,0.0,0.21462525939886432,-0.02073667746957386
Traditional,10,15,525.0,465.0,-0.17136735221971572,0.21164261795203038,0.0,0.21468196983673365,-0.033757164328573896
Traditional,11,15,575.0,465.0,-0.26276980086555146,0.21457769522649356,0.0,0.21476117210651932,-0.05196344246438667
Traditional,12,15,625.0,465.0,-0.3879174238285124,0.21842894994268885,0.0,0.21486917951342904,-0.07678516413445191
Traditional,13,15,675.0,465.0,-0.5545135004899967,0.22326863315921625,0.0,0.21501213931580723,-0.10956183776419937
Traditional,14,15,725.0,465.0,-0.7797132751298025,0.22928901921761874,0.0,0.21520376254576554,-0.15340304333458232
Traditional,15,15,775.0,465.0,-1.088578383259587,0.23601859922378896,0.0,0.21546251535756142,-0.21462439624597707
Traditional,16,15,825.0,465.0,-1.4449604633023534,0.24255193500043792,0.0,0.21574337770398086,-0.2599528514681537
Traditional,17,15,875.0,465.0,-1.8534614027269947,0.2487234264827279,0.0,0.2160515782498919,-0.36234474688492946
Traditional,18,15,925.0,465.0,-2.551921141820788,0.25956459785078334,0.0,0.2165337301241789,-0.8413799366351338
Traditional,19,15,975.0,465.0,-2.2803430639972446,0.262731538352352,0.0,0.2164271904248069,-0.4020001615666069
Traditional,0,16,25.0,495.0,0.03873283745390363,0.20464780571004929,0.0,0.21449953408821892,0.008019385380170219
Traditional,1,16,75.0,495.0,0.036752241560688244,0.20471480252061758,0.0,0.21450125194304465,0.0076297376992995325
Traditional,2,16,125.0,495.0,0.032748363430520525,0.20484992493273366,0.0,0.21450472429831197,0.00684172781070802
Traditional,3,16,175.0,495.0,0.026595038167126477,0.20505703343349913,0.0,0.21451006043692994,0.005629961410180684
Traditional,4,16,225.0,495.0,0.01797763965467736,0.20534633849619235,0.0,0.2145175340917062,0.003931213512775589
Traditional,5,16,275.0,495.0,0.006225104441024362,0.20574029062566485,0.0,0.21452773037541037,0.0016106950763150607
Traditional,6,16,325.0,495.0,-0.009882917514000089,0.2062804007348426,0.0,0.21454171443983397,-0.0015766952394524747
Traditional,7,16,375.0,495.0,-0.0323172720168829,0.20703384964868737,0.0,0.21456120622246533,-0.006026831857797177
Traditional,8,16,425.0,495.0,-0.06403167657835596,0.20809901825992153,0.0,0.21458877730462755,-0.012331951760230497
Traditional,9,16,475.0,495.0,-0.10918734117111377,0.20960762204464306,0.0,0.21462803149529863,-0.02132305861887729
Traditional,10,16,525.0,495.0,-0.17329496337177416,0.2117206884735457,0.0,0.21468369876877608,-0.034100227533168104
Traditional,11,16,575.0,495.0,-0.2631313858386911,0.2146096466450035,0.0,0.21476151893936338,-0.051997356562277774
Traditional,12,16,625.0,495.0,-0.3863593011282049,0.21842652295063028,0.0,0.21486785267927971,-0.07647065195384717
Traditional,13,16,675.0,495.0,-0.5516951473120824,0.223287726393658,0.0,0.21500973995064815,-0.10908131149228728
Traditional,14,16,725.0,495.0,-0.7712669666044283,0.22928142857508957,0.0,0.21519670116854317,-0.15188301334842502
Traditional,15,16,775.0,495.0,-1.0572257466213983,0.23628208095955264,0.0,0.2154373722694986,-0.20658939036510837
Traditional,16,16,825.0,495.0,-1.4075196970461943,0.24375448057596327,0.0,0.21572721428659464,-0.27211520768347097
Traditional,17,16,875.0,495.0,-1.8339435014073682,0.25151398724404234,0.0,0.21606965213374055,-0.3526749330900747
Traditional,18,16,925.0,495.0,-2.2820969166562333,0.2596093463929534,0.0,0.21640076415671533,-0.4301378781643439
Traditional,19,16,975.0,495.0,-2.219383400966266,0.2631033219468364,0.0,0.21638572449539922,-0.4005207061296978
Traditional,0,17,25.0,525.0,0.027290389384485778,0.20503706470052988,0.0,0.21450947859156066,0.005757205681772293
Traditional,1,17,75.0,525.0,0.025718454053211957,0.20508986292105003,0.0,0.21451084121646882,0.005447965383792441
Traditional,2,17,125.0,525.0,0.02249640261183679,0.20519797231640013,0.0,0.21451363439264837,0.004813829430183603
Traditional,3,17,175.0,525.0,0.01742402593066357,0.20536804076399834,0.0,0.21451803247691115,0.003814828386045077
Traditional,4,17,225.0,525.0,0.010083645548807457,0.20561412151684805,0.0,0.2145243996651643,0.002367488601051626
Traditional,5,17,275.0,525.0,-0.0003044707046132535,0.20596269783991125,0.0,0.2145334163427696,0.0003158961437987884
Traditional,6,17,325.0,525.0,-0.015058115164803342,0.20645870409549275,0.0,0.2145462324913276,-0.0026036296705278517
Traditional,7,17,375.0,525.0,-0.03622782466896251,0.20717151243005677,0.0,0.21456463566613845,-0.006801718452881245
Traditional,8,17,425.0,525.0,-0.06680336038458534,0.20819975174315988,0.0,0.21459122484959461,-0.01287732342583614
Traditional,9,17,475.0,525.0,-0.1108957295300197,0.20967282204338433,0.0,0.21462955524866328,-0.021653180123454296
Traditional,10,17,525.0,525.0,-0.17382988289994003,0.21174591674034837,0.0,0.21468419379731682,-0.034191366203528695
Traditional,11,17,575.0,525.0,-0.2620638947142698,0.2145845815253688,0.0,0.21476061033804467,-0.051762900846019644
Traditional,12,17,625.0,525.0,-0.3829089558279514,0.21833981512443143,0.0,0.21486488074322554,-0.07576048016857961
Traditional,13,17,675.0,525.0,-0.5442701304348745,0.22312099847741068,0.0,0.2150033857772212,-0.10759263938020514
Traditional,14,17,725.0,525.0,-0.7543430499670803,0.2289602667260994,0.0,0.21518242184102995,-0.14855237517899522
Traditional,15,17,775.0,525.0,-1.0184103672268203,0.23572110791050185,0.0,0.21540530797587237,-0.19914026148179498
Traditional,16,17,825.0,525.0,-1.3326714777113646,0.24303791594128396,0.0,0.2156671426784555,-0.2581054980138886
Traditional,17,17,875.0,525.0,-1.6865560598103067,0.2504593027759018,0.0,0.21595649125082694,-0.3238254391444151
Traditional,18,17,925.0,525.0,-2.038737038962398,0.25679680227232093,0.0,0.21623583490006087,-0.39067645332810375
Traditional,19,17,975.0,525.0,-2.1157922832075116,0.26104753544625303,0.0,0.21630343192431228,-0.37472036621941096
Traditional,0,18,25.0,555.0,0.020259380237465725,0.20527536859361523,0.0,0.21451558756003836,0.0043671107026743705
Traditional,1,18,75.0,555.0,0.018936530065698547,0.20531959646446535,0.0,0.2145167338994712,0.004106875476361793
Traditional,2,18,125.0,555.0,0.016190406652897595,0.20541141158396714,0.0,0.21451911406087015,0.0035663863845736277
Traditional,3,18,175.0,555.0,0.011776759138869122,0.20555909584020707,0.0,0.21452294104677505,0.0026969951731348196
Traditional,4,18,225.0,555.0,0.005218350823892281,0.2057789011251176,0.0,0.21452863125713661,0.001403528911092522
Traditional,5,18,275.0,555.0,-0.004327429960912094,0.20609961070069258,0.0,0.21453692005865155,-0.00048218484846596077
Traditional,6,18,325.0,555.0,-0.018233880461957307,0.20656803351118094,0.0,0.21454900548942168,-0.0032345204741823785
Traditional,7,18,375.0,555.0,-0.03859100505917333,0.2072545445888873,0.0,0.2145667082123298,-0.0072715432170022964
Traditional,8,18,425.0,555.0,-0.06839500337160379,0.20825742257175336,0.0,0.21459263054349792,-0.013193153150126147
Traditional,9,18,475.0,555.0,-0.11170440502184444,0.20970389915077328,0.0,0.21463027964339246,-0.02181152847333112
Traditional,10,18,525.0,555.0,-0.17370291494584827,0.21174498791157687,0.0,0.21468409954085682,-0.03415963483263673
Traditional,11,18,575.0,555.0,-0.26059208182516136,0.2145409102816253,0.0,0.21475934282902737,-0.05145659589145257
Traditional,12,18,625.0,555.0,-0.3792412646901831,0.218235931104787,0.0,0.2148617182809697,-0.07500829447387725
Traditional,13,18,675.0,555.0,-0.5365232468397263,0.2229243899908931,0.0,0.21499675487581102,-0.10602281966140548
Traditional,14,18,725.0,555.0,-0.7379734367787373,0.22860524657644837,0.0,0.21516858275976686,-0.14528415856931987
Traditional,15,18,775.0,555.0,-0.9846587589404266,0.23512433281557082,0.0,0.21537725446029293,-0.1925154718077915
Traditional,16,18,825.0,555.0,-1.268461544558946,0.2421433973884457,0.0,0.21561497177202932,-0.2456231927070729
Traditional,17,18,875.0,555.0,-1.5678767913812974,0.24915407840290982,0.0,0.21586315575794573,-0.30033619174418824
Traditional,18,18,925.0,555.0,-1.8339313269671316,0.25528348032098425,0.0,0.21608221592178198,-0.34796378391199756
Traditional,19,18,975.0,555.0,-1.9692298439664113,0.2589619540560001,0.0,0.2161968245583344,-0.371262992775373
Traditional,0,19,25.0,585.0,0.016919892894564196,0.20538836821515796,0.0,0.21451848876343868,0.0037069282633472866
Traditional,1,19,75.0,585.0,0.015714745396338402,0.20542856369648654,0.0,0.21451953295812815,0.003469838045500051
Traditional,2,19,125.0,585.0,0.01319344944303669,0.2055127135486426,0.0,0.21452171812117077,0.0029735645395434496
Traditional,3,19,175.0,585.0,0.009091315890811384,0.20564985609858755,0.0,0.21452527517709688,0.002165438035828249
Traditional,4,19,225.0,585.0,0.002903900983126834,0.20585724687410895,0.0,0.2145306443554648,0.0009449525324722874
Traditional,5,19,275.0,585.0,-0.00623999976336956,0.20616469988842384,0.0,0.214538585974991,-0.0008616460669963466
Traditional,6,19,325.0,585.0,-0.019738396523177625,0.20661982416318403,0.0,0.2145503193786594,-0.003533521942045148
Traditional,7,19,375.0,585.0,-0.03969691265776567,0.20729334781589265,0.0,0.21456767818454486,-0.007491705566881057
Traditional,8,19,425.0,585.0,-0.0691097806097474,0.20828322158846616,0.0,0.21459326197447393,-0.013335526093366523
Traditional,9,19,475.0,585.0,-0.11200338516448624,0.20971543298634354,0.0,0.21463054899247566,-0.021870516237698645
Traditional,10,19,525.0,585.0,-0.17348301834173502,0.21173873370258792,0.0,0.2146839153261153,-0.034113440315286514
Traditional,11,19,575.0,585.0,-0.2596017621849366,0.21451011411740475,0.0,0.21475848776570902,-0.05125316229606658
Traditional,12,19,625.0,585.0,-0.3769451163580548,0.21816885250466225,0.0,0.21485973802552488,-0.07453901502191274
Traditional,13,19,675.0,585.0,-0.5317580148960165,0.22279887854194885,0.0,0.21499267508277903,-0.10505806605040635
Traditional,14,19,725.0,585.0,-0.7282327062998879,0.22838127179437487,0.0,0.21516033466077622,-0.14334115202294107
Traditional,15,19,775.0,585.0,-0.9653739387261813,0.23474763228024925,0.0,0.21536115591890823,-0.18873994165388708
Traditional,16,19,825.0,585.0,-1.2325892319593896,0.24155773454535692,0.0,0.21558555237499988,-0.2387241175480781
Traditional,17,19,875.0,585.0,-1.504739168988671,0.24829283753432443,0.0,0.2158124806381673,-0.28833719407622693
Traditional,18,19,925.0,585.0,-1.735381557874851,0.25415532351498216,0.0,0.2160047653513127,-0.3295552357441556
Traditional,19,19,975.0,585.0,-1.8608382387415412,0.25790204812581413,0.0,0.21611147610476053,-0.35242665713847154
