system,eos,step,pvi,component,mass_rate_kg_s,total_mass_fraction,hydrocarbon_normalized_mass_fraction,reservoir_watercut
binary,PR,1,0.0025,H2O,5.026918245958532e-07,0.10285420297406796,0.0,0.004369562689632183
binary,PR,1,0.0025,Heavy_squalane,4.384729496656269e-06,0.897145797025932,1.0,0.004369562689632183
binary,PR,2,0.005,H2O,5.026917052343872e-07,0.10285417356027303,0.0,0.004369546235651843
binary,PR,2,0.005,Heavy_squalane,4.384729853209301e-06,0.8971458264397271,1.0,0.004369546235651843
binary,PR,3,0.0075,H2O,5.026916144748151e-07,0.10285414934811282,0.0,0.0043695390246449185
binary,PR,3,0.0075,Heavy_squalane,4.384730212071442e-06,0.8971458506518872,1.0,0.0043695390246449185
binary,PR,4,0.01,H2O,5.026915405645719e-07,0.1028541286666346,0.0,0.004369536273051139
binary,PR,4,0.01,Heavy_squalane,4.384730550131168e-06,0.8971458713333654,1.0,0.004369536273051139
binary,PR,5,0.0125,H2O,5.026914775122897e-07,0.10285411018410741,0.0,0.004369536353715349
binary,PR,5,0.0125,Heavy_squalane,4.38473087840989e-06,0.8971458898158926,1.0,0.004369536353715349
binary,PR,6,0.015,H2O,5.026914217704243e-07,0.10285409317249533,0.0,0.004369538377711134
binary,PR,6,0.015,Heavy_squalane,4.384731200558924e-06,0.8971459068275046,1.0,0.004369538377711134
binary,PR,7,0.0175,H2O,5.026913711388768e-07,0.10285407719709705,0.0,0.00436954181375062
binary,PR,7,0.0175,Heavy_squalane,4.38473151804402e-06,0.897145922802903,1.0,0.00436954181375062
binary,PR,8,0.02,H2O,5.026913243255037e-07,0.10285406197765196,0.0,0.004369546318889637
binary,PR,8,0.02,Heavy_squalane,4.384731832911865e-06,0.8971459380223481,1.0,0.004369546318889637
binary,PR,9,0.0225,H2O,5.026912803171535e-07,0.10285404732244223,0.0,0.004369551658210602
binary,PR,9,0.0225,Heavy_squalane,4.38473214543528e-06,0.8971459526775577,1.0,0.004369551658210602
binary,PR,10,0.025,H2O,5.026912385533565e-07,0.10285403309458366,0.0,0.004369557663728474
binary,PR,10,0.025,Heavy_squalane,4.384732457230027e-06,0.8971459669054164,1.0,0.004369557663728474
binary,PR,11,0.0275,H2O,5.026911984463049e-07,0.10285401919330546,0.0,0.004369564211607974
binary,PR,11,0.0275,Heavy_squalane,4.384732767957371e-06,0.8971459808066945,1.0,0.004369564211607974
binary,PR,12,0.03,H2O,5.026911599150772e-07,0.10285400554300672,0.0,0.0043695712080801235
binary,PR,12,0.03,Heavy_squalane,4.384733080503884e-06,0.8971459944569934,1.0,0.0043695712080801235
binary,PR,13,0.0325,H2O,5.026911223442778e-07,0.10285399208499091,0.0,0.004369578582429598
binary,PR,13,0.0325,Heavy_squalane,4.384733392290906e-06,0.8971460079150092,1.0,0.004369578582429598
binary,PR,14,0.035,H2O,5.026910856125357e-07,0.10285397877450765,0.0,0.004369586278306556
binary,PR,14,0.035,Heavy_squalane,4.384733704386232e-06,0.8971460212254925,1.0,0.004369586278306556
binary,PR,15,0.0375,H2O,5.026910497556442e-07,0.10285396557607221,0.0,0.0043695942517506395
binary,PR,15,0.0375,Heavy_squalane,4.384734018788232e-06,0.8971460344239278,1.0,0.0043695942517506395
binary,PR,16,0.04,H2O,5.026910141311804e-07,0.10285395246147336,0.0,0.004369602467720737
binary,PR,16,0.04,Heavy_squalane,4.384734331233905e-06,0.8971460475385267,1.0,0.004369602467720737
binary,PR,17,0.0425,H2O,5.026909792349823e-07,0.10285393940806171,0.0,0.004369610897985632
binary,PR,17,0.0425,Heavy_squalane,4.384734647124461e-06,0.8971460605919384,1.0,0.004369610897985632
binary,PR,18,0.045,H2O,5.026909445951492e-07,0.10285392639748304,0.0,0.00436961951958884
binary,PR,18,0.045,Heavy_squalane,4.384734963215898e-06,0.8971460736025169,1.0,0.00436961951958884
binary,PR,19,0.0475,H2O,5.026909103107004e-07,0.102853913414742,0.0,0.004369628313686651
binary,PR,19,0.0475,Heavy_squalane,4.384735281084463e-06,0.897146086585258,1.0,0.004369628313686651
binary,PR,20,0.05,H2O,5.026908762084414e-07,0.10285390044748825,0.0,0.004369637264690187
binary,PR,20,0.05,Heavy_squalane,4.384735599806328e-06,0.8971460995525118,1.0,0.004369637264690187
binary,PR,21,0.0525,H2O,5.026908422618674e-07,0.102853887485484,0.0,0.0043696463595948335
binary,PR,21,0.0525,Heavy_squalane,4.384735919636785e-06,0.8971461125145159,1.0,0.0043696463595948335
binary,PR,22,0.055,H2O,5.026908084495345e-07,0.10285387452018202,0.0,0.004369655587483066
binary,PR,22,0.055,Heavy_squalane,4.384736240794939e-06,0.897146125479818,1.0,0.004369655587483066
binary,PR,23,0.0575,H2O,5.026907748944625e-07,0.1028538615444129,0.0,0.00436966493911823
binary,PR,23,0.0575,Heavy_squalane,4.384736564694511e-06,0.8971461384555871,1.0,0.00436966493911823
binary,PR,24,0.06,H2O,5.026907411623964e-07,0.10285384855212419,0.0,0.004369674406653361
binary,PR,24,0.06,Heavy_squalane,4.384736887835299e-06,0.8971461514478759,1.0,0.004369674406653361
binary,PR,25,0.0625,H2O,5.02690707802944e-07,0.10285383553819265,0.0,0.004369683983368653
binary,PR,25,0.0625,Heavy_squalane,4.384737215254725e-06,0.8971461644618074,1.0,0.004369683983368653
binary,PR,26,0.065,H2O,5.026906742468501e-07,0.10285382249825648,0.0,0.004369693663497667
binary,PR,26,0.065,Heavy_squalane,4.384737542194706e-06,0.8971461775017435,1.0,0.004369693663497667
binary,PR,27,0.0675,H2O,5.026906407676517e-07,0.10285380942859716,0.0,0.00436970344205689
binary,PR,27,0.0675,Heavy_squalane,4.384737871217876e-06,0.8971461905714028,1.0,0.00436970344205689
binary,PR,28,0.07,H2O,5.026906072200531e-07,0.10285379632603163,0.0,0.004369713314729602
binary,PR,28,0.07,Heavy_squalane,4.384738201208143e-06,0.8971462036739684,1.0,0.004369713314729602
binary,PR,29,0.0725,H2O,5.026905736003051e-07,0.10285378318783325,0.0,0.004369723277756786
binary,PR,29,0.0725,Heavy_squalane,4.384738532262369e-06,0.8971462168121668,1.0,0.004369723277756786
binary,PR,30,0.075,H2O,5.026905401859569e-07,0.1028537700116594,0.0,0.004369733327862847
binary,PR,30,0.075,Heavy_squalane,4.384738866912805e-06,0.8971462299883406,1.0,0.004369733327862847
binary,PR,31,0.0775,H2O,5.026905065550426e-07,0.10285375679550081,0.0,0.004369743462173167
binary,PR,31,0.0775,Heavy_squalane,4.384739201574317e-06,0.8971462432044992,1.0,0.004369743462173167
binary,PR,32,0.08,H2O,5.026904728467544e-07,0.10285374353762657,0.0,0.0043697536781729975
binary,PR,32,0.08,Heavy_squalane,4.384739537543263e-06,0.8971462564623733,1.0,0.0043697536781729975
binary,PR,33,0.0825,H2O,5.026904393413126e-07,0.10285373023655575,0.0,0.004369763973641087
binary,PR,33,0.0825,Heavy_squalane,4.38473987733425e-06,0.8971462697634442,1.0,0.004369763973641087
binary,PR,34,0.085,H2O,5.026904054786011e-07,0.10285371689101211,0.0,0.004369774346628078
binary,PR,34,0.085,Heavy_squalane,4.384740216122288e-06,0.8971462831089879,1.0,0.004369774346628078
binary,PR,35,0.0875,H2O,5.026903716801061e-07,0.10285370349990935,0.0,0.0043697847954032405
binary,PR,35,0.0875,Heavy_squalane,4.384740557635426e-06,0.8971462965000907,1.0,0.0043697847954032405
binary,PR,36,0.09,H2O,5.026903378070469e-07,0.10285369006231355,0.0,0.004369795318445206
binary,PR,36,0.09,Heavy_squalane,4.384740900707524e-06,0.8971463099376865,1.0,0.004369795318445206
binary,PR,37,0.0925,H2O,5.026903037212946e-07,0.10285367657743803,0.0,0.0043698059143945185
binary,PR,37,0.0925,Heavy_squalane,4.384741244171128e-06,0.897146323422562,1.0,0.0043698059143945185
binary,PR,38,0.095,H2O,5.026902697051499e-07,0.10285366304460952,0.0,0.004369816582057476
binary,PR,38,0.095,Heavy_squalane,4.384741590520614e-06,0.8971463369553904,1.0,0.004369816582057476
binary,PR,39,0.0975,H2O,5.026902356211207e-07,0.10285364946327057,0.0,0.004369827320362363
binary,PR,39,0.0975,Heavy_squalane,4.384741938583192e-06,0.8971463505367295,1.0,0.004369827320362363
binary,PR,40,0.1,H2O,5.026902013316358e-07,0.10285363583294761,0.0,0.004369838128370428
binary,PR,40,0.1,Heavy_squalane,4.384742287181392e-06,0.8971463641670524,1.0,0.004369838128370428
binary,PR,41,0.1025,H2O,5.026901669800146e-07,0.10285362215326191,0.0,0.004369849005227764
binary,PR,41,0.1025,Heavy_squalane,4.384742637583321e-06,0.897146377846738,1.0,0.004369849005227764
binary,PR,42,0.105,H2O,5.026901325692499e-07,0.10285360842389642,0.0,0.004369859950191586
binary,PR,42,0.105,Heavy_squalane,4.384742989830156e-06,0.8971463915761037,1.0,0.004369859950191586
binary,PR,43,0.1075,H2O,5.026900979627586e-07,0.10285359464460958,0.0,0.004369870962583078
binary,PR,43,0.1075,Heavy_squalane,4.384743342742018e-06,0.8971464053553905,1.0,0.004369870962583078
binary,PR,44,0.11,H2O,5.026900634440953e-07,0.1028535808152056,0.0,0.004369882041813403
binary,PR,44,0.11,Heavy_squalane,4.384743698801535e-06,0.8971464191847943,1.0,0.004369882041813403
binary,PR,45,0.1125,H2O,5.026900287368105e-07,0.10285356693554966,0.0,0.0043698931873411735
binary,PR,45,0.1125,Heavy_squalane,4.384744055603768e-06,0.8971464330644504,1.0,0.0043698931873411735
binary,PR,46,0.115,H2O,5.026899939845838e-07,0.10285355300554072,0.0,0.004369904398697341
binary,PR,46,0.115,Heavy_squalane,4.384744414406772e-06,0.8971464469944593,1.0,0.004369904398697341
binary,PR,47,0.1175,H2O,5.026899590512425e-07,0.10285353902512642,0.0,0.004369915675450926
binary,PR,47,0.1175,Heavy_squalane,4.384744774025262e-06,0.8971464609748737,1.0,0.004369915675450926
binary,PR,48,0.12,H2O,5.026899240806994e-07,0.10285352499428162,0.0,0.004369927017225556
binary,PR,48,0.12,Heavy_squalane,4.384745135715721e-06,0.8971464750057184,1.0,0.004369927017225556
binary,PR,49,0.1225,H2O,5.026898889369077e-07,0.10285351091301836,0.0,0.004369938423675648
binary,PR,49,0.1225,Heavy_squalane,4.384745498290903e-06,0.8971464890869817,1.0,0.004369938423675648
binary,PR,50,0.125,H2O,5.026898537639463e-07,0.10285349678137079,0.0,0.004369949894499795
binary,PR,50,0.125,Heavy_squalane,4.384745863005922e-06,0.8971465032186292,1.0,0.004369949894499795
binary,PR,51,0.1275,H2O,5.026898184258201e-07,0.10285348259940026,0.0,0.004369961429421376
binary,PR,51,0.1275,Heavy_squalane,4.384746228671639e-06,0.8971465174005998,1.0,0.004369961429421376
binary,PR,52,0.13,H2O,5.026897830667764e-07,0.10285346836718784,0.0,0.0043699730281942855
binary,PR,52,0.13,Heavy_squalane,4.38474659654241e-06,0.8971465316328122,1.0,0.0043699730281942855
binary,PR,53,0.1325,H2O,5.026897475507322e-07,0.10285345408483017,0.0,0.004369984690602735
binary,PR,53,0.1325,Heavy_squalane,4.384746965426648e-06,0.8971465459151698,1.0,0.004369984690602735
binary,PR,54,0.135,H2O,5.026897120222147e-07,0.10285343975244948,0.0,0.004369996416437492
binary,PR,54,0.135,Heavy_squalane,4.384747336579196e-06,0.8971465602475506,1.0,0.004369996416437492
binary,PR,55,0.1375,H2O,5.026896763451487e-07,0.10285342537017128,0.0,0.004370008205525401
binary,PR,55,0.1375,Heavy_squalane,4.384747708807166e-06,0.8971465746298287,1.0,0.004370008205525401
binary,PR,56,0.14,H2O,5.026896405239613e-07,0.10285341093814448,0.0,0.004370020057695078
binary,PR,56,0.14,Heavy_squalane,4.384748082142099e-06,0.8971465890618556,1.0,0.004370020057695078
binary,PR,57,0.1425,H2O,5.026896045626313e-07,0.10285339645651526,0.0,0.00437003197281134
binary,PR,57,0.1425,Heavy_squalane,4.384748456611754e-06,0.8971466035434846,1.0,0.00437003197281134
binary,PR,58,0.145,H2O,5.026895686058292e-07,0.10285338192545548,0.0,0.004370043950725559
binary,PR,58,0.145,Heavy_squalane,4.384748833469865e-06,0.8971466180745445,1.0,0.004370043950725559
binary,PR,59,0.1475,H2O,5.026895325173282e-07,0.10285336734512579,0.0,0.0043700559913313125
binary,PR,59,0.1475,Heavy_squalane,4.384749211520551e-06,0.8971466326548743,1.0,0.0043700559913313125
binary,PR,60,0.15,H2O,5.026894964418915e-07,0.10285335271571572,0.0,0.004370068094499365
binary,PR,60,0.15,Heavy_squalane,4.384749592017515e-06,0.8971466472842843,1.0,0.004370068094499365
binary,PR,61,0.1525,H2O,5.026894601032498e-07,0.10285333803740154,0.0,0.004370080260139755
binary,PR,61,0.1525,Heavy_squalane,4.384749972542602e-06,0.8971466619625985,1.0,0.004370080260139755
binary,PR,62,0.155,H2O,5.026894236463468e-07,0.10285332331038885,0.0,0.0043700924881300745
binary,PR,62,0.155,Heavy_squalane,4.384750354350325e-06,0.8971466766896111,1.0,0.0043700924881300745
binary,PR,63,0.1575,H2O,5.026893872151775e-07,0.10285330853486013,0.0,0.004370104778399187
binary,PR,63,0.1575,Heavy_squalane,4.384750738688023e-06,0.8971466914651398,1.0,0.004370104778399187
binary,PR,64,0.16,H2O,5.026893506743178e-07,0.10285329371102561,0.0,0.0043701171308429656
binary,PR,64,0.16,Heavy_squalane,4.384751124364459e-06,0.8971467062889744,1.0,0.0043701171308429656
binary,PR,65,0.1625,H2O,5.026893140277787e-07,0.1028532788390784,0.0,0.004370129545393928
binary,PR,65,0.1625,Heavy_squalane,4.384751511405444e-06,0.8971467211609216,1.0,0.004370129545393928
binary,PR,66,0.165,H2O,5.026892772798771e-07,0.10285326391922309,0.0,0.004370142021973652
binary,PR,66,0.165,Heavy_squalane,4.384751899838912e-06,0.897146736080777,1.0,0.004370142021973652
binary,PR,67,0.1675,H2O,5.026892405751417e-07,0.10285324895166888,0.0,0.004370154560502666
binary,PR,67,0.1675,Heavy_squalane,4.384752290915587e-06,0.8971467510483312,1.0,0.004370154560502666
binary,PR,68,0.17,H2O,5.026892036373639e-07,0.10285323393661558,0.0,0.00437016716092151
binary,PR,68,0.17,Heavy_squalane,4.384752682216722e-06,0.8971467660633845,1.0,0.00437016716092151
binary,PR,69,0.1725,H2O,5.026891666110468e-07,0.10285321887427436,0.0,0.004370179823155245
binary,PR,69,0.1725,Heavy_squalane,4.384753074992724e-06,0.8971467811257255,1.0,0.004370179823155245
binary,PR,70,0.175,H2O,5.026891295006502e-07,0.10285320376485933,0.0,0.004370192547127671
binary,PR,70,0.175,Heavy_squalane,4.384753469272322e-06,0.8971467962351407,1.0,0.004370192547127671
binary,PR,71,0.1775,H2O,5.026890921705322e-07,0.10285318860858571,0.0,0.004370205332762381
binary,PR,71,0.1775,Heavy_squalane,4.384753863862141e-06,0.8971468113914143,1.0,0.004370205332762381
binary,PR,72,0.18,H2O,5.026890550444739e-07,0.10285317340563815,0.0,0.0043702181800311215
binary,PR,72,0.18,Heavy_squalane,4.384754262449877e-06,0.897146826594362,1.0,0.0043702181800311215
binary,PR,73,0.1825,H2O,5.026890175671697e-07,0.10285315815625232,0.0,0.0043702310888260884
binary,PR,73,0.1825,Heavy_squalane,4.384754660180628e-06,0.8971468418437477,1.0,0.0043702310888260884
binary,PR,74,0.185,H2O,5.026889801626088e-07,0.10285314286061865,0.0,0.004370244059108774
binary,PR,74,0.185,Heavy_squalane,4.384755060743631e-06,0.8971468571393814,1.0,0.004370244059108774
binary,PR,75,0.1875,H2O,5.026889425548746e-07,0.1028531275189471,0.0,0.0043702570908088325
binary,PR,75,0.1875,Heavy_squalane,4.384755461722202e-06,0.897146872481053,1.0,0.0043702570908088325
binary,PR,76,0.19,H2O,5.026889050279969e-07,0.10285311213143189,0.0,0.004370270183879678
binary,PR,76,0.19,Heavy_squalane,4.384755865584591e-06,0.8971468878685681,1.0,0.004370270183879678
binary,PR,77,0.1925,H2O,5.026888673069617e-07,0.10285309669830785,0.0,0.004370283338207111
binary,PR,77,0.1925,Heavy_squalane,4.384756269920802e-06,0.8971469033016921,1.0,0.004370283338207111
binary,PR,78,0.195,H2O,5.026888293946603e-07,0.10285308121974117,0.0,0.00437029655378287
binary,PR,78,0.195,Heavy_squalane,4.38475667474816e-06,0.8971469187802589,1.0,0.00437029655378287
binary,PR,79,0.1975,H2O,5.026887915757156e-07,0.10285306569594022,0.0,0.0043703098305282635
binary,PR,79,0.1975,Heavy_squalane,4.384757082539416e-06,0.8971469343040598,1.0,0.0043703098305282635
binary,PR,80,0.2,H2O,5.02688753574491e-07,0.1028530501271192,0.0,0.004370323168354264
binary,PR,80,0.2,Heavy_squalane,4.384757490880124e-06,0.8971469498728808,1.0,0.004370323168354264
binary,PR,81,0.2025,H2O,5.02688715534827e-07,0.10285303451346478,0.0,0.004370336567208869
binary,PR,81,0.2025,Heavy_squalane,4.384757901016079e-06,0.8971469654865353,1.0,0.004370336567208869
binary,PR,82,0.205,H2O,5.026886773201835e-07,0.10285301885515861,0.0,0.004370350027045381
binary,PR,82,0.205,Heavy_squalane,4.384758311747664e-06,0.8971469811448415,1.0,0.004370350027045381
binary,PR,83,0.2075,H2O,5.026886390748834e-07,0.1028530031523991,0.0,0.004370363547786274
binary,PR,83,0.2075,Heavy_squalane,4.384758724324324e-06,0.8971469968476009,1.0,0.004370363547786274
binary,PR,84,0.21,H2O,5.026886008039632e-07,0.10285298740540799,0.0,0.00437037712931546
binary,PR,84,0.21,Heavy_squalane,4.384759138779456e-06,0.897147012594592,1.0,0.00437037712931546
binary,PR,85,0.2125,H2O,5.02688562369756e-07,0.10285297161433037,0.0,0.004370390771631165
binary,PR,85,0.2125,Heavy_squalane,4.384759553905351e-06,0.8971470283856696,1.0,0.004370390771631165
binary,PR,86,0.215,H2O,5.026885240571329e-07,0.10285295577937592,0.0,0.004370404474635083
binary,PR,86,0.215,Heavy_squalane,4.384759972176866e-06,0.8971470442206241,1.0,0.004370404474635083
binary,PR,87,0.2175,H2O,5.026884854498186e-07,0.10285293990073997,0.0,0.004370418238255997
binary,PR,87,0.2175,Heavy_squalane,4.384760389953713e-06,0.89714706009926,1.0,0.004370418238255997
binary,PR,88,0.22,H2O,5.02688446832454e-07,0.10285292397863927,0.0,0.004370432062426206
binary,PR,88,0.22,Heavy_squalane,4.384760809708405e-06,0.8971470760213608,1.0,0.004370432062426206
binary,PR,89,0.2225,H2O,5.026884082075673e-07,0.10285290801326881,0.0,0.004370445947212954
binary,PR,89,0.2225,Heavy_squalane,4.384761231453731e-06,0.8971470919867313,1.0,0.004370445947212954
binary,PR,90,0.225,H2O,5.026883693003471e-07,0.10285289200500518,0.0,0.004370459892697441
binary,PR,90,0.225,Heavy_squalane,4.384761652774721e-06,0.8971471079949949,1.0,0.004370459892697441
binary,PR,91,0.2275,H2O,5.02688330396952e-07,0.10285287595451484,0.0,0.0043704738993513015
binary,PR,91,0.2275,Heavy_squalane,4.384762076135759e-06,0.8971471240454851,1.0,0.0043704738993513015
binary,PR,92,0.23,H2O,5.026882915041135e-07,0.10285285986326169,0.0,0.004370487968771663
binary,PR,92,0.23,Heavy_squalane,4.384762501526e-06,0.8971471401367382,1.0,0.004370487968771663
binary,PR,93,0.2325,H2O,5.02688252496328e-07,0.10285284373511165,0.0,0.004370502105457828
binary,PR,93,0.2325,Heavy_squalane,4.384762927667021e-06,0.8971471562648884,1.0,0.004370502105457828
binary,PR,94,0.235,H2O,5.026882135491129e-07,0.10285282758062275,0.0,0.004370516322101459
binary,PR,94,0.235,Heavy_squalane,4.384763355588091e-06,0.8971471724193774,1.0,0.004370516322101459
binary,PR,95,0.2375,H2O,5.026881747533953e-07,0.10285281142900801,0.0,0.004370530654444452
binary,PR,95,0.2375,Heavy_squalane,4.384763784694162e-06,0.8971471885709921,1.0,0.004370530654444452
binary,PR,96,0.24,H2O,5.026881364928618e-07,0.10285279536158094,0.0,0.004370545202823672
binary,PR,96,0.24,Heavy_squalane,4.384764214468064e-06,0.897147204638419,1.0,0.004370545202823672
binary,PR,97,0.2425,H2O,5.026880998693519e-07,0.10285277960560732,0.0,0.004370560247609109
binary,PR,97,0.2425,Heavy_squalane,4.384764643721318e-06,0.8971472203943927,1.0,0.004370560247609109
binary,PR,98,0.245,H2O,5.026880678975084e-07,0.10285276479572389,0.0,0.0043705765725659046
binary,PR,98,0.245,Heavy_squalane,4.384765068592291e-06,0.8971472352042761,1.0,0.0043705765725659046
binary,PR,99,0.2475,H2O,5.026880489382449e-07,0.1028527527036508,0.0,0.004370596366479101
binary,PR,99,0.2475,Heavy_squalane,4.384765477819934e-06,0.8971472472963492,1.0,0.004370596366479101
binary,PR,100,0.25,H2O,5.026880673786584e-07,0.10285274827262432,0.0,0.004370625736942716
binary,PR,100,0.25,Heavy_squalane,4.384765849226658e-06,0.8971472517273756,1.0,0.004370625736942716
binary,PR,101,0.2525,H2O,5.0268818934184e-07,0.10285276528707159,0.0,0.0043706817154900235
binary,PR,101,0.2525,Heavy_squalane,4.384766104558676e-06,0.8971472347129283,1.0,0.0043706817154900235
binary,PR,102,0.255,H2O,5.02688600083292e-07,0.10285284215772648,0.0,0.00437081176195645
binary,PR,102,0.255,Heavy_squalane,4.384766034494633e-06,0.8971471578422736,1.0,0.00437081176195645
binary,PR,103,0.2575,H2O,5.026898156112967e-07,0.10285308584685994,0.0,0.0043711480391046805
binary,PR,103,0.2575,Heavy_squalane,4.384765057252332e-06,0.8971469141531401,1.0,0.0043711480391046805
binary,PR,104,0.26,H2O,5.02693272609645e-07,0.10285379412446469,0.0,0.0043720584734876795
binary,PR,104,0.26,Heavy_squalane,4.384761554786702e-06,0.8971462058755354,1.0,0.0043720584734876795
binary,PR,105,0.2625,H2O,5.027029648717461e-07,0.10285579497333731,0.0,0.004374566126629621
binary,PR,105,0.2625,Heavy_squalane,4.384751018659845e-06,0.8971442050266626,1.0,0.004374566126629621
binary,PR,106,0.265,H2O,5.027299911092407e-07,0.10286138914486306,0.0,0.004381513822913688
binary,PR,106,0.265,Heavy_squalane,4.384720929869764e-06,0.897138610855137,1.0,0.004381513822913688
binary,PR,107,0.2675,H2O,5.028051432687857e-07,0.10287695985926695,0.0,0.004400788681610971
binary,PR,107,0.2675,Heavy_squalane,4.38463655365354e-06,0.8971230401407331,1.0,0.004400788681610971
binary,PR,108,0.27,H2O,5.030131425225705e-07,0.10292007000725593,0.0,0.004454091153359287
binary,PR,108,0.27,Heavy_squalane,4.384402329378175e-06,0.897079929992744,1.0,0.004454091153359287
binary,PR,109,0.2725,H2O,5.035821041962101e-07,0.10303800924319961,0.0,0.004599849426114647
binary,PR,109,0.2725,Heavy_squalane,4.383761002439421e-06,0.8969619907568004,1.0,0.004599849426114647
binary,PR,110,0.275,H2O,5.050914009369986e-07,0.10335089107940727,0.0,0.004986452602630289
binary,PR,110,0.275,Heavy_squalane,4.382059504698864e-06,0.8966491089205927,1.0,0.004986452602630289
binary,PR,111,0.2775,H2O,5.088366993499741e-07,0.10412740142999563,0.0,0.005945739715811184
binary,PR,111,0.2775,Heavy_squalane,4.377837628080186e-06,0.8958725985700043,1.0,0.005945739715811184
binary,PR,112,0.28,H2O,5.171207956282202e-07,0.10584554878771996,0.0,0.008067596274286028
binary,PR,112,0.28,Heavy_squalane,4.368496044673106e-06,0.89415445121228,1.0,0.008067596274286028
binary,PR,113,0.2825,H2O,5.329537000410097e-07,0.10913159870124581,0.0,0.012123164540993483
binary,PR,113,0.2825,Heavy_squalane,4.35063369704278e-06,0.8908684012987541,1.0,0.012123164540993483
binary,PR,114,0.285,H2O,5.592115595120822e-07,0.11458731827945502,0.0,0.018849037303891595
binary,PR,114,0.285,Heavy_squalane,4.321010509637661e-06,0.885412681720545,1.0,0.018849037303891595
binary,PR,115,0.2875,H2O,5.980070358254882e-07,0.122661730562026,0.0,0.02878626567863438
binary,PR,115,0.2875,Heavy_squalane,4.277246501569337e-06,0.877338269437974,1.0,0.02878626567863438
binary,PR,116,0.29,H2O,6.501456988632284e-07,0.13353915748982373,0.0,0.04214122457932253
binary,PR,116,0.29,Heavy_squalane,4.218431511628551e-06,0.8664608425101763,1.0,0.04214122457932253
binary,PR,117,0.2925,H2O,7.145277565928983e-07,0.1470120933542513,0.0,0.058632228402258714
binary,PR,117,0.2925,Heavy_squalane,4.145805432943549e-06,0.8529879066457486,1.0,0.058632228402258714
binary,PR,118,0.295,H2O,7.884667861593327e-07,0.162541475529754,0.0,0.0775711782769666
binary,PR,118,0.295,Heavy_squalane,4.062398407413984e-06,0.837458524470246,1.0,0.0775711782769666
binary,PR,119,0.2975,H2O,8.68717526197761e-07,0.1794652587917688,0.0,0.0981268237877723
binary,PR,119,0.2975,Heavy_squalane,3.971871298883547e-06,0.8205347412082312,1.0,0.0981268237877723
binary,PR,120,0.3,H2O,9.522663079410925e-07,0.19716107152661738,0.0,0.11952723214869782
binary,PR,120,0.3,Heavy_squalane,3.877623794439151e-06,0.8028389284733826,1.0,0.11952723214869782
binary,PR,121,0.3025,H2O,1.036678143776351e-06,0.21511947334650486,0.0,0.14114869684994097
binary,PR,121,0.3025,Heavy_squalane,3.782402749502502e-06,0.7848805266534952,1.0,0.14114869684994097
binary,PR,122,0.305,H2O,1.120154154200541e-06,0.23295818161288628,0.0,0.16253044800029756
binary,PR,122,0.305,Heavy_squalane,3.688237405371019e-06,0.7670418183871137,1.0,0.16253044800029756
binary,PR,123,0.3075,H2O,1.201458144703209e-06,0.25040914008499204,0.0,0.18335584427309817
binary,PR,123,0.3075,Heavy_squalane,3.596522249684228e-06,0.7495908599150081,1.0,0.18335584427309817
binary,PR,124,0.31,H2O,1.27979878885562e-06,0.26729584249745064,0.0,0.2034221939742903
binary,PR,124,0.31,Heavy_squalane,3.508149938284893e-06,0.7327041575025494,1.0,0.2034221939742903
binary,PR,125,0.3125,H2O,1.354717587273653e-06,0.2835112737998949,0.0,0.22261205696139
binary,PR,125,0.3125,Heavy_squalane,3.423637675698451e-06,0.7164887262001052,1.0,0.22261205696139
binary,PR,126,0.315,H2O,1.426003843295758e-06,0.2990010438039794,0.0,0.24087146607197438
binary,PR,126,0.315,Heavy_squalane,3.343223130475694e-06,0.7009989561960206,1.0,0.24087146607197438
binary,PR,127,0.3175,H2O,1.493629439250724e-06,0.3137502935816658,0.0,0.25819321951221197
binary,PR,127,0.3175,Heavy_squalane,3.26693802412903e-06,0.6862497064183342,1.0,0.25819321951221197
binary,PR,128,0.32,H2O,1.55768165372399e-06,0.3277697470070625,0.0,0.2745996740141351
binary,PR,128,0.32,Heavy_squalane,3.19468389540775e-06,0.6722302529929376,1.0,0.2745996740141351
binary,PR,129,0.3225,H2O,1.618297270602093e-06,0.3410816515383544,0.0,0.2901258663298568
binary,PR,129,0.3225,Heavy_squalane,3.12630644321016e-06,0.6589183484616457,1.0,0.2901258663298568
binary,PR,130,0.325,H2O,1.675620242898359e-06,0.3537105829577605,0.0,0.3048086692844337
binary,PR,130,0.325,Heavy_squalane,3.061643281666465e-06,0.6462894170422394,1.0,0.3048086692844337
binary,PR,131,0.3275,H2O,1.729792657550526e-06,0.3656814290793822,0.0,0.31868447818045686
binary,PR,131,0.3275,Heavy_squalane,3.000534124165868e-06,0.6343185709206177,1.0,0.31868447818045686
binary,PR,132,0.33,H2O,1.780967793982465e-06,0.37702223828574327,0.0,0.3317925544522043
binary,PR,132,0.33,Heavy_squalane,2.942806066361227e-06,0.6229777617142567,1.0,0.3317925544522043
binary,PR,133,0.3325,H2O,1.8293257786026e-06,0.3877676950124104,0.0,0.34417903665439337
binary,PR,133,0.3325,Heavy_squalane,2.888255913044129e-06,0.6122323049875896,1.0,0.34417903665439337
binary,PR,134,0.335,H2O,1.875078338204578e-06,0.3979602096422823,0.0,0.3558981571139306
binary,PR,134,0.335,Heavy_squalane,2.836644826003333e-06,0.6020397903577177,1.0,0.3558981571139306
binary,PR,135,0.3375,H2O,1.918459446026739e-06,0.40764786082533205,0.0,0.36700984668654585
binary,PR,135,0.3375,Heavy_squalane,2.787708868318362e-06,0.592352139174668,1.0,0.36700984668654585
binary,PR,136,0.34,H2O,1.9597074030125e-06,0.4168803799640017,0.0,0.3775751444734778
binary,PR,136,0.34,Heavy_squalane,2.741179223462279e-06,0.5831196200359983,1.0,0.3775751444734778
binary,PR,137,0.3425,H2O,1.999045356815879e-06,0.42570473053244945,0.0,0.38765120815183846
binary,PR,137,0.3425,Heavy_squalane,2.696804168547808e-06,0.5742952694675505,1.0,0.38765120815183846
binary,PR,138,0.345,H2O,2.036665746226726e-06,0.4341615206709936,0.0,0.39728732960577107
binary,PR,138,0.345,Heavy_squalane,2.654366621356365e-06,0.5658384793290064,1.0,0.39728732960577107
binary,PR,139,0.3475,H2O,2.0727220871908e-06,0.4422830390852403,0.0,0.4065228309068235
binary,PR,139,0.3475,Heavy_squalane,2.613693407008896e-06,0.5577169609147596,1.0,0.4065228309068235
binary,PR,140,0.35,H2O,2.107327731428001e-06,0.4500928571935054,0.0,0.415386746322979
binary,PR,140,0.35,Heavy_squalane,2.574656658566466e-06,0.5499071428064947,1.0,0.415386746322979
binary,PR,141,0.3525,H2O,2.140559486644217e-06,0.4576065407528128,0.0,0.4238987496677079
binary,PR,141,0.3525,Heavy_squalane,2.537169732703834e-06,0.5423934592471873,1.0,0.4238987496677079
binary,PR,142,0.355,H2O,2.172464421055109e-06,0.4648331028451231,0.0,0.4320708972487854
binary,PR,142,0.355,Heavy_squalane,2.501179533641785e-06,0.535166897154877,1.0,0.4320708972487854
binary,PR,143,0.3575,H2O,2.203068564306033e-06,0.4717769120255134,0.0,0.439909856532866
binary,PR,143,0.3575,Heavy_squalane,2.466656698101239e-06,0.5282230879744866,1.0,0.439909856532866
binary,PR,144,0.36,H2O,2.232386499919983e-06,0.4784398290909228,0.0,0.4474193629704863
binary,PR,144,0.36,Heavy_squalane,2.433584776262669e-06,0.5215601709090771,1.0,0.4474193629704863
binary,PR,145,0.3625,H2O,2.260431713687834e-06,0.4848235418944996,0.0,0.4546028714551906
binary,PR,145,0.3625,Heavy_squalane,2.401948551212167e-06,0.5151764581055003,1.0,0.4546028714551906
binary,PR,146,0.365,H2O,2.287226845611466e-06,0.4909318991799003,0.0,0.46146618041411996
binary,PR,146,0.365,Heavy_squalane,2.371722490197164e-06,0.5090681008200996,1.0,0.46146618041411996
binary,PR,147,0.3675,H2O,2.312813135183078e-06,0.4967730842278294,0.0,0.4680198539419292
binary,PR,147,0.3675,Heavy_squalane,2.342860065747387e-06,0.5032269157721706,1.0,0.4680198539419292
binary,PR,148,0.37,H2O,2.337255897346877e-06,0.5023608905157245,0.0,0.4742806212196671
binary,PR,148,0.37,Heavy_squalane,2.315287605686264e-06,0.49763910948427553,1.0,0.4742806212196671
binary,PR,149,0.3725,H2O,2.360645189105031e-06,0.5077149071077524,0.0,0.480271550194524
binary,PR,149,0.3725,Heavy_squalane,2.288903516393252e-06,0.4922850928922476,1.0,0.480271550194524
binary,PR,150,0.375,H2O,2.383091887199628e-06,0.5128596441026038,0.0,0.4860210409691271
binary,PR,150,0.375,Heavy_squalane,2.263582723686429e-06,0.4871403558973963,1.0,0.4860210409691271
binary,PR,151,0.3775,H2O,2.40472012516758e-06,0.517822814664989,0.0,0.4915608894371553
binary,PR,151,0.3775,Heavy_squalane,2.239185197395968e-06,0.482177185335011,1.0,0.4915608894371553
binary,PR,152,0.38,H2O,2.425657923631222e-06,0.5226331866511027,0.0,0.4969238867907883
binary,PR,152,0.38,Heavy_squalane,2.215566525153223e-06,0.47736681334889736,1.0,0.4969238867907883
binary,PR,153,0.3825,H2O,2.446027959699916e-06,0.5273184527394742,0.0,0.5021414557480455
binary,PR,153,0.3825,Heavy_squalane,2.192588320448344e-06,0.4726815472605257,1.0,0.5021414557480455
binary,PR,154,0.385,H2O,2.46594001118056e-06,0.5319034737681563,0.0,0.5072417155927371
binary,PR,154,0.385,Heavy_squalane,2.170126743020416e-06,0.46809652623184383,1.0,0.5072417155927371
binary,PR,155,0.3875,H2O,2.48548589295338e-06,0.5364090857839207,0.0,0.5122481832615485
binary,PR,155,0.3875,Heavy_squalane,2.148078225970955e-06,0.46359091421607945,1.0,0.5122481832615485
binary,PR,156,0.39,H2O,2.504736764493595e-06,0.5408514533228571,0.0,0.5171790860932269
binary,PR,156,0.39,Heavy_squalane,2.126362494101559e-06,0.4591485466771429,1.0,0.5171790860932269
binary,PR,157,0.3925,H2O,2.523743019585875e-06,0.5452420138662702,0.0,0.5220473318322496
binary,PR,157,0.3925,Heavy_squalane,2.104922702063494e-06,0.4547579861337298,1.0,0.5220473318322496
binary,PR,158,0.395,H2O,2.542535324013869e-06,0.5495876915264597,0.0,0.5268607751787243
binary,PR,158,0.395,Heavy_squalane,2.083724257877548e-06,0.45041230847354014,1.0,0.5268607751787243
binary,PR,159,0.3975,H2O,2.561126233314692e-06,0.553891247192375,0.0,0.5316226324069107
binary,PR,159,0.3975,Heavy_squalane,2.06275299622145e-06,0.44610875280762496,1.0,0.5316226324069107
binary,PR,160,0.4,H2O,2.579512273069319e-06,0.5581517379099183,0.0,0.536332013266643
binary,PR,160,0.4,Heavy_squalane,2.042012838952519e-06,0.4418482620900816,1.0,0.536332013266643
binary,PR,161,0.4025,H2O,2.597676288042324e-06,0.5623650442588439,0.0,0.5409845240233031
binary,PR,161,0.4025,Heavy_squalane,2.021523135111496e-06,0.43763495574115613,1.0,0.5409845240233031
binary,PR,162,0.405,H2O,2.615590060070841e-06,0.5665244614524001,0.0,0.5455729365172158
binary,PR,162,0.405,Heavy_squalane,2.001315719011048e-06,0.43347553854759985,1.0,0.5455729365172158
binary,PR,163,0.4075,H2O,2.633217240602901e-06,0.5706213703936719,0.0,0.5500879407009374
binary,PR,163,0.4075,Heavy_squalane,1.981431591750229e-06,0.42937862960632805,1.0,0.5500879407009374
binary,PR,164,0.41,H2O,2.65051661085454e-06,0.5746459875214955,0.0,0.5545189788394076
binary,PR,164,0.41,Heavy_squalane,1.961917250010787e-06,0.42535401247850446,1.0,0.5545189788394076
binary,PR,165,0.4125,H2O,2.667445503811433e-06,0.5785881577342499,0.0,0.5588551216672683
binary,PR,165,0.4125,Heavy_squalane,1.942820828387872e-06,0.4214118422657501,1.0,0.5588551216672683
binary,PR,166,0.415,H2O,2.683963147507543e-06,0.5824381357746163,0.0,0.563085926448223
binary,PR,166,0.415,Heavy_squalane,1.924188315545256e-06,0.4175618642253837,1.0,0.563085926448223
binary,PR,167,0.4175,H2O,2.700009639533416e-06,0.5861854542797044,0.0,0.5672001902943827
binary,PR,167,0.4175,Heavy_squalane,1.906057638016393e-06,0.41381454572029563,1.0,0.5672001902943827
binary,PR,168,0.42,H2O,2.715622441361262e-06,0.5898272552763122,0.0,0.5711950863619915
binary,PR,168,0.42,Heavy_squalane,1.888475482341999e-06,0.4101727447236879,1.0,0.5711950863619915
binary,PR,169,0.4225,H2O,2.730721527189856e-06,0.593355888483475,0.0,0.5750625390447821
binary,PR,169,0.4225,Heavy_squalane,1.871443177316834e-06,0.4066441115165251,1.0,0.5750625390447821
binary,PR,170,0.425,H2O,2.745310907725663e-06,0.5967682207203598,0.0,0.5787994352530723
binary,PR,170,0.425,Heavy_squalane,1.854985844691538e-06,0.4032317792796401,1.0,0.5787994352530723
binary,PR,171,0.4275,H2O,2.759365851192509e-06,0.6000619820378994,0.0,0.5824036060802857
binary,PR,171,0.4275,Heavy_squalane,1.839102196760294e-06,0.39993801796210066,1.0,0.5824036060802857
binary,PR,172,0.43,H2O,2.772947828585844e-06,0.6032398607256446,0.0,0.5858782981032086
binary,PR,172,0.43,Heavy_squalane,1.823810457993944e-06,0.39676013927435544,1.0,0.5858782981032086
binary,PR,173,0.4325,H2O,2.786010074178762e-06,0.6063020672808052,0.0,0.5892240314600586
binary,PR,173,0.4325,Heavy_squalane,1.8090758153906e-06,0.39369793271919473,1.0,0.5892240314600586
binary,PR,174,0.435,H2O,2.798583256856064e-06,0.6092517265876165,0.0,0.5924444953834143
binary,PR,174,0.435,Heavy_squalane,1.794892862663147e-06,0.3907482734123835,1.0,0.5924444953834143
binary,PR,175,0.4375,H2O,2.810670543549352e-06,0.6120928179044554,0.0,0.5955442907734853
binary,PR,175,0.4375,Heavy_squalane,1.781231960995447e-06,0.3879071820955447,1.0,0.5955442907734853
binary,PR,176,0.44,H2O,2.822340403462979e-06,0.6148307801681316,0.0,0.5985295879190442
binary,PR,176,0.44,Heavy_squalane,1.768094061596141e-06,0.38516921983186825,1.0,0.5985295879190442
binary,PR,177,0.4425,H2O,2.833571879858111e-06,0.6174709172780022,0.0,0.6014063855703364
binary,PR,177,0.4425,Heavy_squalane,1.755424622761558e-06,0.3825290827219978,1.0,0.6014063855703364
binary,PR,178,0.445,H2O,2.844409308238285e-06,0.6200199950641822,0.0,0.6041822513976365
binary,PR,178,0.445,Heavy_squalane,1.743199689668052e-06,0.37998000493581774,1.0,0.6041822513976365
binary,PR,179,0.4475,H2O,2.854885115345227e-06,0.6224854806057998,0.0,0.6068654910915988
binary,PR,179,0.4475,Heavy_squalane,1.731382684133192e-06,0.37751451939420033,1.0,0.6068654910915988
binary,PR,180,0.45,H2O,2.86503450609009e-06,0.6248755185159288,0.0,0.6094651220168755
binary,PR,180,0.45,Heavy_squalane,1.719933893527341e-06,0.3751244814840713,1.0,0.6094651220168755
binary,PR,181,0.4525,H2O,2.874895146227038e-06,0.627198856923592,0.0,0.6119907923465534
binary,PR,181,0.4525,Heavy_squalane,1.708810825955991e-06,0.37280114307640794,1.0,0.6119907923465534
binary,PR,182,0.455,H2O,2.884506664563628e-06,0.6294647289865842,0.0,0.6144526521606957
binary,PR,182,0.455,Heavy_squalane,1.697968781213264e-06,0.37053527101341577,1.0,0.6144526521606957
binary,PR,183,0.4575,H2O,2.893909950519875e-06,0.6316826883364385,0.0,0.6168611748781492
binary,PR,183,0.4575,Heavy_squalane,1.687361634017454e-06,0.36831731166356163,1.0,0.6168611748781492
binary,PR,184,0.46,H2O,2.903146294263408e-06,0.6338624055958528,0.0,0.6192269368747475
binary,PR,184,0.46,Heavy_squalane,1.676942804938412e-06,0.3661375944041472,1.0,0.6192269368747475
binary,PR,185,0.4625,H2O,2.912256430979982e-06,0.6360134413819417,0.0,0.6215603720873526
binary,PR,185,0.4625,Heavy_squalane,1.666666342495021e-06,0.36398655861805823,1.0,0.6215603720873526
binary,PR,186,0.465,H2O,2.92127957026731e-06,0.6381450154210132,0.0,0.6238715229183242
binary,PR,186,0.465,Heavy_squalane,1.656488021225995e-06,0.3618549845789867,1.0,0.6238715229183242
binary,PR,187,0.4675,H2O,2.930252474588189e-06,0.6402657897335821,0.0,0.626169806889531
binary,PR,187,0.4675,Heavy_squalane,1.646366363359536e-06,0.3597342102664179,1.0,0.626169806889531
binary,PR,188,0.47,H2O,2.939208675614621e-06,0.6423836781464921,0.0,0.6284638122715316
binary,PR,188,0.47,Heavy_squalane,1.636263546991182e-06,0.35761632185350795,1.0,0.6284638122715316
binary,PR,189,0.4725,H2O,2.948177824300723e-06,0.6445056925618382,0.0,0.6307611339087912
binary,PR,189,0.4725,Heavy_squalane,1.626146123998392e-06,0.35549430743816185,1.0,0.6307611339087912
binary,PR,190,0.475,H2O,2.957185211623873e-06,0.6466378266544449,0.0,0.633068249878401
binary,PR,190,0.475,Heavy_squalane,1.61598556454873e-06,0.3533621733455551,1.0,0.633068249878401
binary,PR,191,0.4775,H2O,2.966251435285544e-06,0.6487849743167309,0.0,0.6353904359995778
binary,PR,191,0.4775,Heavy_squalane,1.605758633858639e-06,0.351215025683269,1.0,0.6353904359995778
binary,PR,192,0.48,H2O,2.975392191539397e-06,0.6509508778201343,0.0,0.6377317126833294
binary,PR,192,0.48,Heavy_squalane,1.595447625903071e-06,0.34904912217986567,1.0,0.6377317126833294
binary,PR,193,0.4825,H2O,2.984602709895378e-06,0.653138093656341,0.0,0.6400948110593707
binary,PR,193,0.4825,Heavy_squalane,1.585032316576947e-06,0.34686190634365893,1.0,0.6400948110593707
binary,PR,194,0.485,H2O,2.993933814448851e-06,0.6553477280102021,0.0,0.6424808905660343
binary,PR,194,0.485,Heavy_squalane,1.574532186858844e-06,0.34465227198979786,1.0,0.6424808905660343
binary,PR,195,0.4875,H2O,3.003323564456563e-06,0.6575801295074077,0.0,0.6448902904256387
binary,PR,195,0.4875,Heavy_squalane,1.563912320098446e-06,0.3424198704925922,1.0,0.6448902904256387
binary,PR,196,0.49,H2O,3.01283454589165e-06,0.6598344422045932,0.0,0.6473220496924819
binary,PR,196,0.49,Heavy_squalane,1.553211651735402e-06,0.3401655577954067,1.0,0.6473220496924819
binary,PR,197,0.4925,H2O,3.022388346932955e-06,0.6621085817250254,0.0,0.6497738850077235
binary,PR,197,0.4925,Heavy_squalane,1.542404242008532e-06,0.33789141827497454,1.0,0.6497738850077235
binary,PR,198,0.495,H2O,3.03204628658491e-06,0.6643998622928247,0.0,0.6522428697047581
binary,PR,198,0.495,Heavy_squalane,1.531540280277711e-06,0.3356001377071753,1.0,0.6522428697047581
binary,PR,199,0.4975,H2O,3.041714679252528e-06,0.6667040873585138,0.0,0.654724456561973
binary,PR,199,0.4975,Heavy_squalane,1.520601252098399e-06,0.3332959126414861,1.0,0.654724456561973
binary,PR,200,0.5,H2O,3.051455752977576e-06,0.6690172711949222,0.0,0.6572143349307774
binary,PR,200,0.5,Heavy_squalane,1.509645857340218e-06,0.3309827288050778,1.0,0.6572143349307774
binary,PR,201,0.5025,H2O,3.061163439419027e-06,0.671333686783168,0.0,0.6597063307090708
binary,PR,201,0.5025,Heavy_squalane,1.498660534389311e-06,0.3286663132168321,1.0,0.6597063307090708
binary,PR,202,0.505,H2O,3.070902863962187e-06,0.673648684765339,0.0,0.6621954416424896
binary,PR,202,0.505,Heavy_squalane,1.487708966523187e-06,0.3263513152346609,1.0,0.6621954416424896
binary,PR,203,0.5075,H2O,3.080560256417974e-06,0.6759558797115384,0.0,0.6646748112711984
binary,PR,203,0.5075,Heavy_squalane,1.476778985505022e-06,0.3240441202884617,1.0,0.6646748112711984
binary,PR,204,0.51,H2O,3.090205772641329e-06,0.6782507616576064,0.0,0.6671396117989037
binary,PR,204,0.51,Heavy_squalane,1.465934739591994e-06,0.3217492383423934,1.0,0.6671396117989037
binary,PR,205,0.5125,H2O,3.099723124644624e-06,0.6805271752903497,0.0,0.6695832600374259
binary,PR,205,0.5125,Heavy_squalane,1.455162024977968e-06,0.31947282470965044,1.0,0.6695832600374259
binary,PR,206,0.515,H2O,3.109188682346674e-06,0.6827814174672421,0.0,0.6720018169294625
binary,PR,206,0.515,Heavy_squalane,1.444521484341986e-06,0.31721858253275803,1.0,0.6720018169294625
binary,PR,207,0.5175,H2O,3.118488135626581e-06,0.6850082377839204,0.0,0.6743896927319509
binary,PR,207,0.5175,Heavy_squalane,1.433994540662459e-06,0.3149917622160796,1.0,0.6743896927319509
binary,PR,208,0.52,H2O,3.12770395051018e-06,0.6872051211220518,0.0,0.6767442397676536
binary,PR,208,0.52,Heavy_squalane,1.423635750514372e-06,0.31279487887794827,1.0,0.6767442397676536
binary,PR,209,0.5225,H2O,3.136726866072705e-06,0.689368071343606,0.0,0.679061229128744
binary,PR,209,0.5225,Heavy_squalane,1.413421300724603e-06,0.31063192865639394,1.0,0.679061229128744
binary,PR,210,0.525,H2O,3.145644178181419e-06,0.6914958307261295,0.0,0.6813393709562473
binary,PR,210,0.525,Heavy_squalane,1.403398691503312e-06,0.30850416927387053,1.0,0.6813393709562473
binary,PR,211,0.5275,H2O,3.154377582478012e-06,0.6935861399736832,0.0,0.6835763055230138
binary,PR,211,0.5275,Heavy_squalane,1.393547182278242e-06,0.30641386002631665,1.0,0.6835763055230138
binary,PR,212,0.53,H2O,3.162945621629489e-06,0.6956378686891503,0.0,0.6857708839569502
binary,PR,212,0.53,Heavy_squalane,1.383882209336207e-06,0.30436213131084966,1.0,0.6857708839569502
binary,PR,213,0.5325,H2O,3.171322300074304e-06,0.6976499683516476,0.0,0.6879220460440808
binary,PR,213,0.5325,Heavy_squalane,1.374398969815888e-06,0.30235003164835234,1.0,0.6879220460440808
binary,PR,214,0.535,H2O,3.179576133198335e-06,0.6996230859166024,0.0,0.6900305438269356
binary,PR,214,0.535,Heavy_squalane,1.365122572723659e-06,0.30037691408339756,1.0,0.6900305438269356
binary,PR,215,0.5375,H2O,3.187640193787348e-06,0.7015568435643493,0.0,0.6920960324885269
binary,PR,215,0.5375,Heavy_squalane,1.356026114978359e-06,0.29844315643565056,1.0,0.6920960324885269
binary,PR,216,0.54,H2O,3.195538271463337e-06,0.703451650529927,0.0,0.6941190068103452
binary,PR,216,0.54,Heavy_squalane,1.347116890488535e-06,0.296548349470073,1.0,0.6941190068103452
binary,PR,217,0.5425,H2O,3.203273149355105e-06,0.7053081208807626,0.0,0.6961001781124309
binary,PR,217,0.5425,Heavy_squalane,1.338391769170116e-06,0.2946918791192375,1.0,0.6961001781124309
binary,PR,218,0.545,H2O,3.210848238748044e-06,0.7071270246607002,0.0,0.698040421727601
binary,PR,218,0.545,Heavy_squalane,1.329846893486084e-06,0.2928729753392997,1.0,0.698040421727601
binary,PR,219,0.5475,H2O,3.218267401585312e-06,0.7089092406725099,0.0,0.6999407263820279
binary,PR,219,0.5475,Heavy_squalane,1.321477909862862e-06,0.2910907593274901,1.0,0.6999407263820279
binary,PR,220,0.55,H2O,3.225534772460626e-06,0.7106557159000799,0.0,0.7018021507953249
binary,PR,220,0.55,Heavy_squalane,1.313280156193441e-06,0.28934428409992013,1.0,0.7018021507953249
binary,PR,221,0.5525,H2O,3.232654622790094e-06,0.7123674333744736,0.0,0.7036257893919156
binary,PR,221,0.5525,Heavy_squalane,1.305248812066632e-06,0.2876325666255263,1.0,0.7036257893919156
binary,PR,222,0.555,H2O,3.23961219878382e-06,0.7140451797579555,0.0,0.7054125248492646
binary,PR,222,0.555,Heavy_squalane,1.29737270164219e-06,0.2859548202420445,1.0,0.7054125248492646
binary,PR,223,0.5575,H2O,3.246468297257085e-06,0.7156904052395512,0.0,0.7071639438124973
binary,PR,223,0.5575,Heavy_squalane,1.289666703980564e-06,0.28430959476044887,1.0,0.7071639438124973
binary,PR,224,0.56,H2O,3.253171274465138e-06,0.7173037845765334,0.0,0.7088808046666516
binary,PR,224,0.56,Heavy_squalane,1.282105611583464e-06,0.2826962154234665,1.0,0.7088808046666516
binary,PR,225,0.5625,H2O,3.259743347221357e-06,0.7188862481556728,0.0,0.7105641357667933
binary,PR,225,0.5625,Heavy_squalane,1.274692184942932e-06,0.2811137518443273,1.0,0.7105641357667933
binary,PR,226,0.565,H2O,3.26617100659288e-06,0.7204385297151124,0.0,0.7122147541580243
binary,PR,226,0.565,Heavy_squalane,1.2674163459387e-06,0.2795614702848877,1.0,0.7122147541580243
binary,PR,227,0.5675,H2O,3.272509368444398e-06,0.721961804525438,0.0,0.7138339442671288
binary,PR,227,0.5675,Heavy_squalane,1.260291879393766e-06,0.27803819547456204,1.0,0.7138339442671288
binary,PR,228,0.57,H2O,3.278710838592478e-06,0.7234566460965164,0.0,0.7154223487398514
binary,PR,228,0.57,Heavy_squalane,1.253296512895817e-06,0.2765433539034836,1.0,0.7154223487398514
binary,PR,229,0.5725,H2O,3.284779169494806e-06,0.72492367887375,0.0,0.7169806628161967
binary,PR,229,0.5725,Heavy_squalane,1.246427721964551e-06,0.27507632112624997,1.0,0.7169806628161967
binary,PR,230,0.575,H2O,3.290749602978734e-06,0.7263637262073435,0.0,0.718509791378218
binary,PR,230,0.575,Heavy_squalane,1.239693595446316e-06,0.27363627379265665,1.0,0.718509791378218
binary,PR,231,0.5775,H2O,3.296623803378728e-06,0.7277774404728324,0.0,0.7200104560820352
binary,PR,231,0.5775,Heavy_squalane,1.233090392264561e-06,0.2722225595271675,1.0,0.7200104560820352
binary,PR,232,0.58,H2O,3.302358103857519e-06,0.7291650783081226,0.0,0.7214829572402929
binary,PR,232,0.58,Heavy_squalane,1.22660001838273e-06,0.27083492169187745,1.0,0.7214829572402929
binary,PR,233,0.5825,H2O,3.308014286452465e-06,0.7305272173729986,0.0,0.7229279347642014
binary,PR,233,0.5825,Heavy_squalane,1.220241756283629e-06,0.2694727826270014,1.0,0.7229279347642014
binary,PR,234,0.585,H2O,3.313548897515353e-06,0.7318639669107418,0.0,0.7243455305968666
binary,PR,234,0.585,Heavy_squalane,1.213998634988695e-06,0.2681360330892583,1.0,0.7243455305968666
binary,PR,235,0.5875,H2O,3.318963211460547e-06,0.7331753713947854,0.0,0.7257358173748415
binary,PR,235,0.5875,Heavy_squalane,1.207870805272155e-06,0.2668246286052146,1.0,0.7257358173748415
binary,PR,236,0.59,H2O,3.324285148526114e-06,0.7344614509043463,0.0,0.7270988413244693
binary,PR,236,0.59,Heavy_squalane,1.201868190676241e-06,0.26553854909565355,1.0,0.7270988413244693
binary,PR,237,0.5925,H2O,3.32949959622669e-06,0.7357219359672525,0.0,0.7284343414081382
binary,PR,237,0.5925,Heavy_squalane,1.19598677771077e-06,0.2642780640327474,1.0,0.7284343414081382
binary,PR,238,0.595,H2O,3.334604829086512e-06,0.7369563744885608,0.0,0.7297418630126412
binary,PR,238,0.595,Heavy_squalane,1.1902285864609e-06,0.2630436255114392,1.0,0.7297418630126412
binary,PR,239,0.5975,H2O,3.339610562773742e-06,0.738164139722364,0.0,0.731020766646207
binary,PR,239,0.5975,Heavy_squalane,1.184600765115778e-06,0.2618358602776359,1.0,0.731020766646207
binary,PR,240,0.6,H2O,3.344476522642333e-06,0.7393443358037397,0.0,0.7322701281744929
binary,PR,240,0.6,Heavy_squalane,1.179094377520931e-06,0.2606556641962604,1.0,0.7322701281744929
binary,PR,241,0.6025,H2O,3.349235674963825e-06,0.7404960267523515,0.0,0.733488981488333
binary,PR,241,0.6025,Heavy_squalane,1.173726709659381e-06,0.2595039732476485,1.0,0.733488981488333
binary,PR,242,0.605,H2O,3.353871076941341e-06,0.7416180679268491,0.0,0.7346761401937744
binary,PR,242,0.605,Heavy_squalane,1.168498619790692e-06,0.25838193207315086,1.0,0.7346761401937744
binary,PR,243,0.6075,H2O,3.358377791312358e-06,0.7427092310398733,0.0,0.7358303300459733
binary,PR,243,0.6075,Heavy_squalane,1.163415732931666e-06,0.2572907689601266,1.0,0.7358303300459733
binary,PR,244,0.61,H2O,3.362750718813948e-06,0.7437682580389274,0.0,0.7369502459449067
binary,PR,244,0.61,Heavy_squalane,1.158483795388657e-06,0.25623174196107257,1.0,0.7369502459449067
binary,PR,245,0.6125,H2O,3.366984925434504e-06,0.7447939304862837,0.0,0.7380346252198303
binary,PR,245,0.6125,Heavy_squalane,1.153708366515612e-06,0.2552060695137162,1.0,0.7380346252198303
binary,PR,246,0.615,H2O,3.371075962241549e-06,0.7457851466084952,0.0,0.7390823289100594
binary,PR,246,0.615,Heavy_squalane,1.149094461602006e-06,0.25421485339150496,1.0,0.7390823289100594
binary,PR,247,0.6175,H2O,3.375020200238657e-06,0.7467410039861468,0.0,0.7400924288978794
binary,PR,247,0.6175,Heavy_squalane,1.144646166309588e-06,0.2532589960138531,1.0,0.7400924288978794
binary,PR,248,0.62,H2O,3.378815172348126e-06,0.7476608829976092,0.0,0.7410642957377274
binary,PR,248,0.62,Heavy_squalane,1.140366249583948e-06,0.2523391170023907,1.0,0.7410642957377274
binary,PR,249,0.6225,H2O,3.382459909057941e-06,0.7485445264114593,0.0,0.7419976823332611
binary,PR,249,0.6225,Heavy_squalane,1.13625579817398e-06,0.2514554735885406,1.0,0.7419976823332611
binary,PR,250,0.625,H2O,3.385955214090538e-06,0.749392109596837,0.0,0.7428927976446941
binary,PR,250,0.625,Heavy_squalane,1.132313887931549e-06,0.25060789040316306,1.0,0.7428927976446941
binary,PR,251,0.6275,H2O,3.389303917405666e-06,0.7502042986303091,0.0,0.7437503675818075
binary,PR,251,0.6275,Heavy_squalane,1.128537320766006e-06,0.249795701369691,1.0,0.7437503675818075
binary,PR,252,0.63,H2O,3.392510883907635e-06,0.7509822567607366,0.0,0.744571641375086
binary,PR,252,0.63,Heavy_squalane,1.124920591159147e-06,0.24901774323926343,1.0,0.744571641375086
binary,PR,253,0.6325,H2O,3.395583400627324e-06,0.7517277350041437,0.0,0.7453584867923907
binary,PR,253,0.6325,Heavy_squalane,1.12145547197541e-06,0.2482722649958563,1.0,0.7453584867923907
binary,PR,254,0.635,H2O,3.398530949018e-06,0.7524430194100836,0.0,0.7461133340741408
binary,PR,254,0.635,Heavy_squalane,1.118131258417259e-06,0.24755698058991632,1.0,0.7461133340741408
binary,PR,255,0.6375,H2O,3.401365047341282e-06,0.7531308925810979,0.0,0.7468391350197016
binary,PR,255,0.6375,Heavy_squalane,1.114934948910724e-06,0.2468691074189022,1.0,0.7468391350197016
binary,PR,256,0.64,H2O,3.404099013931936e-06,0.7537945748602203,0.0,0.747539300706767
binary,PR,256,0.64,Heavy_squalane,1.11185152148174e-06,0.24620542513977972,1.0,0.747539300706767
binary,PR,257,0.6425,H2O,3.406747633891619e-06,0.7544376464471967,0.0,0.7482176191788096
binary,PR,257,0.6425,Heavy_squalane,1.108864292335419e-06,0.24556235355280331,1.0,0.7482176191788096
binary,PR,258,0.645,H2O,3.40932679044252e-06,0.7550639562907117,0.0,0.7488781592685139
binary,PR,258,0.645,Heavy_squalane,1.105955341671167e-06,0.24493604370928843,1.0,0.7488781592685139
binary,PR,259,0.6475,H2O,3.411853069344508e-06,0.7556775250376307,0.0,0.7495251682296669
binary,PR,259,0.6475,Heavy_squalane,1.103105965826753e-06,0.2443224749623692,1.0,0.7495251682296669
binary,PR,260,0.65,H2O,3.41434335203233e-06,0.756282449325954,0.0,0.7501629708497983
binary,PR,260,0.65,Heavy_squalane,1.100297117378808e-06,0.24371755067404605,1.0,0.7501629708497983
binary,PR,261,0.6525,H2O,3.41681446794241e-06,0.7568828139344941,0.0,0.7507958768961259
binary,PR,261,0.6525,Heavy_squalane,1.097509817188108e-06,0.24311718606550592,1.0,0.7507958768961259
binary,PR,262,0.655,H2O,3.419282878072496e-06,0.757482616572324,0.0,0.7514281019216407
binary,PR,262,0.655,Heavy_squalane,1.09472550081949e-06,0.24251738342767604,1.0,0.7514281019216407
binary,PR,263,0.6575,H2O,3.421764422929015e-06,0.7580857079372875,0.0,0.7520637041880455
binary,PR,263,0.6575,Heavy_squalane,1.091926294495881e-06,0.2419142920627126,1.0,0.7520637041880455
binary,PR,264,0.66,H2O,3.424274152023398e-06,0.7586957473357957,0.0,0.7527065380005413
binary,PR,264,0.66,Heavy_squalane,1.089095224367515e-06,0.24130425266420427,1.0,0.7527065380005413
binary,PR,265,0.6625,H2O,3.426826196217209e-06,0.7593161720673226,0.0,0.7533602215514634
binary,PR,265,0.6625,Heavy_squalane,1.086216357436421e-06,0.24068382793267734,1.0,0.7533602215514634
binary,PR,266,0.665,H2O,3.429433668946969e-06,0.7599501772428559,0.0,0.7540281157569159
binary,PR,266,0.665,Heavy_squalane,1.083274889644539e-06,0.24004982275714415,1.0,0.7540281157569159
binary,PR,267,0.6675,H2O,3.432108635185395e-06,0.7606007018700488,0.0,0.7547133096942452
binary,PR,267,0.6675,Heavy_squalane,1.080257218207917e-06,0.23939929812995117,1.0,0.7547133096942452
binary,PR,268,0.67,H2O,3.434862043440867e-06,0.7612704171772728,0.0,0.7554186083996404
binary,PR,268,0.67,Heavy_squalane,1.077150988901896e-06,0.2387295828227272,1.0,0.7554186083996404
binary,PR,269,0.6725,H2O,3.437703683966738e-06,0.7619617136425442,0.0,0.7561465193101611
binary,PR,269,0.6725,Heavy_squalane,1.073945159297129e-06,0.2380382863574559,1.0,0.7561465193101611
binary,PR,270,0.675,H2O,3.440642116459287e-06,0.7626766846217624,0.0,0.7568992351425164
binary,PR,270,0.675,Heavy_squalane,1.070630072444219e-06,0.2373233153782376,1.0,0.7568992351425164
binary,PR,271,0.6775,H2O,3.443684591265794e-06,0.763417105851171,0.0,0.7576786124569537
binary,PR,271,0.6775,Heavy_squalane,1.067197552809642e-06,0.2365828941488291,1.0,0.7576786124569537
binary,PR,272,0.68,H2O,3.446836945752647e-06,0.7641844116356675,0.0,0.7584861467732269
binary,PR,272,0.68,Heavy_squalane,1.063641013847451e-06,0.2358155883643325,1.0,0.7584861467732269
binary,PR,273,0.6825,H2O,3.450103513812294e-06,0.7649796698517827,0.0,0.7593229464904347
binary,PR,273,0.6825,Heavy_squalane,1.059955576360341e-06,0.23502033014821722,1.0,0.7593229464904347
binary,PR,274,0.685,H2O,3.453487013948448e-06,0.7658035587138804,0.0,0.7601897087215561
binary,PR,274,0.685,Heavy_squalane,1.056138169497246e-06,0.23419644128611966,1.0,0.7601897087215561
binary,PR,275,0.6875,H2O,3.456988500599427e-06,0.7666563486724027,0.0,0.7610867005900489
binary,PR,275,0.6875,Heavy_squalane,1.052187620599852e-06,0.23334365132759727,1.0,0.7610867005900489
binary,PR,276,0.69,H2O,3.460607301358114e-06,0.7675378925895446,0.0,0.7620137492937181
binary,PR,276,0.69,Heavy_squalane,1.04810469158676e-06,0.23246210741045548,1.0,0.7620137492937181
binary,PR,277,0.6925,H2O,3.464341043614738e-06,0.7684476267440872,0.0,0.7629702436090152
binary,PR,277,0.6925,Heavy_squalane,1.04389207865171e-06,0.23155237325591288,1.0,0.7629702436090152
binary,PR,278,0.695,H2O,3.468185687675727e-06,0.7693845841825131,0.0,0.7639551484137498
binary,PR,278,0.695,Heavy_squalane,1.039554341143209e-06,0.23061541581748682,1.0,0.7639551484137498
binary,PR,279,0.6975,H2O,3.472135660365028e-06,0.7703474208031169,0.0,0.7649670326119289
binary,PR,279,0.6975,Heavy_squalane,1.03509778600024e-06,0.2296525791968831,1.0,0.7649670326119289
binary,PR,280,0.7,H2O,3.476183996694706e-06,0.7713344533347163,0.0,0.7660041095531743
binary,PR,280,0.7,Heavy_squalane,1.030530284854747e-06,0.2286655466652837,1.0,0.7660041095531743
binary,PR,281,0.7025,H2O,3.480322541882031e-06,0.7723437073828174,0.0,0.7670642879992409
binary,PR,281,0.7025,Heavy_squalane,1.025861050492323e-06,0.22765629261718262,1.0,0.7670642879992409
binary,PR,282,0.705,H2O,3.484542116806318e-06,0.7733729572073792,0.0,0.768145214356395
binary,PR,282,0.705,Heavy_squalane,1.021100451029088e-06,0.22662704279262072,1.0,0.768145214356395
binary,PR,283,0.7075,H2O,3.488832923401677e-06,0.7744198239993116,0.0,0.7692443762721253
binary,PR,283,0.7075,Heavy_squalane,1.016259553937563e-06,0.2255801760006884,1.0,0.7692443762721253
binary,PR,284,0.71,H2O,3.493184691500775e-06,0.7754818134312077,0.0,0.7703591423472533
binary,PR,284,0.71,Heavy_squalane,1.011349948769873e-06,0.22451818656879227,1.0,0.7703591423472533
binary,PR,285,0.7125,H2O,3.497586935310658e-06,0.7765563739296923,0.0,0.7714868235268396
binary,PR,285,0.7125,Heavy_squalane,1.006383481687454e-06,0.22344362607030768,1.0,0.7714868235268396
binary,PR,286,0.715,H2O,3.502029161340299e-06,0.7776409524657714,0.0,0.772624731784746
binary,PR,286,0.715,Heavy_squalane,1.001371990870038e-06,0.22235904753422853,1.0,0.772624731784746
binary,PR,287,0.7175,H2O,3.506501087113798e-06,0.7787330443067243,0.0,0.7737702323721047
binary,PR,287,0.7175,Heavy_squalane,9.963270807026827e-07,0.22126695569327562,1.0,0.7737702323721047
binary,PR,288,0.72,H2O,3.510992807306403e-06,0.7798302352525385,0.0,0.7749207880897416
binary,PR,288,0.72,Heavy_squalane,9.91259924878841e-07,0.22016976474746153,1.0,0.7749207880897416
binary,PR,289,0.7225,H2O,3.515494938548703e-06,0.7809302357660985,0.0,0.7760739949789578
binary,PR,289,0.7225,Heavy_squalane,9.861811107849171e-07,0.21906976423390145,1.0,0.7760739949789578
binary,PR,290,0.725,H2O,3.5199987192085e-06,0.7820309069151821,0.0,0.7772276093609932
binary,PR,290,0.725,Heavy_squalane,9.811005187916603e-07,0.21796909308481802,1.0,0.7772276093609932
binary,PR,291,0.7275,H2O,3.524496088607155e-06,0.7831302785040856,0.0,0.7783795666385899
binary,PR,291,0.7275,Heavy_squalane,9.76027241099306e-07,0.21686972149591452,1.0,0.7783795666385899
binary,PR,292,0.73,H2O,3.5289797197749e-06,0.7842265600705992,0.0,0.7795279925848516
binary,PR,292,0.73,Heavy_squalane,9.70969528892739e-07,0.2157734399294008,1.0,0.7795279925848516
binary,PR,293,0.7325,H2O,3.533443058030944e-06,0.7853181456541766,0.0,0.7806712080842814
binary,PR,293,0.7325,Heavy_squalane,9.659347770343042e-07,0.21468185434582351,1.0,0.7806712080842814
binary,PR,294,0.735,H2O,3.537880307334445e-06,0.7864036133372455,0.0,0.7818077283894896
binary,PR,294,0.735,Heavy_squalane,9.609295243254226e-07,0.21359638666275452,1.0,0.7818077283894896
binary,PR,295,0.7375,H2O,3.542286395666118e-06,0.7874817205789554,0.0,0.7829362579727025
binary,PR,295,0.7375,Heavy_squalane,9.55959472265692e-07,0.21251827942104468,1.0,0.7829362579727025
binary,PR,296,0.74,H2O,3.546656970111804e-06,0.7885513963354306,0.0,0.7840556820220486
binary,PR,296,0.74,Heavy_squalane,9.5102953021511e-07,0.21144860366456944,1.0,0.7840556820220486
binary,PR,297,0.7425,H2O,3.550988338811664e-06,0.7896117308490348,0.0,0.785165055513432
binary,PR,297,0.7425,Heavy_squalane,9.461438593047973e-07,0.21038826915096506,1.0,0.785165055513432
binary,PR,298,0.745,H2O,3.555277421803665e-06,0.7906619639050969,0.0,0.7862635906983574
binary,PR,298,0.745,Heavy_squalane,9.413059274750479e-07,0.2093380360949032,1.0,0.7862635906983574
binary,PR,299,0.7475,H2O,3.559521699149483e-06,0.7917014722091495,0.0,0.7873506436940738
binary,PR,299,0.7475,Heavy_squalane,9.36518568676542e-07,0.20829852779085045,1.0,0.7873506436940738
binary,PR,300,0.75,H2O,3.563719159586277e-06,0.7927297564207301,0.0,0.7884257007381408
binary,PR,300,0.75,Heavy_squalane,9.317840440236095e-07,0.20727024357926996,1.0,0.7884257007381408
binary,PR,301,0.7525,H2O,3.567868255702141e-06,0.7937464282674529,0.0,0.7894883645509769
binary,PR,301,0.7525,Heavy_squalane,9.271041040348244e-07,0.20625357173254702,1.0,0.7894883645509769
binary,PR,302,0.755,H2O,3.571967827578069e-06,0.7947511980486152,0.0,0.7905383411289941
binary,PR,302,0.755,Heavy_squalane,9.22480040318785e-07,0.20524880195138476,1.0,0.7905383411289941
binary,PR,303,0.7575,H2O,3.576017087305136e-06,0.7957438627710293,0.0,0.7915754272208964
binary,PR,303,0.7575,Heavy_squalane,9.179127494294187e-07,0.2042561372289706,1.0,0.7915754272208964
binary,PR,304,0.76,H2O,3.580015543219429e-06,0.7967242950371252,0.0,0.7925994986107802
binary,PR,304,0.76,Heavy_squalane,9.134027766682685e-07,0.20327570496287486,1.0,0.7925994986107802
binary,PR,305,0.7625,H2O,3.583962973963122e-06,0.7976924328136338,0.0,0.7936104993402708
binary,PR,305,0.7625,Heavy_squalane,9.089503677389038e-07,0.20230756718636625,1.0,0.7936104993402708
binary,PR,306,0.765,H2O,3.587859386482191e-06,0.7986482700696643,0.0,0.794608431855894
binary,PR,306,0.765,Heavy_squalane,9.045555112164298e-07,0.20135172993033582,1.0,0.794608431855894
binary,PR,307,0.7675,H2O,3.591704984617571e-06,0.7995918483560633,0.0,0.7955933481547098
binary,PR,307,0.7675,Heavy_squalane,9.002179783315981e-07,0.2004081516439366,1.0,0.7955933481547098
binary,PR,308,0.77,H2O,3.595500132468857e-06,0.8005232492688201,0.0,0.7965653418663872
binary,PR,308,0.77,Heavy_squalane,8.959373563897192e-07,0.19947675073117999,1.0,0.7965653418663872
binary,PR,309,0.7725,H2O,3.59924533149592e-06,0.8014425877561782,0.0,0.7975245412277157
binary,PR,309,0.7725,Heavy_squalane,8.917130808500358e-07,0.1985574122438219,1.0,0.7975245412277157
binary,PR,310,0.775,H2O,3.60294118906243e-06,0.8023500062226352,0.0,0.7984711028988889
binary,PR,310,0.775,Heavy_squalane,8.875444607409926e-07,0.19764999377736486,1.0,0.7984711028988889
binary,PR,311,0.7775,H2O,3.606588403680177e-06,0.8032456693636256,0.0,0.7994052065508886
binary,PR,311,0.7775,Heavy_squalane,8.834307040947956e-07,0.19675433063637435,1.0,0.7994052065508886
binary,PR,312,0.78,H2O,3.610187753143946e-06,0.8041297596656308,0.0,0.8003270501543907
binary,PR,312,0.78,Heavy_squalane,8.793709402752802e-07,0.19587024033436914,1.0,0.8003270501543907
binary,PR,313,0.7825,H2O,3.613740060304719e-06,0.8050024735116437,0.0,0.801236845906326
binary,PR,313,0.7825,Heavy_squalane,8.753642334256894e-07,0.1949975264883563,1.0,0.801236845906326
binary,PR,314,0.785,H2O,3.617246201941619e-06,0.8058640178356764,0.0,0.802134816734115
binary,PR,314,0.785,Heavy_squalane,8.714096033597805e-07,0.1941359821643237,1.0,0.802134816734115
binary,PR,315,0.7875,H2O,3.620707068978269e-06,0.8067146072499249,0.0,0.8030211932970643
binary,PR,315,0.7875,Heavy_squalane,8.675060319610976e-07,0.19328539275007503,1.0,0.8030211932970643
binary,PR,316,0.79,H2O,3.624123588582524e-06,0.8075544616134833,0.0,0.8038962114515091
binary,PR,316,0.79,Heavy_squalane,8.636524820760075e-07,0.19244553838651673,1.0,0.8038962114515091
binary,PR,317,0.7925,H2O,3.627496693638326e-06,0.80838380396382,0.0,0.8047601100969745
binary,PR,317,0.7925,Heavy_squalane,8.598479016532913e-07,0.19161619603618002,1.0,0.8047601100969745
binary,PR,318,0.795,H2O,3.630827317064335e-06,0.809202858789377,0.0,0.8056131293800352
binary,PR,318,0.795,Heavy_squalane,8.560912320078988e-07,0.19079714121062302,1.0,0.8056131293800352
binary,PR,319,0.7975,H2O,3.634116399392987e-06,0.8100118505864915,0.0,0.806455509196274
binary,PR,319,0.7975,Heavy_squalane,8.523814175978318e-07,0.1899881494135086,1.0,0.806455509196274
binary,PR,320,0.8,H2O,3.63736486836154e-06,0.8108110026601462,0.0,0.8072874879476439
binary,PR,320,0.8,Heavy_squalane,8.487174078136787e-07,0.18918899733985378,1.0,0.8072874879476439
binary,PR,321,0.8025,H2O,3.640573646557491e-06,0.811600536145336,0.0,0.8081093015306562
binary,PR,321,0.8025,Heavy_squalane,8.450981641688162e-07,0.18839946385466402,1.0,0.8081093015306562
binary,PR,322,0.805,H2O,3.643743643713383e-06,0.8123806692123721,0.0,0.8089211825169369
binary,PR,322,0.805,Heavy_squalane,8.415226628398047e-07,0.18761933078762794,1.0,0.8089211825169369
binary,PR,323,0.8075,H2O,3.646875748948322e-06,0.8131516164284309,0.0,0.8097233594970201
binary,PR,323,0.8075,Heavy_squalane,8.379898963618713e-07,0.186848383571569,1.0,0.8097233594970201
binary,PR,324,0.81,H2O,3.649970841119669e-06,0.813913588257424,0.0,0.8105160565684952
binary,PR,324,0.81,Heavy_squalane,8.344988787362175e-07,0.18608641174257615,1.0,0.8105160565684952
binary,PR,325,0.8125,H2O,3.653029771035281e-06,0.8146667906706929,0.0,0.8112994929397298
binary,PR,325,0.8125,Heavy_squalane,8.310486434387415e-07,0.1853332093293071,1.0,0.8112994929397298
binary,PR,326,0.815,H2O,3.656053377367552e-06,0.8154114248594748,0.0,0.8120738826395993
binary,PR,326,0.815,Heavy_squalane,8.276382486084067e-07,0.18458857514052518,1.0,0.8120738826395993
binary,PR,327,0.8175,H2O,3.659042473850459e-06,0.8161476870257468,0.0,0.8128394343087222
binary,PR,327,0.8175,Heavy_squalane,8.242667752205717e-07,0.1838523129742533,1.0,0.8128394343087222
binary,PR,328,0.82,H2O,3.661997856026865e-06,0.8168757682451989,0.0,0.8135963510657025
binary,PR,328,0.82,Heavy_squalane,8.209333293276938e-07,0.1831242317548012,1.0,0.8135963510657025
binary,PR,329,0.8225,H2O,3.664920292596754e-06,0.817595854384884,0.0,0.8143448304300328
binary,PR,329,0.8225,Heavy_squalane,8.17637040517474e-07,0.1824041456151161,1.0,0.8143448304300328
binary,PR,330,0.825,H2O,3.66781053618829e-06,0.8183081260718441,0.0,0.8150850642978398
binary,PR,330,0.825,Heavy_squalane,8.143770644591845e-07,0.1816918739281559,1.0,0.8150850642978398
binary,PR,331,0.8275,H2O,3.670669308979668e-06,0.8190127586967783,0.0,0.8158172389538076
binary,PR,331,0.8275,Heavy_squalane,8.111525796322699e-07,0.18098724130322175,1.0,0.8158172389538076
binary,PR,332,0.83,H2O,3.673497319355862e-06,0.8197099224551292,0.0,0.8165415351217719
binary,PR,332,0.83,Heavy_squalane,8.079627907685814e-07,0.18029007754487086,1.0,0.8165415351217719
binary,PR,333,0.8325,H2O,3.676295253110975e-06,0.8203997824069463,0.0,0.8172581280344977
binary,PR,333,0.8325,Heavy_squalane,8.048069265180864e-07,0.17960021759305364,1.0,0.8172581280344977
binary,PR,334,0.835,H2O,3.679063769657982e-06,0.8210824985626303,0.0,0.8179671875301188
binary,PR,334,0.835,Heavy_squalane,8.016842381225682e-07,0.17891750143736976,1.0,0.8179671875301188
binary,PR,335,0.8375,H2O,3.681803515116416e-06,0.8217582259852112,0.0,0.8186688781653995
binary,PR,335,0.8375,Heavy_squalane,7.985940016863856e-07,0.17824177401478875,1.0,0.8186688781653995
binary,PR,336,0.84,H2O,3.684515109465854e-06,0.8224271148997908,0.0,0.8193633593361725
binary,PR,336,0.84,Heavy_squalane,7.955355147341961e-07,0.17757288510020924,1.0,0.8193633593361725
binary,PR,337,0.8425,H2O,3.687199157696645e-06,0.8230893108189822,0.0,0.8200507854140925
binary,PR,337,0.8425,Heavy_squalane,7.925080979204212e-07,0.17691068918101785,1.0,0.8200507854140925
binary,PR,338,0.845,H2O,3.689856244359347e-06,0.8237449546697467,0.0,0.820731305884507
binary,PR,338,0.845,Heavy_squalane,7.8951109311791e-07,0.17625504533025332,1.0,0.820731305884507
binary,PR,339,0.8475,H2O,3.69248693056479e-06,0.8243941829283677,0.0,0.8214050654925236
binary,PR,339,0.8475,Heavy_squalane,7.865438620210341e-07,0.1756058170716322,1.0,0.8214050654925236
binary,PR,340,0.85,H2O,3.695091765471732e-06,0.825037127757555,0.0,0.8220722043909757
binary,PR,340,0.85,Heavy_squalane,7.836057878310686e-07,0.17496287224244494,1.0,0.8220722043909757
binary,PR,341,0.8525,H2O,3.697671278586572e-06,0.8256739171435445,0.0,0.8227328582881204
binary,PR,341,0.8525,Heavy_squalane,7.806962728298867e-07,0.17432608285645534,1.0,0.8227328582881204
binary,PR,342,0.855,H2O,3.700225986532848e-06,0.8263046750342188,0.0,0.8233871585961154
binary,PR,342,0.855,Heavy_squalane,7.778147390380373e-07,0.17369532496578113,1.0,0.8233871585961154
binary,PR,343,0.8575,H2O,3.702756380443044e-06,0.8269295214771185,0.0,0.824035232579134
binary,PR,343,0.8575,Heavy_squalane,7.749606247848323e-07,0.17307047852288146,1.0,0.824035232579134
binary,PR,344,0.86,H2O,3.705262947352042e-06,0.8275485727575398,0.0,0.8246772035013058
binary,PR,344,0.86,Heavy_squalane,7.721333884369784e-07,0.17245142724246026,1.0,0.8246772035013058
binary,PR,345,0.8625,H2O,3.707746150164321e-06,0.8281619415283673,0.0,0.8253131907658573
binary,PR,345,0.8625,Heavy_squalane,7.693325034643404e-07,0.1718380584716327,1.0,0.8253131907658573
binary,PR,346,0.865,H2O,3.710206441783032e-06,0.8287697369458459,0.0,0.8259433100601725
binary,PR,346,0.865,Heavy_squalane,7.665574606439059e-07,0.17123026305415406,1.0,0.8259433100601725
binary,PR,347,0.8675,H2O,3.712644259607653e-06,0.8293720647954943,0.0,0.826567673490415
binary,PR,347,0.8675,Heavy_squalane,7.638077662067359e-07,0.17062793520450573,1.0,0.826567673490415
binary,PR,348,0.87,H2O,3.715060024874881e-06,0.8299690276174414,0.0,0.827186389715342
binary,PR,348,0.87,Heavy_squalane,7.610829410133203e-07,0.17003097238255852,1.0,0.827186389715342
binary,PR,349,0.8725,H2O,3.717454154331421e-06,0.8305607248293365,0.0,0.8277995640773872
binary,PR,349,0.8725,Heavy_squalane,7.583825222647221e-07,0.16943927517066357,1.0,0.8277995640773872
binary,PR,350,0.875,H2O,3.719827044646155e-06,0.8311472528405686,0.0,0.8284072987245775
binary,PR,350,0.875,Heavy_squalane,7.557060596661034e-07,0.16885274715943152,1.0,0.8284072987245775
binary,PR,351,0.8775,H2O,3.722179081513137e-06,0.8317287051693573,0.0,0.8290096927352166
binary,PR,351,0.8775,Heavy_squalane,7.530531166532401e-07,0.1682712948306428,1.0,0.8290096927352166
binary,PR,352,0.88,H2O,3.724510641259343e-06,0.8323051725504274,0.0,0.8296068422326275
binary,PR,352,0.88,Heavy_squalane,7.504232701163954e-07,0.1676948274495726,1.0,0.8296068422326275
binary,PR,353,0.8825,H2O,3.726822087435908e-06,0.8328767430402222,0.0,0.8301988404972298
binary,PR,353,0.8825,Heavy_squalane,7.478161091260635e-07,0.16712325695977792,1.0,0.8301988404972298
binary,PR,354,0.885,H2O,3.729113774840026e-06,0.8334435021196034,0.0,0.830785778075794
binary,PR,354,0.885,Heavy_squalane,7.452312351770768e-07,0.16655649788039664,1.0,0.830785778075794
binary,PR,355,0.8875,H2O,3.731386045950232e-06,0.8340055327900481,0.0,0.8313677428838723
binary,PR,355,0.8875,Heavy_squalane,7.426682609407614e-07,0.16599446720995198,1.0,0.8313677428838723
binary,PR,356,0.89,H2O,3.733639234850284e-06,0.8345629156686565,0.0,0.8319448203068013
binary,PR,356,0.89,Heavy_squalane,7.401268105279383e-07,0.16543708433134358,1.0,0.8319448203068013
binary,PR,357,0.8925,H2O,3.735873663549216e-06,0.835115729078013,0.0,0.8325170932952974
binary,PR,357,0.8925,Heavy_squalane,7.376065182618801e-07,0.16488427092198693,1.0,0.8325170932952974
binary,PR,358,0.895,H2O,3.738089650871351e-06,0.8356640491336635,0.0,0.8330846424584012
binary,PR,358,0.895,Heavy_squalane,7.351070299558837e-07,0.16433595086633643,1.0,0.8330846424584012
binary,PR,359,0.8975,H2O,3.740287498558219e-06,0.8362079498273691,0.0,0.8336475461519702
binary,PR,359,0.8975,Heavy_squalane,7.326279997103417e-07,0.16379205017263074,1.0,0.8336475461519702
binary,PR,360,0.9,H2O,3.742467505146049e-06,0.8367475031092724,0.0,0.8342058805659113
binary,PR,360,0.9,Heavy_squalane,7.30169092201901e-07,0.16325249689072768,1.0,0.8342058805659113
binary,PR,361,0.9025,H2O,3.744629962096114e-06,0.8372827789645371,0.0,0.8347597198056054
binary,PR,361,0.9025,Heavy_squalane,7.27729981490779e-07,0.16271722103546293,1.0,0.8347597198056054
binary,PR,362,0.905,H2O,3.746775147252103e-06,0.837813845486499,0.0,0.8353091359695736
binary,PR,362,0.905,Heavy_squalane,7.253103493493983e-07,0.1621861545135011,1.0,0.8353091359695736
binary,PR,363,0.9075,H2O,3.748903336147525e-06,0.8383407689496015,0.0,0.8358541992268734
binary,PR,363,0.9075,Heavy_squalane,7.229098870656451e-07,0.1616592310503985,1.0,0.8358541992268734
binary,PR,364,0.91,H2O,3.751014797946769e-06,0.83886361387577,0.0,0.8363949778875814
binary,PR,364,0.91,Heavy_squalane,7.205282942802218e-07,0.16113638612422998,1.0,0.8363949778875814
binary,PR,365,0.9125,H2O,3.753109791300736e-06,0.8393824430991588,0.0,0.8369315384715192
binary,PR,365,0.9125,Heavy_squalane,7.181652778364552e-07,0.16061755690084112,1.0,0.8369315384715192
binary,PR,366,0.915,H2O,3.755188567852206e-06,0.8398973178286265,0.0,0.8374639457745393
binary,PR,366,0.915,Heavy_squalane,7.158205521202645e-07,0.16010268217137344,1.0,0.8374639457745393
binary,PR,367,0.9175,H2O,3.757251373139682e-06,0.8404082977064309,0.0,0.8379922629308225
binary,PR,367,0.9175,Heavy_squalane,7.134938389121805e-07,0.15959170229356914,1.0,0.8379922629308225
binary,PR,368,0.92,H2O,3.759298450052532e-06,0.840915440863614,0.0,0.8385165514716829
binary,PR,368,0.92,Heavy_squalane,7.111848677371379e-07,0.15908455913638603,1.0,0.8385165514716829
binary,PR,369,0.9225,H2O,3.761330031907628e-06,0.8414188039738154,0.0,0.8390368713826715
binary,PR,369,0.9225,Heavy_squalane,7.088933742532338e-07,0.1585811960261845,1.0,0.8390368713826715
binary,PR,370,0.925,H2O,3.763346345809691e-06,0.8419184423044697,0.0,0.8395532811579084
binary,PR,370,0.925,Heavy_squalane,7.066191006162019e-07,0.15808155769553037,1.0,0.8395532811579084
binary,PR,371,0.9275,H2O,3.765347618641209e-06,0.8424144097662187,0.0,0.8400658378525134
binary,PR,371,0.9275,Heavy_squalane,7.043617963320499e-07,0.15758559023378121,1.0,0.8400658378525134
binary,PR,372,0.93,H2O,3.767334062115183e-06,0.8429067589579817,0.0,0.8405745971304683
binary,PR,372,0.93,Heavy_squalane,7.021212152068744e-07,0.15709324104201822,1.0,0.8405745971304683
binary,PR,373,0.9325,H2O,3.769305889144389e-06,0.8433955412138308,0.0,0.8410796133143172
binary,PR,373,0.9325,Heavy_squalane,6.998971181652453e-07,0.15660445878616924,1.0,0.8410796133143172
binary,PR,374,0.935,H2O,3.771263311925543e-06,0.8438808066441457,0.0,0.8415809394288802
binary,PR,374,0.935,Heavy_squalane,6.97689272649401e-07,0.15611919335585442,1.0,0.8415809394288802
binary,PR,375,0.9375,H2O,3.773206526808836e-06,0.8443626041762251,0.0,0.8420786272443389
binary,PR,375,0.9375,Heavy_squalane,6.954974495948113e-07,0.15563739582377492,1.0,0.8420786272443389
binary,PR,376,0.94,H2O,3.775135735964654e-06,0.8448409815958099,0.0,0.8425727273202622
binary,PR,376,0.94,Heavy_squalane,6.933214272210683e-07,0.15515901840419002,1.0,0.8425727273202622
binary,PR,377,0.9425,H2O,3.777051129521445e-06,0.8453159855824949,0.0,0.8430632890432268
binary,PR,377,0.9425,Heavy_squalane,6.911609875352728e-07,0.1546840144175052,1.0,0.8430632890432268
binary,PR,378,0.945,H2O,3.778952896695473e-06,0.8457876617475675,0.0,0.8435503606669017
binary,PR,378,0.945,Heavy_squalane,6.890159181810598e-07,0.1542123382524325,1.0,0.8435503606669017
binary,PR,379,0.9475,H2O,3.780841218378551e-06,0.846256054667495,0.0,0.8440339893476386
binary,PR,379,0.9475,Heavy_squalane,6.868860108985178e-07,0.15374394533250504,1.0,0.8440339893476386
binary,PR,380,0.95,H2O,3.782716280977117e-06,0.8467212079190082,0.0,0.8445142211816087
binary,PR,380,0.95,Heavy_squalane,6.847710638526195e-07,0.15327879208099185,1.0,0.8445142211816087
binary,PR,381,0.9525,H2O,3.784578255606899e-06,0.8471831641082189,0.0,0.8449911012358
binary,PR,381,0.9525,Heavy_squalane,6.826708776908658e-07,0.15281683589178108,1.0,0.8449911012358
binary,PR,382,0.955,H2O,3.786427314590038e-06,0.8476419649054351,0.0,0.8454646735848056
binary,PR,382,0.955,Heavy_squalane,6.805852583569139e-07,0.1523580350945648,1.0,0.8454646735848056
binary,PR,383,0.9575,H2O,3.788263629241625e-06,0.8480976510715486,0.0,0.845934981338911
binary,PR,383,0.9575,Heavy_squalane,6.785140165344901e-07,0.1519023489284514,1.0,0.845934981338911
binary,PR,384,0.96,H2O,3.790087359608462e-06,0.8485502624869591,0.0,0.8464020666747715
binary,PR,384,0.96,Heavy_squalane,6.76456965650891e-07,0.1514497375130408,1.0,0.8464020666747715
binary,PR,385,0.9625,H2O,3.791898671016977e-06,0.8489998381805999,0.0,0.8468659708661193
binary,PR,385,0.9625,Heavy_squalane,6.744139246873832e-07,0.15100016181940007,1.0,0.8468659708661193
binary,PR,386,0.965,H2O,3.793697721040074e-06,0.8494464163534599,0.0,0.847326734308801
binary,PR,386,0.965,Heavy_squalane,6.723847157142332e-07,0.1505535836465401,1.0,0.847326734308801
binary,PR,387,0.9675,H2O,3.795484659892151e-06,0.849890034405894,0.0,0.8477843965496941
binary,PR,387,0.9675,Heavy_squalane,6.703691638267509e-07,0.15010996559410594,1.0,0.8477843965496941
binary,PR,388,0.97,H2O,3.797259644318617e-06,0.8503307289612342,0.0,0.8482389963117359
binary,PR,388,0.97,Heavy_squalane,6.68367099474774e-07,0.14966927103876576,1.0,0.8482389963117359
binary,PR,389,0.9725,H2O,3.799022816325946e-06,0.8507685358883246,0.0,0.8486905715178678
binary,PR,389,0.9725,Heavy_squalane,6.663783545803339e-07,0.1492314641116754,1.0,0.8486905715178678
binary,PR,390,0.975,H2O,3.800774327963946e-06,0.8512034903263168,0.0,0.8491391593172495
binary,PR,390,0.975,Heavy_squalane,6.644027667715128e-07,0.14879650967368305,1.0,0.8491391593172495
binary,PR,391,0.9775,H2O,3.802514317198594e-06,0.8516356267029535,0.0,0.8495847961047488
binary,PR,391,0.9775,Heavy_squalane,6.62440175040953e-07,0.14836437329704655,1.0,0.8495847961047488
binary,PR,392,0.98,H2O,3.80424292459663e-06,0.8520649787588673,0.0,0.8500275175466075
binary,PR,392,0.98,Heavy_squalane,6.604904225454577e-07,0.14793502124113259,1.0,0.8500275175466075
binary,PR,393,0.9825,H2O,3.805960282722447e-06,0.8524915795661233,0.0,0.8504673586001413
binary,PR,393,0.9825,Heavy_squalane,6.585533546550569e-07,0.14750842043387669,1.0,0.8504673586001413
binary,PR,394,0.985,H2O,3.807666532873322e-06,0.852915461547992,0.0,0.850904353534698
binary,PR,394,0.985,Heavy_squalane,6.566288217479069e-07,0.14708453845200803,1.0,0.850904353534698
binary,PR,395,0.9875,H2O,3.809361795228255e-06,0.8533366564966391,0.0,0.8513385359504374
binary,PR,395,0.9875,Heavy_squalane,6.547166739512282e-07,0.14666334350336097,1.0,0.8513385359504374
binary,PR,396,0.99,H2O,3.81104621033796e-06,0.8537551955937572,0.0,0.8517699388001309
binary,PR,396,0.99,Heavy_squalane,6.52816768191276e-07,0.14624480440624268,1.0,0.8517699388001309
binary,PR,397,0.9925,H2O,3.812719898147329e-06,0.854171109424048,0.0,0.8521985944035652
binary,PR,397,0.9925,Heavy_squalane,6.509289610586172e-07,0.14582889057595208,1.0,0.8521985944035652
binary,PR,398,0.995,H2O,3.814382983056809e-06,0.8545844279957278,0.0,0.852624534469173
binary,PR,398,0.995,Heavy_squalane,6.49053113014764e-07,0.14541557200427235,1.0,0.852624534469173
binary,PR,399,0.9975,H2O,3.81603558589389e-06,0.8549951807543145,0.0,0.8530477901087204
binary,PR,399,0.9975,Heavy_squalane,6.471890869366809e-07,0.14500481924568553,1.0,0.8530477901087204
binary,PR,400,1.0,H2O,3.817677829729462e-06,0.8554033965991749,0.0,0.8534683918548144
binary,PR,400,1.0,Heavy_squalane,6.453367490147818e-07,0.14459660340082506,1.0,0.8534683918548144
binary,SW,1,0.0025,H2O,5.435895396721318e-07,0.11334027785583708,0.0,1.0
binary,SW,1,0.0025,Heavy_squalane,4.252494870528003e-06,0.8866597221441629,1.0,1.0
binary,SW,2,0.005,H2O,5.435091290261024e-07,0.11334027785583779,0.0,1.0
binary,SW,2,0.005,Heavy_squalane,4.251865818946182e-06,0.8866597221441622,1.0,1.0
binary,SW,3,0.0075,H2O,5.435627592081728e-07,0.11334027785583724,0.0,1.0
binary,SW,3,0.0075,Heavy_squalane,4.252285367258885e-06,0.8866597221441627,1.0,1.0
binary,SW,4,0.01,H2O,5.435298419644856e-07,0.1133402778558372,0.0,1.0
binary,SW,4,0.01,Heavy_squalane,4.252027856030809e-06,0.8866597221441629,1.0,1.0
binary,SW,5,0.0125,H2O,5.434564592726935e-07,0.11334027785583717,0.0,1.0
binary,SW,5,0.0125,Heavy_squalane,4.251453784056173e-06,0.8866597221441629,1.0,1.0
binary,SW,6,0.015,H2O,5.434338384562577e-07,0.11334027785583728,0.0,1.0
binary,SW,6,0.015,Heavy_squalane,4.251276821662965e-06,0.8866597221441628,1.0,1.0
binary,SW,7,0.0175,H2O,5.433769339039886e-07,0.11334027785583678,0.0,1.0
binary,SW,7,0.0175,Heavy_squalane,4.250831657988976e-06,0.8866597221441631,1.0,1.0
binary,SW,8,0.02,H2O,5.433746594948413e-07,0.11334027785583661,0.0,1.0
binary,SW,8,0.02,Heavy_squalane,4.25081386531174e-06,0.8866597221441634,1.0,1.0
binary,SW,9,0.0225,H2O,5.434049967289423e-07,0.11334027785583677,0.0,1.0
binary,SW,9,0.0225,Heavy_squalane,4.251051193153763e-06,0.8866597221441631,1.0,1.0
binary,SW,10,0.025,H2O,5.43364882384285e-07,0.11334027785583678,0.0,1.0
binary,SW,10,0.025,Heavy_squalane,4.250737379085536e-06,0.8866597221441631,1.0,1.0
binary,SW,11,0.0275,H2O,5.432874902293454e-07,0.113340277855837,0.0,1.0
binary,SW,11,0.0275,Heavy_squalane,4.250131941125667e-06,0.8866597221441629,1.0,1.0
binary,SW,12,0.03,H2O,5.433002134994072e-07,0.11334027785583671,0.0,1.0
binary,SW,12,0.03,Heavy_squalane,4.250231475124636e-06,0.8866597221441632,1.0,1.0
binary,SW,13,0.0325,H2O,5.432174471150972e-07,0.1133402778558372,0.0,1.0
binary,SW,13,0.0325,Heavy_squalane,4.249583994628683e-06,0.8866597221441629,1.0,1.0
binary,SW,14,0.035,H2O,5.432857910659509e-07,0.1133402778558375,0.0,1.0
binary,SW,14,0.035,Heavy_squalane,4.250118648589474e-06,0.8866597221441624,1.0,1.0
binary,SW,15,0.0375,H2O,5.43144284841115e-07,0.11334027785583739,0.0,1.0
binary,SW,15,0.0375,Heavy_squalane,4.249011646980093e-06,0.8866597221441627,1.0,1.0
binary,SW,16,0.04,H2O,5.431764780770674e-07,0.11334027785583733,0.0,1.0
binary,SW,16,0.04,Heavy_squalane,4.249263494303787e-06,0.8866597221441628,1.0,1.0
binary,SW,17,0.0425,H2O,5.431453491487979e-07,0.11334027785583739,0.0,1.0
binary,SW,17,0.0425,Heavy_squalane,4.249019973047156e-06,0.8866597221441627,1.0,1.0
binary,SW,18,0.045,H2O,5.430926172277865e-07,0.1133402778558374,0.0,1.0
binary,SW,18,0.045,Heavy_squalane,4.248607451820663e-06,0.8866597221441627,1.0,1.0
binary,SW,19,0.0475,H2O,5.430365180390675e-07,0.11334027785583743,0.0,1.0
binary,SW,19,0.0475,Heavy_squalane,4.248168588496668e-06,0.8866597221441624,1.0,1.0
binary,SW,20,0.05,H2O,5.430361949725956e-07,0.11334027785583738,0.0,1.0
binary,SW,20,0.05,Heavy_squalane,4.248166061151285e-06,0.8866597221441626,1.0,1.0
binary,SW,21,0.0525,H2O,5.429528318053248e-07,0.11334027785583728,0.0,1.0
binary,SW,21,0.0525,Heavy_squalane,4.24751391202895e-06,0.8866597221441628,1.0,1.0
binary,SW,22,0.055,H2O,5.429776593772597e-07,0.1133402778558375,0.0,1.0
binary,SW,22,0.055,Heavy_squalane,4.247708137845657e-06,0.8866597221441626,1.0,1.0
binary,SW,23,0.0575,H2O,5.429745111404191e-07,0.11334027785583736,0.0,1.0
binary,SW,23,0.0575,Heavy_squalane,4.247683509224178e-06,0.8866597221441628,1.0,1.0
binary,SW,24,0.06,H2O,5.429096148199832e-07,0.1133402778558373,0.0,1.0
binary,SW,24,0.06,Heavy_squalane,4.247175826037458e-06,0.8866597221441628,1.0,1.0
binary,SW,25,0.0625,H2O,5.42911390654398e-07,0.1133402778558373,0.0,1.0
binary,SW,25,0.0625,Heavy_squalane,4.247189718370163e-06,0.8866597221441628,1.0,1.0
binary,SW,26,0.065,H2O,5.428464431513823e-07,0.11334027785583718,0.0,1.0
binary,SW,26,0.065,Heavy_squalane,4.246681634782696e-06,0.8866597221441628,1.0,1.0
binary,SW,27,0.0675,H2O,5.428920449263444e-07,0.11334027785583717,0.0,1.0
binary,SW,27,0.0675,Heavy_squalane,4.247038376956636e-06,0.8866597221441628,1.0,1.0
binary,SW,28,0.07,H2O,5.428327303965459e-07,0.11334027785583707,0.0,1.0
binary,SW,28,0.07,Heavy_squalane,4.246574360055455e-06,0.8866597221441629,1.0,1.0
binary,SW,29,0.0725,H2O,5.428506413431344e-07,0.11334027785583704,0.0,1.0
binary,SW,29,0.0725,Heavy_squalane,4.246714477189681e-06,0.886659722144163,1.0,1.0
binary,SW,30,0.075,H2O,5.42769538697733e-07,0.11334027785583714,0.0,1.0
binary,SW,30,0.075,Heavy_squalane,4.246080012104562e-06,0.8866597221441629,1.0,1.0
binary,SW,31,0.0775,H2O,5.427810145466316e-07,0.11334027785583713,0.0,1.0
binary,SW,31,0.0775,Heavy_squalane,4.246169787541753e-06,0.8866597221441628,1.0,1.0
binary,SW,32,0.08,H2O,5.427542053125315e-07,0.11334027785583703,0.0,1.0
binary,SW,32,0.08,Heavy_squalane,4.245960059204155e-06,0.886659722144163,1.0,1.0
binary,SW,33,0.0825,H2O,5.427163865407827e-07,0.11334027785583639,0.0,1.0
binary,SW,33,0.0825,Heavy_squalane,4.245664203377066e-06,0.8866597221441636,1.0,1.0
binary,SW,34,0.085,H2O,5.427336028173356e-07,0.11334027785583677,0.0,1.0
binary,SW,34,0.085,Heavy_squalane,4.24579888611538e-06,0.8866597221441632,1.0,1.0
binary,SW,35,0.0875,H2O,5.426749963784383e-07,0.11334027785583695,0.0,1.0
binary,SW,35,0.0875,Heavy_squalane,4.245340408601362e-06,0.886659722144163,1.0,1.0
binary,SW,36,0.09,H2O,5.427101050816087e-07,0.11334027785583702,0.0,1.0
binary,SW,36,0.09,Heavy_squalane,4.24561506359239e-06,0.886659722144163,1.0,1.0
binary,SW,37,0.0925,H2O,5.426308545512577e-07,0.11334027785583715,0.0,1.0
binary,SW,37,0.0925,Heavy_squalane,4.244995087582531e-06,0.8866597221441629,1.0,1.0
binary,SW,38,0.095,H2O,5.426447180977215e-07,0.11334027785583706,0.0,1.0
binary,SW,38,0.095,Heavy_squalane,4.24510354195099e-06,0.8866597221441629,1.0,1.0
binary,SW,39,0.0975,H2O,5.426073090743187e-07,0.11334027785583704,0.0,1.0
binary,SW,39,0.0975,Heavy_squalane,4.24481089158059e-06,0.886659722144163,1.0,1.0
binary,SW,40,0.1,H2O,5.426018386451006e-07,0.11334027785583696,0.0,1.0
binary,SW,40,0.1,Heavy_squalane,4.24476809647419e-06,0.886659722144163,1.0,1.0
binary,SW,41,0.1025,H2O,5.425407065539428e-07,0.11334027785583697,0.0,1.0
binary,SW,41,0.1025,Heavy_squalane,4.24428986081088e-06,0.886659722144163,1.0,1.0
binary,SW,42,0.105,H2O,5.425757485029168e-07,0.11334027785583697,0.0,1.0
binary,SW,42,0.105,Heavy_squalane,4.244563993584582e-06,0.886659722144163,1.0,1.0
binary,SW,43,0.1075,H2O,5.425172546404243e-07,0.11334027785583695,0.0,1.0
binary,SW,43,0.1075,Heavy_squalane,4.244106396754524e-06,0.886659722144163,1.0,1.0
binary,SW,44,0.11,H2O,5.425306452576056e-07,0.11334027785583699,0.0,1.0
binary,SW,44,0.11,Heavy_squalane,4.244211151402507e-06,0.8866597221441629,1.0,1.0
binary,SW,45,0.1125,H2O,5.424783497575501e-07,0.11334027785583702,0.0,1.0
binary,SW,45,0.1125,Heavy_squalane,4.243802044292255e-06,0.8866597221441629,1.0,1.0
binary,SW,46,0.115,H2O,5.42463401853462e-07,0.11334027785583706,0.0,1.0
binary,SW,46,0.115,Heavy_squalane,4.243685107006268e-06,0.886659722144163,1.0,1.0
binary,SW,47,0.1175,H2O,5.424769116949922e-07,0.11334027785583696,0.0,1.0
binary,SW,47,0.1175,Heavy_squalane,4.243790794345001e-06,0.886659722144163,1.0,1.0
binary,SW,48,0.12,H2O,5.424577979991115e-07,0.11334027785583702,0.0,1.0
binary,SW,48,0.12,Heavy_squalane,4.243641268116553e-06,0.886659722144163,1.0,1.0
binary,SW,49,0.1225,H2O,5.424893862733244e-07,0.11334027785583702,0.0,1.0
binary,SW,49,0.1225,Heavy_squalane,4.243888382831344e-06,0.886659722144163,1.0,1.0
binary,SW,50,0.125,H2O,5.423971201368836e-07,0.11334027785583702,0.0,1.0
binary,SW,50,0.125,Heavy_squalane,4.243166585881066e-06,0.886659722144163,1.0,1.0
binary,SW,51,0.1275,H2O,5.4240347355027e-07,0.11334027785583702,0.0,1.0
binary,SW,51,0.1275,Heavy_squalane,4.243216288562711e-06,0.8866597221441629,1.0,1.0
binary,SW,52,0.13,H2O,5.424104502702833e-07,0.11334027785583695,0.0,1.0
binary,SW,52,0.13,Heavy_squalane,4.243270867365109e-06,0.886659722144163,1.0,1.0
binary,SW,53,0.1325,H2O,5.423981048666692e-07,0.11334027785583699,0.0,1.0
binary,SW,53,0.1325,Heavy_squalane,4.243174289411133e-06,0.8866597221441631,1.0,1.0
binary,SW,54,0.135,H2O,5.423657695675109e-07,0.11334027785583702,0.0,1.0
binary,SW,54,0.135,Heavy_squalane,4.242921330728574e-06,0.8866597221441629,1.0,1.0
binary,SW,55,0.1375,H2O,5.423563800596479e-07,0.11334027785583749,0.0,1.0
binary,SW,55,0.1375,Heavy_squalane,4.242847876713879e-06,0.8866597221441626,1.0,1.0
binary,SW,56,0.14,H2O,5.423214053838693e-07,0.11334027785583702,0.0,1.0
binary,SW,56,0.14,Heavy_squalane,4.242574270217652e-06,0.8866597221441631,1.0,1.0
binary,SW,57,0.1425,H2O,5.423312370062564e-07,0.11334027785583685,0.0,1.0
binary,SW,57,0.1425,Heavy_squalane,4.242651182889295e-06,0.8866597221441631,1.0,1.0
binary,SW,58,0.145,H2O,5.422628290964976e-07,0.1133402778558367,0.0,1.0
binary,SW,58,0.145,Heavy_squalane,4.242116028578701e-06,0.8866597221441632,1.0,1.0
binary,SW,59,0.1475,H2O,5.42324333472347e-07,0.1133402778558365,0.0,1.0
binary,SW,59,0.1475,Heavy_squalane,4.242597176620985e-06,0.8866597221441636,1.0,1.0
binary,SW,60,0.15,H2O,5.42278474828215e-07,0.11334027785583663,0.0,1.0
binary,SW,60,0.15,Heavy_squalane,4.242238424962406e-06,0.8866597221441634,1.0,1.0
binary,SW,61,0.1525,H2O,5.422440502967206e-07,0.11334027785583661,0.0,1.0
binary,SW,61,0.1525,Heavy_squalane,4.241969122238722e-06,0.8866597221441633,1.0,1.0
binary,SW,62,0.155,H2O,5.422700688535391e-07,0.11334027785583672,0.0,1.0
binary,SW,62,0.155,Heavy_squalane,4.242172665116816e-06,0.8866597221441633,1.0,1.0
binary,SW,63,0.1575,H2O,5.422017289901789e-07,0.11334027785583671,0.0,1.0
binary,SW,63,0.1575,Heavy_squalane,4.241638043132428e-06,0.8866597221441632,1.0,1.0
binary,SW,64,0.16,H2O,5.422266354649284e-07,0.11334027785583678,0.0,1.0
binary,SW,64,0.16,Heavy_squalane,4.241832886204974e-06,0.8866597221441632,1.0,1.0
binary,SW,65,0.1625,H2O,5.421490639024135e-07,0.11334027785583681,0.0,1.0
binary,SW,65,0.1625,Heavy_squalane,4.241226044741666e-06,0.8866597221441631,1.0,1.0
binary,SW,66,0.165,H2O,5.422035965593684e-07,0.11334027785583672,0.0,1.0
binary,SW,66,0.165,Heavy_squalane,4.241652653105246e-06,0.8866597221441633,1.0,1.0
binary,SW,67,0.1675,H2O,5.421886245135123e-07,0.11334027785583677,0.0,1.0
binary,SW,67,0.1675,Heavy_squalane,4.241535526958477e-06,0.8866597221441631,1.0,1.0
binary,SW,68,0.17,H2O,5.421451728174669e-07,0.11334027785583678,0.0,1.0
binary,SW,68,0.17,Heavy_squalane,4.241195604827782e-06,0.8866597221441632,1.0,1.0
binary,SW,69,0.1725,H2O,5.421650677393281e-07,0.1133402778558368,0.0,1.0
binary,SW,69,0.1725,Heavy_squalane,4.241351242578309e-06,0.8866597221441633,1.0,1.0
binary,SW,70,0.175,H2O,5.421526018970555e-07,0.11334027785583685,0.0,1.0
binary,SW,70,0.175,Heavy_squalane,4.241253722434057e-06,0.8866597221441632,1.0,1.0
binary,SW,71,0.1775,H2O,5.421591691762394e-07,0.11334027785583689,0.0,1.0
binary,SW,71,0.1775,Heavy_squalane,4.241305098185434e-06,0.886659722144163,1.0,1.0
binary,SW,72,0.18,H2O,5.421094502308342e-07,0.11334027785583696,0.0,1.0
binary,SW,72,0.18,Heavy_squalane,4.240916147433305e-06,0.8866597221441631,1.0,1.0
binary,SW,73,0.1825,H2O,5.421166252678591e-07,0.11334027785583708,0.0,1.0
binary,SW,73,0.1825,Heavy_squalane,4.240972277667452e-06,0.886659722144163,1.0,1.0
binary,SW,74,0.185,H2O,5.420859061835698e-07,0.11334027785583713,0.0,1.0
binary,SW,74,0.185,Heavy_squalane,4.240731962615681e-06,0.8866597221441629,1.0,1.0
binary,SW,75,0.1875,H2O,5.421071498656616e-07,0.11334027785583739,0.0,1.0
binary,SW,75,0.1875,Heavy_squalane,4.240898151702349e-06,0.8866597221441627,1.0,1.0
binary,SW,76,0.19,H2O,5.420502462270277e-07,0.1133402778558377,0.0,1.0
binary,SW,76,0.19,Heavy_squalane,4.240452995175684e-06,0.8866597221441624,1.0,1.0
binary,SW,77,0.1925,H2O,5.420361947754079e-07,0.11334027785583815,0.0,1.0
binary,SW,77,0.1925,Heavy_squalane,4.240343070827281e-06,0.8866597221441619,1.0,1.0
binary,SW,78,0.195,H2O,5.420434840470308e-07,0.11334027785583899,0.0,1.0
binary,SW,78,0.195,Heavy_squalane,4.240400094717376e-06,0.8866597221441611,1.0,1.0
binary,SW,79,0.1975,H2O,5.420283983623876e-07,0.11334027785584039,0.0,1.0
binary,SW,79,0.1975,Heavy_squalane,4.240282079575593e-06,0.8866597221441596,1.0,1.0
binary,SW,80,0.2,H2O,5.420463639513172e-07,0.11334027785584275,0.0,1.0
binary,SW,80,0.2,Heavy_squalane,4.240422624176141e-06,0.8866597221441573,1.0,1.0
binary,SW,81,0.2025,H2O,5.419928757203775e-07,0.11334027785584677,0.0,1.0
binary,SW,81,0.2025,Heavy_squalane,4.240004186345394e-06,0.8866597221441532,1.0,1.0
binary,SW,82,0.205,H2O,5.420217177950945e-07,0.11334027785585367,0.0,1.0
binary,SW,82,0.205,Heavy_squalane,4.240229817572046e-06,0.8866597221441463,1.0,1.0
binary,SW,83,0.2075,H2O,5.41996369099202e-07,0.11334027785586535,0.0,1.0
binary,SW,83,0.2075,Heavy_squalane,4.240031515007963e-06,0.8866597221441347,1.0,1.0
binary,SW,84,0.21,H2O,5.419420117067193e-07,0.11334027785588523,0.0,1.0
binary,SW,84,0.21,Heavy_squalane,4.239606277735548e-06,0.8866597221441148,1.0,1.0
binary,SW,85,0.2125,H2O,5.419865447402571e-07,0.11334027785591888,0.0,1.0
binary,SW,85,0.2125,Heavy_squalane,4.239954659155895e-06,0.8866597221440811,1.0,1.0
binary,SW,86,0.215,H2O,5.419773449179541e-07,0.11334027785597561,0.0,1.0
binary,SW,86,0.215,Heavy_squalane,4.239882689046834e-06,0.8866597221440243,1.0,1.0
binary,SW,87,0.2175,H2O,5.419633626436655e-07,0.11334027785607086,0.0,1.0
binary,SW,87,0.2175,Heavy_squalane,4.239773305867918e-06,0.8866597221439292,1.0,1.0
binary,SW,88,0.22,H2O,5.419513029190796e-07,0.11334027785623074,0.0,1.0
binary,SW,88,0.22,Heavy_squalane,4.239678962771031e-06,0.8866597221437692,1.0,1.0
binary,SW,89,0.2225,H2O,5.419134732831066e-07,0.11334027785649806,0.0,1.0
binary,SW,89,0.2225,Heavy_squalane,4.239383021941936e-06,0.886659722143502,1.0,1.0
binary,SW,90,0.225,H2O,5.418995935830568e-07,0.11334027785694466,0.0,1.0
binary,SW,90,0.225,Heavy_squalane,4.239274441185317e-06,0.8866597221430552,1.0,1.0
binary,SW,91,0.2275,H2O,5.419339601754289e-07,0.11334027785769103,0.0,1.0
binary,SW,91,0.2275,Heavy_squalane,4.239543290620408e-06,0.8866597221423089,1.0,1.0
binary,SW,92,0.23,H2O,5.419061092103262e-07,0.11334027785893162,0.0,1.0
binary,SW,92,0.23,Heavy_squalane,4.23932541278053e-06,0.8866597221410685,1.0,1.0
binary,SW,93,0.2325,H2O,5.41894187407694e-07,0.11334027786099338,0.0,1.0
binary,SW,93,0.2325,Heavy_squalane,4.239232148565315e-06,0.8866597221390067,1.0,1.0
binary,SW,94,0.235,H2O,5.41871504146355e-07,0.11334027786441221,0.0,1.0
binary,SW,94,0.235,Heavy_squalane,4.239054697522131e-06,0.8866597221355877,1.0,1.0
binary,SW,95,0.2375,H2O,5.418440600290683e-07,0.11334027787007205,0.0,1.0
binary,SW,95,0.2375,Heavy_squalane,4.238840002261769e-06,0.8866597221299279,1.0,1.0
binary,SW,96,0.24,H2O,5.418895587739323e-07,0.11334027787946253,0.0,1.0
binary,SW,96,0.24,Heavy_squalane,4.239195938036232e-06,0.8866597221205373,1.0,1.0
binary,SW,97,0.2425,H2O,5.41863757887053e-07,0.11334027789495678,0.0,1.0
binary,SW,97,0.2425,Heavy_squalane,4.238994097334104e-06,0.8866597221050432,1.0,1.0
binary,SW,98,0.245,H2O,5.418632217950283e-07,0.11334027792055108,0.0,1.0
binary,SW,98,0.245,Heavy_squalane,4.238989902412607e-06,0.8866597220794489,1.0,1.0
binary,SW,99,0.2475,H2O,5.418287959449724e-07,0.11334027796270058,0.0,1.0
binary,SW,99,0.2475,Heavy_squalane,4.238720587596191e-06,0.8866597220372994,1.0,1.0
binary,SW,100,0.25,H2O,5.418162408516223e-07,0.11334027803214639,0.0,1.0
binary,SW,100,0.25,Heavy_squalane,4.2386223663128e-06,0.8866597219678536,1.0,1.0
binary,SW,101,0.2525,H2O,5.418435066581168e-07,0.1133402781466414,0.0,1.0
binary,SW,101,0.2525,Heavy_squalane,4.238835661581362e-06,0.8866597218533587,1.0,1.0
binary,SW,102,0.255,H2O,5.41821663858262e-07,0.11334027833472143,0.0,1.0
binary,SW,102,0.255,Heavy_squalane,4.238664777670766e-06,0.8866597216652785,1.0,1.0
binary,SW,103,0.2575,H2O,5.418068163424332e-07,0.11334027864373784,0.0,1.0
binary,SW,103,0.2575,Heavy_squalane,4.238548612688167e-06,0.8866597213562621,1.0,1.0
binary,SW,104,0.26,H2O,5.418003613789202e-07,0.11334027915117251,0.0,1.0
binary,SW,104,0.26,Heavy_squalane,4.238498094179588e-06,0.8866597208488274,1.0,1.0
binary,SW,105,0.2625,H2O,5.417623029889355e-07,0.11334027998242269,0.0,1.0
binary,SW,105,0.2625,Heavy_squalane,4.238200328768763e-06,0.8866597200175772,1.0,1.0
binary,SW,106,0.265,H2O,5.417877603805594e-07,0.11334028134774331,0.0,1.0
binary,SW,106,0.265,Heavy_squalane,4.238399424070495e-06,0.8866597186522567,1.0,1.0
binary,SW,107,0.2675,H2O,5.417681871754937e-07,0.11334028358230652,0.0,1.0
binary,SW,107,0.2675,Heavy_squalane,4.238246208871675e-06,0.8866597164176935,1.0,1.0
binary,SW,108,0.27,H2O,5.417532173701087e-07,0.11334028724075763,0.0,1.0
binary,SW,108,0.27,Heavy_squalane,4.238128945971471e-06,0.8866597127592423,1.0,1.0
binary,SW,109,0.2725,H2O,5.417818809991176e-07,0.1133402932401997,0.0,1.0
binary,SW,109,0.2725,Heavy_squalane,4.238352928171797e-06,0.8866597067598002,1.0,1.0
binary,SW,110,0.275,H2O,5.417219318385826e-07,0.11334030303164526,0.0,1.0
binary,SW,110,0.275,Heavy_squalane,4.237883533724102e-06,0.8866596969683548,1.0,1.0
binary,SW,111,0.2775,H2O,5.417342903906148e-07,0.1133403190847832,0.0,1.0
binary,SW,111,0.2775,Heavy_squalane,4.23797953753125e-06,0.8866596809152167,1.0,1.0
binary,SW,112,0.28,H2O,5.417384955263914e-07,0.11334034537025227,0.0,1.0
binary,SW,112,0.28,Heavy_squalane,4.238011325745797e-06,0.8866596546297476,1.0,1.0
binary,SW,113,0.2825,H2O,5.417014428073788e-07,0.11334038833309337,0.0,1.0
binary,SW,113,0.2825,Heavy_squalane,4.237719651245919e-06,0.8866596116669067,1.0,1.0
binary,SW,114,0.285,H2O,5.417283570054476e-07,0.1133404588003122,0.0,1.0
binary,SW,114,0.285,Heavy_squalane,4.237927228824556e-06,0.8866595411996877,1.0,1.0
binary,SW,115,0.2875,H2O,5.416945470342562e-07,0.11334057394262279,0.0,1.0
binary,SW,115,0.2875,Heavy_squalane,4.23765787894236e-06,0.8866594260573774,1.0,1.0
binary,SW,116,0.29,H2O,5.417064583605765e-07,0.11334076256470225,0.0,1.0
binary,SW,116,0.29,Heavy_squalane,4.237743106850663e-06,0.8866592374352977,1.0,1.0
binary,SW,117,0.2925,H2O,5.416890129041548e-07,0.11334107084322202,0.0,1.0
binary,SW,117,0.2925,Heavy_squalane,4.237593632602531e-06,0.8866589291567779,1.0,1.0
binary,SW,118,0.295,H2O,5.416779802938781e-07,0.11334157442024112,0.0,1.0
binary,SW,118,0.295,Heavy_squalane,4.237486091359802e-06,0.8866584255797589,1.0,1.0
binary,SW,119,0.2975,H2O,5.416820569648939e-07,0.11334239765052144,0.0,1.0
binary,SW,119,0.2975,Heavy_squalane,4.237483270339278e-06,0.8866576023494785,1.0,1.0
binary,SW,120,0.3,H2O,5.416678190677912e-07,0.11334374072073806,0.0,1.0
binary,SW,120,0.3,Heavy_squalane,4.237315260398232e-06,0.886656259279262,1.0,1.0
binary,SW,121,0.3025,H2O,5.416740147636834e-07,0.11334593254414888,0.0,1.0
binary,SW,121,0.3025,Heavy_squalane,4.237271313095332e-06,0.8866540674558512,1.0,1.0
binary,SW,122,0.305,H2O,5.417032122972306e-07,0.11334952496545926,0.0,1.0
binary,SW,122,0.305,Heavy_squalane,4.237348243474663e-06,0.8866504750345409,1.0,1.0
binary,SW,123,0.3075,H2O,5.416799013053386e-07,0.11335538814296807,0.0,1.0
binary,SW,123,0.3075,Heavy_squalane,4.236918718304623e-06,0.8866446118570319,1.0,1.0
binary,SW,124,0.31,H2O,5.417392916567874e-07,0.11336504972615546,0.0,1.0
binary,SW,124,0.31,Heavy_squalane,4.236975955815096e-06,0.8866349502738445,1.0,1.0
binary,SW,125,0.3125,H2O,5.41779515117549e-07,0.11338079559304738,0.0,1.0
binary,SW,125,0.3125,Heavy_squalane,4.236626848003539e-06,0.8866192044069527,1.0,1.0
binary,SW,126,0.315,H2O,5.418650913718512e-07,0.11340643869619398,0.0,1.0
binary,SW,126,0.315,Heavy_squalane,4.23621539154906e-06,0.8865935613038061,1.0,1.0
binary,SW,127,0.3175,H2O,5.420381811034615e-07,0.11344874762169409,0.0,1.0
binary,SW,127,0.3175,Heavy_squalane,4.235786100491438e-06,0.886551252378306,1.0,1.0
binary,SW,128,0.32,H2O,5.422746717810986e-07,0.1135168307166308,0.0,1.0
binary,SW,128,0.32,Heavy_squalane,4.234767361173162e-06,0.8864831692833691,1.0,1.0
binary,SW,129,0.3225,H2O,5.426865623448585e-07,0.11362846757954939,0.0,1.0
binary,SW,129,0.3225,Heavy_squalane,4.233287046248716e-06,0.8863715324204506,1.0,1.0
binary,SW,130,0.325,H2O,5.43374331361738e-07,0.11380935860706161,0.0,1.0
binary,SW,130,0.325,Heavy_squalane,4.231051410178492e-06,0.8861906413929383,1.0,1.0
binary,SW,131,0.3275,H2O,5.444536027779425e-07,0.11409794573698769,0.0,1.0
binary,SW,131,0.3275,Heavy_squalane,4.227355383450319e-06,0.8859020542630123,1.0,1.0
binary,SW,132,0.33,H2O,5.463061322674537e-07,0.11458819778393875,0.0,1.0
binary,SW,132,0.33,Heavy_squalane,4.221254077533024e-06,0.8854118022160612,1.0,1.0
binary,SW,133,0.3325,H2O,5.490831717499295e-07,0.11533054308886262,0.0,1.0
binary,SW,133,0.3325,Heavy_squalane,4.21186875862344e-06,0.8846694569111374,1.0,1.0
binary,SW,134,0.335,H2O,5.538362140049441e-07,0.11659716818266333,0.0,1.0
binary,SW,134,0.335,Heavy_squalane,4.196160914032452e-06,0.8834028318173367,1.0,1.0
binary,SW,135,0.3375,H2O,5.620144929917498e-07,0.11878630666753814,0.0,1.0
binary,SW,135,0.3375,Heavy_squalane,4.169292580682398e-06,0.8812136933324619,1.0,1.0
binary,SW,136,0.34,H2O,5.736240680620377e-07,0.12194007067535176,0.0,1.0
binary,SW,136,0.34,Heavy_squalane,4.130523345377068e-06,0.8780599293246482,1.0,1.0
binary,SW,137,0.3425,H2O,5.932175072613696e-07,0.1273230408871165,0.0,1.0
binary,SW,137,0.3425,Heavy_squalane,4.065935330498067e-06,0.8726769591128835,1.0,1.0
binary,SW,138,0.345,H2O,6.142725490105924e-07,0.1332468985043593,0.0,1.0
binary,SW,138,0.345,Heavy_squalane,3.995760073928813e-06,0.8667531014956407,1.0,1.0
binary,SW,139,0.3475,H2O,6.544302030090262e-07,0.14487960716674605,0.0,1.0
binary,SW,139,0.3475,Heavy_squalane,3.862632037888852e-06,0.8551203928332539,1.0,1.0
binary,SW,140,0.35,H2O,7.054904292638338e-07,0.16039164746408976,0.0,1.0
binary,SW,140,0.35,Heavy_squalane,3.693058001518927e-06,0.8396083525359102,1.0,1.0
binary,SW,141,0.3525,H2O,9.119274755357464e-07,0.19085865453211387,0.0,0.10831361028530476
binary,SW,141,0.3525,Heavy_squalane,3.866097800663115e-06,0.8091413454678862,1.0,0.10831361028530476
binary,SW,142,0.355,H2O,1.081814491023901e-06,0.22756005722318287,0.0,0.1529306068326047
binary,SW,142,0.355,Heavy_squalane,3.672159049960471e-06,0.772439942776817,1.0,0.1529306068326047
binary,SW,143,0.3575,H2O,1.245166804620074e-06,0.26320051860694504,0.0,0.19584739417437663
binary,SW,143,0.3575,Heavy_squalane,3.485700790969907e-06,0.7367994813930551,1.0,0.19584739417437663
binary,SW,144,0.36,H2O,1.406864569259757e-06,0.2988413944218687,0.0,0.23835266581767686
binary,SW,144,0.36,Heavy_squalane,3.300865335365548e-06,0.7011586055781313,1.0,0.23835266581767686
binary,SW,145,0.3625,H2O,1.559249239549627e-06,0.33274448196851664,0.0,0.2784243457921647
binary,SW,145,0.3625,Heavy_squalane,3.126776597227913e-06,0.6672555180314834,1.0,0.2784243457921647
binary,SW,146,0.365,H2O,1.686067580274082e-06,0.36116455434937084,0.0,0.3117569789685187
binary,SW,146,0.365,Heavy_squalane,2.982351731558697e-06,0.6388354456506292,1.0,0.3117569789685187
binary,SW,147,0.3675,H2O,1.806348949834082e-06,0.388353773307656,0.0,0.3434009128694188
binary,SW,147,0.3675,Heavy_squalane,2.844948588616979e-06,0.6116462266923439,1.0,0.3434009128694188
binary,SW,148,0.37,H2O,1.913204678675118e-06,0.412689144181065,0.0,0.3715309754879219
binary,SW,148,0.37,Heavy_squalane,2.722741542957769e-06,0.587310855818935,1.0,0.3715309754879219
binary,SW,149,0.3725,H2O,2.007157776206971e-06,0.43420126407561,0.0,0.3962545338259714
binary,SW,149,0.3725,Heavy_squalane,2.615486011991335e-06,0.56579873592439,1.0,0.3962545338259714
binary,SW,150,0.375,H2O,2.090422129335007e-06,0.45337646272696197,0.0,0.4181747599995673
binary,SW,150,0.375,Heavy_squalane,2.520364493246958e-06,0.546623537273038,1.0,0.4181747599995673
binary,SW,151,0.3775,H2O,2.167055068314128e-06,0.4711181042932196,0.0,0.4383584982631594
binary,SW,151,0.3775,Heavy_squalane,2.43275769321238e-06,0.5288818957067803,1.0,0.4383584982631594
binary,SW,152,0.38,H2O,2.230935016342397e-06,0.48593974928941275,0.0,0.4551539789130729
binary,SW,152,0.38,Heavy_squalane,2.36003540664663e-06,0.5140602507105873,1.0,0.4551539789130729
binary,SW,153,0.3825,H2O,2.287681950266178e-06,0.49915364879436125,0.0,0.4700729217567294
binary,SW,153,0.3825,Heavy_squalane,2.295439811523538e-06,0.5008463512056388,1.0,0.4700729217567294
binary,SW,154,0.385,H2O,2.3382263911649e-06,0.5109606884273937,0.0,0.48336009758759607
binary,SW,154,0.385,Heavy_squalane,2.237911155465865e-06,0.48903931157260633,1.0,0.48336009758759607
binary,SW,155,0.3875,H2O,2.387530005722943e-06,0.5225583025264406,0.0,0.496367486065754
binary,SW,155,0.3875,Heavy_squalane,2.181395593927514e-06,0.4774416974735593,1.0,0.496367486065754
binary,SW,156,0.39,H2O,2.429452839612042e-06,0.532411197543189,0.0,0.5073911178123143
binary,SW,156,0.39,Heavy_squalane,2.133660879300614e-06,0.467588802456811,1.0,0.5073911178123143
binary,SW,157,0.3925,H2O,2.466970399614109e-06,0.5412497871884042,0.0,0.5172559766249923
binary,SW,157,0.3925,Heavy_squalane,2.090944370993235e-06,0.45875021281159584,1.0,0.5172559766249923
binary,SW,158,0.395,H2O,2.504477169733743e-06,0.5501548395554786,0.0,0.5271686658016639
binary,SW,158,0.395,Heavy_squalane,2.047836087670924e-06,0.44984516044452133,1.0,0.5271686658016639
binary,SW,159,0.3975,H2O,2.536086574034445e-06,0.5576375886387481,0.0,0.5354834487777013
binary,SW,159,0.3975,Heavy_squalane,2.011825234108365e-06,0.44236241136125204,1.0,0.5354834487777013
binary,SW,160,0.4,H2O,2.565003612874496e-06,0.5645009153566687,0.0,0.5430958002640262
binary,SW,160,0.4,Heavy_squalane,1.978839529087195e-06,0.4354990846433313,1.0,0.5430958002640262
binary,SW,161,0.4025,H2O,2.59163978614695e-06,0.5708293143161912,0.0,0.5501028984118674
binary,SW,161,0.4025,Heavy_squalane,1.948491074601734e-06,0.4291706856838089,1.0,0.5501028984118674
binary,SW,162,0.405,H2O,2.616316741843512e-06,0.5767013222722254,0.0,0.5565944323588786
binary,SW,162,0.405,Heavy_squalane,1.920376067417136e-06,0.4232986777277748,1.0,0.5565944323588786
binary,SW,163,0.4075,H2O,2.639328170376293e-06,0.5821849184140467,0.0,0.5626477063098517
binary,SW,163,0.4075,Heavy_squalane,1.894159535842879e-06,0.41781508158595315,1.0,0.5626477063098517
binary,SW,164,0.41,H2O,2.660917823023362e-06,0.5873366930363142,0.0,0.5683268994947644
binary,SW,164,0.41,Heavy_squalane,1.869563338075901e-06,0.41266330696368586,1.0,0.5683268994947644
binary,SW,165,0.4125,H2O,2.681284292837951e-06,0.5922028179339661,0.0,0.5736842847755896
binary,SW,165,0.4125,Heavy_squalane,1.846360986176795e-06,0.4077971820660338,1.0,0.5736842847755896
binary,SW,166,0.415,H2O,2.70058743345064e-06,0.5968204868250128,0.0,0.5787619312083954
binary,SW,166,0.415,Heavy_squalane,1.824370226460337e-06,0.40317951317498724,1.0,0.5787619312083954
binary,SW,167,0.4175,H2O,2.718955293529092e-06,0.6012194969997403,0.0,0.583593532364098
binary,SW,167,0.4175,Heavy_squalane,1.803445106154331e-06,0.3987805030002597,1.0,0.583593532364098
binary,SW,168,0.42,H2O,2.736490683449778e-06,0.6054237645183103,0.0,0.5882061372409485
binary,SW,168,0.42,Heavy_squalane,1.783468465539023e-06,0.3945762354816897,1.0,0.5882061372409485
binary,SW,169,0.4225,H2O,2.75327687812568e-06,0.609452650578031,0.0,0.5926216546890809
binary,SW,169,0.4225,Heavy_squalane,1.764345410520295e-06,0.39054734942196906,1.0,0.5926216546890809
binary,SW,170,0.425,H2O,2.769382281651559e-06,0.6133220484978242,0.0,0.5968580807530215
binary,SW,170,0.425,Heavy_squalane,1.745997996025485e-06,0.38667795150217577,1.0,0.5968580807530215
binary,SW,171,0.4275,H2O,2.784864068438618e-06,0.6170452342278085,0.0,0.600930456212129
binary,SW,171,0.4275,Heavy_squalane,1.728361079347657e-06,0.3829547657721914,1.0,0.600930456212129
binary,SW,172,0.43,H2O,2.799770918602205e-06,0.6206335085601288,0.0,0.6048515883967251
binary,SW,172,0.43,Heavy_squalane,1.711379188483827e-06,0.37936649143987117,1.0,0.6048515883967251
binary,SW,173,0.4325,H2O,2.814145049516935e-06,0.6240966707811445,0.0,0.6086325831838258
binary,SW,173,0.4325,Heavy_squalane,1.695004223775355e-06,0.37590332921885555,1.0,0.6086325831838258
binary,SW,174,0.435,H2O,2.828023659919867e-06,0.6274433591351171,0.0,0.6122832276035804
binary,SW,174,0.435,Heavy_squalane,1.679193794446185e-06,0.37255664086488294,1.0,0.6122832276035804
binary,SW,175,0.4375,H2O,2.841439976012082e-06,0.6306812938882994,0.0,0.6158122634038911
binary,SW,175,0.4375,Heavy_squalane,1.663910037611966e-06,0.3693187061117006,1.0,0.6158122634038911
binary,SW,176,0.44,H2O,2.854423997742597e-06,0.633817450196554,0.0,0.6192275821281447
binary,SW,176,0.44,Heavy_squalane,1.649118776059872e-06,0.366182549803446,1.0,0.6192275821281447
binary,SW,177,0.4425,H2O,2.867003019964542e-06,0.6368581818129214,0.0,0.622536365238868
binary,SW,177,0.4425,Heavy_squalane,1.63478890457845e-06,0.36314181818707864,1.0,0.622536365238868
binary,SW,178,0.445,H2O,2.879202029835384e-06,0.6398093112580957,0.0,0.6257451867119693
binary,SW,178,0.445,Heavy_squalane,1.620891950000319e-06,0.3601906887419043,1.0,0.6257451867119693
binary,SW,179,0.4475,H2O,2.891044000718875e-06,0.6426761972026885,0.0,0.6288600900762197
binary,SW,179,0.4475,Heavy_squalane,1.607401738056621e-06,0.35732380279731135,1.0,0.6288600900762197
binary,SW,180,0.45,H2O,2.902550116526461e-06,0.6454637865857672,0.0,0.6318866482695841
binary,SW,180,0.45,Heavy_squalane,1.594294132288386e-06,0.3545362134142328,1.0,0.6318866482695841
binary,SW,181,0.4525,H2O,2.913739954944302e-06,0.6481766563180963,0.0,0.6348300117119532
binary,SW,181,0.4525,Heavy_squalane,1.58154682612479e-06,0.35182334368190377,1.0,0.6348300117119532
binary,SW,182,0.455,H2O,2.924631639457748e-06,0.6508190477251824,0.0,0.6376949481138423
binary,SW,182,0.455,Heavy_squalane,1.569139170846985e-06,0.3491809522748175,1.0,0.6376949481138423
binary,SW,183,0.4575,H2O,2.935241966498768e-06,0.6533948955736585,0.0,0.6404858760908451
binary,SW,183,0.4575,Heavy_squalane,1.557052029648425e-06,0.3466051044263415,1.0,0.6404858760908451
binary,SW,184,0.46,H2O,2.945586520905182e-06,0.6559078534934365,0.0,0.6432068946016222
binary,SW,184,0.46,Heavy_squalane,1.545267652004424e-06,0.3440921465065635,1.0,0.6432068946016222
binary,SW,185,0.4625,H2O,2.955679761262398e-06,0.6583613162836508,0.0,0.6458618087789556
binary,SW,185,0.4625,Heavy_squalane,1.533769555029086e-06,0.34163868371634903,1.0,0.6458618087789556
binary,SW,186,0.465,H2O,2.96553513060474e-06,0.660758439832064,0.0,0.6484541529774845
binary,SW,186,0.465,Heavy_squalane,1.522542435772543e-06,0.33924156016793605,1.0,0.6484541529774845
binary,SW,187,0.4675,H2O,2.975165109480335e-06,0.6631021589862267,0.0,0.6509872114317143
binary,SW,187,0.4675,Heavy_squalane,1.511572068436367e-06,0.33689784101377335,1.0,0.6509872114317143
binary,SW,188,0.47,H2O,2.984581304813429e-06,0.6653952037573229,0.0,0.6534640369593551
binary,SW,188,0.47,Heavy_squalane,1.500845232619113e-06,0.33460479624267725,1.0,0.6534640369593551
binary,SW,189,0.4725,H2O,2.993794507322801e-06,0.6676401140913374,0.0,0.655887467982898
binary,SW,189,0.4725,Heavy_squalane,1.490349635809424e-06,0.3323598859086626,1.0,0.655887467982898
binary,SW,190,0.475,H2O,3.002814752406728e-06,0.669839253484995,0.0,0.6582601441856357
binary,SW,190,0.475,Heavy_squalane,1.48007384628898e-06,0.3301607465150051,1.0,0.6582601441856357
binary,SW,191,0.4775,H2O,3.011651375772058e-06,0.671994821589858,0.0,0.660584520970673
binary,SW,191,0.4775,Heavy_squalane,1.470007230832762e-06,0.3280051784101419,1.0,0.660584520970673
binary,SW,192,0.48,H2O,3.020313060729441e-06,0.6741088659683782,0.0,0.6628628829117409
binary,SW,192,0.48,Heavy_squalane,1.460139894581669e-06,0.3258911340316218,1.0,0.6628628829117409
binary,SW,193,0.4825,H2O,3.028807892304247e-06,0.6761832932094395,0.0,0.6650973564295782
binary,SW,193,0.4825,Heavy_squalane,1.450462629048476e-06,0.3238167067905605,1.0,0.6650973564295782
binary,SW,194,0.485,H2O,3.037143398378296e-06,0.6782198791978984,0.0,0.6672899214815082
binary,SW,194,0.485,Heavy_squalane,1.440966859861547e-06,0.32178012080210155,1.0,0.6672899214815082
binary,SW,195,0.4875,H2O,3.045326590642798e-06,0.6802202788117399,0.0,0.669442422567139
binary,SW,195,0.4875,Heavy_squalane,1.431644598693993e-06,0.31977972118826026,1.0,0.669442422567139
binary,SW,196,0.49,H2O,3.053364007835454e-06,0.6821860349870739,0.0,0.6715565789928415
binary,SW,196,0.49,Heavy_squalane,1.422488400801597e-06,0.3178139650129262,1.0,0.6715565789928415
binary,SW,197,0.4925,H2O,3.061261742956017e-06,0.6841185871527324,0.0,0.6736339944034001
binary,SW,197,0.4925,Heavy_squalane,1.413491319516436e-06,0.3158814128472676,1.0,0.6736339944034001
binary,SW,198,0.495,H2O,3.069025488339301e-06,0.686019279084384,0.0,0.6756761656404393
binary,SW,198,0.495,Heavy_squalane,1.404646873223871e-06,0.31398072091561596,1.0,0.6756761656404393
binary,SW,199,0.4975,H2O,3.076660561889433e-06,0.6878893661640131,0.0,0.6776844909176494
binary,SW,199,0.4975,Heavy_squalane,1.395949007649786e-06,0.31211063383598686,1.0,0.6776844909176494
binary,SW,200,0.5,H2O,3.084171930089201e-06,0.6897300221186633,0.0,0.679660277397163
binary,SW,200,0.5,Heavy_squalane,1.387392060434892e-06,0.3102699778813367,1.0,0.679660277397163
binary,SW,201,0.5025,H2O,3.091564246885521e-06,0.6915423452657673,0.0,0.6816047482004888
binary,SW,201,0.5025,Heavy_squalane,1.378970736330003e-06,0.3084576547342327,1.0,0.6816047482004888
binary,SW,202,0.505,H2O,3.098841863522286e-06,0.6933273642995459,0.0,0.68351904889503
binary,SW,202,0.505,Heavy_squalane,1.370680072414832e-06,0.30667263570045405,1.0,0.68351904889503
binary,SW,203,0.5075,H2O,3.106008866102387e-06,0.6950860436741176,0.0,0.6854042535190582
binary,SW,203,0.5075,Heavy_squalane,1.362515418581136e-06,0.30491395632588225,1.0,0.6854042535190582
binary,SW,204,0.51,H2O,3.113069084721083e-06,0.6968192886219695,0.0,0.6872613701897744
binary,SW,204,0.51,Heavy_squalane,1.354472407819245e-06,0.3031807113780306,1.0,0.6872613701897744
binary,SW,205,0.5125,H2O,3.120026126003798e-06,0.6985279497848588,0.0,0.6890913462723841
binary,SW,205,0.5125,Heavy_squalane,1.346546939490206e-06,0.30147205021514134,1.0,0.6890913462723841
binary,SW,206,0.515,H2O,3.126883372256021e-06,0.7002128275163411,0.0,0.6908950731762329
binary,SW,206,0.515,Heavy_squalane,1.338735150253906e-06,0.29978717248365905,1.0,0.6908950731762329
binary,SW,207,0.5175,H2O,3.133644022621943e-06,0.701874675862172,0.0,0.6926733907868302
binary,SW,207,0.5175,Heavy_squalane,1.331033405399837e-06,0.2981253241378279,1.0,0.6926733907868302
binary,SW,208,0.52,H2O,3.140311087234207e-06,0.703514206326975,0.0,0.6944270916516816
binary,SW,208,0.52,Heavy_squalane,1.32343827133194e-06,0.2964857936730249,1.0,0.6944270916516816
binary,SW,209,0.5225,H2O,3.146887412204872e-06,0.7051320911638457,0.0,0.696156924640096
binary,SW,209,0.5225,Heavy_squalane,1.315946504502595e-06,0.2948679088361543,1.0,0.696156924640096
binary,SW,210,0.525,H2O,3.153375694328578e-06,0.706728966255998,0.0,0.697863598152919
binary,SW,210,0.525,Heavy_squalane,1.308555038515239e-06,0.2932710337440021,1.0,0.697863598152919
binary,SW,211,0.5275,H2O,3.15977848067349e-06,0.7083054336422886,0.0,0.6995477829396448
binary,SW,211,0.5275,Heavy_squalane,1.301260967273559e-06,0.29169456635771146,1.0,0.6995477829396448
binary,SW,212,0.53,H2O,3.166098189632592e-06,0.7098620637122656,0.0,0.7012101145517833
binary,SW,212,0.53,Heavy_squalane,1.294061539252334e-06,0.2901379362877346,1.0,0.7012101145517833
binary,SW,213,0.5325,H2O,3.172337109799734e-06,0.7113993971635191,0.0,0.7028511955331184
binary,SW,213,0.5325,Heavy_squalane,1.286954144098468e-06,0.2886006028364809,1.0,0.7028511955331184
binary,SW,214,0.535,H2O,3.178497413549301e-06,0.7129179467653521,0.0,0.7044715973948197
binary,SW,214,0.535,Heavy_squalane,1.279936306587447e-06,0.2870820532346479,1.0,0.7044715973948197
binary,SW,215,0.5375,H2O,3.184581166028822e-06,0.7144181989806366,0.0,0.706071862431791
binary,SW,215,0.5375,Heavy_squalane,1.273005679564869e-06,0.2855818010193633,1.0,0.706071862431791
binary,SW,216,0.54,H2O,3.190590321532823e-06,0.7159006155090938,0.0,0.7076525054482965
binary,SW,216,0.54,Heavy_squalane,1.266160032374778e-06,0.28409938449090627,1.0,0.7076525054482965
binary,SW,217,0.5425,H2O,3.196526741659891e-06,0.7173656347984287,0.0,0.709214015442945
binary,SW,217,0.5425,Heavy_squalane,1.25939724828434e-06,0.28263436520157115,1.0,0.709214015442945
binary,SW,218,0.545,H2O,3.202392189457034e-06,0.7188136735254239,0.0,0.710756857255633
binary,SW,218,0.545,Heavy_squalane,1.252715312534256e-06,0.2811863264745761,1.0,0.710756857255633
binary,SW,219,0.5475,H2O,3.208188351218779e-06,0.7202451280924402,0.0,0.7122814732251532
binary,SW,219,0.5475,Heavy_squalane,1.246112311273203e-06,0.27975487190755977,1.0,0.7122814732251532
binary,SW,220,0.55,H2O,3.213916825750511e-06,0.7216603761239431,0.0,0.7137882848413286
binary,SW,220,0.55,Heavy_squalane,1.239586417717757e-06,0.2783396238760568,1.0,0.7137882848413286
binary,SW,221,0.5525,H2O,3.219579145120385e-06,0.7230597779972799,0.0,0.7152776944283329
binary,SW,221,0.5525,Heavy_squalane,1.23313589047173e-06,0.2769402220027201,1.0,0.7152776944283329
binary,SW,222,0.555,H2O,3.225176771232967e-06,0.7244436783663236,0.0,0.7167500868152527
binary,SW,222,0.555,Heavy_squalane,1.2267590624898e-06,0.2755563216336764,1.0,0.7167500868152527
binary,SW,223,0.5575,H2O,3.230711108168845e-06,0.7258124076891348,0.0,0.718205831006025
binary,SW,223,0.5575,Heavy_squalane,1.220454336157036e-06,0.27418759231086526,1.0,0.718205831006025
binary,SW,224,0.56,H2O,3.23618350196211e-06,0.7271662837187186,0.0,0.7196452818054221
binary,SW,224,0.56,Heavy_squalane,1.214220173813823e-06,0.2728337162812815,1.0,0.7196452818054221
binary,SW,225,0.5625,H2O,3.24159525563468e-06,0.7285056129300652,0.0,0.721068781372861
binary,SW,225,0.5625,Heavy_squalane,1.208055094479871e-06,0.27149438706993484,1.0,0.721068781372861
binary,SW,226,0.565,H2O,3.2469476272787e-06,0.7298306918417236,0.0,0.7224766606600039
binary,SW,226,0.565,Heavy_squalane,1.201957664830962e-06,0.27016930815827644,1.0,0.7224766606600039
binary,SW,227,0.5675,H2O,3.252241837665906e-06,0.7311418082348827,0.0,0.7238692407357795
binary,SW,227,0.5675,Heavy_squalane,1.195926494435694e-06,0.2688581917651173,1.0,0.7238692407357795
binary,SW,228,0.57,H2O,3.257479072376282e-06,0.7324392421931387,0.0,0.7252468339175876
binary,SW,228,0.57,Heavy_squalane,1.189960230059823e-06,0.26756075780686134,1.0,0.7252468339175876
binary,SW,229,0.5725,H2O,3.26266049117479e-06,0.733723266979379,0.0,0.7266097447267726
binary,SW,229,0.5725,Heavy_squalane,1.184057553636083e-06,0.2662767330206211,1.0,0.7266097447267726
binary,SW,230,0.575,H2O,3.26778722283569e-06,0.7349941497361004,0.0,0.7279582706542376
binary,SW,230,0.575,Heavy_squalane,1.178217175987061e-06,0.26500585026389967,1.0,0.7279582706542376
binary,SW,231,0.5775,H2O,3.272860376266288e-06,0.7362521520233606,0.0,0.7292927027518918
binary,SW,231,0.5775,Heavy_squalane,1.172437837493559e-06,0.26374784797663947,1.0,0.7292927027518918
binary,SW,232,0.58,H2O,3.277881033580581e-06,0.7374975302017119,0.0,0.7306133260580436
binary,SW,232,0.58,Heavy_squalane,1.166718303157607e-06,0.26250246979828795,1.0,0.7306133260580436
binary,SW,233,0.5825,H2O,3.282850254369222e-06,0.7387305356808188,0.0,0.7319204198791774
binary,SW,233,0.5825,Heavy_squalane,1.161057362558683e-06,0.26126946431918124,1.0,0.7319204198791774
binary,SW,234,0.585,H2O,3.287769082401976e-06,0.7399514150476737,0.0,0.7332142579432289
binary,SW,234,0.585,Heavy_squalane,1.155453831348585e-06,0.2600485849523262,1.0,0.7332142579432289
binary,SW,235,0.5875,H2O,3.292638538266847e-06,0.7411604100914715,0.0,0.7344951084426204
binary,SW,235,0.5875,Heavy_squalane,1.149906548377056e-06,0.25883958990852846,1.0,0.7344951084426204
binary,SW,236,0.59,H2O,3.297459616530988e-06,0.7423577577503615,0.0,0.7357632339941529
binary,SW,236,0.59,Heavy_squalane,1.144414374957427e-06,0.25764224224963855,1.0,0.7357632339941529
binary,SW,237,0.5925,H2O,3.302233295230811e-06,0.7435436899929185,0.0,0.7370188915294363
binary,SW,237,0.5925,Heavy_squalane,1.138976198810167e-06,0.2564563100070816,1.0,0.7370188915294363
binary,SW,238,0.595,H2O,3.306960529913965e-06,0.7447184336476506,0.0,0.7382623321301617
binary,SW,238,0.595,Heavy_squalane,1.133590932893777e-06,0.25528156635234944,1.0,0.7382623321301617
binary,SW,239,0.5975,H2O,3.311642251055088e-06,0.7458822102089947,0.0,0.7394938008383964
binary,SW,239,0.5975,Heavy_squalane,1.128257515594625e-06,0.25411778979100524,1.0,0.7394938008383964
binary,SW,240,0.6,H2O,3.316279366975476e-06,0.7470352356305033,0.0,0.7407135364533128
binary,SW,240,0.6,Heavy_squalane,1.122974912879893e-06,0.25296476436949666,1.0,0.7407135364533128
binary,SW,241,0.6025,H2O,3.320872759177103e-06,0.7481777201152799,0.0,0.7419217713249632
binary,SW,241,0.6025,Heavy_squalane,1.117742117867645e-06,0.2518222798847201,1.0,0.7419217713249632
binary,SW,242,0.605,H2O,3.325423291221563e-06,0.7493098679255829,0.0,0.7431187311683556
binary,SW,242,0.605,Heavy_squalane,1.112558154862669e-06,0.25069013207441715,1.0,0.7431187311683556
binary,SW,243,0.6075,H2O,3.329931787264192e-06,0.7504318772116715,0.0,0.7443046348977534
binary,SW,243,0.6075,Heavy_squalane,1.107422073071529e-06,0.2495681227883286,1.0,0.7443046348977534
binary,SW,244,0.61,H2O,3.334399058913808e-06,0.7515439398842059,0.0,0.7454796945069899
binary,SW,244,0.61,Heavy_squalane,1.102332956286202e-06,0.2484560601157941,1.0,0.7454796945069899
binary,SW,245,0.6125,H2O,3.338825886426715e-06,0.7526462415072731,0.0,0.7466441149713323
binary,SW,245,0.6125,Heavy_squalane,1.097289917115035e-06,0.24735375849272684,1.0,0.7466441149713323
binary,SW,246,0.615,H2O,3.343213019632589e-06,0.7537389612497136,0.0,0.7477980942108018
binary,SW,246,0.615,Heavy_squalane,1.092292097536196e-06,0.24626103875028643,1.0,0.7477980942108018
binary,SW,247,0.6175,H2O,3.34756118126573e-06,0.7548222718714417,0.0,0.7489418230901054
binary,SW,247,0.6175,Heavy_squalane,1.08733867001459e-06,0.24517772812855831,1.0,0.7489418230901054
binary,SW,248,0.62,H2O,3.351871076769097e-06,0.7558963397514233,0.0,0.7500754854622033
binary,SW,248,0.62,Heavy_squalane,1.082428840427698e-06,0.24410366024857666,1.0,0.7500754854622033
binary,SW,249,0.6225,H2O,3.356143373203779e-06,0.7569613249490668,0.0,0.7511992582467834
binary,SW,249,0.6225,Heavy_squalane,1.077561840770795e-06,0.24303867505093327,1.0,0.7511992582467834
binary,SW,250,0.625,H2O,3.360378719864258e-06,0.7580173813197963,0.0,0.7523133115654026
binary,SW,250,0.625,Heavy_squalane,1.072736935100604e-06,0.2419826186802038,1.0,0.7523133115654026
binary,SW,251,0.6275,H2O,3.36457773774974e-06,0.75906465664286,0.0,0.7534178088890529
binary,SW,251,0.6275,Heavy_squalane,1.067953415301658e-06,0.24093534335713993,1.0,0.7534178088890529
binary,SW,252,0.63,H2O,3.368741025198321e-06,0.7601032927871233,0.0,0.7545129072252379
binary,SW,252,0.63,Heavy_squalane,1.063210601857425e-06,0.23989670721287676,1.0,0.7545129072252379
binary,SW,253,0.6325,H2O,3.372869153914454e-06,0.7611334258989604,0.0,0.7555987573278063
binary,SW,253,0.6325,Heavy_squalane,1.058507841427488e-06,0.23886657410103956,1.0,0.7555987573278063
binary,SW,254,0.635,H2O,3.376962673186005e-06,0.7621551866106628,0.0,0.7566755039278039
binary,SW,254,0.635,Heavy_squalane,1.053844506915339e-06,0.23784481338933705,1.0,0.7566755039278039
binary,SW,255,0.6375,H2O,3.381022114396909e-06,0.7631687002654942,0.0,0.7577432859812483
binary,SW,255,0.6375,Heavy_squalane,1.049219997498803e-06,0.2368312997345057,1.0,0.7577432859812483
binary,SW,256,0.64,H2O,3.385047981598266e-06,0.7641740871527101,0.0,0.7588022369268473
binary,SW,256,0.64,Heavy_squalane,1.044633734266838e-06,0.23582591284729,1.0,0.7588022369268473
binary,SW,257,0.6425,H2O,3.389040764349606e-06,0.7651714627550078,0.0,0.7598524849561713
binary,SW,257,0.6425,Heavy_squalane,1.040085162729966e-06,0.23482853724499225,1.0,0.7598524849561713
binary,SW,258,0.645,H2O,3.393000930439613e-06,0.7661609379940716,0.0,0.7608941532811854
binary,SW,258,0.645,Heavy_squalane,1.035573749082704e-06,0.2338390620059285,1.0,0.7608941532811854
binary,SW,259,0.6475,H2O,3.39692893075904e-06,0.7671426194801487,0.0,0.7619273604055082
binary,SW,259,0.6475,Heavy_squalane,1.031098980219177e-06,0.23285738051985133,1.0,0.7619273604055082
binary,SW,260,0.65,H2O,3.400825196005612e-06,0.768116609756823,0.0,0.7629522203899842
binary,SW,260,0.65,Heavy_squalane,1.026660361274909e-06,0.23188339024317697,1.0,0.7629522203899842
binary,SW,261,0.6525,H2O,3.40469014971246e-06,0.7690830075398233,0.0,0.7639688431114695
binary,SW,261,0.6525,Heavy_squalane,1.022257418149601e-06,0.23091699246017663,1.0,0.7639688431114695
binary,SW,262,0.655,H2O,3.408524190443854e-06,0.7700419079475209,0.0,0.7649773345123301
binary,SW,262,0.655,Heavy_squalane,1.017889690755126e-06,0.229958092052479,1.0,0.7649773345123301
binary,SW,263,0.6575,H2O,3.412327706743949e-06,0.7709934027278487,0.0,0.7659777968456877
binary,SW,263,0.6575,Heavy_squalane,1.013556736197853e-06,0.22900659727215134,1.0,0.7659777968456877
binary,SW,264,0.66,H2O,3.416101075567582e-06,0.7719375804709051,0.0,0.7669703289051312
binary,SW,264,0.66,Heavy_squalane,1.009258127029677e-06,0.2280624195290949,1.0,0.7669703289051312
binary,SW,265,0.6625,H2O,3.419844660542433e-06,0.7728745268114111,0.0,0.7679550262433442
binary,SW,265,0.6625,Heavy_squalane,1.004993449534015e-06,0.227125473188589,1.0,0.7679550262433442
binary,SW,266,0.665,H2O,3.423558814318023e-06,0.7738043246262076,0.0,0.7689319813850658
binary,SW,266,0.665,Heavy_squalane,1.000762303261412e-06,0.2261956753737923,1.0,0.7689319813850658
binary,SW,267,0.6675,H2O,3.427243874475597e-06,0.7747270542180966,0.0,0.7699012840253455
binary,SW,267,0.6675,Heavy_squalane,9.96564298758508e-07,0.22527294578190352,1.0,0.7699012840253455
binary,SW,268,0.67,H2O,3.430900174024177e-06,0.7756427934921112,0.0,0.7708630212194437
binary,SW,268,0.67,Heavy_squalane,9.923990596056803e-07,0.22435720650788887,1.0,0.7708630212194437
binary,SW,269,0.6725,H2O,3.43452803501039e-06,0.7765516181193911,0.0,0.7718172775593866
binary,SW,269,0.6725,Heavy_squalane,9.882662195788114e-07,0.22344838188060903,1.0,0.7718172775593866
binary,SW,270,0.675,H2O,3.438127770411448e-06,0.7774536016949088,0.0,0.772764135343757
binary,SW,270,0.675,Heavy_squalane,9.841654222833499e-07,0.2225463983050912,1.0,0.772764135343757
binary,SW,271,0.6775,H2O,3.441699681662047e-06,0.7783488158845191,0.0,0.773703674735941
binary,SW,271,0.6775,Heavy_squalane,9.800963195959286e-07,0.22165118411548085,1.0,0.773703674735941
binary,SW,272,0.68,H2O,3.445244071013746e-06,0.7792373305652779,0.0,0.7746359739150738
binary,SW,272,0.68,Heavy_squalane,9.760585743747665e-07,0.2207626694347221,1.0,0.7746359739150738
binary,SW,273,0.6825,H2O,3.448761226066058e-06,0.7801192139522927,0.0,0.7755611092125422
binary,SW,273,0.6825,Heavy_squalane,9.720518553009698e-07,0.21988078604770747,1.0,0.7755611092125422
binary,SW,274,0.685,H2O,3.452251429786619e-06,0.7809945327228888,0.0,0.7764791552454868
binary,SW,274,0.685,Heavy_squalane,9.68075839023521e-07,0.2190054672771111,1.0,0.7764791552454868
binary,SW,275,0.6875,H2O,3.455714961938221e-06,0.7818633521292393,0.0,0.7773901850379223
binary,SW,275,0.6875,Heavy_squalane,9.641302098904794e-07,0.2181366478707608,1.0,0.7773901850379223
binary,SW,276,0.69,H2O,3.459152091754549e-06,0.7827257361028465,0.0,0.7782942701331578
binary,SW,276,0.69,Heavy_squalane,9.602146572902691e-07,0.21727426389715349,1.0,0.7782942701331578
binary,SW,277,0.6925,H2O,3.462563089964328e-06,0.7835817473533426,0.0,0.7791914807000249
binary,SW,277,0.6925,Heavy_squalane,9.563288784354222e-07,0.21641825264665734,1.0,0.7791914807000249
binary,SW,278,0.695,H2O,3.465948214732329e-06,0.7844314474567433,0.0,0.7800818856279145
binary,SW,278,0.695,Heavy_squalane,9.524725739414385e-07,0.21556855254325663,1.0,0.7800818856279145
binary,SW,279,0.6975,H2O,3.469307723536468e-06,0.7852748969399392,0.0,0.7809655526176756
binary,SW,279,0.6975,Heavy_squalane,9.486454506394456e-07,0.21472510306006073,1.0,0.7809655526176756
binary,SW,280,0.7,H2O,3.472641871979296e-06,0.7861121553559552,0.0,0.7818425482627139
binary,SW,280,0.7,Heavy_squalane,9.448472207912741e-07,0.2138878446440448,1.0,0.7818425482627139
binary,SW,281,0.7025,H2O,3.475950908059383e-06,0.7869432813510443,0.0,0.7827129381214033
binary,SW,281,0.7025,Heavy_squalane,9.410776001347295e-07,0.21305671864895567,1.0,0.7827129381214033
binary,SW,282,0.705,H2O,3.479235077361822e-06,0.7877683327304474,0.0,0.7835767867879513
binary,SW,282,0.705,Heavy_squalane,9.37336308927096e-07,0.2122316672695525,1.0,0.7835767867879513
binary,SW,283,0.7075,H2O,3.482494621545847e-06,0.7885873665128328,0.0,0.784434157951333
binary,SW,283,0.7075,Heavy_squalane,9.336230712160691e-07,0.2114126334871671,1.0,0.784434157951333
binary,SW,284,0.71,H2O,3.485729779003427e-06,0.7894004389830489,0.0,0.7852851144523236
binary,SW,284,0.71,Heavy_squalane,9.299376147136896e-07,0.21059956101695115,1.0,0.7852851144523236
binary,SW,285,0.7125,H2O,3.488940787665734e-06,0.7902076057378881,0.0,0.7861297183331576
binary,SW,285,0.7125,Heavy_squalane,9.262796712765651e-07,0.2097923942621118,1.0,0.7861297183331576
binary,SW,286,0.715,H2O,3.492127878821921e-06,0.791008921725233,0.0,0.7869680308801312
binary,SW,286,0.715,Heavy_squalane,9.226489750287316e-07,0.20899107827476707,1.0,0.7869680308801312
binary,SW,287,0.7175,H2O,3.495291282060747e-06,0.7918044412844656,0.0,0.7878001126675244
binary,SW,287,0.7175,Heavy_squalane,9.190452634512776e-07,0.2081955587155343,1.0,0.7878001126675244
binary,SW,288,0.72,H2O,3.498431227908283e-06,0.7925942181762601,0.0,0.7886260235902401
binary,SW,288,0.72,Heavy_squalane,9.15468277891908e-07,0.20740578182373995,1.0,0.7886260235902401
binary,SW,289,0.7225,H2O,3.501547939222741e-06,0.7933783056123858,0.0,0.7894458228965154
binary,SW,289,0.7225,Heavy_squalane,9.119177611281114e-07,0.20662169438761416,1.0,0.7894458228965154
binary,SW,290,0.725,H2O,3.504641638235921e-06,0.7941567562818831,0.0,0.7902595692166723
binary,SW,290,0.725,Heavy_squalane,9.083934590716951e-07,0.20584324371811683,1.0,0.7902595692166723
binary,SW,291,0.7275,H2O,3.507712549130202e-06,0.7949296223735698,0.0,0.7910673205880638
binary,SW,291,0.7275,Heavy_squalane,9.048951212904444e-07,0.20507037762643018,1.0,0.7910673205880638
binary,SW,292,0.73,H2O,3.510760886920783e-06,0.7956969555936395,0.0,0.7918691344747751
binary,SW,292,0.73,Heavy_squalane,9.014224980232208e-07,0.20430304440636052,1.0,0.7918691344747751
binary,SW,293,0.7325,H2O,3.513786871315525e-06,0.7964588071859552,0.0,0.7926650677901689
binary,SW,293,0.7325,Heavy_squalane,8.979753436449968e-07,0.20354119281404476,1.0,0.7926650677901689
binary,SW,294,0.735,H2O,3.51679071091381e-06,0.7972152279444732,0.0,0.793455176911106
binary,SW,294,0.735,Heavy_squalane,8.945534125313057e-07,0.20278477205552686,1.0,0.793455176911106
binary,SW,295,0.7375,H2O,3.519772621641864e-06,0.7979662682278912,0.0,0.7942395176944754
binary,SW,295,0.7375,Heavy_squalane,8.911564636921696e-07,0.20203373177210887,1.0,0.7942395176944754
binary,SW,296,0.74,H2O,3.522732817757139e-06,0.7987119779679986,0.0,0.7950181454871496
binary,SW,296,0.74,Heavy_squalane,8.877842583975419e-07,0.2012880220320014,1.0,0.7950181454871496
binary,SW,297,0.7425,H2O,3.525671500402452e-06,0.7994524066797947,0.0,0.7957911151376952
binary,SW,297,0.7425,Heavy_squalane,8.844365572428009e-07,0.20054759332020536,1.0,0.7957911151376952
binary,SW,298,0.745,H2O,3.528588880762691e-06,0.8001876034722445,0.0,0.796558481008771
binary,SW,298,0.745,Heavy_squalane,8.811131259306483e-07,0.1998123965277554,1.0,0.796558481008771
binary,SW,299,0.7475,H2O,3.531485163937999e-06,0.8009176170488713,0.0,0.7973202969788545
binary,SW,299,0.7475,Heavy_squalane,8.778137311848324e-07,0.19908238295112876,1.0,0.7973202969788545
binary,SW,300,0.75,H2O,3.534360546659616e-06,0.8016424957174079,0.0,0.7980766164534526
binary,SW,300,0.75,Heavy_squalane,8.745381401504406e-07,0.19835750428259213,1.0,0.7980766164534526
binary,SW,301,0.7525,H2O,3.537215240616833e-06,0.8023622873931859,0.0,0.798827492369686
binary,SW,301,0.7525,Heavy_squalane,8.712861261522558e-07,0.19763771260681395,1.0,0.798827492369686
binary,SW,302,0.755,H2O,3.54004943746281e-06,0.8030770395981847,0.0,0.7995729771963831
binary,SW,302,0.755,Heavy_squalane,8.680574600199714e-07,0.19692296040181548,1.0,0.7995729771963831
binary,SW,303,0.7575,H2O,3.542863336891313e-06,0.8037867994698205,0.0,0.8003131229442947
binary,SW,303,0.7575,Heavy_squalane,8.648519169896831e-07,0.19621320053017954,1.0,0.8003131229442947
binary,SW,304,0.76,H2O,3.545657134916565e-06,0.8044916137583155,0.0,0.801047981164378
binary,SW,304,0.76,Heavy_squalane,8.616692738106085e-07,0.19550838624168448,1.0,0.801047981164378
binary,SW,305,0.7625,H2O,3.548431026212308e-06,0.8051915288283715,0.0,0.8017776029505466
binary,SW,305,0.7625,Heavy_squalane,8.585093093071235e-07,0.1948084711716284,1.0,0.8017776029505466
binary,SW,306,0.765,H2O,3.551185206493232e-06,0.8058865906610198,0.0,0.8025020389426079
binary,SW,306,0.765,Heavy_squalane,8.55371804934903e-07,0.19411340933898025,1.0,0.8025020389426079
binary,SW,307,0.7675,H2O,3.553919858228282e-06,0.8065768448520044,0.0,0.8032213393255739
binary,SW,307,0.7675,Heavy_squalane,8.522565413438836e-07,0.1934231551479956,1.0,0.8032213393255739
binary,SW,308,0.77,H2O,3.556635176756379e-06,0.8072623366152242,0.0,0.8039355538341942
binary,SW,308,0.77,Heavy_squalane,8.491633046505688e-07,0.19273766338477583,1.0,0.8039355538341942
binary,SW,309,0.7725,H2O,3.559331348855481e-06,0.8079431107776257,0.0,0.8046447317485943
binary,SW,309,0.7725,Heavy_squalane,8.460918812896598e-07,0.19205688922237432,1.0,0.8046447317485943
binary,SW,310,0.775,H2O,3.562008559859939e-06,0.8086192117817702,0.0,0.8053489218979106
binary,SW,310,0.775,Heavy_squalane,8.430420597155611e-07,0.19138078821822987,1.0,0.8053489218979106
binary,SW,311,0.7775,H2O,3.564666991228917e-06,0.8092906836854357,0.0,0.8060481726607959
binary,SW,311,0.7775,Heavy_squalane,8.400136298252504e-07,0.1907093163145642,1.0,0.8060481726607959
binary,SW,312,0.78,H2O,3.567306827703775e-06,0.8099575701597029,0.0,0.8067425319643294
binary,SW,312,0.78,Heavy_squalane,8.370063846542412e-07,0.19004242984029693,1.0,0.8067425319643294
binary,SW,313,0.7825,H2O,3.56992824767439e-06,0.8106199144888272,0.0,0.8074320472847994
binary,SW,313,0.7825,Heavy_squalane,8.340201180964768e-07,0.1893800855111729,1.0,0.8074320472847994
binary,SW,314,0.785,H2O,3.572531435211226e-06,0.8112777595695482,0.0,0.8081167656478874
binary,SW,314,0.785,Heavy_squalane,8.310546277257857e-07,0.18872224043045188,1.0,0.8081167656478874
binary,SW,315,0.7875,H2O,3.57511656065495e-06,0.8119311479091424,0.0,0.8087967336274942
binary,SW,315,0.7875,Heavy_squalane,8.28109710268969e-07,0.18806885209085764,1.0,0.8087967336274942
binary,SW,316,0.79,H2O,3.577683804868413e-06,0.8125801216287676,0.0,0.8094719973501048
binary,SW,316,0.79,Heavy_squalane,8.251851672363473e-07,0.18741987837123242,1.0,0.8094719973501048
binary,SW,317,0.7925,H2O,3.580233334839915e-06,0.8132247224577007,0.0,0.8101426024896413
binary,SW,317,0.7925,Heavy_squalane,8.222807992850941e-07,0.1867752775422993,1.0,0.8101426024896413
binary,SW,318,0.795,H2O,3.582765328086155e-06,0.8138649917381541,0.0,0.8108085942733244
binary,SW,318,0.795,Heavy_squalane,8.193964118291097e-07,0.18613500826184587,1.0,0.8108085942733244
binary,SW,319,0.7975,H2O,3.585279953055043e-06,0.8145009704204833,0.0,0.8114700174774968
binary,SW,319,0.7975,Heavy_squalane,8.165318105382579e-07,0.1854990295795166,1.0,0.8114700174774968
binary,SW,320,0.8,H2O,3.587777381372552e-06,0.8151326990661876,0.0,0.8121269164315911
binary,SW,320,0.8,Heavy_squalane,8.136868041308557e-07,0.18486730093381235,1.0,0.8121269164315911
binary,SW,321,0.8025,H2O,3.590257773038445e-06,0.8157602178466447,0.0,0.8127793350176077
binary,SW,321,0.8025,Heavy_squalane,8.108612010096129e-07,0.18423978215335532,1.0,0.8127793350176077
binary,SW,322,0.805,H2O,3.592721298598732e-06,0.8163835665449785,0.0,0.8134273166728404
binary,SW,322,0.805,Heavy_squalane,8.080548142810367e-07,0.18361643345502163,1.0,0.8134273166728404
binary,SW,323,0.8075,H2O,3.59516811937397e-06,0.8170027845535729,0.0,0.814070904388097
binary,SW,323,0.8075,Heavy_squalane,8.052674572788612e-07,0.1829972154464272,1.0,0.814070904388097
binary,SW,324,0.81,H2O,3.597598397345918e-06,0.8176179108771761,0.0,0.8147101407116868
binary,SW,324,0.81,Heavy_squalane,8.024989457837822e-07,0.18238208912282403,1.0,0.8147101407116868
binary,SW,325,0.8125,H2O,3.60001229265536e-06,0.8182289841320316,0.0,0.8153450677492656
binary,SW,325,0.8125,Heavy_squalane,7.997490974574747e-07,0.1817710158679684,1.0,0.8153450677492656
binary,SW,326,0.815,H2O,3.602409966116132e-06,0.8188360425482607,0.0,0.8159757271670866
binary,SW,326,0.815,Heavy_squalane,7.970177323828782e-07,0.18116395745173933,1.0,0.8159757271670866
binary,SW,327,0.8175,H2O,3.604791571678495e-06,0.8194391239688356,0.0,0.8166021601916397
binary,SW,327,0.8175,Heavy_squalane,7.943046713947006e-07,0.18056087603116447,1.0,0.8166021601916397
binary,SW,328,0.82,H2O,3.607157263935197e-06,0.8200382658527072,0.0,0.8172244076136498
binary,SW,328,0.82,Heavy_squalane,7.916097377294593e-07,0.17996173414729286,1.0,0.8172244076136498
binary,SW,329,0.8225,H2O,3.609507198136957e-06,0.8206335052754011,0.0,0.8178425097894036
binary,SW,329,0.8225,Heavy_squalane,7.889327570116225e-07,0.1793664947245988,1.0,0.8178425097894036
binary,SW,330,0.825,H2O,3.611841525145522e-06,0.8212248789291974,0.0,0.8184565066416195
binary,SW,330,0.825,Heavy_squalane,7.862735561401727e-07,0.17877512107080254,1.0,0.8184565066416195
binary,SW,331,0.8275,H2O,3.614160393971483e-06,0.821812423127068,0.0,0.8190664376642629
binary,SW,331,0.8275,Heavy_squalane,7.836319638262821e-07,0.178187576872932,1.0,0.8190664376642629
binary,SW,332,0.83,H2O,3.616463954282237e-06,0.822396173802147,0.0,0.8196723419226347
binary,SW,332,0.83,Heavy_squalane,7.810078111351558e-07,0.17760382619785287,1.0,0.8196723419226347
binary,SW,333,0.8325,H2O,3.61875235645537e-06,0.8229761665108027,0.0,0.8202742580572664
binary,SW,333,0.8325,Heavy_squalane,7.784009314677843e-07,0.17702383348919717,1.0,0.8202742580572664
binary,SW,334,0.835,H2O,3.621025738833225e-06,0.8235524364335798,0.0,0.8208722242855302
binary,SW,334,0.835,Heavy_squalane,7.75811157811988e-07,0.17644756356642022,1.0,0.8208722242855302
binary,SW,335,0.8375,H2O,3.623284248122001e-06,0.8241250183799096,0.0,0.8214662784071914
binary,SW,335,0.8375,Heavy_squalane,7.732383271115056e-07,0.17587498162009044,1.0,0.8214662784071914
binary,SW,336,0.84,H2O,3.625528029203449e-06,0.8246939467864407,0.0,0.822056457803286
binary,SW,336,0.84,Heavy_squalane,7.706822780637876e-07,0.1753060532135592,1.0,0.822056457803286
binary,SW,337,0.8425,H2O,3.627757220040221e-06,0.8252592557218118,0.0,0.8226427994417288
binary,SW,337,0.8425,Heavy_squalane,7.681428500137747e-07,0.17474074427818814,1.0,0.8226427994417288
binary,SW,338,0.845,H2O,3.629971961936017e-06,0.8258209788888244,0.0,0.8232253398801597
binary,SW,338,0.845,Heavy_squalane,7.656198851254268e-07,0.17417902111117567,1.0,0.8232253398801597
binary,SW,339,0.8475,H2O,3.63217238668204e-06,0.8263791496263841,0.0,0.8238041152685716
binary,SW,339,0.8475,Heavy_squalane,7.631132256475889e-07,0.17362085037361583,1.0,0.8238041152685716
binary,SW,340,0.85,H2O,3.634358637229909e-06,0.8269338009136619,0.0,0.824379161354204
binary,SW,340,0.85,Heavy_squalane,7.606227182478598e-07,0.17306619908633816,1.0,0.824379161354204
binary,SW,341,0.8525,H2O,3.636530841852239e-06,0.8274849653698702,0.0,0.8249505134819213
binary,SW,341,0.8525,Heavy_squalane,7.581482085722945e-07,0.17251503463012985,1.0,0.8249505134819213
binary,SW,342,0.855,H2O,3.638689134884829e-06,0.8280326752604437,0.0,0.8255182066011596
binary,SW,342,0.855,Heavy_squalane,7.556895455704329e-07,0.17196732473955628,1.0,0.8255182066011596
binary,SW,343,0.8575,H2O,3.6408336541955e-06,0.8285769624975596,0.0,0.8260822752670459
binary,SW,343,0.8575,Heavy_squalane,7.532465809356128e-07,0.1714230375024404,1.0,0.8260822752670459
binary,SW,344,0.86,H2O,3.642964517731517e-06,0.8291178586429486,0.0,0.8266427536438717
binary,SW,344,0.86,Heavy_squalane,7.50819164233924e-07,0.17088214135705132,1.0,0.8266427536438717
binary,SW,345,0.8625,H2O,3.64508186794919e-06,0.829655394914623,0.0,0.8271996755125827
binary,SW,345,0.8625,Heavy_squalane,7.484071520604885e-07,0.17034460508537697,1.0,0.8271996755125827
binary,SW,346,0.865,H2O,3.647185819498884e-06,0.8301896021834764,0.0,0.8277530742678127
binary,SW,346,0.865,Heavy_squalane,7.460103972526191e-07,0.16981039781652357,1.0,0.8277530742678127
binary,SW,347,0.8675,H2O,3.649276503829651e-06,0.8307205109836517,0.0,0.8283029829291346
binary,SW,347,0.8675,Heavy_squalane,7.436287580237756e-07,0.16927948901634826,1.0,0.8283029829291346
binary,SW,348,0.87,H2O,3.65135404294169e-06,0.8312481515096628,0.0,0.8288494341385956
binary,SW,348,0.87,Heavy_squalane,7.41262092577313e-07,0.16875184849033714,1.0,0.8288494341385956
binary,SW,349,0.8725,H2O,3.653418562607876e-06,0.8317725536230518,0.0,0.8293924601681111
binary,SW,349,0.8725,Heavy_squalane,7.389102617735501e-07,0.16822744637694814,1.0,0.8293924601681111
binary,SW,350,0.875,H2O,3.655470179175903e-06,0.8322937468536123,0.0,0.8299320929212318
binary,SW,350,0.875,Heavy_squalane,7.365731264418231e-07,0.16770625314638754,1.0,0.8299320929212318
binary,SW,351,0.8775,H2O,3.657509020807013e-06,0.8328117604049257,0.0,0.8304683639393685
binary,SW,351,0.8775,Heavy_squalane,7.342505516426807e-07,0.16718823959507437,1.0,0.8304683639393685
binary,SW,352,0.88,H2O,3.659535195638627e-06,0.833326623153993,0.0,0.8310013044018638
binary,SW,352,0.88,Heavy_squalane,7.319424002504104e-07,0.166673376846007,1.0,0.8310013044018638
binary,SW,353,0.8825,H2O,3.661548826387005e-06,0.8338383636592113,0.0,0.8315309451347456
binary,SW,353,0.8825,Heavy_squalane,7.296485398731486e-07,0.16616163634078865,1.0,0.8315309451347456
binary,SW,354,0.885,H2O,3.663550031760052e-06,0.8343470101591033,0.0,0.8320573166098523
binary,SW,354,0.885,Heavy_squalane,7.273688391081283e-07,0.16565298984089669,1.0,0.8320573166098523
binary,SW,355,0.8875,H2O,3.665538918446163e-06,0.8348525905774011,0.0,0.8325804489505518
binary,SW,355,0.8875,Heavy_squalane,7.251031659378614e-07,0.1651474094225989,1.0,0.8325804489505518
binary,SW,356,0.89,H2O,3.667515607933247e-06,0.8353551325280706,0.0,0.8331003719373801
binary,SW,356,0.89,Heavy_squalane,7.228513930260806e-07,0.1646448674719294,1.0,0.8331003719373801
binary,SW,357,0.8925,H2O,3.669480207030697e-06,0.8358546633145735,0.0,0.8336171150077102
binary,SW,357,0.8925,Heavy_squalane,7.206133918725017e-07,0.1641453366854266,1.0,0.8336171150077102
binary,SW,358,0.895,H2O,3.671432829418259e-06,0.8363512099372336,0.0,0.8341307072638088
binary,SW,358,0.895,Heavy_squalane,7.183890370363756e-07,0.16364879006276634,1.0,0.8341307072638088
binary,SW,359,0.8975,H2O,3.673373579488468e-06,0.8368447990933267,0.0,0.8346411774733338
binary,SW,359,0.8975,Heavy_squalane,7.161782029547738e-07,0.1631552009066735,1.0,0.8346411774733338
binary,SW,360,0.9,H2O,3.675302571315115e-06,0.8373354571829053,0.0,0.8351485540757791
binary,SW,360,0.9,Heavy_squalane,7.139807676230716e-07,0.16266454281709483,1.0,0.8351485540757791
binary,SW,361,0.9025,H2O,3.677219907028622e-06,0.8378232103093668,0.0,0.8356528651834565
binary,SW,361,0.9025,Heavy_squalane,7.117966083658445e-07,0.1621767896906333,1.0,0.8356528651834565
binary,SW,362,0.905,H2O,3.679125693111838e-06,0.8383080842850213,0.0,0.8361541385876471
binary,SW,362,0.905,Heavy_squalane,7.096256049860468e-07,0.16169191571497876,1.0,0.8361541385876471
binary,SW,363,0.9075,H2O,3.681020040461813e-06,0.8387901046321544,0.0,0.8366524017601028
binary,SW,363,0.9075,Heavy_squalane,7.074676397500309e-07,0.16120989536784563,1.0,0.8366524017601028
binary,SW,364,0.91,H2O,3.682903042617944e-06,0.8392692965867852,0.0,0.8371476818572949
binary,SW,364,0.91,Heavy_squalane,7.053225931772657e-07,0.16073070341321477,1.0,0.8371476818572949
binary,SW,365,0.9125,H2O,3.684774808534083e-06,0.8397456851032012,0.0,0.8376400057254819
binary,SW,365,0.9125,Heavy_squalane,7.031903503237912e-07,0.16025431489679873,1.0,0.8376400057254819
binary,SW,366,0.915,H2O,3.686635435280489e-06,0.8402192948542073,0.0,0.8381293999013298
binary,SW,366,0.915,Heavy_squalane,7.01070795531771e-07,0.15978070514579265,1.0,0.8381293999013298
binary,SW,367,0.9175,H2O,3.688485024510492e-06,0.8406901502361515,0.0,0.8386158906174677
binary,SW,367,0.9175,Heavy_squalane,6.989638155578606e-07,0.1593098497638485,1.0,0.8386158906174677
binary,SW,368,0.92,H2O,3.690323671503953e-06,0.8411582753707434,0.0,0.8390995038047243
binary,SW,368,0.92,Heavy_squalane,6.968692974737705e-07,0.15884172462925666,1.0,0.8390995038047243
binary,SW,369,0.9225,H2O,3.692151478983157e-06,0.841623694109066,0.0,0.8395802650966123
binary,SW,369,0.9225,Heavy_squalane,6.947871312607357e-07,0.15837630589093402,1.0,0.8395802650966123
binary,SW,370,0.925,H2O,3.693968540595079e-06,0.8420864300331178,0.0,0.840058199831263
binary,SW,370,0.925,Heavy_squalane,6.927172066741193e-07,0.15791356996688213,1.0,0.840058199831263
binary,SW,371,0.9275,H2O,3.695774954768631e-06,0.8425465064604899,0.0,0.8405333330565888
binary,SW,371,0.9275,Heavy_squalane,6.906594158330107e-07,0.15745349353951013,1.0,0.8405333330565888
binary,SW,372,0.93,H2O,3.69757080810584e-06,0.8430039464462847,0.0,0.8410056895326019
binary,SW,372,0.93,Heavy_squalane,6.886136500963915e-07,0.15699605355371538,1.0,0.8410056895326019
binary,SW,373,0.9325,H2O,3.699356200420438e-06,0.8434587727879616,0.0,0.8414752937367294
binary,SW,373,0.9325,Heavy_squalane,6.86579804717806e-07,0.15654122721203842,1.0,0.8414752937367294
binary,SW,374,0.935,H2O,3.701131222542059e-06,0.8439110080260894,0.0,0.8419421698649031
binary,SW,374,0.935,Heavy_squalane,6.845577746888425e-07,0.15608899197391066,1.0,0.8419421698649031
binary,SW,375,0.9375,H2O,3.702895961904051e-06,0.8443606744495161,0.0,0.842406341837224
binary,SW,375,0.9375,Heavy_squalane,6.825474557659715e-07,0.15563932555048393,1.0,0.842406341837224
binary,SW,376,0.94,H2O,3.704650510973632e-06,0.8448077940986323,0.0,0.8428678333016038
binary,SW,376,0.94,Heavy_squalane,6.805487460080219e-07,0.1551922059013678,1.0,0.8428678333016038
binary,SW,377,0.9425,H2O,3.706394956095925e-06,0.8452523887674727,0.0,0.8433266676362615
binary,SW,377,0.9425,Heavy_squalane,6.785615437023232e-07,0.15474761123252734,1.0,0.8433266676362615
binary,SW,378,0.945,H2O,3.708129391590249e-06,0.8456944800086287,0.0,0.8437828679550627
binary,SW,378,0.945,Heavy_squalane,6.765857499256499e-07,0.15430551999137126,1.0,0.8437828679550627
binary,SW,379,0.9475,H2O,3.709853897278017e-06,0.8461340891345253,0.0,0.8442364571091401
binary,SW,379,0.9475,Heavy_squalane,6.746212644220271e-07,0.15386591086547477,1.0,0.8442364571091401
binary,SW,380,0.95,H2O,3.711568563887609e-06,0.8465712372239095,0.0,0.8446874576938536
binary,SW,380,0.95,Heavy_squalane,6.726679902134335e-07,0.15342876277609055,1.0,0.8446874576938536
binary,SW,381,0.9525,H2O,3.713273473328274e-06,0.8470059451216605,0.0,0.8451358920488767
binary,SW,381,0.9525,Heavy_squalane,6.707258300000091e-07,0.1529940548783394,1.0,0.8451358920488767
binary,SW,382,0.955,H2O,3.714968712889228e-06,0.8474382334445539,0.0,0.8455817822644053
binary,SW,382,0.955,Heavy_squalane,6.687946887089256e-07,0.15256176655544604,1.0,0.8455817822644053
binary,SW,383,0.9575,H2O,3.716654361097723e-06,0.8478681225828756,0.0,0.8460251501830981
binary,SW,383,0.9575,Heavy_squalane,6.668744709281979e-07,0.15213187741712442,1.0,0.8460251501830981
binary,SW,384,0.96,H2O,3.718330501952615e-06,0.8482956327048152,0.0,0.846466017404856
binary,SW,384,0.96,Heavy_squalane,6.649650834515091e-07,0.15170436729518474,1.0,0.846466017404856
binary,SW,385,0.9625,H2O,3.719997219295115e-06,0.8487207837582187,0.0,0.8469044052888809
binary,SW,385,0.9625,Heavy_squalane,6.630664342454561e-07,0.1512792162417813,1.0,0.8469044052888809
binary,SW,386,0.965,H2O,3.721654588280789e-06,0.849143595474053,0.0,0.8473403349575115
binary,SW,386,0.965,Heavy_squalane,6.611784309132068e-07,0.15085640452594692,1.0,0.8473403349575115
binary,SW,387,0.9675,H2O,3.723302695418993e-06,0.8495640873699765,0.0,0.8477738273001324
binary,SW,387,0.9675,Heavy_squalane,6.593009842461205e-07,0.15043591263002348,1.0,0.8477738273001324
binary,SW,388,0.97,H2O,3.724941612844625e-06,0.8499822787511339,0.0,0.8482049029742382
binary,SW,388,0.97,Heavy_squalane,6.574340036419036e-07,0.15001772124886606,1.0,0.8482049029742382
binary,SW,389,0.9725,H2O,3.72657141840908e-06,0.8503981887153185,0.0,0.8486335824109971
binary,SW,389,0.9725,Heavy_squalane,6.555774006503136e-07,0.14960181128468159,1.0,0.8486335824109971
binary,SW,390,0.975,H2O,3.728192192871247e-06,0.8508118361542144,0.0,0.8490598858167513
binary,SW,390,0.975,Heavy_squalane,6.537310884540157e-07,0.1491881638457856,1.0,0.8490598858167513
binary,SW,391,0.9775,H2O,3.729804011284794e-06,0.851223239755085,0.0,0.8494838331749844
binary,SW,391,0.9775,Heavy_squalane,6.518949803427582e-07,0.148776760244915,1.0,0.8494838331749844
binary,SW,392,0.98,H2O,3.731406948804168e-06,0.8516324180050721,0.0,0.849905444250982
binary,SW,392,0.98,Heavy_squalane,6.500689907154863e-07,0.14836758199492794,1.0,0.849905444250982
binary,SW,393,0.9825,H2O,3.733001077806286e-06,0.85203938919257,0.0,0.8503247385934576
binary,SW,393,0.9825,Heavy_squalane,6.482530345697181e-07,0.14796061080742998,1.0,0.8503247385934576
binary,SW,394,0.985,H2O,3.734586470814292e-06,0.852444171409951,0.0,0.8507417355375739
binary,SW,394,0.985,Heavy_squalane,6.464470279980106e-07,0.14755582859004895,1.0,0.8507417355375739
binary,SW,395,0.9875,H2O,3.736163203440683e-06,0.8528467825554615,0.0,0.8511564542071078
binary,SW,395,0.9875,Heavy_squalane,6.446508886822672e-07,0.14715321744453858,1.0,0.8511564542071078
binary,SW,396,0.99,H2O,3.737731345709301e-06,0.8532472403358201,0.0,0.8515689135173342
binary,SW,396,0.99,Heavy_squalane,6.428645343760637e-07,0.14675275966417978,1.0,0.8515689135173342
binary,SW,397,0.9925,H2O,3.739290970796795e-06,0.8536455622679854,0.0,0.8519791321770578
binary,SW,397,0.9925,Heavy_squalane,6.410878844064819e-07,0.14635443773201473,1.0,0.8519791321770578
binary,SW,398,0.995,H2O,3.740842149253056e-06,0.8540417656819298,0.0,0.852387128691637
binary,SW,398,0.995,Heavy_squalane,6.393208586603713e-07,0.14595823431807023,1.0,0.852387128691637
binary,SW,399,0.9975,H2O,3.742384949004395e-06,0.8544358677223881,0.0,0.8527929213650282
binary,SW,399,0.9975,Heavy_squalane,6.375633775800415e-07,0.1455641322776118,1.0,0.8527929213650282
binary,SW,400,1.0,H2O,3.743919438308985e-06,0.8548278853513616,0.0,0.8531965283025068
binary,SW,400,1.0,Heavy_squalane,6.358153626563743e-07,0.14517211464863833,1.0,0.8531965283025068
binary,CPA,1,0.0025,H2O,1.286707085627008e-06,0.23484509092309974,0.0,0.20246587708064115
binary,CPA,1,0.0025,Heavy_squalane,4.192253877829288e-06,0.7651549090769003,1.0,0.20246587708064115
binary,CPA,2,0.005,H2O,1.286709509757215e-06,0.23484548336969094,0.0,0.20246621764461809
binary,CPA,2,0.005,Heavy_squalane,4.192252620128385e-06,0.7651545166303091,1.0,0.20246621764461809
binary,CPA,3,0.0075,H2O,1.286711628921469e-06,0.23484581023627368,0.0,0.20246647603124046
binary,CPA,3,0.0075,Heavy_squalane,4.192251898794585e-06,0.7651541897637263,1.0,0.20246647603124046
binary,CPA,4,0.01,H2O,1.286713641491853e-06,0.23484611651881251,0.0,0.20246671138714367
binary,CPA,4,0.01,Heavy_squalane,4.192251310388796e-06,0.7651538834811874,1.0,0.20246671138714367
binary,CPA,5,0.0125,H2O,1.286715634655479e-06,0.23484641816715957,0.0,0.20246694040960023
binary,CPA,5,0.0125,Heavy_squalane,4.19225076686578e-06,0.7651535818328405,1.0,0.20246694040960023
binary,CPA,6,0.015,H2O,1.286717636912239e-06,0.23484672041285842,0.0,0.20246716859302305
binary,CPA,6,0.015,Heavy_squalane,4.192250239029145e-06,0.7651532795871415,1.0,0.20246716859302305
binary,CPA,7,0.0175,H2O,1.286719657733893e-06,0.23484702501139065,0.0,0.20246739780248765
binary,CPA,7,0.0175,Heavy_squalane,4.192249716783344e-06,0.7651529749886095,1.0,0.20246739780248765
binary,CPA,8,0.02,H2O,1.286721699431855e-06,0.23484733244366388,0.0,0.20246762857268485
binary,CPA,8,0.02,Heavy_squalane,4.192249196439483e-06,0.765152667556336,1.0,0.20246762857268485
binary,CPA,9,0.0225,H2O,1.286723762245883e-06,0.23484764270295755,0.0,0.2024678609272943
binary,CPA,9,0.0225,Heavy_squalane,4.192248678935357e-06,0.7651523572970425,1.0,0.2024678609272943
binary,CPA,10,0.025,H2O,1.286725844808968e-06,0.23484795560462265,0.0,0.20246809470269453
binary,CPA,10,0.025,Heavy_squalane,4.192248164124838e-06,0.7651520443953773,1.0,0.20246809470269453
binary,CPA,11,0.0275,H2O,1.286727945719516e-06,0.23484827091523489,0.0,0.2024683296828553
binary,CPA,11,0.0275,Heavy_squalane,4.19224765288705e-06,0.765151729084765,1.0,0.2024683296828553
binary,CPA,12,0.03,H2O,1.28673006368531e-06,0.2348485884062589,0.0,0.2024685656554804
binary,CPA,12,0.03,Heavy_squalane,4.19224714634342e-06,0.7651514115937411,1.0,0.2024685656554804
binary,CPA,13,0.0325,H2O,1.286732197554781e-06,0.23484890787446652,0.0,0.20246880243343657
binary,CPA,13,0.0325,Heavy_squalane,4.192246645483214e-06,0.7651510921255336,1.0,0.20246880243343657
binary,CPA,14,0.035,H2O,1.286734346148106e-06,0.2348492291476211,0.0,0.20246903986081585
binary,CPA,14,0.035,Heavy_squalane,4.192246150480618e-06,0.7651507708523789,1.0,0.20246903986081585
binary,CPA,15,0.0375,H2O,1.28673650867311e-06,0.23484955208407154,0.0,0.2024692778126033
binary,CPA,15,0.0375,Heavy_squalane,4.192245662059255e-06,0.7651504479159285,1.0,0.2024692778126033
binary,CPA,16,0.04,H2O,1.286738684402162e-06,0.23484987657084938,0.0,0.20246951619278653
binary,CPA,16,0.04,Heavy_squalane,4.192245180483879e-06,0.7651501234291507,1.0,0.20246951619278653
binary,CPA,17,0.0425,H2O,1.286740872776212e-06,0.23485020252339414,0.0,0.20246975493415725
binary,CPA,17,0.0425,Heavy_squalane,4.192244705905738e-06,0.7651497974766058,1.0,0.20246975493415725
binary,CPA,18,0.045,H2O,1.286743073543227e-06,0.23485052989059385,0.0,0.20246999400364027
binary,CPA,18,0.045,Heavy_squalane,4.192244238696016e-06,0.765149470109406,1.0,0.20246999400364027
binary,CPA,19,0.0475,H2O,1.286745286554252e-06,0.23485085867120328,0.0,0.2024702334195049
binary,CPA,19,0.0475,Heavy_squalane,4.192243778398352e-06,0.7651491413287967,1.0,0.2024702334195049
binary,CPA,20,0.05,H2O,1.286747512019991e-06,0.23485118895294826,0.0,0.20247047329228113
binary,CPA,20,0.05,Heavy_squalane,4.192243323652495e-06,0.7651488110470517,1.0,0.20247047329228113
binary,CPA,21,0.0525,H2O,1.286749751573324e-06,0.23485152099534015,0.0,0.2024707139113099
binary,CPA,21,0.0525,Heavy_squalane,4.192242873723981e-06,0.7651484790046599,1.0,0.2024707139113099
binary,CPA,22,0.055,H2O,1.286752008407229e-06,0.2348518553941192,0.0,0.20247095591654868
binary,CPA,22,0.055,Heavy_squalane,4.192242425117054e-06,0.7651481446058809,1.0,0.20247095591654868
binary,CPA,23,0.0575,H2O,1.286754289002334e-06,0.2348521933934254,0.0,0.20247120062472246
binary,CPA,23,0.0575,Heavy_squalane,4.19224196992022e-06,0.7651478066065746,1.0,0.20247120062472246
binary,CPA,24,0.06,H2O,1.286756606962339e-06,0.23485253745689494,0.0,0.20247145062588898
binary,CPA,24,0.06,Heavy_squalane,4.192241494978593e-06,0.7651474625431051,1.0,0.20247145062588898
binary,CPA,25,0.0625,H2O,1.286758987952878e-06,0.23485289227868586,0.0,0.2024717108395876
binary,CPA,25,0.0625,Heavy_squalane,4.192240974397845e-06,0.7651471077213142,1.0,0.2024717108395876
binary,CPA,26,0.065,H2O,1.286761479274054e-06,0.23485326651976768,0.0,0.20247199032854177
binary,CPA,26,0.065,Heavy_squalane,4.192240360224511e-06,0.7651467334802323,1.0,0.20247199032854177
binary,CPA,27,0.0675,H2O,1.286764165769295e-06,0.23485367570551546,0.0,0.20247230532546204
binary,CPA,27,0.0675,Heavy_squalane,4.192239566677188e-06,0.7651463242944845,1.0,0.20247230532546204
binary,CPA,28,0.07,H2O,1.286767195983278e-06,0.23485414693136197,0.0,0.20247268414849284
binary,CPA,28,0.07,Heavy_squalane,4.192238445587727e-06,0.765145853068638,1.0,0.20247268414849284
binary,CPA,29,0.0725,H2O,1.286770822259568e-06,0.2348547263081112,0.0,0.20247317497840775
binary,CPA,29,0.0725,Heavy_squalane,4.192236743342601e-06,0.7651452736918888,1.0,0.20247317497840775
binary,CPA,30,0.075,H2O,1.286775463818373e-06,0.23485549045113938,0.0,0.2024738578599985
binary,CPA,30,0.075,Heavy_squalane,4.19223403835071e-06,0.7651445095488606,1.0,0.2024738578599985
binary,CPA,31,0.0775,H2O,1.286781802116843e-06,0.23485656378818043,0.0,0.2024748627813518
binary,CPA,31,0.0775,Heavy_squalane,4.192229647941691e-06,0.7651434362118196,1.0,0.2024748627813518
binary,CPA,32,0.08,H2O,1.286790919562545e-06,0.23485814403386654,0.0,0.20247639628390013
binary,CPA,32,0.08,Heavy_squalane,4.192222485980632e-06,0.7651418559661335,1.0,0.20247639628390013
binary,CPA,33,0.0825,H2O,1.286804500789786e-06,0.23486053885126995,0.0,0.20247877975807685
binary,CPA,33,0.0825,Heavy_squalane,4.192210863322446e-06,0.76513946114873,1.0,0.20247877975807685
binary,CPA,34,0.085,H2O,1.286825114907145e-06,0.23486421747444286,0.0,0.20248250336674128
binary,CPA,34,0.085,Heavy_squalane,4.192192203033903e-06,0.7651357825255571,1.0,0.20248250336674128
binary,CPA,35,0.0875,H2O,1.28685660539065e-06,0.2348698818687286,0.0,0.20248830037711685
binary,CPA,35,0.0875,Heavy_squalane,4.1921626505133e-06,0.7651301181312714,1.0,0.20248830037711685
binary,CPA,36,0.09,H2O,1.286904616085292e-06,0.2348785628044181,0.0,0.20249724751627038
binary,CPA,36,0.09,Heavy_squalane,4.192116545828447e-06,0.7651214371955819,1.0,0.20249724751627038
binary,CPA,37,0.0925,H2O,1.286977287004711e-06,0.23489174693804493,0.0,0.2025108977159363
binary,CPA,37,0.0925,Heavy_squalane,4.192045725856461e-06,0.7651082530619551,1.0,0.2025108977159363
binary,CPA,38,0.095,H2O,1.287086156409989e-06,0.23491154153097224,0.0,0.20253145217157653
binary,CPA,38,0.095,Heavy_squalane,4.191938620413467e-06,0.7650884584690278,1.0,0.20253145217157653
binary,CPA,39,0.0975,H2O,1.287247305546455e-06,0.23494088365194143,0.0,0.20256197886704572
binary,CPA,39,0.0975,Heavy_squalane,4.191779101170722e-06,0.7650591163480586,1.0,0.20256197886704572
binary,CPA,40,0.1,H2O,1.287482784784983e-06,0.2349838004392407,0.0,0.20260668443292548
binary,CPA,40,0.1,Heavy_squalane,4.191545056191166e-06,0.7650161995607594,1.0,0.20260668443292548
binary,CPA,41,0.1025,H2O,1.287822348225275e-06,0.23504572601763501,0.0,0.2026712451818294
binary,CPA,41,0.1025,Heavy_squalane,4.191206647726994e-06,0.7649542739823649,1.0,0.2026712451818294
binary,CPA,42,0.105,H2O,1.288305518876756e-06,0.2351338786954032,0.0,0.20276320110579696
binary,CPA,42,0.105,Heavy_squalane,4.190724240784764e-06,0.7648661213045967,1.0,0.20276320110579696
binary,CPA,43,0.1075,H2O,1.288983986320325e-06,0.2352576987752559,0.0,0.2028924131811878
binary,CPA,43,0.1075,Heavy_squalane,4.190046000926573e-06,0.7647423012247441,1.0,0.2028924131811878
binary,CPA,44,0.11,H2O,1.289924309516832e-06,0.23542934229304407,0.0,0.20307157908149112
binary,CPA,44,0.11,Heavy_squalane,4.189105181680722e-06,0.7645706577069559,1.0,0.20307157908149112
binary,CPA,45,0.1125,H2O,1.291210860704361e-06,0.23566421869414197,0.0,0.20331679476604866
binary,CPA,45,0.1125,Heavy_squalane,4.187817172737431e-06,0.7643357813058581,1.0,0.20331679476604866
binary,CPA,46,0.115,H2O,1.292948889230048e-06,0.2359815503412037,0.0,0.2036481388423525
binary,CPA,46,0.115,Heavy_squalane,4.186076430167101e-06,0.7640184496587963,1.0,0.2036481388423525
binary,CPA,47,0.1175,H2O,1.295267509952039e-06,0.23640491855468182,0.0,0.20409024281480032
binary,CPA,47,0.1175,Heavy_squalane,4.18375347603661e-06,0.7635950814453183,1.0,0.20409024281480032
binary,CPA,48,0.12,H2O,1.298322336773158e-06,0.2369627446396012,0.0,0.20467279335553099
binary,CPA,48,0.12,Heavy_squalane,4.180692260005708e-06,0.7630372553603988,1.0,0.20467279335553099
binary,CPA,49,0.1225,H2O,1.302297370311287e-06,0.23768863492559772,0.0,0.2054308924356156
binary,CPA,49,0.1225,Heavy_squalane,4.176708265439608e-06,0.7623113650744023,1.0,0.2054308924356156
binary,CPA,50,0.125,H2O,1.307405635370791e-06,0.23862149749896572,0.0,0.2064051788518666
binary,CPA,50,0.125,Heavy_squalane,4.171587871391766e-06,0.7613785025010342,1.0,0.2064051788518666
binary,CPA,51,0.1275,H2O,1.313887987383341e-06,0.23980532481434463,0.0,0.20764160059305545
binary,CPA,51,0.1275,Heavy_squalane,4.165089547417201e-06,0.7601946751856554,1.0,0.20764160059305545
binary,CPA,52,0.13,H2O,1.322009461650582e-06,0.24128852748010585,0.0,0.2091907182089674
binary,CPA,52,0.13,Heavy_squalane,4.156947517601493e-06,0.7587114725198941,1.0,0.2091907182089674
binary,CPA,53,0.1325,H2O,1.332052590558184e-06,0.24312271467695504,0.0,0.21110642998596485
binary,CPA,53,0.1325,Heavy_squalane,4.146878460076575e-06,0.7568772853230449,1.0,0.21110642998596485
binary,CPA,54,0.135,H2O,1.344307337222507e-06,0.24536085664790708,0.0,0.21344405153083026
binary,CPA,54,0.135,Heavy_squalane,4.134591602030825e-06,0.7546391433520929,1.0,0.21344405153083026
binary,CPA,55,0.1375,H2O,1.35905768195487e-06,0.24805483584880436,0.0,0.21625775673911513
binary,CPA,55,0.1375,Heavy_squalane,4.119802172981599e-06,0.7519451641511956,1.0,0.21625775673911513
binary,CPA,56,0.14,H2O,1.37656537566789e-06,0.2512524808052843,0.0,0.21959747854009304
binary,CPA,56,0.14,Heavy_squalane,4.102247694180765e-06,0.7487475191947156,1.0,0.21959747854009304
binary,CPA,57,0.1425,H2O,1.397052346909054e-06,0.2549943536830818,0.0,0.22350555270481762
binary,CPA,57,0.1425,Heavy_squalane,4.081705620592344e-06,0.7450056463169182,1.0,0.22350555270481762
binary,CPA,58,0.145,H2O,1.420683345275743e-06,0.259310580350463,0.0,0.22801340659356278
binary,CPA,58,0.145,Heavy_squalane,4.058010749487622e-06,0.7406894196495369,1.0,0.22801340659356278
binary,CPA,59,0.1475,H2O,1.447551099237259e-06,0.26421813927167503,0.0,0.2331387279276104
binary,CPA,59,0.1475,Heavy_squalane,4.031070100758607e-06,0.735781860728325,1.0,0.2331387279276104
binary,CPA,60,0.15,H2O,1.477666161731745e-06,0.2697190056105669,0.0,0.23888352772375343
binary,CPA,60,0.15,Heavy_squalane,4.000873099477269e-06,0.7302809943894332,1.0,0.23888352772375343
binary,CPA,61,0.1525,H2O,1.51095300284624e-06,0.2757994354577969,0.0,0.2452333949500104
binary,CPA,61,0.1525,Heavy_squalane,3.967495494839127e-06,0.724200564542203,1.0,0.2452333949500104
binary,CPA,62,0.155,H2O,1.547252952109806e-06,0.28243050052420254,0.0,0.25215805794969104
binary,CPA,62,0.155,Heavy_squalane,3.931096409018122e-06,0.7175694994757974,1.0,0.25215805794969104
binary,CPA,63,0.1575,H2O,1.586333506981854e-06,0.2895697853250364,0.0,0.2596131603974929
binary,CPA,63,0.1575,Heavy_squalane,3.891909000955311e-06,0.7104302146749636,1.0,0.2596131603974929
binary,CPA,64,0.16,H2O,1.627902613235969e-06,0.2971639923387741,0.0,0.2675429855319002
binary,CPA,64,0.16,Heavy_squalane,3.850226148004123e-06,0.7028360076612258,1.0,0.2675429855319002
binary,CPA,65,0.1625,H2O,1.67162592302741e-06,0.3051520917181163,0.0,0.2758837486813931
binary,CPA,65,0.1625,Heavy_squalane,3.80638313670262e-06,0.6948479082818838,1.0,0.2758837486813931
binary,CPA,66,0.165,H2O,1.717144901847844e-06,0.3134686265516241,0.0,0.2845670514896704
binary,CPA,66,0.165,Heavy_squalane,3.760739506354815e-06,0.6865313734483758,1.0,0.2845670514896704
binary,CPA,67,0.1675,H2O,1.764093916193306e-06,0.3220468328461777,0.0,0.2935231417082685
binary,CPA,67,0.1675,Heavy_squalane,3.713661913921959e-06,0.6779531671538224,1.0,0.2935231417082685
binary,CPA,68,0.17,H2O,1.812114948211759e-06,0.3308213269059926,0.0,0.3026837202406152
binary,CPA,68,0.17,Heavy_squalane,3.665509378972856e-06,0.6691786730940075,1.0,0.3026837202406152
binary,CPA,69,0.1725,H2O,1.860869161333966e-06,0.3397302185602713,0.0,0.31198414772311434
binary,CPA,69,0.1725,Heavy_squalane,3.616621681900606e-06,0.6602697814397287,1.0,0.31198414772311434
binary,CPA,70,0.175,H2O,1.910045128697542e-06,0.34871661480213395,0.0,0.3213650138264129
binary,CPA,70,0.175,Heavy_squalane,3.567311118813994e-06,0.6512833851978661,1.0,0.3213650138264129
binary,CPA,71,0.1775,H2O,1.959363919226131e-06,0.35772955048355387,0.0,0.3307731077701582
binary,CPA,71,0.1775,Heavy_squalane,3.51785739664671e-06,0.6422704495164461,1.0,0.3307731077701582
binary,CPA,72,0.18,H2O,2.008581490054724e-06,0.3667244267950305,0.0,0.34016187457414476
binary,CPA,72,0.18,Heavy_squalane,3.468505235824487e-06,0.6332755732049694,1.0,0.34016187457414476
binary,CPA,73,0.1825,H2O,2.057488910556549e-06,0.3756630536654453,0.0,0.3494914576267801
binary,CPA,73,0.1825,Heavy_squalane,3.419464147459344e-06,0.6243369463345547,1.0,0.3494914576267801
binary,CPA,74,0.185,H2O,2.105911054660097e-06,0.38451341266746814,0.0,0.3587284494520671
binary,CPA,74,0.185,Heavy_squalane,3.370909740876922e-06,0.6154865873325318,1.0,0.3587284494520671
binary,CPA,75,0.1875,H2O,2.153704335070202e-06,0.3932492441213,0.0,0.367845459041774
binary,CPA,75,0.1875,Heavy_squalane,3.322986001315745e-06,0.6067507558786999,1.0,0.367845459041774
binary,CPA,76,0.19,H2O,2.200753662881331e-06,0.40184949331353625,0.0,0.37682053229043855
binary,CPA,76,0.19,Heavy_squalane,3.275808332343658e-06,0.5981505066864637,1.0,0.37682053229043855
binary,CPA,77,0.1925,H2O,2.246994856268128e-06,0.41029930186606833,0.0,0.38563818439418107
binary,CPA,77,0.1925,Heavy_squalane,3.229482549490661e-06,0.5897006981339317,1.0,0.38563818439418107
binary,CPA,78,0.195,H2O,2.292305326507072e-06,0.41858387623879406,0.0,0.39428300227928514
binary,CPA,78,0.195,Heavy_squalane,3.184029182850273e-06,0.5814161237612059,1.0,0.39428300227928514
binary,CPA,79,0.1975,H2O,2.336663381543289e-06,0.426694583131201,0.0,0.40274600180195697
binary,CPA,79,0.1975,Heavy_squalane,3.139533115717625e-06,0.5733054168687989,1.0,0.40274600180195697
binary,CPA,80,0.2,H2O,2.380035996015112e-06,0.43462539903931235,0.0,0.4110209232057722
binary,CPA,80,0.2,Heavy_squalane,3.096026841720321e-06,0.5653746009606876,1.0,0.4110209232057722
binary,CPA,81,0.2025,H2O,2.422403334104485e-06,0.4423726670194763,0.0,0.41910397637011965
binary,CPA,81,0.2025,Heavy_squalane,3.05353022758149e-06,0.5576273329805236,1.0,0.41910397637011965
binary,CPA,82,0.205,H2O,2.463756318348351e-06,0.4499347008791525,0.0,0.42699342728330614
binary,CPA,82,0.205,Heavy_squalane,3.012052312402467e-06,0.5500652991208475,1.0,0.42699342728330614
binary,CPA,83,0.2075,H2O,2.504094641132505e-06,0.4573114210174432,0.0,0.43468921767195534
binary,CPA,83,0.2075,Heavy_squalane,2.971593316892474e-06,0.5426885789825568,1.0,0.43468921767195534
binary,CPA,84,0.21,H2O,2.54345027606371e-06,0.464503644832556,0.0,0.4421922250017283
binary,CPA,84,0.21,Heavy_squalane,2.932180118570914e-06,0.535496355167444,1.0,0.4421922250017283
binary,CPA,85,0.2125,H2O,2.581789102676827e-06,0.47151430452711235,0.0,0.4495055305371137
binary,CPA,85,0.2125,Heavy_squalane,2.893737467542788e-06,0.5284856954728876,1.0,0.4495055305371137
binary,CPA,86,0.215,H2O,2.619149161792121e-06,0.4783462344309307,0.0,0.45663211358780814
binary,CPA,86,0.215,Heavy_squalane,2.856276321400022e-06,0.5216537655690693,1.0,0.45663211358780814
binary,CPA,87,0.2175,H2O,2.655549935368727e-06,0.48500297748079285,0.0,0.46357569124843834
binary,CPA,87,0.2175,Heavy_squalane,2.819777142337497e-06,0.5149970225192072,1.0,0.46357569124843834
binary,CPA,88,0.22,H2O,2.691013634995695e-06,0.4914885768851914,0.0,0.47034050130322974
binary,CPA,88,0.22,Heavy_squalane,2.784217655322368e-06,0.5085114231148086,1.0,0.47034050130322974
binary,CPA,89,0.2225,H2O,2.725564348418073e-06,0.49780742026170005,0.0,0.4769311396057378
binary,CPA,89,0.2225,Heavy_squalane,2.749573701925228e-06,0.5021925797382999,1.0,0.4769311396057378
binary,CPA,90,0.225,H2O,2.759227382473646e-06,0.5039641190946209,0.0,0.4833524343363787
binary,CPA,90,0.225,Heavy_squalane,2.715819903493139e-06,0.49603588090537903,1.0,0.4833524343363787
binary,CPA,91,0.2275,H2O,2.792028746901185e-06,0.5099634144464935,0.0,0.489609347670176
binary,CPA,91,0.2275,Heavy_squalane,2.68293017722401e-06,0.49003658555350654,1.0,0.489609347670176
binary,CPA,92,0.23,H2O,2.823994757979527e-06,0.5158101047594114,0.0,0.49570690050302296
binary,CPA,92,0.23,Heavy_squalane,2.650878130167399e-06,0.48418989524058864,1.0,0.49570690050302296
binary,CPA,93,0.2325,H2O,2.855151749040448e-06,0.5215089922759701,0.0,0.5016501166106819
binary,CPA,93,0.2325,Heavy_squalane,2.619637355899031e-06,0.4784910077240299,1.0,0.5016501166106819
binary,CPA,94,0.235,H2O,2.885525858110629e-06,0.527064844744036,0.0,0.5074439827560071
binary,CPA,94,0.235,Heavy_squalane,2.589181641138267e-06,0.47293515525596397,1.0,0.5074439827560071
binary,CPA,95,0.2375,H2O,2.915142876644991e-06,0.532482367366442,0.0,0.5130934194855201
binary,CPA,95,0.2375,Heavy_squalane,2.559485121015741e-06,0.46751763263355794,1.0,0.5130934194855201
binary,CPA,96,0.24,H2O,2.944028131436653e-06,0.5377661810638076,0.0,0.5186032585124222
binary,CPA,96,0.24,Heavy_squalane,2.530522398335942e-06,0.4622338189361925,1.0,0.5186032585124222
binary,CPA,97,0.2425,H2O,2.972206385144734e-06,0.5429208045942825,0.0,0.5239782241231353
binary,CPA,97,0.2425,Heavy_squalane,2.502268639561354e-06,0.4570791954057175,1.0,0.5239782241231353
binary,CPA,98,0.245,H2O,2.999701759168503e-06,0.5479506400055392,0.0,0.5292229180592242
binary,CPA,98,0.245,Heavy_squalane,2.474699656145437e-06,0.4520493599944608,1.0,0.5292229180592242
binary,CPA,99,0.2475,H2O,3.026537669152556e-06,0.5528599611643963,0.0,0.5343418076084326
binary,CPA,99,0.2475,Heavy_squalane,2.447791965386844e-06,0.44714003883560377,1.0,0.5343418076084326
binary,CPA,100,0.25,H2O,3.052736778948531e-06,0.5576529049129709,0.0,0.5393392164336782
binary,CPA,100,0.25,Heavy_squalane,2.421522840348083e-06,0.44234709508702913,1.0,0.5393392164336782
binary,CPA,101,0.2525,H2O,3.078320974842596e-06,0.5623334667049278,0.0,0.5442193200721671
binary,CPA,101,0.2525,Heavy_squalane,2.395870331750717e-06,0.4376665332950722,1.0,0.5442193200721671
binary,CPA,102,0.255,H2O,3.103311359790502e-06,0.5669054989580762,0.0,0.5489861442648083
binary,CPA,102,0.255,Heavy_squalane,2.370813279138072e-06,0.43309450104192376,1.0,0.5489861442648083
binary,CPA,103,0.2575,H2O,3.127728250679375e-06,0.5713727110772248,0.0,0.5536435650249761
binary,CPA,103,0.2575,Heavy_squalane,2.346331308067459e-06,0.4286272889227753,1.0,0.5536435650249761
binary,CPA,104,0.26,H2O,3.151591182180536e-06,0.5757386698687545,0.0,0.5581953091133236
binary,CPA,104,0.26,Heavy_squalane,2.322404828716167e-06,0.42426133013124545,1.0,0.5581953091133236
binary,CPA,105,0.2625,H2O,3.174918912502574e-06,0.580006800705383,0.0,0.5626449552924945
binary,CPA,105,0.2625,Heavy_squalane,2.299015028688037e-06,0.4199931992946171,1.0,0.5626449552924945
binary,CPA,106,0.265,H2O,3.197729441661207e-06,0.5841803902872253,0.0,0.5669959372438168
binary,CPA,106,0.265,Heavy_squalane,2.276143859852683e-06,0.4158196097127747,1.0,0.5669959372438168
binary,CPA,107,0.2675,H2O,3.220040031847579e-06,0.588262591074066,0.0,0.5712515482239393
binary,CPA,107,0.2675,Heavy_squalane,2.253774010905576e-06,0.4117374089259341,1.0,0.5712515482239393
binary,CPA,108,0.27,H2O,3.24186724059919e-06,0.5922564270216697,0.0,0.5754149470784238
binary,CPA,108,0.27,Heavy_squalane,2.231888877003186e-06,0.40774357297833025,1.0,0.5754149470784238
binary,CPA,109,0.2725,H2O,3.263226955757596e-06,0.5961647997798699,0.0,0.5794891647342654
binary,CPA,109,0.2725,Heavy_squalane,2.210472526269055e-06,0.4038352002201301,1.0,0.5794891647342654
binary,CPA,110,0.275,H2O,3.284134428497498e-06,0.599990494858265,0.0,0.5834771106563678
binary,CPA,110,0.275,Heavy_squalane,2.189509665269862e-06,0.40000950514173494,1.0,0.5834771106563678
binary,CPA,111,0.2775,H2O,3.304604304470144e-06,0.6037361873464367,0.0,0.5873815788373358
binary,CPA,111,0.2775,Heavy_squalane,2.16898560736645e-06,0.3962638126535633,1.0,0.5873815788373358
binary,CPA,112,0.28,H2O,3.324650651257659e-06,0.6074044470050405,0.0,0.5912052531294717
binary,CPA,112,0.28,Heavy_squalane,2.148886244381944e-06,0.3925955529949595,1.0,0.5912052531294717
binary,CPA,113,0.2825,H2O,3.344286984781322e-06,0.6109977427092506,0.0,0.5949507118998998
binary,CPA,113,0.2825,Heavy_squalane,2.129198023448463e-06,0.3890022572907495,1.0,0.5949507118998998
binary,CPA,114,0.285,H2O,3.363526289019411e-06,0.6145184463214768,0.0,0.5986204320890472
binary,CPA,114,0.285,Heavy_squalane,2.109907924637748e-06,0.38548155367852327,1.0,0.5986204320890472
binary,CPA,115,0.2875,H2O,3.382381035514669e-06,0.6179688361644153,0.0,0.6022167928511508
binary,CPA,115,0.2875,Heavy_squalane,2.091003442104459e-06,0.38203116383558466,1.0,0.6022167928511508
binary,CPA,116,0.29,H2O,3.400863199590252e-06,0.6213511002465231,0.0,0.6057420789353133
binary,CPA,116,0.29,Heavy_squalane,2.072472565391815e-06,0.37864889975347704,1.0,0.6057420789353133
binary,CPA,117,0.2925,H2O,3.418984280345806e-06,0.6246673393925892,0.0,0.6091984839663641
binary,CPA,117,0.2925,Heavy_squalane,2.054303763928031e-06,0.3753326606074107,1.0,0.6091984839663641
binary,CPA,118,0.295,H2O,3.436755316675671e-06,0.6279195703776415,0.0,0.6125881137280773
binary,CPA,118,0.295,Heavy_squalane,2.036485969001646e-06,0.3720804296223585,1.0,0.6125881137280773
binary,CPA,119,0.2975,H2O,3.454186902754913e-06,0.6311097291102505,0.0,0.6159129894967285
binary,CPA,119,0.2975,Heavy_squalane,2.019008555069332e-06,0.3688902708897494,1.0,0.6159129894967285
binary,CPA,120,0.3,H2O,3.47128921007145e-06,0.6342396738723239,0.0,0.6191750514324791
binary,CPA,120,0.3,Heavy_squalane,2.001861324453832e-06,0.3657603261276761,1.0,0.6191750514324791
binary,CPA,121,0.3025,H2O,3.488072000343968e-06,0.6373111885876306,0.0,0.6223761619997296
binary,CPA,121,0.3025,Heavy_squalane,1.985034486416474e-06,0.36268881141236947,1.0,0.6223761619997296
binary,CPA,122,0.305,H2O,3.504544647019024e-06,0.6403259860506153,0.0,0.6255181093450617
binary,CPA,122,0.305,Heavy_squalane,1.968518641625962e-06,0.3596740139493847,1.0,0.6255181093450617
binary,CPA,123,0.3075,H2O,3.520716151902656e-06,0.6432857110821685,0.0,0.6286026105982441
binary,CPA,123,0.3075,Heavy_squalane,1.952304764386508e-06,0.3567142889178316,1.0,0.6286026105982441
binary,CPA,124,0.31,H2O,3.536595160210473e-06,0.6461919436302868,0.0,0.6316313151149235
binary,CPA,124,0.31,Heavy_squalane,1.936384184505569e-06,0.35380805636971313,1.0,0.6316313151149235
binary,CPA,125,0.3125,H2O,3.552189979452738e-06,0.6490462018205378,0.0,0.6346058076662213
binary,CPA,125,0.3125,Heavy_squalane,1.920748571746e-06,0.35095379817946215,1.0,0.6346058076662213
binary,CPA,126,0.315,H2O,3.567508594365075e-06,0.651849944956286,0.0,0.6375276115752158
binary,CPA,126,0.315,Heavy_squalane,1.905389918504044e-06,0.3481500550437139,1.0,0.6375276115752158
binary,CPA,127,0.3175,H2O,3.582558684440566e-06,0.6546045764487712,0.0,0.6403981917796605
binary,CPA,127,0.3175,Heavy_squalane,1.890300524512633e-06,0.3453954235512288,1.0,0.6403981917796605
binary,CPA,128,0.32,H2O,3.59734763865173e-06,0.6573114466421197,0.0,0.6432189577845095
binary,CPA,128,0.32,Heavy_squalane,1.87547298090207e-06,0.34268855335788034,1.0,0.6432189577845095
binary,CPA,129,0.3225,H2O,3.61188256865775e-06,0.6599718554889387,0.0,0.6459912664581795
binary,CPA,129,0.3225,Heavy_squalane,1.860900154753834e-06,0.3400281445110614,1.0,0.6459912664581795
binary,CPA,130,0.325,H2O,3.626170325403968e-06,0.6625870550580317,0.0,0.6487164246532343
binary,CPA,130,0.325,Heavy_squalane,1.846575176824981e-06,0.33741294494196833,1.0,0.6487164246532343
binary,CPA,131,0.3275,H2O,3.640217510589336e-06,0.6651582518498318,0.0,0.6513956916262251
binary,CPA,131,0.3275,Heavy_squalane,1.832491428171846e-06,0.3348417481501682,1.0,0.6513956916262251
binary,CPA,132,0.33,H2O,3.654030486022968e-06,0.6676866089300865,0.0,0.654030281267658
binary,CPA,132,0.33,Heavy_squalane,1.818642527261296e-06,0.3323133910699136,1.0,0.654030281267658
binary,CPA,133,0.3325,H2O,3.667615388518555e-06,0.6701732478978989,0.0,0.6566213641588937
binary,CPA,133,0.3325,Heavy_squalane,1.805022321241709e-06,0.3298267521021011,1.0,0.6566213641588937
binary,CPA,134,0.335,H2O,3.6809781368977e-06,0.6726192507104927,0.0,0.6591700694793599
binary,CPA,134,0.335,Heavy_squalane,1.791624874403947e-06,0.3273807492895073,1.0,0.6591700694793599
binary,CPA,135,0.3375,H2O,3.694124443493842e-06,0.6750256613853877,0.0,0.661677486785633
binary,CPA,135,0.3375,Heavy_squalane,1.778444459904901e-06,0.3249743386146124,1.0,0.661677486785633
binary,CPA,136,0.34,H2O,3.707059820248496e-06,0.6773934876008613,0.0,0.664144667684216
binary,CPA,136,0.34,Heavy_squalane,1.765475549670497e-06,0.3226065123991388,1.0,0.664144667684216
binary,CPA,137,0.3425,H2O,3.719789588768317e-06,0.679723702210494,0.0,0.6665726274144357
binary,CPA,137,0.3425,Heavy_squalane,1.752712806942444e-06,0.32027629778950584,1.0,0.6665726274144357
binary,CPA,138,0.345,H2O,3.732318888587325e-06,0.6820172446841437,0.0,0.6689623463544297
binary,CPA,138,0.345,Heavy_squalane,1.740151078525954e-06,0.3179827553158563,1.0,0.6689623463544297
binary,CPA,139,0.3475,H2O,3.744652683972576e-06,0.6842750225072176,0.0,0.6713147714833647
binary,CPA,139,0.3475,Heavy_squalane,1.727785386690858e-06,0.31572497749278233,1.0,0.6713147714833647
binary,CPA,140,0.35,H2O,3.756795771036232e-06,0.6864979125072823,0.0,0.6736308177676803
binary,CPA,140,0.35,Heavy_squalane,1.715610921819342e-06,0.3135020874927177,1.0,0.6736308177676803
binary,CPA,141,0.3525,H2O,3.768752784543624e-06,0.6886867621036377,0.0,0.6759113694668126
binary,CPA,141,0.3525,Heavy_squalane,1.703623035534184e-06,0.3113132378963624,1.0,0.6759113694668126
binary,CPA,142,0.355,H2O,3.780528205638187e-06,0.6908423904845747,0.0,0.6781572813634141
binary,CPA,142,0.355,Heavy_squalane,1.691817234812314e-06,0.3091576095154253,1.0,0.6781572813634141
binary,CPA,143,0.3575,H2O,3.792126366492065e-06,0.6929655897159244,0.0,0.6803693799216578
binary,CPA,143,0.3575,Heavy_squalane,1.680189175245897e-06,0.30703441028407563,1.0,0.6803693799216578
binary,CPA,144,0.36,H2O,3.80355145722672e-06,0.6950571257946303,0.0,0.6825484643881613
binary,CPA,144,0.36,Heavy_squalane,1.668734655771942e-06,0.3049428742053696,1.0,0.6825484643881613
binary,CPA,145,0.3625,H2O,3.814807530108378e-06,0.6971177396629555,0.0,0.6846953078516537
binary,CPA,145,0.3625,Heavy_squalane,1.657449612498223e-06,0.30288226033704435,1.0,0.6846953078516537
binary,CPA,146,0.365,H2O,3.825898506615343e-06,0.6991481482073465,0.0,0.6868106582864876
binary,CPA,146,0.365,Heavy_squalane,1.646330113921167e-06,0.30085185179265356,1.0,0.6868106582864876
binary,CPA,147,0.3675,H2O,3.836828180882218e-06,0.7011490452416687,0.0,0.6888952395797439
binary,CPA,147,0.3675,Heavy_squalane,1.635372354682598e-06,0.29885095475833146,1.0,0.6888952395797439
binary,CPA,148,0.37,H2O,3.847600226129804e-06,0.7031211024823911,0.0,0.6909497525497246
binary,CPA,148,0.37,Heavy_squalane,1.62457265069857e-06,0.2968788975176089,1.0,0.6909497525497246
binary,CPA,149,0.3725,H2O,3.858218201071972e-06,0.705064970508915,0.0,0.6929748759488447
binary,CPA,149,0.3725,Heavy_squalane,1.613927434368e-06,0.2949350294910849,1.0,0.6929748759488447
binary,CPA,150,0.375,H2O,3.868685553044596e-06,0.7069812796984917,0.0,0.6949712674399565
binary,CPA,150,0.375,Heavy_squalane,1.60343324859395e-06,0.29301872030150833,1.0,0.6949712674399565
binary,CPA,151,0.3775,H2O,3.879005624341968e-06,0.7088706411230489,0.0,0.69693956453276
binary,CPA,151,0.3775,Heavy_squalane,1.593086742463548e-06,0.2911293588769511,1.0,0.69693956453276
binary,CPA,152,0.38,H2O,3.889181656113554e-06,0.7107336473963145,0.0,0.6988803854683769
binary,CPA,152,0.38,Heavy_squalane,1.582884666285975e-06,0.28926635260368555,1.0,0.6988803854683769
binary,CPA,153,0.3825,H2O,3.899216790833015e-06,0.7125708734628033,0.0,0.7007943300431956
binary,CPA,153,0.3825,Heavy_squalane,1.572823866518603e-06,0.28742912653719666,1.0,0.7007943300431956
binary,CPA,154,0.385,H2O,3.909114081487498e-06,0.7143828773247656,0.0,0.7026819803680288
binary,CPA,154,0.385,Heavy_squalane,1.562901283895309e-06,0.2856171226752344,1.0,0.7026819803680288
binary,CPA,155,0.3875,H2O,3.918876489902102e-06,0.7161702007077061,0.0,0.7045439015631
binary,CPA,155,0.3875,Heavy_squalane,1.553113947607782e-06,0.2838297992922939,1.0,0.7045439015631
binary,CPA,156,0.39,H2O,3.928506893729862e-06,0.7179333696689615,0.0,0.7063806423936732
binary,CPA,156,0.39,Heavy_squalane,1.543458973438693e-06,0.2820666303310384,1.0,0.7063806423936732
binary,CPA,157,0.3925,H2O,3.938008085118736e-06,0.7196728951563923,0.0,0.7081927358536199
binary,CPA,157,0.3925,Heavy_squalane,1.533933558956891e-06,0.2803271048436076,1.0,0.7081927358536199
binary,CPA,158,0.395,H2O,3.947382779745355e-06,0.7213892735254454,0.0,0.7099806997054805
binary,CPA,158,0.395,Heavy_squalane,1.524534983121298e-06,0.2786107264745546,1.0,0.7099806997054805
binary,CPA,159,0.3975,H2O,3.956633613815817e-06,0.7230829870231341,0.0,0.7117450369860812
binary,CPA,159,0.3975,Heavy_squalane,1.515260601404087e-06,0.2769170129768658,1.0,0.7117450369860812
binary,CPA,160,0.4,H2O,3.965763150443676e-06,0.7247545042464767,0.0,0.7134862364853987
binary,CPA,160,0.4,Heavy_squalane,1.506107844779539e-06,0.27524549575352336,1.0,0.7134862364853987
binary,CPA,161,0.4025,H2O,3.974773878602552e-06,0.7264042805810051,0.0,0.7152047732046056
binary,CPA,161,0.4025,Heavy_squalane,1.497074215992073e-06,0.2735957194189949,1.0,0.7152047732046056
binary,CPA,162,0.405,H2O,3.983668219180675e-06,0.7280327586260505,0.0,0.7169011088003439
binary,CPA,162,0.405,Heavy_squalane,1.488157288642196e-06,0.2719672413739494,1.0,0.7169011088003439
binary,CPA,163,0.4075,H2O,3.992448524290124e-06,0.7296403686075525,0.0,0.7185756920158278
binary,CPA,163,0.4075,Heavy_squalane,1.479354703797876e-06,0.27035963139244745,1.0,0.7185756920158278
binary,CPA,164,0.41,H2O,4.001077246424975e-06,0.7312274834327345,0.0,0.7202289117446828
binary,CPA,164,0.41,Heavy_squalane,1.470649865966902e-06,0.26877251656726564,1.0,0.7202289117446828
binary,CPA,165,0.4125,H2O,4.009636621512996e-06,0.7327945620527361,0.0,0.7218612467838034
binary,CPA,165,0.4125,Heavy_squalane,1.462069678109407e-06,0.2672054379472639,1.0,0.7218612467838034
binary,CPA,166,0.415,H2O,4.01808848199966e-06,0.7343419970329578,0.0,0.7234731065233713
binary,CPA,166,0.415,Heavy_squalane,1.453597051763058e-06,0.2656580029670422,1.0,0.7234731065233713
binary,CPA,167,0.4175,H2O,4.026435094650258e-06,0.735870171926822,0.0,0.7250648910021494
binary,CPA,167,0.4175,Heavy_squalane,1.445229946626429e-06,0.26412982807317786,1.0,0.7250648910021494
binary,CPA,168,0.42,H2O,4.034678501752868e-06,0.7373794603811006,0.0,0.7266369899198463
binary,CPA,168,0.42,Heavy_squalane,1.436966314157276e-06,0.26262053961889953,1.0,0.7266369899198463
binary,CPA,169,0.4225,H2O,4.042820692438377e-06,0.7388702261908964,0.0,0.728189782695418
binary,CPA,169,0.4225,Heavy_squalane,1.428804160115722e-06,0.2611297738091036,1.0,0.728189782695418
binary,CPA,170,0.425,H2O,4.050863603591336e-06,0.7403428235391836,0.0,0.7297236387174025
binary,CPA,170,0.425,Heavy_squalane,1.420741543097763e-06,0.2596571764608165,1.0,0.7297236387174025
binary,CPA,171,0.4275,H2O,4.058809120956203e-06,0.741797597289356,0.0,0.7312389176494045
binary,CPA,171,0.4275,Heavy_squalane,1.412776572752868e-06,0.25820240271064404,1.0,0.7312389176494045
binary,CPA,172,0.43,H2O,4.066659079076296e-06,0.7432348832919233,0.0,0.7327359697503103
binary,CPA,172,0.43,Heavy_squalane,1.404907407502373e-06,0.25676511670807667,1.0,0.7327359697503103
binary,CPA,173,0.4325,H2O,4.074415266940252e-06,0.7446550086900741,0.0,0.7342151361932674
binary,CPA,173,0.4325,Heavy_squalane,1.39713225425023e-06,0.25534499130992583,1.0,0.7342151361932674
binary,CPA,174,0.435,H2O,4.082079429310211e-06,0.7460582922153848,0.0,0.7356767493743921
binary,CPA,174,0.435,Heavy_squalane,1.389449366635035e-06,0.25394170778461517,1.0,0.7356767493743921
binary,CPA,175,0.4375,H2O,4.089653261365101e-06,0.7474450444733534,0.0,0.737121133210799
binary,CPA,175,0.4375,Heavy_squalane,1.381857041103562e-06,0.25255495552664664,1.0,0.737121133210799
binary,CPA,176,0.44,H2O,4.097138419781327e-06,0.748815568219135,0.0,0.738548603428445
binary,CPA,176,0.44,Heavy_squalane,1.374353618672569e-06,0.2511844317808651,1.0,0.738548603428445
binary,CPA,177,0.4425,H2O,4.10453651696301e-06,0.7501701586147291,0.0,0.7399594678305906
binary,CPA,177,0.4425,Heavy_squalane,1.36693748107296e-06,0.2498298413852708,1.0,0.7399594678305906
binary,CPA,178,0.445,H2O,4.111849128262865e-06,0.75150910348053,0.0,0.7413540265603676
binary,CPA,178,0.445,Heavy_squalane,1.359607051335356e-06,0.24849089651946993,1.0,0.7413540265603676
binary,CPA,179,0.4475,H2O,4.119077786526222e-06,0.7528326835308478,0.0,0.7427325723466425
binary,CPA,179,0.4475,Heavy_squalane,1.352360790246781e-06,0.24716731646915227,1.0,0.7427325723466425
binary,CPA,180,0.45,H2O,4.126223989747544e-06,0.7541411726013691,0.0,0.7440953907414454
binary,CPA,180,0.45,Heavy_squalane,1.345197197235734e-06,0.24585882739863094,1.0,0.7440953907414454
binary,CPA,181,0.4525,H2O,4.133289198945672e-06,0.7554348378617065,0.0,0.7454427603418207
binary,CPA,181,0.4525,Heavy_squalane,1.338114808109575e-06,0.24456516213829343,1.0,0.7454427603418207
binary,CPA,182,0.455,H2O,4.140274837370023e-06,0.7567139400223585,0.0,0.7467749530058906
binary,CPA,182,0.455,Heavy_squalane,1.331112193305916e-06,0.2432860599776414,1.0,0.7467749530058906
binary,CPA,183,0.4575,H2O,4.147182297087534e-06,0.75797873353153,0.0,0.7480922340582941
binary,CPA,183,0.4575,Heavy_squalane,1.324187958599226e-06,0.24202126646846991,1.0,0.7480922340582941
binary,CPA,184,0.46,H2O,4.154012935681849e-06,0.7592294667624312,0.0,0.7493948624856925
binary,CPA,184,0.46,Heavy_squalane,1.317340742667508e-06,0.24077053323756872,1.0,0.7493948624856925
binary,CPA,185,0.4625,H2O,4.160768079682459e-06,0.7604663821971253,0.0,0.7506830911286575
binary,CPA,185,0.4625,Heavy_squalane,1.310569216860809e-06,0.23953361780287474,1.0,0.7506830911286575
binary,CPA,186,0.465,H2O,4.167449021022261e-06,0.7616897166030768,0.0,0.7519571668659749
binary,CPA,186,0.465,Heavy_squalane,1.30387208280978e-06,0.23831028339692314,1.0,0.7519571668659749
binary,CPA,187,0.4675,H2O,4.174057025720064e-06,0.762899701206134,0.0,0.7532173307951867
binary,CPA,187,0.4675,Heavy_squalane,1.297248073916149e-06,0.23710029879386602,1.0,0.7532173307951867
binary,CPA,188,0.47,H2O,4.180593327108792e-06,0.7640965618562924,0.0,0.7544638184055665
binary,CPA,188,0.47,Heavy_squalane,1.290695952026923e-06,0.23590343814370765,1.0,0.7544638184055665
binary,CPA,189,0.4725,H2O,4.187059132916926e-06,0.7652805191917663,0.0,0.7556968597494049
binary,CPA,189,0.4725,Heavy_squalane,1.284214508464921e-06,0.2347194808082336,1.0,0.7556968597494049
binary,CPA,190,0.475,H2O,4.193455619824749e-06,0.7664517887954243,0.0,0.7569166796052315
binary,CPA,190,0.475,Heavy_squalane,1.277802561221829e-06,0.23354821120457572,1.0,0.7569166796052315
binary,CPA,191,0.4775,H2O,4.199783938871098e-06,0.7676105813481411,0.0,0.7581234976378676
binary,CPA,191,0.4775,Heavy_squalane,1.271458955533889e-06,0.23238941865185894,1.0,0.7581234976378676
binary,CPA,192,0.48,H2O,4.206045217701007e-06,0.7687571027746485,0.0,0.7593175285506535
binary,CPA,192,0.48,Heavy_squalane,1.265182563506182e-06,0.2312428972253515,1.0,0.7593175285506535
binary,CPA,193,0.4825,H2O,4.212240556383949e-06,0.7698915543841987,0.0,0.7604989822322064
binary,CPA,193,0.4825,Heavy_squalane,1.258972281836012e-06,0.23010844561580135,1.0,0.7604989822322064
binary,CPA,194,0.485,H2O,4.218371028652078e-06,0.7710141330073136,0.0,0.761668063899176
binary,CPA,194,0.485,Heavy_squalane,1.25282703123104e-06,0.22898586699268653,1.0,0.761668063899176
binary,CPA,195,0.4875,H2O,4.224437688676037e-06,0.7721250311246628,0.0,0.762824974230698
binary,CPA,195,0.4875,Heavy_squalane,1.24674575751117e-06,0.22787496887533717,1.0,0.762824974230698
binary,CPA,196,0.49,H2O,4.230441564110185e-06,0.7732244369885636,0.0,0.763969909495222
binary,CPA,196,0.49,Heavy_squalane,1.240727428667983e-06,0.22677556301143648,1.0,0.763969909495222
binary,CPA,197,0.4925,H2O,4.236383661925177e-06,0.7743125347421349,0.0,0.7651030616748485
binary,CPA,197,0.4925,Heavy_squalane,1.234771035752547e-06,0.22568746525786512,1.0,0.7651030616748485
binary,CPA,198,0.495,H2O,4.242264966875568e-06,0.7753895045298345,0.0,0.7662246185806897
binary,CPA,198,0.495,Heavy_squalane,1.228875591633681e-06,0.22461049547016562,1.0,0.7662246185806897
binary,CPA,199,0.4975,H2O,4.248086442315974e-06,0.7764555226041966,0.0,0.767334763964283
binary,CPA,199,0.4975,Heavy_squalane,1.223040130482536e-06,0.2235444773958034,1.0,0.767334763964283
binary,CPA,200,0.5,H2O,4.253849031775117e-06,0.7775107614278591,0.0,0.7684336776240475
binary,CPA,200,0.5,Heavy_squalane,1.217263707504708e-06,0.22248923857214084,1.0,0.7684336776240475
binary,CPA,201,0.5025,H2O,4.259553654673968e-06,0.7785553897711306,0.0,0.7695215355071351
binary,CPA,201,0.5025,Heavy_squalane,1.211545397027588e-06,0.2214446102288694,1.0,0.7695215355071351
binary,CPA,202,0.505,H2O,4.265201216917357e-06,0.7795895728084472,0.0,0.7705985098100695
binary,CPA,202,0.505,Heavy_squalane,1.205884294850203e-06,0.22041042719155277,1.0,0.7705985098100695
binary,CPA,203,0.5075,H2O,4.270792600712844e-06,0.7806134722089104,0.0,0.7716647690732591
binary,CPA,203,0.5075,Heavy_squalane,1.200279514693691e-06,0.21938652779108953,1.0,0.7716647690732591
binary,CPA,204,0.51,H2O,4.276328670998002e-06,0.7816272462297096,0.0,0.7727204782784732
binary,CPA,204,0.51,Heavy_squalane,1.194730189380117e-06,0.21837275377029045,1.0,0.7727204782784732
binary,CPA,205,0.5125,H2O,4.281810273494491e-06,0.7826310498048021,0.0,0.7737657989413761
binary,CPA,205,0.5125,Heavy_squalane,1.189235469659231e-06,0.21736895019519792,1.0,0.7737657989413761
binary,CPA,206,0.515,H2O,4.287238239510683e-06,0.7836250346339653,0.0,0.7748008892044633
binary,CPA,206,0.515,Heavy_squalane,1.183794524920166e-06,0.2163749653660347,1.0,0.7748008892044633
binary,CPA,207,0.5175,H2O,4.292613379719706e-06,0.7846093492688554,0.0,0.7758259039268415
binary,CPA,207,0.5175,Heavy_squalane,1.178406540855817e-06,0.2153906507311446,1.0,0.7758259039268415
binary,CPA,208,0.52,H2O,4.297936488931704e-06,0.7855841392001587,0.0,0.7768409947751691
binary,CPA,208,0.52,Heavy_squalane,1.173070720184867e-06,0.2144158607998413,1.0,0.7768409947751691
binary,CPA,209,0.5225,H2O,4.303208347462119e-06,0.786549546940314,0.0,0.7778463103099414
binary,CPA,209,0.5225,Heavy_squalane,1.16778628243964e-06,0.2134504530596861,1.0,0.7778463103099414
binary,CPA,210,0.525,H2O,4.30842971645308e-06,0.7875057121047995,0.0,0.7788419960703322
binary,CPA,210,0.525,Heavy_squalane,1.162552462124088e-06,0.2124942878952005,1.0,0.7788419960703322
binary,CPA,211,0.5275,H2O,4.313601344331508e-06,0.7884527714920502,0.0,0.7798281946575424
binary,CPA,211,0.5275,Heavy_squalane,1.157368509916764e-06,0.2115472285079498,1.0,0.7798281946575424
binary,CPA,212,0.53,H2O,4.318723963736798e-06,0.7893908591580817,0.0,0.7808050458126632
binary,CPA,212,0.53,Heavy_squalane,1.152233691312435e-06,0.21060914084191829,1.0,0.7808050458126632
binary,CPA,213,0.5325,H2O,4.323798292730164e-06,0.7903201064903458,0.0,0.7817726864937227
binary,CPA,213,0.5325,Heavy_squalane,1.147147286436854e-06,0.20967989350965427,1.0,0.7817726864937227
binary,CPA,214,0.535,H2O,4.328825035080429e-06,0.7912406422778763,0.0,0.7827312509488826
binary,CPA,214,0.535,Heavy_squalane,1.142108589636218e-06,0.2087593577221238,1.0,0.7827312509488826
binary,CPA,215,0.5375,H2O,4.33380488048276e-06,0.7921525927777986,0.0,0.7836808707858066
binary,CPA,215,0.5375,Heavy_squalane,1.137116909075033e-06,0.2078474072222013,1.0,0.7836808707858066
binary,CPA,216,0.54,H2O,4.338738505624055e-06,0.7930560817796146,0.0,0.7846216750387465
binary,CPA,216,0.54,Heavy_squalane,1.132171566571525e-06,0.20694391822038544,1.0,0.7846216750387465
binary,CPA,217,0.5425,H2O,4.343626575213845e-06,0.7939512306664885,0.0,0.7855537902324787
binary,CPA,217,0.5425,Heavy_squalane,1.12727189743863e-06,0.20604876933351146,1.0,0.7855537902324787
binary,CPA,218,0.545,H2O,4.348469735824343e-06,0.7948381584735806,0.0,0.7864773404431656
binary,CPA,218,0.545,Heavy_squalane,1.12241724848352e-06,0.20516184152641936,1.0,0.7864773404431656
binary,CPA,219,0.5475,H2O,4.35326863022064e-06,0.795716981945791,0.0,0.7873924473585985
binary,CPA,219,0.5475,Heavy_squalane,1.117606981325892e-06,0.20428301805420906,1.0,0.7873924473585985
binary,CPA,220,0.55,H2O,4.358023881261527e-06,0.7965878155894105,0.0,0.7882992303320943
binary,CPA,220,0.55,Heavy_squalane,1.112840467871082e-06,0.20341218441058953,1.0,0.7882992303320943
binary,CPA,221,0.5525,H2O,4.362736102637526e-06,0.7974507717273653,0.0,0.7891978064401247
binary,CPA,221,0.5525,Heavy_squalane,1.108117092710651e-06,0.20254922827263477,1.0,0.7891978064401247
binary,CPA,222,0.555,H2O,4.367405897930904e-06,0.7983059605484061,0.0,0.7900882905336538
binary,CPA,222,0.555,Heavy_squalane,1.103436252528127e-06,0.20169403945159398,1.0,0.7900882905336538
binary,CPA,223,0.5575,H2O,4.372033856907416e-06,0.7991534901560271,0.0,0.790970795289158
binary,CPA,223,0.5575,Heavy_squalane,1.098797354821157e-06,0.2008465098439729,1.0,0.790970795289158
binary,CPA,224,0.56,H2O,4.37662055905148e-06,0.799993466617538,0.0,0.7918454312598356
binary,CPA,224,0.56,Heavy_squalane,1.094199818465254e-06,0.20000653338246202,1.0,0.7918454312598356
binary,CPA,225,0.5625,H2O,4.381166573435711e-06,0.8008259940097061,0.0,0.7927123069232299
binary,CPA,225,0.5625,Heavy_squalane,1.089643073363305e-06,0.19917400599029395,1.0,0.7927123069232299
binary,CPA,226,0.565,H2O,4.385672458591766e-06,0.801651174464674,0.0,0.7935715287291131
binary,CPA,226,0.565,Heavy_squalane,1.085126560096664e-06,0.19834882553532598,1.0,0.7935715287291131
binary,CPA,227,0.5675,H2O,4.390138761417582e-06,0.8024691082142907,0.0,0.7944232011457472
binary,CPA,227,0.5675,Heavy_squalane,1.080649729352885e-06,0.19753089178570932,1.0,0.7944232011457472
binary,CPA,228,0.57,H2O,4.39456601977286e-06,0.8032798936340216,0.0,0.7952674267057089
binary,CPA,228,0.57,Heavy_squalane,1.076212042269667e-06,0.1967201063659784,1.0,0.7952674267057089
binary,CPA,229,0.5725,H2O,4.39895476229383e-06,0.8040836272850576,0.0,0.7961043060497802
binary,CPA,229,0.5725,Heavy_squalane,1.07181297009571e-06,0.1959163727149425,1.0,0.7961043060497802
binary,CPA,230,0.575,H2O,4.403305504433817e-06,0.8048804039555773,0.0,0.7969339379700308
binary,CPA,230,0.575,Heavy_squalane,1.067451992945686e-06,0.19511959604442283,1.0,0.7969339379700308
binary,CPA,231,0.5775,H2O,4.407618757608301e-06,0.80567031670274,0.0,0.7977564194535978
binary,CPA,231,0.5775,Heavy_squalane,1.063128601741833e-06,0.19432968329726,1.0,0.7977564194535978
binary,CPA,232,0.58,H2O,4.41189501766727e-06,0.8064534568903697,0.0,0.7985718457219997
binary,CPA,232,0.58,Heavy_squalane,1.058842295158247e-06,0.19354654310963035,1.0,0.7985718457219997
binary,CPA,233,0.5825,H2O,4.416134778792582e-06,0.8072299142302305,0.0,0.7993803102741988
binary,CPA,233,0.5825,Heavy_squalane,1.05459258269746e-06,0.19277008576976948,1.0,0.7993803102741988
binary,CPA,234,0.585,H2O,4.420338519018541e-06,0.8079997768173324,0.0,0.8001819049234337
binary,CPA,234,0.585,Heavy_squalane,1.050378980966442e-06,0.1920002231826676,1.0,0.8001819049234337
binary,CPA,235,0.5875,H2O,4.424506712281967e-06,0.8087631311697951,0.0,0.8009767198387747
binary,CPA,235,0.5875,Heavy_squalane,1.046201016299033e-06,0.19123686883020494,1.0,0.8009767198387747
binary,CPA,236,0.59,H2O,4.428639823347072e-06,0.809520062262654,0.0,0.8017648435804109
binary,CPA,236,0.59,Heavy_squalane,1.042058223306367e-06,0.19047993773734592,1.0,0.8017648435804109
binary,CPA,237,0.5925,H2O,4.432738307487768e-06,0.8102706535643499,0.0,0.8025463631377046
binary,CPA,237,0.5925,Heavy_squalane,1.0379501445601e-06,0.18972934643565,1.0,0.8025463631377046
binary,CPA,238,0.595,H2O,4.436802613976971e-06,0.8110149870708885,0.0,0.8033213639648011
binary,CPA,238,0.595,Heavy_squalane,1.03387633118186e-06,0.18898501292911157,1.0,0.8033213639648011
binary,CPA,239,0.5975,H2O,4.440833181866907e-06,0.8117531433386896,0.0,0.8040899300149243
binary,CPA,239,0.5975,Heavy_squalane,1.029836341631381e-06,0.1882468566613103,1.0,0.8040899300149243
binary,CPA,240,0.6,H2O,4.44483044347308e-06,0.8124852015179379,0.0,0.804852143775139
binary,CPA,240,0.6,Heavy_squalane,1.025829742298867e-06,0.18751479848206207,1.0,0.804852143775139
binary,CPA,241,0.6025,H2O,4.448794822999324e-06,0.8132112393835798,0.0,0.8056080862986832
binary,CPA,241,0.6025,Heavy_squalane,1.021856106974964e-06,0.18678876061642025,1.0,0.8056080862986832
binary,CPA,242,0.605,H2O,4.452726741014301e-06,0.813931333366332,0.0,0.806357837237308
binary,CPA,242,0.605,Heavy_squalane,1.01791501766859e-06,0.18606866663366797,1.0,0.806357837237308
binary,CPA,243,0.6075,H2O,4.456626605208026e-06,0.8146455585816871,0.0,0.8071014748715467
binary,CPA,243,0.6075,Heavy_squalane,1.014006062288615e-06,0.18535444141831292,1.0,0.8071014748715467
binary,CPA,244,0.61,H2O,4.46049481974419e-06,0.8153539888606207,0.0,0.8078390761427219
binary,CPA,244,0.61,Heavy_squalane,1.010128836586118e-06,0.1846460111393793,1.0,0.8078390761427219
binary,CPA,245,0.6125,H2O,4.464331780852857e-06,0.8160566967762181,0.0,0.8085707166807161
binary,CPA,245,0.6125,Heavy_squalane,1.006282942963425e-06,0.18394330322378202,1.0,0.8085707166807161
binary,CPA,246,0.615,H2O,4.468137879321548e-06,0.8167537536718116,0.0,0.8092964708333321
binary,CPA,246,0.615,Heavy_squalane,1.002467990849864e-06,0.18324624632818842,1.0,0.8092964708333321
binary,CPA,247,0.6175,H2O,4.471913497009209e-06,0.8174452296871285,0.0,0.8100164116935576
binary,CPA,247,0.6175,Heavy_squalane,9.986835957413384e-07,0.18255477031287146,1.0,0.8100164116935576
binary,CPA,248,0.62,H2O,4.475659012304253e-06,0.8181311937848273,0.0,0.8107306111272412
binary,CPA,248,0.62,Heavy_squalane,9.949293802480717e-07,0.18186880621517268,1.0,0.8107306111272412
binary,CPA,249,0.6225,H2O,4.479374794602468e-06,0.8188117137749912,0.0,0.8114391397986286
binary,CPA,249,0.6225,Heavy_squalane,9.912049726935783e-07,0.18118828622500885,1.0,0.8114391397986286
binary,CPA,250,0.625,H2O,4.483061207749218e-06,0.8194868563399984,0.0,0.8121420671963129
binary,CPA,250,0.625,Heavy_squalane,9.87510007720323e-07,0.18051314366000165,1.0,0.8121420671963129
binary,CPA,251,0.6275,H2O,4.486718611505575e-06,0.8201566870583101,0.0,0.8128394616580394
binary,CPA,251,0.6275,Heavy_squalane,9.838441264491362e-07,0.17984331294168973,1.0,0.8128394616580394
binary,CPA,252,0.63,H2O,4.4903473569322e-06,0.8208212704271672,0.0,0.8135313903943696
binary,CPA,252,0.63,Heavy_squalane,9.802069753103827e-07,0.17917872957283282,1.0,0.8135313903943696
binary,CPA,253,0.6325,H2O,4.493947790857785e-06,0.8214806698860136,0.0,0.8142179195131329
binary,CPA,253,0.6325,Heavy_squalane,9.765982068725724e-07,0.17851933011398632,1.0,0.8142179195131329
binary,CPA,254,0.635,H2O,4.497520254255604e-06,0.822134947837553,0.0,0.8148991140413472
binary,CPA,254,0.635,Heavy_squalane,9.730174793431822e-07,0.1778650521624469,1.0,0.8148991140413472
binary,CPA,255,0.6375,H2O,4.501065083682089e-06,0.8227841656696887,0.0,0.8155750379481385
binary,CPA,255,0.6375,Heavy_squalane,9.694644567333336e-07,0.17721583433031132,1.0,0.8155750379481385
binary,CPA,256,0.64,H2O,4.504582606542673e-06,0.8234283837760465,0.0,0.8162457541661233
binary,CPA,256,0.64,Heavy_squalane,9.659388077006993e-07,0.17657161622395337,1.0,0.8162457541661233
binary,CPA,257,0.6425,H2O,4.508073150715764e-06,0.8240676615769775,0.0,0.8169113246133074
binary,CPA,257,0.6425,Heavy_squalane,9.62440207482139e-07,0.17593233842302253,1.0,0.8169113246133074
binary,CPA,258,0.645,H2O,4.511537032574699e-06,0.8247020575379348,0.0,0.8175718102122738
binary,CPA,258,0.645,Heavy_squalane,9.58968335198288e-07,0.17529794246206523,1.0,0.8175718102122738
binary,CPA,259,0.6475,H2O,4.514974567676839e-06,0.8253316291905565,0.0,0.8182272709121418
binary,CPA,259,0.6475,Heavy_squalane,9.555228760051599e-07,0.17466837080944345,1.0,0.8182272709121418
binary,CPA,260,0.65,H2O,4.518386066997573e-06,0.825956433150146,0.0,0.8188777657068175
binary,CPA,260,0.65,Heavy_squalane,9.521035201647088e-07,0.174043566849854,1.0,0.8188777657068175
binary,CPA,261,0.6525,H2O,4.521771832071593e-06,0.8265765251343132,0.0,0.8195233526544182
binary,CPA,261,0.6525,Heavy_squalane,9.487099619000357e-07,0.17342347486568674,1.0,0.8195233526544182
binary,CPA,262,0.655,H2O,4.525132163671414e-06,0.8271919599817331,0.0,0.8201640888968429
binary,CPA,262,0.655,Heavy_squalane,9.453419011047267e-07,0.1728080400182669,1.0,0.8201640888968429
binary,CPA,263,0.6575,H2O,4.528467357975546e-06,0.827802791668403,0.0,0.820800030676726
binary,CPA,263,0.6575,Heavy_squalane,9.419990424198954e-07,0.17219720833159702,1.0,0.820800030676726
binary,CPA,264,0.66,H2O,4.531777702693359e-06,0.828409073325205,0.0,0.8214312333557541
binary,CPA,264,0.66,Heavy_squalane,9.386810943149377e-07,0.17159092667479495,1.0,0.8214312333557541
binary,CPA,265,0.6625,H2O,4.535063484751351e-06,0.8290108572552278,0.0,0.8220577514327133
binary,CPA,265,0.6625,Heavy_squalane,9.353877705753806e-07,0.17098914274477214,1.0,0.8220577514327133
binary,CPA,266,0.665,H2O,4.538324986394719e-06,0.8296081949488092,0.0,0.8226796385591877
binary,CPA,266,0.665,Heavy_squalane,9.321187893863954e-07,0.17039180505119073,1.0,0.8226796385591877
binary,CPA,267,0.6675,H2O,4.541562483378685e-06,0.8302011370999924,0.0,0.8232969475567345
binary,CPA,267,0.6675,Heavy_squalane,9.288738728554101e-07,0.1697988629000076,1.0,0.8232969475567345
binary,CPA,268,0.67,H2O,4.54477624845309e-06,0.8307897336224476,0.0,0.8239097304334484
binary,CPA,268,0.67,Heavy_squalane,9.256527476260353e-07,0.16921026637755238,1.0,0.8239097304334484
binary,CPA,269,0.6725,H2O,4.54796655059121e-06,0.8313740336638504,0.0,0.8245180383989991
binary,CPA,269,0.6725,Heavy_squalane,9.224551446214764e-07,0.1686259663361495,1.0,0.8245180383989991
binary,CPA,270,0.675,H2O,4.551133654222117e-06,0.8319540856210639,0.0,0.8251219218804218
binary,CPA,270,0.675,Heavy_squalane,9.192807987877987e-07,0.16804591437893607,1.0,0.8251219218804218
binary,CPA,271,0.6775,H2O,4.554277819505518e-06,0.8325299371543818,0.0,0.8257214305370003
binary,CPA,271,0.6775,Heavy_squalane,9.161294490573502e-07,0.16747006284561822,1.0,0.8257214305370003
binary,CPA,272,0.68,H2O,4.557399301530499e-06,0.8331016352017925,0.0,0.8263166132751215
binary,CPA,272,0.68,Heavy_squalane,9.130008380954584e-07,0.16689836479820752,1.0,0.8263166132751215
binary,CPA,273,0.6825,H2O,4.560498354916135e-06,0.8336692259929765,0.0,0.8269075182628909
binary,CPA,273,0.6825,Heavy_squalane,9.098947131309225e-07,0.1663307740070234,1.0,0.8269075182628909
binary,CPA,274,0.685,H2O,4.563575227583449e-06,0.8342327550618738,0.0,0.8274941929432
binary,CPA,274,0.685,Heavy_squalane,9.068108246220596e-07,0.16576724493812617,1.0,0.8274941929432
binary,CPA,275,0.6875,H2O,4.566630165364607e-06,0.8347922672608742,0.0,0.8280766840485756
binary,CPA,275,0.6875,Heavy_squalane,9.037489270875358e-07,0.16520773273912595,1.0,0.8280766840485756
binary,CPA,276,0.69,H2O,4.569663407891654e-06,0.8353478067729936,0.0,0.8286550376138233
binary,CPA,276,0.69,Heavy_squalane,9.007087782095819e-07,0.16465219322700633,1.0,0.8286550376138233
binary,CPA,277,0.6925,H2O,4.57267519431172e-06,0.8358994171249541,0.0,0.8292292989896987
binary,CPA,277,0.6925,Heavy_squalane,8.976901398803669e-07,0.16410058287504595,1.0,0.8292292989896987
binary,CPA,278,0.695,H2O,4.575665756961739e-06,0.8364471411988371,0.0,0.82979951285505
binary,CPA,278,0.695,Heavy_squalane,8.946927768765978e-07,0.16355285880116285,1.0,0.82979951285505
binary,CPA,279,0.6975,H2O,4.578635329305604e-06,0.8369910212447179,0.0,0.8303657232299946
binary,CPA,279,0.6975,Heavy_squalane,8.917164583355097e-07,0.1630089787552821,1.0,0.8303657232299946
binary,CPA,280,0.7,H2O,4.581584137362036e-06,0.8375310988915562,0.0,0.8309279734872684
binary,CPA,280,0.7,Heavy_squalane,8.887609560029817e-07,0.16246890110844378,1.0,0.8309279734872684
binary,CPA,281,0.7025,H2O,4.584512404345592e-06,0.8380674151597086,0.0,0.8314863063652619
binary,CPA,281,0.7025,Heavy_squalane,8.858260450641516e-07,0.16193258484029144,1.0,0.8314863063652619
binary,CPA,282,0.705,H2O,4.587420354228249e-06,0.8386000104715001,0.0,0.832040763979075
binary,CPA,282,0.705,Heavy_squalane,8.829115047577617e-07,0.16139998952849993,1.0,0.832040763979075
binary,CPA,283,0.7075,H2O,4.590308200847348e-06,0.8391289246618945,0.0,0.8325913878316034
binary,CPA,283,0.7075,Heavy_squalane,8.800171162031817e-07,0.16087107533810552,1.0,0.8325913878316034
binary,CPA,284,0.71,H2O,4.593176159252111e-06,0.839654196990305,0.0,0.8331382188258916
binary,CPA,284,0.71,Heavy_squalane,8.771426645161761e-07,0.16034580300969498,1.0,0.8331382188258916
binary,CPA,285,0.7125,H2O,4.596024443709839e-06,0.8401758661500419,0.0,0.833681297274948
binary,CPA,285,0.7125,Heavy_squalane,8.742879383516843e-07,0.15982413384995814,1.0,0.833681297274948
binary,CPA,286,0.715,H2O,4.598853260064671e-06,0.8406939702784869,0.0,0.8342206629123735
binary,CPA,286,0.715,Heavy_squalane,8.714527283811158e-07,0.15930602972151314,1.0,0.8342206629123735
binary,CPA,287,0.7175,H2O,4.601662813801591e-06,0.8412085469682088,0.0,0.8347563549039464
binary,CPA,287,0.7175,Heavy_squalane,8.686368287619533e-07,0.15879145303179118,1.0,0.8347563549039464
binary,CPA,288,0.72,H2O,4.604453307997087e-06,0.8417196332757826,0.0,0.8352884118568159
binary,CPA,288,0.72,Heavy_squalane,8.658400366853878e-07,0.1582803667242174,1.0,0.8352884118568159
binary,CPA,289,0.7225,H2O,4.607224942396676e-06,0.8422272657316482,0.0,0.8358168718297772
binary,CPA,289,0.7225,Heavy_squalane,8.630621521375417e-07,0.15777273426835187,1.0,0.8358168718297772
binary,CPA,290,0.725,H2O,4.609977912463965e-06,0.842731480349434,0.0,0.8363417723430111
binary,CPA,290,0.725,Heavy_squalane,8.603029776630572e-07,0.15726851965056599,1.0,0.8363417723430111
binary,CPA,291,0.7275,H2O,4.612712412991308e-06,0.8432323126356592,0.0,0.8368631503881642
binary,CPA,291,0.7275,Heavy_squalane,8.575623189784951e-07,0.15676768736434077,1.0,0.8368631503881642
binary,CPA,292,0.73,H2O,4.615428636006305e-06,0.8437297975978963,0.0,0.837381042436896
binary,CPA,292,0.73,Heavy_squalane,8.548399845241745e-07,0.15627020240210368,1.0,0.837381042436896
binary,CPA,293,0.7325,H2O,4.618126768671621e-06,0.8442239697540597,0.0,0.8378954844505346
binary,CPA,293,0.7325,Heavy_squalane,8.521357850165658e-07,0.15577603024594033,1.0,0.8378954844505346
binary,CPA,294,0.735,H2O,4.620806996896654e-06,0.8447148631412352,0.0,0.8384065118893103
binary,CPA,294,0.735,Heavy_squalane,8.494495340625521e-07,0.15528513685876477,1.0,0.8384065118893103
binary,CPA,295,0.7375,H2O,4.623469506679534e-06,0.8452025113237579,0.0,0.8389141597207386
binary,CPA,295,0.7375,Heavy_squalane,8.467810483480967e-07,0.1547974886762421,1.0,0.8389141597207386
binary,CPA,296,0.74,H2O,4.626114475052168e-06,0.8456869474012718,0.0,0.8394184624280573
binary,CPA,296,0.74,Heavy_squalane,8.441301459247156e-07,0.15431305259872816,1.0,0.8394184624280573
binary,CPA,297,0.7425,H2O,4.628742081800135e-06,0.8461682040178825,0.0,0.839919454019758
binary,CPA,297,0.7425,Heavy_squalane,8.414966483026496e-07,0.1538317959821176,1.0,0.839919454019758
binary,CPA,298,0.745,H2O,4.63135250152429e-06,0.8466463133688888,0.0,0.8404171680365933
binary,CPA,298,0.745,Heavy_squalane,8.388803789517184e-07,0.15335368663111118,1.0,0.8404171680365933
binary,CPA,299,0.7475,H2O,4.633945911957041e-06,0.8471213072092473,0.0,0.8409116375604195
binary,CPA,299,0.7475,Heavy_squalane,8.362811647565553e-07,0.15287869279075272,1.0,0.8409116375604195
binary,CPA,300,0.75,H2O,4.636522478969743e-06,0.847593216860489,0.0,0.8414028952213934
binary,CPA,300,0.75,Heavy_squalane,8.336988332577935e-07,0.15240678313951103,1.0,0.8414028952213934
binary,CPA,301,0.7525,H2O,4.639082375412925e-06,0.8480620732195341,0.0,0.841890973207153
binary,CPA,301,0.7525,Heavy_squalane,8.311332160017217e-07,0.15193792678046592,1.0,0.841890973207153
binary,CPA,302,0.755,H2O,4.641625766063671e-06,0.8485279067643988,0.0,0.842375903268803
binary,CPA,302,0.755,Heavy_squalane,8.285841457860035e-07,0.15147209323560115,1.0,0.842375903268803
binary,CPA,303,0.7575,H2O,4.644152813624839e-06,0.8489907475622933,0.0,0.8428577167293163
binary,CPA,303,0.7575,Heavy_squalane,8.260514576933027e-07,0.15100925243770671,1.0,0.8428577167293163
binary,CPA,304,0.76,H2O,4.646663682426214e-06,0.8494506252766147,0.0,0.8433364444908503
binary,CPA,304,0.76,Heavy_squalane,8.23534989701523e-07,0.1505493747233852,1.0,0.8433364444908503
binary,CPA,305,0.7625,H2O,4.649158531491276e-06,0.8499075691730917,0.0,0.8438121170411359
binary,CPA,305,0.7625,Heavy_squalane,8.210345814076051e-07,0.15009243082690824,1.0,0.8438121170411359
binary,CPA,306,0.765,H2O,4.651637518225466e-06,0.8503616081271511,0.0,0.8442847644611682
binary,CPA,306,0.765,Heavy_squalane,8.185500746390577e-07,0.1496383918728489,1.0,0.8442847644611682
binary,CPA,307,0.7675,H2O,4.654100797368334e-06,0.8508127706302673,0.0,0.8447544164318219
binary,CPA,307,0.7675,Heavy_squalane,8.160813132276996e-07,0.1491872293697328,1.0,0.8447544164318219
binary,CPA,308,0.77,H2O,4.656548525907562e-06,0.8512610847964732,0.0,0.8452211022406378
binary,CPA,308,0.77,Heavy_squalane,8.136281438281272e-07,0.14873891520352678,1.0,0.8452211022406378
binary,CPA,309,0.7725,H2O,4.658980851278174e-06,0.8517065783680259,0.0,0.845684850787731
binary,CPA,309,0.7725,Heavy_squalane,8.111904138133229e-07,0.14829342163197418,1.0,0.845684850787731
binary,CPA,310,0.775,H2O,4.661397925844037e-06,0.8521492787228343,0.0,0.8461456905935314
binary,CPA,310,0.775,Heavy_squalane,8.087679737625973e-07,0.14785072127716578,1.0,0.8461456905935314
binary,CPA,311,0.7775,H2O,4.663799896247405e-06,0.8525892128790915,0.0,0.8466036498036198
binary,CPA,311,0.7775,Heavy_squalane,8.063606755692523e-07,0.1474107871209085,1.0,0.8466036498036198
binary,CPA,312,0.78,H2O,4.66618690714108e-06,0.8530264075022905,0.0,0.8470587561960197
binary,CPA,312,0.78,Heavy_squalane,8.039683730499972e-07,0.1469735924977095,1.0,0.8470587561960197
binary,CPA,313,0.7825,H2O,4.668559104931359e-06,0.8534608889104861,0.0,0.8475110371867123
binary,CPA,313,0.7825,Heavy_squalane,8.015909225539814e-07,0.14653911108951384,1.0,0.8475110371867123
binary,CPA,314,0.785,H2O,4.670916627028539e-06,0.8538926830797878,0.0,0.8479605198353443
binary,CPA,314,0.785,Heavy_squalane,7.992281810773849e-07,0.14610731692021206,1.0,0.8479605198353443
binary,CPA,315,0.7875,H2O,4.673259618927319e-06,0.8543218156508056,0.0,0.8484072308519508
binary,CPA,315,0.7875,Heavy_squalane,7.968800091557143e-07,0.1456781843491945,1.0,0.8484072308519508
binary,CPA,316,0.79,H2O,4.675588213692815e-06,0.8547483119327021,0.0,0.8488511966011795
binary,CPA,316,0.79,Heavy_squalane,7.945462673226251e-07,0.14525168806729788,1.0,0.8488511966011795
binary,CPA,317,0.7925,H2O,4.677902552766165e-06,0.8551721969102472,0.0,0.849292443109642
binary,CPA,317,0.7925,Heavy_squalane,7.922268196193182e-07,0.14482780308975288,1.0,0.849292443109642
binary,CPA,318,0.795,H2O,4.680202765336787e-06,0.8555934952473164,0.0,0.849730996069562
binary,CPA,318,0.795,Heavy_squalane,7.899215300611521e-07,0.14440650475268352,1.0,0.849730996069562
binary,CPA,319,0.7975,H2O,4.682488990480122e-06,0.8560122312938673,0.0,0.8501668808460537
binary,CPA,319,0.7975,Heavy_squalane,7.876302663469837e-07,0.1439877687061327,1.0,0.8501668808460537
binary,CPA,320,0.8,H2O,4.684761353971927e-06,0.8564284290889804,0.0,0.8506001224802838
binary,CPA,320,0.8,Heavy_squalane,7.853528959196929e-07,0.1435715709110195,1.0,0.8506001224802838
binary,CPA,321,0.8025,H2O,4.687019988056433e-06,0.8568421123678858,0.0,0.8510307456967925
binary,CPA,321,0.8025,Heavy_squalane,7.830892892570264e-07,0.14315788763211434,1.0,0.8510307456967925
binary,CPA,322,0.805,H2O,4.689265021711826e-06,0.8572533045650506,0.0,0.8514587749067267
binary,CPA,322,0.805,Heavy_squalane,7.80839318207919e-07,0.14274669543494942,1.0,0.8514587749067267
binary,CPA,323,0.8075,H2O,4.691496579526191e-06,0.8576620288199591,0.0,0.8518842342138517
binary,CPA,323,0.8075,Heavy_squalane,7.786028557736689e-07,0.1423379711800408,1.0,0.8518842342138517
binary,CPA,324,0.81,H2O,4.693714786737372e-06,0.858068307981649,0.0,0.8523071474192825
binary,CPA,324,0.81,Heavy_squalane,7.763797769203194e-07,0.14193169201835096,1.0,0.8523071474192825
binary,CPA,325,0.8125,H2O,4.695919765621751e-06,0.8584721646131148,0.0,0.8527275380260652
binary,CPA,325,0.8125,Heavy_squalane,7.74169957949016e-07,0.14152783538688524,1.0,0.8527275380260652
binary,CPA,326,0.815,H2O,4.698111640577947e-06,0.8588736209959031,0.0,0.8531454292439993
binary,CPA,326,0.815,Heavy_squalane,7.71973277305865e-07,0.14112637900409686,1.0,0.8531454292439993
binary,CPA,327,0.8175,H2O,4.700290529499813e-06,0.8592726991342026,0.0,0.8535608439938573
binary,CPA,327,0.8175,Heavy_squalane,7.697896141330455e-07,0.14072730086579738,1.0,0.8535608439938573
binary,CPA,328,0.82,H2O,4.702456551365623e-06,0.8596694207599345,0.0,0.853973804912717
binary,CPA,328,0.82,Heavy_squalane,7.676188494887248e-07,0.14033057924006562,1.0,0.853973804912717
binary,CPA,329,0.8225,H2O,4.704609825091193e-06,0.8600638073363864,0.0,0.8543843343577487
binary,CPA,329,0.8225,Heavy_squalane,7.654608661303657e-07,0.13993619266361354,1.0,0.8543843343577487
binary,CPA,330,0.825,H2O,4.706750464600538e-06,0.8604558800624001,0.0,0.8547924544105676
binary,CPA,330,0.825,Heavy_squalane,7.633155476849552e-07,0.1395441199375998,1.0,0.8547924544105676
binary,CPA,331,0.8275,H2O,4.708878583944758e-06,0.8608456598768996,0.0,0.8551981868819664
binary,CPA,331,0.8275,Heavy_squalane,7.611827794570442e-07,0.1391543401231003,1.0,0.8551981868819664
binary,CPA,332,0.83,H2O,4.710994297401735e-06,0.8612331674625159,0.0,0.8556015533156804
binary,CPA,332,0.83,Heavy_squalane,7.590624484176541e-07,0.13876683253748404,1.0,0.8556015533156804
binary,CPA,333,0.8325,H2O,4.713097715779995e-06,0.8616184232495765,0.0,0.8560025749925577
binary,CPA,333,0.8325,Heavy_squalane,7.569544425810594e-07,0.1383815767504234,1.0,0.8560025749925577
binary,CPA,334,0.835,H2O,4.715188949034216e-06,0.8620014474201781,0.0,0.8564012729347967
binary,CPA,334,0.835,Heavy_squalane,7.548586514030737e-07,0.13799855257982185,1.0,0.8564012729347967
binary,CPA,335,0.8375,H2O,4.717268107630934e-06,0.8623822599118551,0.0,0.8567976679097816
binary,CPA,335,0.8375,Heavy_squalane,7.527749659743719e-07,0.13761774008814484,1.0,0.8567976679097816
binary,CPA,336,0.84,H2O,4.719335297540714e-06,0.8627608804211843,0.0,0.857191780433817
binary,CPA,336,0.84,Heavy_squalane,7.50703278196308e-07,0.13723911957881574,1.0,0.857191780433817
binary,CPA,337,0.8425,H2O,4.72139062670216e-06,0.8631373284077938,0.0,0.8575836307763253
binary,CPA,337,0.8425,Heavy_squalane,7.486434817885272e-07,0.1368626715922062,1.0,0.8575836307763253
binary,CPA,338,0.845,H2O,4.723434197429956e-06,0.8635116230975992,0.0,0.8579732389632184
binary,CPA,338,0.845,Heavy_squalane,7.465954710601986e-07,0.13648837690240076,1.0,0.8579732389632184
binary,CPA,339,0.8475,H2O,4.725466116753696e-06,0.8638837834867453,0.0,0.8583606247809875
binary,CPA,339,0.8475,Heavy_squalane,7.445591425249437e-07,0.13611621651325476,1.0,0.8583606247809875
binary,CPA,340,0.85,H2O,4.727486482363322e-06,0.8642538283444305,0.0,0.85874580777968
binary,CPA,340,0.85,Heavy_squalane,7.425343926605371e-07,0.13574617165556946,1.0,0.85874580777968
binary,CPA,341,0.8525,H2O,4.729495402011772e-06,0.8646217762172436,0.0,0.859128807277385
binary,CPA,341,0.8525,Heavy_squalane,7.405211209394683e-07,0.13537822378275643,1.0,0.859128807277385
binary,CPA,342,0.855,H2O,4.731492971661719e-06,0.8649876454311961,0.0,0.8595096423623734
binary,CPA,342,0.855,Heavy_squalane,7.385192263773297e-07,0.13501235456880378,1.0,0.8595096423623734
binary,CPA,343,0.8575,H2O,4.733479288467843e-06,0.8653514540964159,0.0,0.8598883318979806
binary,CPA,343,0.8575,Heavy_squalane,7.365286095491021e-07,0.13464854590358408,1.0,0.8598883318979806
binary,CPA,344,0.86,H2O,4.735454454765987e-06,0.8657132201097608,0.0,0.8602648945253344
binary,CPA,344,0.86,Heavy_squalane,7.345491731855355e-07,0.1342867798902391,1.0,0.8602648945253344
binary,CPA,345,0.8625,H2O,4.737418566463304e-06,0.8660729611573192,0.0,0.8606393486659609
binary,CPA,345,0.8625,Heavy_squalane,7.325808203467497e-07,0.13392703884268073,1.0,0.8606393486659609
binary,CPA,346,0.865,H2O,4.739371715697617e-06,0.8664306947185589,0.0,0.8610117125261053
binary,CPA,346,0.865,Heavy_squalane,7.306234548187027e-07,0.1335693052814411,1.0,0.8610117125261053
binary,CPA,347,0.8675,H2O,4.741313998734647e-06,0.8667864380691958,0.0,0.8613820040997245
binary,CPA,347,0.8675,Heavy_squalane,7.286769823149972e-07,0.1332135619308042,1.0,0.8613820040997245
binary,CPA,348,0.87,H2O,4.743245508202729e-06,0.867140208283544,0.0,0.8617502411709357
binary,CPA,348,0.87,Heavy_squalane,7.26741309259837e-07,0.1328597917164561,1.0,0.8617502411709357
binary,CPA,349,0.8725,H2O,4.745166338415966e-06,0.8674920222380905,0.0,0.8621164413177438
binary,CPA,349,0.8725,Heavy_squalane,7.24816343584555e-07,0.13250797776190948,1.0,0.8621164413177438
binary,CPA,350,0.875,H2O,4.747076577552582e-06,0.867841896614003,0.0,0.8624806219146505
binary,CPA,350,0.875,Heavy_squalane,7.229019935142362e-07,0.1321581033859969,1.0,0.8624806219146505
binary,CPA,351,0.8775,H2O,4.748976316928732e-06,0.8681898479003916,0.0,0.8628428001360521
binary,CPA,351,0.8775,Heavy_squalane,7.209981689668774e-07,0.1318101520996084,1.0,0.8628428001360521
binary,CPA,352,0.88,H2O,4.750865647126903e-06,0.8685358923966723,0.0,0.8632029929587226
binary,CPA,352,0.88,Heavy_squalane,7.191047809427727e-07,0.13146410760332777,1.0,0.8632029929587226
binary,CPA,353,0.8825,H2O,4.752744654086093e-06,0.8688800462153681,0.0,0.8635612171646976
binary,CPA,353,0.8825,Heavy_squalane,7.172217409161889e-07,0.13111995378463193,1.0,0.8635612171646976
binary,CPA,354,0.885,H2O,4.754613425788534e-06,0.8692223252851905,0.0,0.8639174893445191
binary,CPA,354,0.885,Heavy_squalane,7.153489618302525e-07,0.13077767471480953,1.0,0.8639174893445191
binary,CPA,355,0.8875,H2O,4.756472045681784e-06,0.8695627453532785,0.0,0.8642718258995513
binary,CPA,355,0.8875,Heavy_squalane,7.134863570892149e-07,0.1304372546467215,1.0,0.8642718258995513
binary,CPA,356,0.89,H2O,4.75832060339516e-06,0.869901321988091,0.0,0.8646242430449934
binary,CPA,356,0.89,Heavy_squalane,7.116338421509082e-07,0.13009867801190902,1.0,0.8646242430449934
binary,CPA,357,0.8925,H2O,4.760159178803466e-06,0.8702380705813616,0.0,0.8649747568119378
binary,CPA,357,0.8925,Heavy_squalane,7.097913321221783e-07,0.12976192941863834,1.0,0.8649747568119378
binary,CPA,358,0.895,H2O,4.761987858112374e-06,0.8705730063515121,0.0,0.8653233830508921
binary,CPA,358,0.895,Heavy_squalane,7.07958744148369e-07,0.12942699364848786,1.0,0.8653233830508921
binary,CPA,359,0.8975,H2O,4.763806720536488e-06,0.8709061443453697,0.0,0.865670137433599
binary,CPA,359,0.8975,Heavy_squalane,7.061359954117131e-07,0.12909385565463022,1.0,0.865670137433599
binary,CPA,360,0.9,H2O,4.765615850427655e-06,0.8712374994410479,0.0,0.8660150354560371
binary,CPA,360,0.9,Heavy_squalane,7.043230049190091e-07,0.1287625005589522,1.0,0.8660150354560371
binary,CPA,361,0.9025,H2O,4.767415325241129e-06,0.8715670863499483,0.0,0.8663580924404796
binary,CPA,361,0.9025,Heavy_squalane,7.02519691702517e-07,0.1284329136500516,1.0,0.8663580924404796
binary,CPA,362,0.905,H2O,4.769205226362925e-06,0.8718949196195962,0.0,0.8666993235384777
binary,CPA,362,0.905,Heavy_squalane,7.007259764059906e-07,0.12810508038040377,1.0,0.8666993235384777
binary,CPA,363,0.9075,H2O,4.770985632425502e-06,0.8722210136353789,0.0,0.8670387437326712
binary,CPA,363,0.9075,Heavy_squalane,6.989417802840862e-07,0.1277789863646212,1.0,0.8670387437326712
binary,CPA,364,0.91,H2O,4.77275661935733e-06,0.8725453826232643,0.0,0.8673763678395913
binary,CPA,364,0.91,Heavy_squalane,6.97167025196578e-07,0.12745461737673572,1.0,0.8673763678395913
binary,CPA,365,0.9125,H2O,4.774518264497467e-06,0.8728680406518943,0.0,0.867712210511889
binary,CPA,365,0.9125,Heavy_squalane,6.954016341983975e-07,0.12713195934810578,1.0,0.867712210511889
binary,CPA,366,0.915,H2O,4.776270645306633e-06,0.8731890016346814,0.0,0.8680462862404736
binary,CPA,366,0.915,Heavy_squalane,6.936455313344639e-07,0.1268109983653186,1.0,0.8680462862404736
binary,CPA,367,0.9175,H2O,4.778013836700603e-06,0.8735082793320221,0.0,0.8683786093568496
binary,CPA,367,0.9175,Heavy_squalane,6.918986412376528e-07,0.12649172066797795,1.0,0.8683786093568496
binary,CPA,368,0.92,H2O,4.779747911086382e-06,0.8738258873534387,0.0,0.8687091940353436
binary,CPA,368,0.92,Heavy_squalane,6.901608891241849e-07,0.12617411264656125,1.0,0.8687091940353436
binary,CPA,369,0.9225,H2O,4.781472945260249e-06,0.8741418391598426,0.0,0.869038054295449
binary,CPA,369,0.9225,Heavy_squalane,6.884322017761067e-07,0.12585816084015744,1.0,0.869038054295449
binary,CPA,370,0.925,H2O,4.783189008130683e-06,0.8744561480651767,0.0,0.8693652040035584
binary,CPA,370,0.925,Heavy_squalane,6.867125057576651e-07,0.1255438519348234,1.0,0.8693652040035584
binary,CPA,371,0.9275,H2O,4.784896173107583e-06,0.8747688272389753,0.0,0.8696906568756144
binary,CPA,371,0.9275,Heavy_squalane,6.850017291874794e-07,0.1252311727610247,1.0,0.8696906568756144
binary,CPA,372,0.93,H2O,4.786594511291808e-06,0.8750798897078798,0.0,0.8700144264786857
binary,CPA,372,0.93,Heavy_squalane,6.832998007460046e-07,0.1249201102921202,1.0,0.8700144264786857
binary,CPA,373,0.9325,H2O,4.788284092896149e-06,0.875389348357723,0.0,0.8703365262331675
binary,CPA,373,0.9325,Heavy_squalane,6.816066498678849e-07,0.12461065164227703,1.0,0.8703365262331675
binary,CPA,374,0.935,H2O,4.789964990069206e-06,0.875697215935655,0.0,0.8706569694149663
binary,CPA,374,0.935,Heavy_squalane,6.799222071297463e-07,0.12430278406434493,1.0,0.8706569694149663
binary,CPA,375,0.9375,H2O,4.791637268625667e-06,0.8760035050515218,0.0,0.8709757691569463
binary,CPA,375,0.9375,Heavy_squalane,6.782464030656335e-07,0.12399649494847816,1.0,0.8709757691569463
binary,CPA,376,0.94,H2O,4.793300997801023e-06,0.8763082281806018,0.0,0.8712929384517855
binary,CPA,376,0.94,Heavy_squalane,6.765791695379426e-07,0.12369177181939814,1.0,0.8712929384517855
binary,CPA,377,0.9425,H2O,4.794956243344798e-06,0.8766113976645722,0.0,0.8716084901529804
binary,CPA,377,0.9425,Heavy_squalane,6.749204387509402e-07,0.1233886023354278,1.0,0.8716084901529804
binary,CPA,378,0.945,H2O,4.796603075931848e-06,0.8769130257137933,0.0,0.8719224369772286
binary,CPA,378,0.945,Heavy_squalane,6.732701444225754e-07,0.12308697428620667,1.0,0.8719224369772286
binary,CPA,379,0.9475,H2O,4.798241557260056e-06,0.8772131244086723,0.0,0.8722347915058408
binary,CPA,379,0.9475,Heavy_squalane,6.716282198189656e-07,0.12278687559132778,1.0,0.8722347915058408
binary,CPA,380,0.95,H2O,4.799871754050588e-06,0.8775117057020224,0.0,0.8725455661872126
binary,CPA,380,0.95,Heavy_squalane,6.699945997100367e-07,0.12248829429797753,1.0,0.8725455661872126
binary,CPA,381,0.9525,H2O,4.801493729700775e-06,0.8778087814201356,0.0,0.8728547733379222
binary,CPA,381,0.9525,Heavy_squalane,6.683692191897887e-07,0.12219121857986444,1.0,0.8728547733379222
binary,CPA,382,0.955,H2O,4.803107552757119e-06,0.8781043632648513,0.0,0.8731624251449175
binary,CPA,382,0.955,Heavy_squalane,6.667520148446643e-07,0.12189563673514867,1.0,0.8731624251449175
binary,CPA,383,0.9575,H2O,4.804713281491028e-06,0.8783984628147656,0.0,0.8734685336667434
binary,CPA,383,0.9575,Heavy_squalane,6.651429225996132e-07,0.1216015371852344,1.0,0.8734685336667434
binary,CPA,384,0.96,H2O,4.806310980822597e-06,0.8786910915275994,0.0,0.8737731108360338
binary,CPA,384,0.96,Heavy_squalane,6.635418800580717e-07,0.12130890847240061,1.0,0.8737731108360338
binary,CPA,385,0.9625,H2O,4.807900712504428e-06,0.8789822607411449,0.0,0.8740761684604735
binary,CPA,385,0.9625,Heavy_squalane,6.619488251306959e-07,0.12101773925885496,1.0,0.8740761684604735
binary,CPA,386,0.965,H2O,4.809482536562128e-06,0.879271981675018,0.0,0.874377718224657
binary,CPA,386,0.965,Heavy_squalane,6.603636962269999e-07,0.12072801832498206,1.0,0.874377718224657
binary,CPA,387,0.9675,H2O,4.811056514171502e-06,0.8795602654324134,0.0,0.874677771691886
binary,CPA,387,0.9675,Heavy_squalane,6.587864326404134e-07,0.12043973456758672,1.0,0.874677771691886
binary,CPA,388,0.97,H2O,4.812622706283403e-06,0.8798471230013566,0.0,0.8749763403054905
binary,CPA,388,0.97,Heavy_squalane,6.572169743493681e-07,0.12015287699864338,1.0,0.8749763403054905
binary,CPA,389,0.9725,H2O,4.81418117081522e-06,0.880132565256234,0.0,0.8752734353904208
binary,CPA,389,0.9725,Heavy_squalane,6.556552616245475e-07,0.11986743474376597,1.0,0.8752734353904208
binary,CPA,390,0.975,H2O,4.81573196695773e-06,0.8804166029594277,0.0,0.8755690681549482
binary,CPA,390,0.975,Heavy_squalane,6.541012356081394e-07,0.11958339704057229,1.0,0.8755690681549482
binary,CPA,391,0.9775,H2O,4.817275155227326e-06,0.8806992467626606,0.0,0.8758632496920703
binary,CPA,391,0.9775,Heavy_squalane,6.525548383090854e-07,0.11930075323733944,1.0,0.8758632496920703
binary,CPA,392,0.98,H2O,4.818810788912239e-06,0.8809805072082827,0.0,0.876155990980847
binary,CPA,392,0.98,Heavy_squalane,6.51016011435988e-07,0.11901949279171731,1.0,0.876155990980847
binary,CPA,393,0.9825,H2O,4.820338928430631e-06,0.8812603947311625,0.0,0.8764473028883811
binary,CPA,393,0.9825,Heavy_squalane,6.4948469833195e-07,0.11873960526883749,1.0,0.8764473028883811
binary,CPA,394,0.985,H2O,4.821859629902657e-06,0.8815389196594401,0.0,0.8767371961705792
binary,CPA,394,0.985,Heavy_squalane,6.479608424202885e-07,0.11846108034056003,1.0,0.8767371961705792
binary,CPA,395,0.9875,H2O,4.823372948049239e-06,0.8818160922162841,0.0,0.877025681474014
binary,CPA,395,0.9875,Heavy_squalane,6.464443875888188e-07,0.1181839077837159,1.0,0.877025681474014
binary,CPA,396,0.99,H2O,4.824878936217815e-06,0.8820919225211896,0.0,0.8773127693372603
binary,CPA,396,0.99,Heavy_squalane,6.449352781867067e-07,0.11790807747881038,1.0,0.8773127693372603
binary,CPA,397,0.9925,H2O,4.826377652201818e-06,0.8823664205913758,0.0,0.8775984701923399
binary,CPA,397,0.9925,Heavy_squalane,6.434334597930193e-07,0.11763357940862412,1.0,0.8775984701923399
binary,CPA,398,0.995,H2O,4.827869149606052e-06,0.8826395963426206,0.0,0.8778827943656161
binary,CPA,398,0.995,Heavy_squalane,6.419388780546319e-07,0.11736040365737935,1.0,0.8778827943656161
binary,CPA,399,0.9975,H2O,4.829353480770658e-06,0.8829114595911085,0.0,0.8781657520797089
binary,CPA,399,0.9975,Heavy_squalane,6.404514790689328e-07,0.11708854040889144,1.0,0.8781657520797089
binary,CPA,400,1.0,H2O,4.83083070261457e-06,0.8831820200545525,0.0,0.8784473534546464
binary,CPA,400,1.0,Heavy_squalane,6.389712101510214e-07,0.11681797994544753,1.0,0.8784473534546464
