system,eos,step,pvi,component,cumulative_produced_kg,recovery_fraction_of_initial,relative_balance_error
binary,PR,0,0.0,H2O,0.0,0.0,0.0
binary,PR,0,0.0,Heavy_squalane,0.0,0.0,0.0
binary,PR,1,0.0025,H2O,0.0004343257364508172,0.0022716878964506907,4.371945208636596e-08
binary,PR,1,0.0025,Heavy_squalane,0.003788406285111017,0.0025328935636248578,3.355127715497406e-13
binary,PR,2,0.005,H2O,0.0008686513697733276,0.0045433752535013255,4.371967743388439e-08
binary,PR,2,0.005,Heavy_squalane,0.007576812878283852,0.005065787333217012,-3.399664809065956e-14
binary,PR,3,0.0075,H2O,0.001302976924679568,0.006815062200405205,4.35993929015499e-08
binary,PR,3,0.0075,Heavy_squalane,0.01136521978151358,0.007598681310110349,3.95340933910159e-13
binary,PR,4,0.01,H2O,0.001737302415727358,0.009086748813305233,4.359434810363716e-08
binary,PR,4,0.01,Heavy_squalane,0.01515362697682691,0.010131575482288092,1.451909250334718e-13
binary,PR,5,0.0125,H2O,0.002171627852297976,0.011358435141269043,4.359308622414737e-08
binary,PR,5,0.0125,Heavy_squalane,0.01894203445577305,0.012664469844100124,-1.735462079387818e-13
binary,PR,6,0.015,H2O,0.002605953240707623,0.01363012121733276,4.359588212654586e-08
binary,PR,6,0.015,Heavy_squalane,0.02273044221305596,0.015197364392005553,-2.142234200647238e-13
binary,PR,7,0.0175,H2O,0.003040278585371612,0.015901807064590136,4.359596703085167e-08
binary,PR,7,0.0175,Heavy_squalane,0.02651885024464599,0.0177302591233102,-1.638965043322627e-13
binary,PR,8,0.02,H2O,0.003474603889588848,0.018173492700295692,4.359346653104446e-08
binary,PR,8,0.02,Heavy_squalane,0.03030725854828185,0.020263154036502185,6.784483920275729e-14
binary,PR,9,0.0225,H2O,0.003908929155782869,0.02044517813712545,4.358954605598875e-08
binary,PR,9,0.0225,Heavy_squalane,0.03409566712193793,0.022796049130227203,1.103035350714413e-13
binary,PR,10,0.025,H2O,0.004343254385892969,0.022716863385222656,4.358979052709877e-08
binary,PR,10,0.025,Heavy_squalane,0.03788407596498467,0.025328944404064337,9.634857908662905e-14
binary,PR,11,0.0275,H2O,0.004777579581350577,0.024988548452074214,4.358969124540479e-08
binary,PR,11,0.0275,Heavy_squalane,0.04167248507649984,0.02786183985739699,-3.660949091334781e-13
binary,PR,12,0.03,H2O,0.005211904743517203,0.027260233344801352,4.344651838295022e-08
binary,PR,12,0.03,Heavy_squalane,0.0454608944580552,0.030394735491276026,-2.97210871080788e-13
binary,PR,13,0.0325,H2O,0.005646229873222659,0.029531918067744283,4.33659498033645e-08
binary,PR,13,0.0325,Heavy_squalane,0.04924930410899454,0.03292763130526272,-2.687071311969162e-13
binary,PR,14,0.035,H2O,0.00608055497119189,0.031803602624694755,4.332062192302644e-08
binary,PR,14,0.035,Heavy_squalane,0.05303771402958424,0.035460527299535145,-4.326036355291789e-13
binary,PR,15,0.0375,H2O,0.006514880038180767,0.034075287019606264,4.328111793960865e-08
binary,PR,15,0.0375,Heavy_squalane,0.05682612422181728,0.037993423475425815,9.649703606519089e-14
binary,PR,16,0.04,H2O,0.006949205074390106,0.036346971253529134,4.325582081410317e-08
binary,PR,16,0.04,Heavy_squalane,0.06061453468400337,0.040526319831804616,-3.463501309847544e-13
binary,PR,17,0.0425,H2O,0.007383530080449131,0.03861865532975446,4.324661279087039e-08
binary,PR,17,0.0425,Heavy_squalane,0.06440294541911891,0.04305921637066153,-3.813859779253468e-13
binary,PR,18,0.045,H2O,0.00781785505657934,0.040890339249440764,4.323610364176389e-08
binary,PR,18,0.045,Heavy_squalane,0.06819135642733745,0.04559211309211259,-5.489939067216552e-13
binary,PR,19,0.0475,H2O,0.008252180003087785,0.04316202301419403,4.322322094685305e-08
binary,PR,19,0.0475,Heavy_squalane,0.07197976771019443,0.04812500999718439,-5.265769029588186e-13
binary,PR,20,0.05,H2O,0.008686504920131878,0.04543370662483759,4.321130830930997e-08
binary,PR,20,0.05,Heavy_squalane,0.0757681792684271,0.05065790708636984,-5.678479429990079e-13
binary,PR,21,0.0525,H2O,0.00912082980784613,0.04770539008207499,4.32104823588908e-08
binary,PR,21,0.0525,Heavy_squalane,0.07955659110299329,0.053190804360309325,-8.067152215049959e-13
binary,PR,22,0.055,H2O,0.009555154666346528,0.04997707338651288,4.321916852179086e-08
binary,PR,22,0.055,Heavy_squalane,0.08334500321504011,0.055723701819769815,-1.268713338789418e-12
binary,PR,23,0.0575,H2O,0.009989479495855344,0.05224875653931383,4.321364915904624e-08
binary,PR,23,0.0575,Heavy_squalane,0.08713341560693617,0.058256599466334935,-1.187507371516095e-12
binary,PR,24,0.06,H2O,0.01042380429621965,0.054520439539677966,4.320655028200449e-08
binary,PR,24,0.06,Heavy_squalane,0.09092182827802588,0.06078949729956635,-1.847398641223439e-12
binary,PR,25,0.0625,H2O,0.0108581290677614,0.05679212238928923,4.320258611967276e-08
binary,PR,25,0.0625,Heavy_squalane,0.09471024123200596,0.06332239532193566,-1.612242787181497e-12
binary,PR,26,0.065,H2O,0.01129245381031068,0.05906380508725892,4.319479174341723e-08
binary,PR,26,0.065,Heavy_squalane,0.09849865446846218,0.06585529353316592,-1.627385398994804e-12
binary,PR,27,0.0675,H2O,0.01172677852393393,0.06133548763393452,4.318953089610389e-08
binary,PR,27,0.0675,Heavy_squalane,0.1022870679891944,0.06838819193446051,-1.553602280649573e-12
binary,PR,28,0.07,H2O,0.01216110320857205,0.06360717002900693,4.318956908777594e-08
binary,PR,28,0.07,Heavy_squalane,0.1060754817950383,0.07092109052637813,-1.714381188432038e-12
binary,PR,29,0.0725,H2O,0.01259542786416272,0.06587885227215018,4.318609292397468e-08
binary,PR,29,0.0725,Heavy_squalane,0.1098638958869129,0.07345398930953324,-2.377686968646304e-12
binary,PR,30,0.075,H2O,0.01302975249088338,0.06815053436429237,4.318636165345779e-08
binary,PR,30,0.075,Heavy_squalane,0.1136523102679256,0.07598688828600343,-2.353191567183601e-12
binary,PR,31,0.0775,H2O,0.01346407708854694,0.07042221630445493,4.318235963252093e-08
binary,PR,31,0.0775,Heavy_squalane,0.1174407249380858,0.07851978745579498,-2.530746113543553e-12
binary,PR,32,0.08,H2O,0.01389840165708654,0.07269389809228816,4.318545926418338e-08
binary,PR,32,0.08,Heavy_squalane,0.1212291398985232,0.08105268681966318,-3.047970226852976e-12
binary,PR,33,0.0825,H2O,0.01433272619667743,0.0749655797287087,4.318506541256539e-08
binary,PR,33,0.0825,Heavy_squalane,0.12501755515254,0.08358558637981588,-2.59859095274631e-12
binary,PR,34,0.085,H2O,0.01476705070701094,0.07723726121210206,4.319610530378881e-08
binary,PR,34,0.085,Heavy_squalane,0.1288059706992696,0.08611848613567365,-2.664060480292078e-12
binary,PR,35,0.0875,H2O,0.01520137518814255,0.07950894254275843,4.320283930603352e-08
binary,PR,35,0.0875,Heavy_squalane,0.1325943865410666,0.08865138608881076,-2.566821159334078e-12
binary,PR,36,0.09,H2O,0.01563569964000784,0.0817806237203409,4.320825564008146e-08
binary,PR,36,0.09,Heavy_squalane,0.1363828026792779,0.09118428624012777,-2.313108182971906e-12
binary,PR,37,0.0925,H2O,0.01607002406242304,0.08405230474388824,4.3215403255914e-08
binary,PR,37,0.0925,Heavy_squalane,0.1401712191142418,0.0937171865898508,-2.575728578047788e-12
binary,PR,38,0.095,H2O,0.01650434845544829,0.08632398561371502,4.32137532424548e-08
binary,PR,38,0.095,Heavy_squalane,0.1439596358484516,0.0962500871396469,-2.59621564108932e-12
binary,PR,39,0.0975,H2O,0.01693867281902494,0.0885956663295145,4.321766539083782e-08
binary,PR,39,0.0975,Heavy_squalane,0.1477480528833875,0.09878298789050571,-2.280447647688304e-12
binary,PR,40,0.1,H2O,0.01737299715297547,0.09086734689035815,4.322790608801697e-08
binary,PR,40,0.1,Heavy_squalane,0.1515364702195122,0.10131588884273657,-2.228042334255977e-12
binary,PR,41,0.1025,H2O,0.01780732145724621,0.09313902729596528,4.322886387742031e-08
binary,PR,41,0.1025,Heavy_squalane,0.1553248878583842,0.1038487899973815,-2.293660318780307e-12
binary,PR,42,0.105,H2O,0.01824164573178604,0.0954107075460685,4.322931362876758e-08
binary,PR,42,0.105,Heavy_squalane,0.1591133058015975,0.10638169135550621,-2.310435957357793e-12
binary,PR,43,0.1075,H2O,0.01867596997642586,0.09768238763978336,4.322455149363691e-08
binary,PR,43,0.1075,Heavy_squalane,0.1629017240497266,0.10891459291749482,-2.796781019126356e-12
binary,PR,44,0.11,H2O,0.01911029419124156,0.0999540675775068,4.322476176987777e-08
binary,PR,44,0.11,Heavy_squalane,0.1666901426054911,0.11144749468516561,-2.828996183474273e-12
binary,PR,45,0.1125,H2O,0.01954461837607016,0.10222574735838635,4.322099134146384e-08
binary,PR,45,0.1125,Heavy_squalane,0.1704785614695328,0.11398039665894773,-2.872197164235766e-12
binary,PR,46,0.115,H2O,0.01997894253087285,0.10449742698221902,4.322122654221161e-08
binary,PR,46,0.115,Heavy_squalane,0.1742669806435802,0.1165132988399968,-2.667474990799e-12
binary,PR,47,0.1175,H2O,0.02041326665549312,0.10676910644818625,4.321487651059996e-08
binary,PR,47,0.1175,Heavy_squalane,0.1780554001283381,0.11904620122878402,-2.633329885729779e-12
binary,PR,48,0.12,H2O,0.02084759074989884,0.10904078575611993,4.321467156342962e-08
binary,PR,48,0.12,Heavy_squalane,0.1818438199255965,0.12157910382650622,-2.461862075490862e-12
binary,PR,49,0.1225,H2O,0.02128191481394033,0.11131246490523722,4.3212103006951e-08
binary,PR,49,0.1225,Heavy_squalane,0.1856322400361198,0.12411200663367444,-2.530152285629305e-12
binary,PR,50,0.125,H2O,0.02171623884759238,0.11358414389540622,4.321550356456427e-08
binary,PR,50,0.125,Heavy_squalane,0.1894206604617569,0.12664490965152486,-2.491405014224667e-12
binary,PR,51,0.1275,H2O,0.02215056285071228,0.11585582272588053,4.321353475056355e-08
binary,PR,51,0.1275,Heavy_squalane,0.1932090812033292,0.12917781288060662,-2.676827780448395e-12
binary,PR,52,0.13,H2O,0.02258488682328198,0.11812750139656575,4.321537788731789e-08
binary,PR,52,0.13,Heavy_squalane,0.1969975022627418,0.1317107163221935,-2.690337365497522e-12
binary,PR,53,0.1325,H2O,0.02301921076516581,0.12039917990675227,4.320513319333585e-08
binary,PR,53,0.1325,Heavy_squalane,0.2007859236408705,0.13424361997687104,-2.831519952109824e-12
binary,PR,54,0.135,H2O,0.023453534676353,0.12267085825638373,4.32128041683022e-08
binary,PR,54,0.135,Heavy_squalane,0.2045743453396749,0.13677652384594938,-2.666881162884753e-12
binary,PR,55,0.1375,H2O,0.02388785855671521,0.1249425364447889,4.321335339563248e-08
binary,PR,55,0.1375,Heavy_squalane,0.2083627673600843,0.13930942793004986,-2.440335813599397e-12
binary,PR,56,0.14,H2O,0.02432218240612791,0.1272142144713164,4.321677754548503e-08
binary,PR,56,0.14,Heavy_squalane,0.212151189703055,0.14184233222981185,-2.396095633987971e-12
binary,PR,57,0.1425,H2O,0.02475650622447003,0.12948589233533303,4.321750246560896e-08
binary,PR,57,0.1425,Heavy_squalane,0.2159396123695676,0.144375236745891,-2.739476625401488e-12
binary,PR,58,0.145,H2O,0.02519083001174546,0.13175757003685912,4.321444108112971e-08
binary,PR,58,0.145,Heavy_squalane,0.2197280353616856,0.1469081414796669,-2.961122894394304e-12
binary,PR,59,0.1475,H2O,0.02562515376784043,0.13402924757529963,4.321249413852257e-08
binary,PR,59,0.1475,Heavy_squalane,0.2235164586804393,0.14944104643182843,-3.235322933798008e-12
binary,PR,60,0.15,H2O,0.02605947749276623,0.13630092495071355,4.321190089084936e-08
binary,PR,60,0.15,Heavy_squalane,0.2273048823279424,0.15197395160378882,-3.01352820782663e-12
binary,PR,61,0.1525,H2O,0.02649380118629543,0.13857260216191142,4.320312413375049e-08
binary,PR,61,0.1525,Heavy_squalane,0.2310933063042192,0.15450685699556424,-3.134817559311648e-12
binary,PR,62,0.155,H2O,0.02692812484832588,0.14084427920835887,4.320074997732348e-08
binary,PR,62,0.155,Heavy_squalane,0.2348817306103779,0.15703976260789565,-3.720480339738075e-12
binary,PR,63,0.1575,H2O,0.02736244847887979,0.14311595609017214,4.320941465740802e-08
binary,PR,63,0.1575,Heavy_squalane,0.2386701552486044,0.15957266844224455,-4.156646942752738e-12
binary,PR,64,0.16,H2O,0.0277967720778624,0.14538763280685554,4.3207788569255e-08
binary,PR,64,0.16,Heavy_squalane,0.2424585802200553,0.1621055744993842,-4.528383217071566e-12
binary,PR,65,0.1625,H2O,0.02823109564518241,0.14765930935793156,4.321000651730245e-08
binary,PR,65,0.1625,Heavy_squalane,0.2462470055259096,0.16463848078010293,-4.892993556419425e-12
binary,PR,66,0.165,H2O,0.02866541918075222,0.14993098574294206,4.319988233802974e-08
binary,PR,66,0.165,Heavy_squalane,0.2500354311673704,0.16717138728520506,-5.291897457815069e-12
binary,PR,67,0.1675,H2O,0.02909974268460914,0.15220266196208215,4.320324753503968e-08
binary,PR,67,0.1675,Heavy_squalane,0.2538238571467215,0.1697042940162175,-5.047982642037979e-12
binary,PR,68,0.17,H2O,0.02953406615655182,0.15447433801429866,4.320968555182603e-08
binary,PR,68,0.17,Heavy_squalane,0.2576122834641568,0.17223720097326994,-4.867013585171105e-12
binary,PR,69,0.1725,H2O,0.02996838959650377,0.15674601389919157,4.321003310714389e-08
binary,PR,69,0.1725,Heavy_squalane,0.2614007101209505,0.17477010815721428,-4.739043669650806e-12
binary,PR,70,0.175,H2O,0.03040271300439233,0.15901768961638083,4.321205487878288e-08
binary,PR,70,0.175,Heavy_squalane,0.2651891371184018,0.17730301556891917,-4.632896929979095e-12
binary,PR,71,0.1775,H2O,0.03083703638002767,0.16128936516487352,4.32084897306062e-08
binary,PR,71,0.1775,Heavy_squalane,0.2689775644567786,0.1798359232085637,-5.201338700892351e-12
binary,PR,72,0.18,H2O,0.03127135972358609,0.1635610405455918,4.321095825599031e-08
binary,PR,72,0.18,Heavy_squalane,0.2727659921395353,0.18236883107845744,-4.97033964225014e-12
binary,PR,73,0.1825,H2O,0.03170568303476413,0.16583271575694844,4.321002139429098e-08
binary,PR,73,0.1825,Heavy_squalane,0.2765544201659313,0.18490173917810526,-5.260127664402836e-12
binary,PR,74,0.185,H2O,0.03214000631362463,0.16810439079927214,4.321905644477653e-08
binary,PR,74,0.185,Heavy_squalane,0.2803428485384138,0.18743464750914335,-5.26205760512414e-12
binary,PR,75,0.1875,H2O,0.03257432955999204,0.17037606567164465,4.321855834321653e-08
binary,PR,75,0.1875,Heavy_squalane,0.2841312772573418,0.1899675560718117,-5.561346873904794e-12
binary,PR,76,0.19,H2O,0.03300865277393623,0.17264774037443148,4.32140957462579e-08
binary,PR,76,0.19,Heavy_squalane,0.2879197063252069,0.1925004648677762,-5.314611375535028e-12
binary,PR,77,0.1925,H2O,0.03344297595528944,0.17491941490675514,4.321115804062359e-08
binary,PR,77,0.1925,Heavy_squalane,0.2917081357424185,0.19503337389731054,-5.064758280615465e-12
binary,PR,78,0.195,H2O,0.03387729910388643,0.1771910892677514,4.320728203000002e-08
binary,PR,78,0.195,Heavy_squalane,0.2954965655094009,0.1975662831606984,-5.345341970097328e-12
binary,PR,79,0.1975,H2O,0.03431162221980785,0.1794627634578421,4.321575430843438e-08
binary,PR,79,0.1975,Heavy_squalane,0.299284995628715,0.20009919265965204,-5.260721492317084e-12
binary,PR,80,0.2,H2O,0.03474594530289622,0.18173443747620346,4.320851360040123e-08
binary,PR,80,0.2,Heavy_squalane,0.3030734261008354,0.20263210239448864,-5.30496167192851e-12
binary,PR,81,0.2025,H2O,0.03518026835311831,0.1840061113226618,4.320545787805941e-08
binary,PR,81,0.2025,Heavy_squalane,0.3068618569273133,0.20516501236624549,-5.24988413288207e-12
binary,PR,82,0.205,H2O,0.03561459137032295,0.1862777849964263,4.319997626289762e-08
binary,PR,82,0.205,Heavy_squalane,0.3106502881086632,0.20769792257526642,-5.55778390641931e-12
binary,PR,83,0.2075,H2O,0.03604891435448365,0.1885494584973586,4.320373725441584e-08
binary,PR,83,0.2075,Heavy_squalane,0.3144387196464795,0.21023083302261755,-5.968861280057023e-12
binary,PR,84,0.21,H2O,0.03648323730557827,0.19082113182534274,4.321331753542879e-08
binary,PR,84,0.21,Heavy_squalane,0.3182271515423849,0.21276374370938375,-6.20119645150629e-12
binary,PR,85,0.2125,H2O,0.03691756022346574,0.19309280497964093,4.321220553604732e-08
binary,PR,85,0.2125,Heavy_squalane,0.3220155837969591,0.2152966546359526,-6.666460622319072e-12
binary,PR,86,0.215,H2O,0.0373518831082511,0.19536447796080256,4.322351998542473e-08
binary,PR,86,0.215,Heavy_squalane,0.3258040164129199,0.2178295658041412,-6.346832747475448e-12
binary,PR,87,0.2175,H2O,0.03778620595967975,0.19763615076749597,4.322850000182399e-08
binary,PR,87,0.2175,Heavy_squalane,0.3295924493898399,0.22036247721366378,-6.320704319248566e-12
binary,PR,88,0.22,H2O,0.03822052877774299,0.1999078233996757,4.322200930495512e-08
binary,PR,88,0.22,Heavy_squalane,0.333380882729428,0.22289538886566296,-6.240686007803738e-12
binary,PR,89,0.2225,H2O,0.03865485156243433,0.20217949585730774,4.323379698689678e-08
binary,PR,89,0.2225,Heavy_squalane,0.337169316433404,0.22542830076128847,-5.747215011064208e-12
binary,PR,90,0.225,H2O,0.03908917431350983,0.2044511681391162,4.324557267842977e-08
binary,PR,90,0.225,Heavy_squalane,0.3409577505014013,0.22796121290029536,-5.874145727734574e-12
binary,PR,91,0.2275,H2O,0.0395234970309728,0.20672284024511844,4.324593427806889e-08
binary,PR,91,0.2275,Heavy_squalane,0.3447461849351826,0.230494125283862,-6.226434137861802e-12
binary,PR,92,0.23,H2O,0.03995781971483235,0.2089945121753621,4.323780811166245e-08
binary,PR,92,0.23,Heavy_squalane,0.3485346197365011,0.23302703791316062,-6.407403194728675e-12
binary,PR,93,0.2325,H2O,0.04039214236498918,0.21126618392932775,4.32419900997516e-08
binary,PR,93,0.2325,Heavy_squalane,0.3523230549060054,0.23555995078862493,-6.752565669884935e-12
binary,PR,94,0.235,H2O,0.04082646498149561,0.2135378555072891,4.324030333791029e-08
binary,PR,94,0.235,Heavy_squalane,0.3561114904452335,0.23809286391128312,-6.958475499150196e-12
binary,PR,95,0.2375,H2O,0.04126078756448254,0.2158095269099308,4.324280655776391e-08
binary,PR,95,0.2375,Heavy_squalane,0.3598999263552092,0.24062577728181975,-6.976141879599054e-12
binary,PR,96,0.24,H2O,0.04169511011441238,0.21808119813967142,4.323801627847956e-08
binary,PR,96,0.24,Heavy_squalane,0.3636883626365097,0.24315869090062076,-6.800665730938968e-12
binary,PR,97,0.2425,H2O,0.0421294326326995,0.2203528692039086,4.323962587982066e-08
binary,PR,97,0.2425,Heavy_squalane,0.3674767992886849,0.2456916047673851,-6.391963668958245e-12
binary,PR,98,0.245,H2O,0.04256375512336295,0.22262454012366353,4.323042790410625e-08
binary,PR,98,0.245,Heavy_squalane,0.3712652363079486,0.24822451887958152,-5.946444276294187e-12
binary,PR,99,0.2475,H2O,0.04299807759764559,0.22489621095774068,4.323171454156949e-08
binary,PR,99,0.2475,Heavy_squalane,0.375053673680785,0.25075743322817334,-6.596092014480764e-12
binary,PR,100,0.25,H2O,0.04343240008786075,0.2271678818751509,4.322806967937964e-08
binary,PR,100,0.25,Heavy_squalane,0.3788421113745168,0.2532903477913129,-6.73757151505019e-12
binary,PR,101,0.2525,H2O,0.0438667226834521,0.22943955334371846,4.3231052182513e-08
binary,PR,101,0.2525,Heavy_squalane,0.3826305492888555,0.25582326250194815,-6.643449790641988e-12
binary,PR,102,0.255,H2O,0.04430104563392406,0.2317112266684459,4.32272742045825e-08
binary,PR,102,0.255,Heavy_squalane,0.3864189871426589,0.2583561771721101,-6.749893444270822e-12
binary,PR,103,0.2575,H2O,0.04473536963461222,0.2339829054862013,4.323846303222467e-08
binary,PR,103,0.2575,Heavy_squalane,0.3902074241521249,0.26088909127775584,-7.336001595632935e-12
binary,PR,104,0.26,H2O,0.04516969662214695,0.23625459992629408,4.323640467873702e-08
binary,PR,104,0.26,Heavy_squalane,0.3939958581354606,0.26342200336015875,-7.321304354755313e-12
binary,PR,105,0.2625,H2O,0.04560403198379614,0.23852633816617322,4.322705260406678e-08
binary,PR,105,0.2625,Heavy_squalane,0.3977842830155827,0.26595490935623683,-7.251084203895567e-12
binary,PR,106,0.265,H2O,0.04603839069611453,0.24079819853888532,4.321911550864144e-08
binary,PR,106,0.265,Heavy_squalane,0.4015726818989902,0.26848779797115085,-7.15651710855168e-12
binary,PR,107,0.2675,H2O,0.04647281433989876,0.24307039852772572,4.321960700437444e-08
binary,PR,107,0.2675,Heavy_squalane,0.4053610078813469,0.27102063784509345,-7.304677173156388e-12
binary,PR,108,0.27,H2O,0.04690741769503826,0.24534353847493456,4.323399072081457e-08
binary,PR,108,0.27,Heavy_squalane,0.4091491314939296,0.2735533424164684,-7.796960514067424e-12
binary,PR,109,0.2725,H2O,0.04734251263306378,0.2476192495865911,4.333120295907378e-08
binary,PR,109,0.2725,Heavy_squalane,0.4129367010000373,0.27608567651735555,-1.653795895480954e-11
binary,PR,110,0.275,H2O,0.04777891160347335,0.24990178128089982,4.402083941812407e-08
binary,PR,110,0.275,Heavy_squalane,0.4167228004120971,0.27861702772689695,-7.378786896854455e-11
binary,PR,111,0.2775,H2O,0.04821854651171172,0.25220123815412937,4.692852184629004e-08
binary,PR,111,0.2775,Heavy_squalane,0.4205052521227584,0.28114594011686656,-2.829080803952054e-10
binary,PR,112,0.28,H2O,0.0486653388791345,0.25453813124638525,5.207929054673599e-08
binary,PR,112,0.28,Heavy_squalane,0.4242796327053559,0.28366945622492085,-4.831906478880803e-10
binary,PR,113,0.2825,H2O,0.04912581087596993,0.25694657397513887,5.489464260932664e-08
binary,PR,113,0.2825,Heavy_squalane,0.4280385802196008,0.28618265392556175,-2.567605012180884e-10
binary,PR,114,0.285,H2O,0.04960896966338837,0.25947367720050013,5.517527523757337e-08
binary,PR,114,0.285,Heavy_squalane,0.4317719332999278,0.2886787394233246,3.688116718411596e-11
binary,PR,115,0.2875,H2O,0.05012564774234159,0.26217609900011724,5.517935119936368e-08
binary,PR,115,0.2875,Heavy_squalane,0.4354674742772837,0.29114954409716454,3.801730844104966e-11
binary,PR,116,0.29,H2O,0.05068737362615942,0.26511413785966,5.55814601010951e-08
binary,PR,116,0.29,Heavy_squalane,0.4391121991033308,0.2935863735600868,-2.463613867837892e-10
binary,PR,117,0.2925,H2O,0.05130472560785568,0.2683431222531005,5.628747856700755e-08
binary,PR,117,0.2925,Heavy_squalane,0.442694174997394,0.2959812496647932,-6.579533123091977e-10
binary,PR,118,0.295,H2O,0.05198596091109735,0.271906240583723,5.69505893555089e-08
binary,PR,118,0.295,Heavy_squalane,0.4462040872213997,0.29832794466316553,-1.005095906645515e-09
binary,PR,119,0.2975,H2O,0.05273653285373221,0.2758320157667282,5.736759789432e-08
binary,PR,119,0.2975,Heavy_squalane,0.4496357840236351,0.30062234555064565,-1.213483037512038e-09
binary,PR,120,0.3,H2O,0.05355929094379332,0.28013535180702837,5.755371534910125e-08
binary,PR,120,0.3,Heavy_squalane,0.4529860509820305,0.30286230319423196,-1.301469480367214e-09
binary,PR,121,0.3025,H2O,0.05445498086001609,0.2848201488864817,5.758342769279778e-08
binary,PR,121,0.3025,Heavy_squalane,0.4562540469576006,0.3050472552161429,-1.313932146803523e-09
binary,PR,122,0.305,H2O,0.05542279404924536,0.2898821779662308,5.753187992674214e-08
binary,PR,122,0.305,Heavy_squalane,0.4594406840758412,0.3071778114550874,-1.290042449813353e-09
binary,PR,123,0.3075,H2O,0.05646085388626892,0.2953116235865343,5.744082542946671e-08
binary,PR,123,0.3075,Heavy_squalane,0.4625480792995684,0.309255387292914,-1.251956108877272e-09
binary,PR,124,0.31,H2O,0.05756660003984018,0.3010950942464619,5.733859254064555e-08
binary,PR,124,0.31,Heavy_squalane,0.4655791208462465,0.31128191376522857,-1.213775349302826e-09
binary,PR,125,0.3125,H2O,0.05873707603524462,0.3072171264648944,5.725227780750686e-08
binary,PR,125,0.3125,Heavy_squalane,0.46853714379805,0.31325962067726804,-1.179145086827664e-09
binary,PR,126,0.315,H2O,0.05996914335585216,0.3136613046126325,5.718023776690728e-08
binary,PR,126,0.315,Heavy_squalane,0.471425688582781,0.31519087512646526,-1.151349338274554e-09
binary,PR,127,0.3175,H2O,0.06125963919136478,0.32041108599540347,5.711236805705511e-08
binary,PR,127,0.3175,Heavy_squalane,0.4742483230356285,0.3170780625345797,-1.128858848307329e-09
binary,PR,128,0.32,H2O,0.0626054761401823,0.32745032233495,5.706154826423671e-08
binary,PR,128,0.32,Heavy_squalane,0.4770085299212607,0.31892351144600395,-1.111378187538652e-09
binary,PR,129,0.3225,H2O,0.06400368498198251,0.3347634834858033,5.702274852303901e-08
binary,PR,129,0.3225,Heavy_squalane,0.4797096586881943,0.32072946127117896,-1.098285915056263e-09
binary,PR,130,0.325,H2O,0.0654514208718467,0.3423356898329033,5.700370531158683e-08
binary,PR,130,0.325,Heavy_squalane,0.4823549184835542,0.3224980576163268,-1.088268483513846e-09
binary,PR,131,0.3275,H2O,0.06694596172797036,0.3501527038587153,5.697937899284966e-08
binary,PR,131,0.3275,Heavy_squalane,0.4849473799668335,0.3242313534961142,-1.081329010507952e-09
binary,PR,132,0.33,H2O,0.0684847179019712,0.35820098072259926,5.696659588494413e-08
binary,PR,132,0.33,Heavy_squalane,0.4874899644081696,0.3259313020448597,-1.076219121305853e-09
binary,PR,133,0.3325,H2O,0.07006525537468385,0.36646778958359033,5.696305527269629e-08
binary,PR,133,0.3325,Heavy_squalane,0.4899854175170397,0.32759973901864103,-1.072594098803331e-09
binary,PR,134,0.335,H2O,0.07168532305889261,0.3749413564040191,5.696154004031229e-08
binary,PR,134,0.335,Heavy_squalane,0.4924362786467065,0.3292383622056706,-1.069702156860946e-09
binary,PR,135,0.3375,H2O,0.07334287202025971,0.3836109644822373,5.696112215236582e-08
binary,PR,135,0.3375,Heavy_squalane,0.4948448591089336,0.33084871692771406,-1.067477974408133e-09
binary,PR,136,0.34,H2O,0.07503605921646252,0.3924669740097195,5.695081151113612e-08
binary,PR,136,0.34,Heavy_squalane,0.497213237958005,0.3324321932213245,-1.065788237078142e-09
binary,PR,137,0.3425,H2O,0.07676323440475144,0.4015007535926391,5.693557558750229e-08
binary,PR,137,0.3425,Heavy_squalane,0.4995432767596303,0.3339900357121966,-1.064444330279711e-09
binary,PR,138,0.345,H2O,0.07852291360949133,0.41070454147707236,5.693273896767437e-08
binary,PR,138,0.345,Heavy_squalane,0.5018366495204822,0.3355233636257797,-1.063396966295957e-09
binary,PR,139,0.3475,H2O,0.08031374549282418,0.4200712696548438,5.692453919348139e-08
binary,PR,139,0.3475,Heavy_squalane,0.5040948806241379,0.337033196150899,-1.062642953301842e-09
binary,PR,140,0.35,H2O,0.08213447665277797,0.4295943823595086,5.692700166815001e-08
binary,PR,140,0.35,Heavy_squalane,0.5063193839771393,0.33852047861245105,-1.062124021933279e-09
binary,PR,141,0.3525,H2O,0.08398392004923858,0.43926767092224145,5.692708049398476e-08
binary,PR,141,0.3525,Heavy_squalane,0.5085114986261954,0.3399861062847373,-1.061718437467848e-09
binary,PR,142,0.355,H2O,0.08586092930903019,0.449085139377688,5.692146820557298e-08
binary,PR,142,0.355,Heavy_squalane,0.5106725177432618,0.34143094377062155,-1.061351377588354e-09
binary,PR,143,0.3575,H2O,0.0877643805485906,0.4590409093896802,5.691140092523028e-08
binary,PR,143,0.3575,Heavy_squalane,0.5128037091304213,0.342855838710904,-1.06104414587122e-09
binary,PR,144,0.36,H2O,0.08969316248452147,0.4691291685256732,5.691239257643588e-08
binary,PR,144,0.36,Heavy_squalane,0.5149063263771122,0.3442616292439418,-1.06047125039095e-09
binary,PR,145,0.3625,H2O,0.09164617548514777,0.47934416529604307,5.691715287969856e-08
binary,PR,145,0.3625,Heavy_squalane,0.5169816099253595,0.3456491447178525,-1.060478079411964e-09
binary,PR,146,0.365,H2O,0.09362233947975607,0.4896802505223941,5.69228939539812e-08
binary,PR,146,0.365,Heavy_squalane,0.5190307781568898,0.34701919973144135,-1.060095876920656e-09
binary,PR,147,0.3675,H2O,0.09562061002855425,0.5001319613895275,5.691968596455155e-08
binary,PR,147,0.3675,Heavy_squalane,0.5210550092536955,0.3483725820063412,-1.060298966067329e-09
binary,PR,148,0.37,H2O,0.09763999912386195,0.5106941302435357,5.691854110256855e-08
binary,PR,148,0.37,Heavy_squalane,0.5230554177450084,0.3497100367065354,-1.060214048675591e-09
binary,PR,149,0.3725,H2O,0.0996795965672487,0.5213619964023216,5.692553683989132e-08
binary,PR,149,0.3725,Heavy_squalane,0.5250330303831722,0.35103225030918794,-1.060136257218825e-09
binary,PR,150,0.375,H2O,0.1017385879577892,0.532131300240978,5.693679971940924e-08
binary,PR,150,0.375,Heavy_squalane,0.5269887658564373,0.352339837040805,-1.060101072914906e-09
binary,PR,151,0.3775,H2O,0.103816266145934,0.5429983430998637,5.693050109112363e-08
binary,PR,151,0.3775,Heavy_squalane,0.5289234218669874,0.3536333302377225,-1.060296961898118e-09
binary,PR,152,0.38,H2O,0.1059120345919514,0.5539600048505258,5.691886606484786e-08
binary,PR,152,0.38,Heavy_squalane,0.5308376713447197,0.3549131798146742,-1.060380840091006e-09
binary,PR,153,0.3825,H2O,0.1080254027491321,0.5650137197481123,5.691032600729784e-08
binary,PR,153,0.3825,Heavy_squalane,0.532732067653587,0.35617975574570426,-1.059997078801423e-09
binary,PR,154,0.385,H2O,0.1101559749187921,0.5761574181388233,5.691403781593607e-08
binary,PR,154,0.385,Heavy_squalane,0.5346070571595567,0.357433356466989,-1.060012072956258e-09
binary,PR,155,0.3875,H2O,0.1123034347303038,0.5873894452846008,5.692135696122591e-08
binary,PR,155,0.3875,Heavy_squalane,0.5364629967467957,0.35867422058799664,-1.059910008783497e-09
binary,PR,156,0.39,H2O,0.1144675272948263,0.5987084680203889,5.692291304981723e-08
binary,PR,156,0.39,Heavy_squalane,0.5383001739416994,0.3599025403462281,-1.060028700137857e-09
binary,PR,157,0.3925,H2O,0.1166480412637485,0.6101133809130034,5.691679560992924e-08
binary,PR,157,0.3925,Heavy_squalane,0.5401188271562822,0.3611184751417611,-1.060289910191637e-09
binary,PR,158,0.395,H2O,0.1188447917836965,0.6216032171093734,5.691403337504397e-08
binary,PR,158,0.395,Heavy_squalane,0.5419191649150884,0.36232216439218623,-1.060444305449341e-09
binary,PR,159,0.3975,H2O,0.1210576048492804,0.6331770664954876,5.691375426497558e-08
binary,PR,159,0.3975,Heavy_squalane,0.5437013835038237,0.36351373933231906,-1.060718060117809e-09
binary,PR,160,0.4,H2O,0.1232863034532122,0.6448340032562723,5.691066906621245e-08
binary,PR,160,0.4,Heavy_squalane,0.5454656825966787,0.3646933334624853,-1.060732460444729e-09
binary,PR,161,0.4025,H2O,0.1255306957660808,0.6565730240513431,5.691260074325299e-08
binary,PR,161,0.4025,Heavy_squalane,0.547212278585415,0.3658610914602243,-1.060834227703534e-09
binary,PR,162,0.405,H2O,0.127790565577982,0.668392998021114,5.690422621995594e-08
binary,PR,162,0.405,Heavy_squalane,0.5489414153666405,0.36701717639256276,-1.06073030781854e-09
binary,PR,163,0.4075,H2O,0.1300656652738629,0.6802926300451917,5.690863880136732e-08
binary,PR,163,0.4075,Heavy_squalane,0.5506533722619127,0.3681617750113223,-1.060613843318859e-09
binary,PR,164,0.41,H2O,0.1323557116256412,0.6922704387335675,5.690494819798886e-08
binary,PR,164,0.41,Heavy_squalane,0.552348468765922,0.36929510092771156,-1.060758291958999e-09
binary,PR,165,0.4125,H2O,0.1346603845409343,0.7043247498819972,5.689368576256015e-08
binary,PR,165,0.4125,Heavy_squalane,0.5540270659616492,0.370417395558487,-1.060554757441391e-09
binary,PR,166,0.415,H2O,0.1369793287003808,0.7164537050358123,5.689764026595157e-08
binary,PR,166,0.415,Heavy_squalane,0.5556895646662803,0.3715289268863291,-1.060383438088131e-09
binary,PR,167,0.4175,H2O,0.1393121370289377,0.728655175038551,-2.948663202495538e-09
binary,PR,167,0.4175,Heavy_squalane,0.5573363984655264,0.37262998480265236,2.711289826321148e-08
binary,PR,168,0.42,H2O,0.1416584348182738,0.7409272000238986,-2.958699285571242e-09
binary,PR,168,0.42,Heavy_squalane,0.5589680412822698,0.3737208861679327,2.711302103713276e-08
binary,PR,169,0.4225,H2O,0.1440177782177659,0.7532674584851973,-2.957498801414715e-09
binary,PR,169,0.4225,Heavy_squalane,0.5605849681874716,0.3748019486102408,2.711324958665125e-08
binary,PR,170,0.425,H2O,0.1463897268420409,0.7656736470403592,-2.95804725158888e-09
binary,PR,170,0.425,Heavy_squalane,0.5621876759572851,0.37587350426953914,2.711319050077378e-08
binary,PR,171,0.4275,H2O,0.1487738189374712,0.7781433505432416,-5.479678732989157e-08
binary,PR,171,0.4275,Heavy_squalane,0.563776660255286,0.37693588454193105,4.948992478857612e-08
binary,PR,172,0.43,H2O,0.1511696458613694,0.7906744316380102,-5.479956932674668e-08
binary,PR,172,0.43,Heavy_squalane,0.5653524324909929,0.37798943135111224,4.948974359683378e-08
binary,PR,173,0.4325,H2O,0.1535767585654598,0.8032645416323186,-5.480163134397031e-08
binary,PR,173,0.4325,Heavy_squalane,0.5669154739954904,0.37903446651061445,4.948969067192092e-08
binary,PR,174,0.435,H2O,0.1559947344993834,0.8159114704279492,-5.480087150733226e-08
binary,PR,174,0.435,Heavy_squalane,0.5684662614288313,0.38007130871096056,4.949004763672588e-08
binary,PR,175,0.4375,H2O,0.1584231538490101,0.828613022238196,-9.721165739051685e-08
binary,PR,175,0.4375,Heavy_squalane,0.5700052458431314,0.38110025952144244,6.656260173013485e-08
binary,PR,176,0.44,H2O,0.1608616559576021,0.8413673106918926,-9.721368920967421e-08
binary,PR,176,0.44,Heavy_squalane,0.5715328791123505,0.3821216210608294,6.656232463518436e-08
binary,PR,177,0.4425,H2O,0.1633098620617995,0.8541723547133899,-9.721553029251595e-08
binary,PR,177,0.4425,Heavy_squalane,0.5730495659864165,0.3831356639411969,6.6562299397498e-08
binary,PR,178,0.445,H2O,0.1657674317041174,0.867026373581255,-9.721891536251803e-08
binary,PR,178,0.445,Heavy_squalane,0.5745556905182897,0.38414264493681816,6.656234757178755e-08
binary,PR,179,0.4475,H2O,0.1682340524437757,0.8799277331120194,-9.722493432562374e-08
binary,PR,179,0.4475,Heavy_squalane,0.5760516051573807,0.38514279969212445,6.656248563677761e-08
binary,PR,180,0.45,H2O,0.1707094422570375,0.8928749582148563,-9.721643468019181e-08
binary,PR,180,0.45,Heavy_squalane,0.5775376280413884,0.3861363409110521,6.656281224213045e-08
binary,PR,181,0.4525,H2O,0.1731933516633777,0.9058667440122472,-9.721557159281247e-08
binary,PR,181,0.4525,Heavy_squalane,0.5790140405950144,0.3871234567515656,6.656284980174602e-08
binary,PR,182,0.455,H2O,0.1756855654215607,0.9189019647111092,-9.721884142166459e-08
binary,PR,182,0.455,Heavy_squalane,0.5804810856219826,0.3881043095499995,6.656277149068983e-08
binary,PR,183,0.4575,H2O,0.1781859036188098,0.9319796792995638,-9.722519711541366e-08
binary,PR,183,0.4575,Heavy_squalane,0.5819389660737737,0.3890790349978452,6.656278811787143e-08
binary,PR,184,0.46,H2O,0.1806942220170534,0.9450991333579347,-9.721953386776505e-08
binary,PR,184,0.46,Heavy_squalane,0.5833878446572405,0.3900477418794064,6.656273400530274e-08
binary,PR,185,0.4625,H2O,0.1832104115734201,0.9582597565507561,-9.721325866518526e-08
binary,PR,185,0.4625,Heavy_squalane,0.5848278443771562,0.39101051243454216,6.656245557423946e-08
binary,PR,186,0.465,H2O,0.1857343971221311,0.9714611557325716,-9.720953764169593e-08
binary,PR,186,0.465,Heavy_squalane,0.5862590500274955,0.39196740335572317,6.656278240227776e-08
binary,PR,187,0.4675,H2O,0.1882661352601753,0.9847031038892148,-9.720722182748887e-08
binary,PR,187,0.4675,Heavy_squalane,0.587681510565438,0.39291844737526915,6.656304413193097e-08
binary,PR,188,0.47,H2O,0.1908056115559063,0.997985525537716,-9.720729288176244e-08
binary,PR,188,0.47,Heavy_squalane,0.5890952422700384,0.39386365537720597,6.656327758052975e-08
binary,PR,189,0.4725,H2O,0.1933528371961021,1.0113084791891558,-9.719759608284306e-08
binary,PR,189,0.4725,Heavy_squalane,0.590500232521173,0.39480301892383524,6.656347569636764e-08
binary,PR,190,0.475,H2O,0.1959078452189452,1.024672137645726,-9.719474447500431e-08
binary,PR,190,0.475,Heavy_squalane,0.5918964440489431,0.3957365130968458,6.656358095236544e-08
binary,PR,191,0.4775,H2O,0.1984706864590319,1.0380767667915949,-9.719706894895097e-08
binary,PR,191,0.4775,Heavy_squalane,0.593283819508597,0.3966640995560646,6.656363929595801e-08
binary,PR,192,0.48,H2O,0.2010414253125219,1.0515227034430374,-9.719727567247816e-08
binary,PR,192,0.48,Heavy_squalane,0.5946622862573773,0.3975857297332128,6.656373193311263e-08
binary,PR,193,0.4825,H2O,0.2036201220538715,1.06501026285826,-1.314500234217419e-07
binary,PR,193,0.4825,Heavy_squalane,0.5960317541788998,0.39850134337730575,7.770301381833579e-08
binary,PR,194,0.485,H2O,0.2062068808695554,1.0785399899719368,-1.31449011453455e-07
binary,PR,194,0.485,Heavy_squalane,0.5973921499883458,0.3994108914907883,7.770282008197876e-08
binary,PR,195,0.4875,H2O,0.2088017524292458,1.0921121498056203,-1.683132688778954e-07
binary,PR,195,0.4875,Heavy_squalane,0.5987433702329108,0.40031430490606773,8.944273448129012e-08
binary,PR,196,0.49,H2O,0.2114048414768962,1.1057272902098094,-1.683245094419306e-07
binary,PR,196,0.49,Heavy_squalane,0.6000853451000102,0.40121153694709283,8.944250140383378e-08
binary,PR,197,0.4925,H2O,0.2140161850086463,1.11938560468831,-2.07886813208269e-07
binary,PR,197,0.4925,Heavy_squalane,0.6014179823651056,0.40210252595338625,1.017728299491704e-07
binary,PR,198,0.495,H2O,0.2166358730002556,1.133087563848379,-2.078907325175905e-07
binary,PR,198,0.495,Heavy_squalane,0.6027412331672655,0.402987239256979,1.017729959240724e-07
binary,PR,199,0.4975,H2O,0.2192639144831298,1.1468332149276852,-2.499083642248934e-07
binary,PR,199,0.4975,Heavy_squalane,0.6040550326490784,0.40386563349480303,1.145896833376767e-07
binary,PR,200,0.5,H2O,0.2219003722537024,1.16062288637533,-2.499128390898164e-07
binary,PR,200,0.5,Heavy_squalane,0.6053593666698204,0.4047376992125003,1.145897704819231e-07
binary,PR,201,0.5025,H2O,0.2245452174653605,1.174456427312616,-2.938420814446729e-07
binary,PR,201,0.5025,Heavy_squalane,0.6066542093715327,0.40560341912167774,1.277083470913735e-07
binary,PR,202,0.505,H2O,0.2271984775398238,1.1883339811655103,-2.938478217417995e-07
binary,PR,202,0.505,Heavy_squalane,0.6079395899186087,0.40646281272138035,1.277084979236637e-07
binary,PR,203,0.5075,H2O,0.2298600816013689,1.2022551772271686,-3.389192557712306e-07
binary,PR,203,0.5075,Heavy_squalane,0.6092155269620851,0.40731589248151945,1.408917124788945e-07
binary,PR,204,0.51,H2O,0.2325300193889311,1.2162199618283414,-3.368020212249047e-07
binary,PR,204,0.51,Heavy_squalane,0.6104820945770926,0.40816270792804543,1.4089184438292e-07
binary,PR,205,0.5125,H2O,0.235208180168624,1.2302277557889145,-3.79441343904533e-07
binary,PR,205,0.5125,Heavy_squalane,0.6117393545666735,0.4090033003819034,1.538934262043612e-07
binary,PR,206,0.515,H2O,0.2378945191901715,1.2442783250480165,-3.770266612642637e-07
binary,PR,206,0.515,Heavy_squalane,0.612987421129145,0.4098377461950369,1.538934098740936e-07
binary,PR,207,0.5175,H2O,0.2405888929393529,1.258370918971985,-4.183932339906969e-07
binary,PR,207,0.5175,Heavy_squalane,0.6142263924122773,0.41066611098814143,1.664969869238298e-07
binary,PR,208,0.52,H2O,0.2432912291525937,1.2725051595949894,-4.157619313024408e-07
binary,PR,208,0.52,Heavy_squalane,0.6154564137007217,0.4114884918971972,1.664968701624162e-07
binary,PR,209,0.5225,H2O,0.2460013611648805,1.286680175195965,-4.552526122625977e-07
binary,PR,209,0.5225,Heavy_squalane,0.6166776097045478,0.4123049723022087,1.785413880707413e-07
binary,PR,210,0.525,H2O,0.2487191977348293,1.3008954885479584,-4.524233923453695e-07
binary,PR,210,0.525,Heavy_squalane,0.6178901461740066,0.4131156630222677,1.785414791490976e-07
binary,PR,211,0.5275,H2O,0.2514445799660903,1.3151502685629544,-4.49614775866071e-07
binary,PR,211,0.5275,Heavy_squalane,0.619094170939495,0.4139206628954165,1.785417700505471e-07
binary,PR,212,0.53,H2O,0.2541773649831782,1.3294437679481177,-4.46852325715614e-07
binary,PR,212,0.53,Heavy_squalane,0.6202898451683615,0.4147200796766605,1.785416799371611e-07
binary,PR,213,0.5325,H2O,0.2569173874504423,1.3437751219354528,-4.818962114675084e-07
binary,PR,213,0.5325,Heavy_squalane,0.6214773258782824,0.41551401834657253,1.892284654713272e-07
binary,PR,214,0.535,H2O,0.2596645412295257,1.3581437753812042,-4.789446122076107e-07
binary,PR,214,0.535,Heavy_squalane,0.6226567917811157,0.4163025983902554,1.892285045897411e-07
binary,PR,215,0.5375,H2O,0.262418662356958,1.372548870694398,-4.760310934090204e-07
binary,PR,215,0.5375,Heavy_squalane,0.6238283983444569,0.4170859237519123,1.892286491868382e-07
binary,PR,216,0.54,H2O,0.2651796074235023,1.3869896577904768,-4.731516918530338e-07
binary,PR,216,0.54,Heavy_squalane,0.6249923073378391,0.41786410258916346,1.892283505656258e-07
binary,PR,217,0.5425,H2O,0.2679472354245451,1.4014653991619739,-4.703080601222616e-07
binary,PR,217,0.5425,Heavy_squalane,0.626148677826402,0.41863724125149704,1.892285408132439e-07
binary,PR,218,0.545,H2O,0.2707214083028234,1.4159753727171793,-4.675022066376083e-07
binary,PR,218,0.545,Heavy_squalane,0.627297665542374,0.419405443860047,1.892286759833228e-07
binary,PR,219,0.5475,H2O,0.2735019913377931,1.430518873816687,-4.647291732801511e-07
binary,PR,219,0.5475,Heavy_squalane,0.6284394224564955,0.4201688120210514,1.892286616572244e-07
binary,PR,220,0.55,H2O,0.2762888533811991,1.4450952165055113,-4.619766340698491e-07
binary,PR,220,0.55,Heavy_squalane,0.6295740965114467,0.420927444647624,1.892287082727157e-07
binary,PR,221,0.5525,H2O,0.2790818669752897,1.4597037341313979,-4.592526550641092e-07
binary,PR,221,0.5525,Heavy_squalane,0.6307018314850723,0.42168143786830814,1.892287099057425e-07
binary,PR,222,0.555,H2O,0.281880891915039,1.4743436933690246,-4.846737471986676e-07
binary,PR,222,0.555,Heavy_squalane,0.6318227614992912,0.42243088135578394,1.97055211131689e-07
binary,PR,223,0.5575,H2O,0.2846858405238691,1.4890146356367229,-4.818466434672658e-07
binary,PR,223,0.5575,Heavy_squalane,0.6329370335315304,0.42317587337780604,1.970554633600956e-07
binary,PR,224,0.56,H2O,0.287496580505007,1.5037158689723256,-4.790577955862934e-07
binary,PR,224,0.56,Heavy_squalane,0.6340447727799385,0.42391649764070377,1.970555228171155e-07
binary,PR,225,0.5625,H2O,0.2903129987570062,1.5184468018124844,-4.762887076751827e-07
binary,PR,225,0.5625,Heavy_squalane,0.6351461068277292,0.42465283944543925,1.970552928572557e-07
binary,PR,226,0.565,H2O,0.2931349705067025,1.5332067815463513,-4.982219582750802e-07
binary,PR,226,0.565,Heavy_squalane,0.6362411545506202,0.42538497827122296,2.038989618984892e-07
binary,PR,227,0.5675,H2O,0.2959624186010384,1.5479954046342503,-4.953777441942669e-07
binary,PR,227,0.5675,Heavy_squalane,0.6373300467344165,0.4261130015602399,2.038989967858792e-07
binary,PR,228,0.57,H2O,0.2987952247655823,1.5628120524561646,-4.925641821593973e-07
binary,PR,228,0.57,Heavy_squalane,0.6384128949215585,0.42683698388873886,2.03899181243675e-07
binary,PR,229,0.5725,H2O,0.3016332739680258,1.577656123349607,-5.122030661998693e-07
binary,PR,229,0.5725,Heavy_squalane,0.6394898084733359,0.4275569983746713,2.101055792565677e-07
binary,PR,230,0.575,H2O,0.3044764816249994,1.5925271749115588,-5.309870274694191e-07
binary,PR,230,0.575,Heavy_squalane,0.6405609037398016,0.4282731228086113,2.1610782376048e-07
binary,PR,231,0.5775,H2O,0.3073247645911186,1.607424772260208,-5.280022333098194e-07
binary,PR,231,0.5775,Heavy_squalane,0.6416262938387182,0.42898543282005364,2.161078358597237e-07
binary,PR,232,0.58,H2O,0.3101780019928515,1.6223482831812581,-5.454331758180952e-07
binary,PR,232,0.58,Heavy_squalane,0.6426860762546008,0.4296939935862475,2.217430630912947e-07
binary,PR,233,0.5825,H2O,0.3130361263363464,1.6372973546563345,-5.424064607380557e-07
binary,PR,233,0.5825,Heavy_squalane,0.6437403651320299,0.43039888142320853,2.217430757843663e-07
binary,PR,234,0.585,H2O,0.3158990325837997,1.6522714372979908,-5.394082728356402e-07
binary,PR,234,0.585,Heavy_squalane,0.6447892599526601,0.4311001628434551,2.217428127186003e-07
binary,PR,235,0.5875,H2O,0.3187666167985016,1.6672699874779178,-5.549001415650401e-07
binary,PR,235,0.5875,Heavy_squalane,0.6458328603284152,0.4317979044466024,2.268474011900505e-07
binary,PR,236,0.59,H2O,0.3216387991668281,1.6822925877406705,-5.696529149012863e-07
binary,PR,236,0.59,Heavy_squalane,0.6468712744451596,0.4324921785647232,2.31773398959659e-07
binary,PR,237,0.5925,H2O,0.324515486817968,1.697338752336776,-5.837072084779844e-07
binary,PR,237,0.5925,Heavy_squalane,0.6479046070211016,0.43318305521144773,2.365264251982926e-07
binary,PR,238,0.595,H2O,0.3273965853902988,1.7124079877192535,-5.970659665631485e-07
binary,PR,238,0.595,Heavy_squalane,0.6489329645198039,0.4338706055673336,2.411055205027275e-07
binary,PR,239,0.5975,H2O,0.3302820089165353,1.7274998442466822,-5.938524014490627e-07
binary,PR,239,0.5975,Heavy_squalane,0.6499564595808639,0.4345549049421787,2.411056965727041e-07
binary,PR,240,0.6,H2O,0.3331716366320982,1.74261369027463,-6.059224982626416e-07
binary,PR,240,0.6,Heavy_squalane,0.650975197123042,0.4352360234837002,2.453322786289177e-07
binary,PR,241,0.6025,H2O,0.3360653762552669,1.7577490431347902,-6.172350846151574e-07
binary,PR,241,0.6025,Heavy_squalane,0.6519892970001877,0.4359140413250786,2.493691305139031e-07
binary,PR,242,0.605,H2O,0.3389631208657443,1.772905343593564,-6.278172174846242e-07
binary,PR,242,0.605,Heavy_squalane,0.6529988798076869,0.4365890390952784,2.532159518991927e-07
binary,PR,243,0.6075,H2O,0.3418647592774381,1.7880820101056292,-6.376347916566386e-07
binary,PR,243,0.6075,Heavy_squalane,0.6540040710009398,0.43726110067262536,2.56868373621679e-07
binary,PR,244,0.61,H2O,0.3447701758984934,1.8032784380818596,-6.466935166946361e-07
binary,PR,244,0.61,Heavy_squalane,0.6550050010001556,0.4379303132548704,2.603220116725563e-07
binary,PR,245,0.6125,H2O,0.3476792508740688,1.8184940006360961,-6.549800432038279e-07
binary,PR,245,0.6125,Heavy_squalane,0.6560018050288251,0.43859676725119473,2.635731761536227e-07
binary,PR,246,0.615,H2O,0.3505918605054455,1.833728050777247,-6.624961555142437e-07
binary,PR,246,0.615,Heavy_squalane,0.6569946226436493,0.4392605559679236,2.666201055485989e-07
binary,PR,247,0.6175,H2O,0.3535078779584517,1.8489799251146162,-6.692491798017682e-07
binary,PR,247,0.6175,Heavy_squalane,0.6579835969313408,0.43992177507151586,2.69463060176797e-07
binary,PR,248,0.62,H2O,0.3564271742673605,1.864248949108667,-6.752431837208745e-07
binary,PR,248,0.62,Heavy_squalane,0.6589688733709813,0.4405805218279461,2.721041319455019e-07
binary,PR,249,0.6225,H2O,0.3593496196287865,1.8795344438385921,-6.805100392529009e-07
binary,PR,249,0.6225,Heavy_squalane,0.6599505983806037,0.441236894130963,2.745485808339208e-07
binary,PR,250,0.625,H2O,0.3622750849337608,1.8948357340156463,-6.850790297401179e-07
binary,PR,250,0.625,Heavy_squalane,0.6609289175797766,0.44189098934046955,2.768036081931699e-07
binary,PR,251,0.6275,H2O,0.3652034435183992,1.9101521571398,-6.889824128785152e-07
binary,PR,251,0.6275,Heavy_squalane,0.6619039738249184,0.4425429029689519,2.788798370108073e-07
binary,PR,252,0.63,H2O,0.3681345729220954,1.9254830726957597,-6.922821539711794e-07
binary,PR,252,0.63,Heavy_squalane,0.6628759052156799,0.44319272734856496,2.807891791778787e-07
binary,PR,253,0.6325,H2O,0.3710683569802374,1.9408278730986614,-6.950192095453192e-07
binary,PR,253,0.6325,Heavy_squalane,0.6638448427434666,0.4438405500589567,2.82546309369801e-07
binary,PR,254,0.635,H2O,0.374004687720189,1.9561859936107753,-6.972693367347419e-07
binary,PR,254,0.635,Heavy_squalane,0.6648109081507391,0.4444864524960152,2.841673249252166e-07
binary,PR,255,0.6375,H2O,0.3769434671210918,1.971556921545932,-6.990851632654712e-07
binary,PR,255,0.6375,Heavy_squalane,0.6657742119465979,0.44513050854510783,2.856690968663118e-07
binary,PR,256,0.64,H2O,0.379884608669129,1.9869402044041446,-7.005463419645712e-07
binary,PR,256,0.64,Heavy_squalane,0.6667348516611581,0.4457727834139715,2.870698336641927e-07
binary,PR,257,0.6425,H2O,0.3828280386248114,2.0023354564999902,-7.017170279276414e-07
binary,PR,257,0.6425,Heavy_squalane,0.6676929104097359,0.4464133326727414,2.883874783488876e-07
binary,PR,258,0.645,H2O,0.3857736969717537,2.0177423639250707,-7.026550554347251e-07
binary,PR,258,0.645,Heavy_squalane,0.6686484558249398,0.447052201539957,2.896395151441327e-07
binary,PR,259,0.6475,H2O,0.3887215380236674,2.033160687722816,-7.034184671970065e-07
binary,PR,259,0.6475,Heavy_squalane,0.6696015393794141,0.4476894244297543,2.90843689780632e-07
binary,PR,260,0.65,H2O,0.3916715306798233,2.048590265224647,-7.040801487200219e-07
binary,PR,260,0.65,Heavy_squalane,0.6705521960888294,0.4483250247532883,2.920164717044445e-07
binary,PR,261,0.6525,H2O,0.3946236583801255,2.0640310098149985,-7.047013054896007e-07
binary,PR,261,0.6525,Heavy_squalane,0.67150044457088,0.44895901495817797,2.931741891048145e-07
binary,PR,262,0.655,H2O,0.3975779187867802,2.0794829092663245,-7.053210630374625e-07
binary,PR,262,0.655,Heavy_squalane,0.672446287403588,0.44959139676806525,2.943329533495688e-07
binary,PR,263,0.6575,H2O,0.4005343232481908,2.094946022935067,-7.059927526284004e-07
binary,PR,263,0.6575,Heavy_squalane,0.6733897117220324,0.45022216158158235,2.955075808163103e-07
binary,PR,264,0.66,H2O,0.4034928961155391,2.1104204781871183,-7.067801293676884e-07
binary,PR,264,0.66,Heavy_squalane,0.674330689995886,0.4508512909922059,2.967127316316721e-07
binary,PR,265,0.6625,H2O,0.4064536739490707,2.1259064662463936,-7.077232719047354e-07
binary,PR,265,0.6625,Heavy_squalane,0.675269180928711,0.4514787573895179,2.97963675783555e-07
binary,PR,266,0.665,H2O,0.4094167046390409,2.141404237597043,-7.088679332793435e-07
binary,PR,266,0.665,Heavy_squalane,0.6762051304333639,0.4521045246113522,2.992740581013156e-07
binary,PR,267,0.6675,H2O,0.4123820464998411,2.156914097245393,-7.102678812148965e-07
binary,PR,267,0.6675,Heavy_squalane,0.6771384726698956,0.45272854863772477,3.006583742954832e-07
binary,PR,268,0.67,H2O,0.415349767305374,2.1724363996745915,-7.119681143340774e-07
binary,PR,268,0.67,Heavy_squalane,0.6780691311243068,0.4533507783120803,3.021306402636323e-07
binary,PR,269,0.6725,H2O,0.4183199432883212,2.187971543610401,-7.140232944104694e-07
binary,PR,269,0.6725,Heavy_squalane,0.6789970197419395,0.45397115609906674,3.037049949741726e-07
binary,PR,270,0.675,H2O,0.4212926580769421,2.203519966460251,-7.164774969858678e-07
binary,PR,270,0.675,Heavy_squalane,0.6799220441245313,0.45458961888487487,3.053952039519842e-07
binary,PR,271,0.6775,H2O,0.4242680015637957,2.2190821383962307,-7.193517649031407e-07
binary,PR,271,0.6775,Heavy_squalane,0.6808441028101588,0.45520609883299695,3.072149190039019e-07
binary,PR,272,0.68,H2O,0.427246068684926,2.2346585559697623,-7.22707487238218e-07
binary,PR,272,0.68,Heavy_squalane,0.681763088646123,0.4558205243021247,3.091766510448798e-07
binary,PR,273,0.6825,H2O,0.4302269581208598,2.250249735317329,-7.265686441217111e-07
binary,PR,273,0.6825,Heavy_squalane,0.6826788902640983,0.45643282083242126,3.112926431734831e-07
binary,PR,274,0.685,H2O,0.4332107709009113,2.2658562048604605,-7.309782915002845e-07
binary,PR,274,0.685,Heavy_squalane,0.683591393642544,0.457042912190134,3.135725546687933e-07
binary,PR,275,0.6875,H2O,0.4361976089654291,2.281478497785742,-7.359583682679468e-07
binary,PR,275,0.6875,Heavy_squalane,0.6845004837467422,0.4576507214641098,3.160253870712486e-07
binary,PR,276,0.69,H2O,0.4391875736738026,2.297117144241122,-7.415248215707311e-07
binary,PR,276,0.69,Heavy_squalane,0.6854060462002731,0.45825617218332737,3.186571911903812e-07
binary,PR,277,0.6925,H2O,0.4421807643354857,2.31277266365261,-7.47690363418168e-07
binary,PR,277,0.6925,Heavy_squalane,0.6863079689562283,0.45885918943425524,3.214724804894819e-07
binary,PR,278,0.695,H2O,0.4451772767696375,2.328445557190655,-7.544609162555895e-07
binary,PR,278,0.695,Heavy_squalane,0.687206143906976,0.45945970093712624,3.244716411051518e-07
binary,PR,279,0.6975,H2O,0.4481772019801929,2.3441363008402605,-7.618181962219607e-07
binary,PR,279,0.6975,Heavy_squalane,0.6881004683940802,0.4600576380554552,3.276527932008999e-07
binary,PR,280,0.7,H2O,0.4511806249533371,2.359845339111324,-7.697517158776277e-07
binary,PR,280,0.7,Heavy_squalane,0.6889908465601947,0.4606529366999028,3.310110294570714e-07
binary,PR,281,0.7025,H2O,0.4541876236295232,2.3755730796618972,-7.782194884895361e-07
binary,PR,281,0.7025,Heavy_squalane,0.68987719050782,0.4612455381030103,3.34538416035818e-07
binary,PR,282,0.705,H2O,0.4571982680184439,2.3913198886691567,-7.871976893732991e-07
binary,PR,282,0.705,Heavy_squalane,0.6907594212975092,0.4618353894865902,3.382240938287573e-07
binary,PR,283,0.7075,H2O,0.4602126196642629,2.4070860880323592,-7.966413375805658e-07
binary,PR,283,0.7075,Heavy_squalane,0.6916374695521113,0.462422444465718,3.420553565515512e-07
binary,PR,284,0.71,H2O,0.4632307312377196,2.422871953239395,-8.064890128233836e-07
binary,PR,284,0.71,Heavy_squalane,0.6925112759078484,0.46300666335031854,3.460167914749138e-07
binary,PR,285,0.7125,H2O,0.466252646349828,2.4386777123923657,-8.166970360650545e-07
binary,PR,285,0.7125,Heavy_squalane,0.6933807912360264,0.463588013293399,3.500925719715032e-07
binary,PR,286,0.715,H2O,0.469278399545226,2.454503546172794,-8.27197916165482e-07
binary,PR,286,0.715,Heavy_squalane,0.6942459766361381,0.4641664682864386,3.542652763921996e-07
binary,PR,287,0.7175,H2O,0.4723080164844923,2.4703495887952127,-8.379380225337494e-07
binary,PR,287,0.7175,Heavy_squalane,0.6951068032338652,0.46474200902433394,3.585171691756022e-07
binary,PR,288,0.72,H2O,0.475341514270005,2.48621592971153,-8.488511035721138e-07
binary,PR,288,0.72,Heavy_squalane,0.6959632518089606,0.4653146226566047,3.628303164960153e-07
binary,PR,289,0.7225,H2O,0.4783789018969111,2.502102615969767,-8.598864566342475e-07
binary,PR,289,0.7225,Heavy_squalane,0.6968153122886788,0.465884302448706,3.67187529262176e-07
binary,PR,290,0.725,H2O,0.4814201807903073,2.5180096550237177,-8.709826579425509e-07
binary,PR,290,0.725,Heavy_squalane,0.6976629831369148,0.4664510473736122,3.715722574901143e-07
binary,PR,291,0.7275,H2O,0.4844653454108639,2.533937017900593,-8.820764055260391e-07
binary,PR,291,0.7275,Heavy_squalane,0.6985062706732246,0.46701486165652023,3.759693231610275e-07
binary,PR,292,0.73,H2O,0.4875143838887494,2.549884642516684,-8.931453511389407e-07
binary,PR,292,0.73,Heavy_squalane,0.6993451883461879,0.4675757542890267,3.803637295963122e-07
binary,PR,293,0.7325,H2O,0.4905672786908881,2.5658524371673725,-9.041267274726273e-07
binary,PR,293,0.7325,Heavy_squalane,0.7001797559935455,0.46813373853446244,3.847425663090563e-07
binary,PR,294,0.735,H2O,0.4936240072764251,2.5818402839554606,-9.149833954663424e-07
binary,PR,294,0.735,Heavy_squalane,0.7010099991025627,0.4686888314333783,3.890951064660452e-07
binary,PR,295,0.7375,H2O,0.4966845427222806,2.5978480420630565,-9.256832031345356e-07
binary,PR,295,0.7375,Heavy_squalane,0.7018359480866002,0.46924105331986743,3.934105311907379e-07
binary,PR,296,0.74,H2O,0.4997488543444572,2.6138755510012475,-9.362006761518142e-07
binary,PR,296,0.74,Heavy_squalane,0.7026576376007061,0.46979042736397575,3.976800507908046e-07
binary,PR,297,0.7425,H2O,0.5028169082691905,2.629922633597431,-9.465084010621669e-07
binary,PR,297,0.7425,Heavy_squalane,0.7034751058951454,0.47033697913947836,4.018965316115114e-07
binary,PR,298,0.745,H2O,0.5058886679616288,2.6459890987605137,-9.565962351269777e-07
binary,PR,298,0.745,Heavy_squalane,0.7042883942164838,0.47088073622344934,4.060540696672779e-07
binary,PR,299,0.7475,H2O,0.508964094709694,2.6620747440116825,-9.664350365314903e-07
binary,PR,299,0.7475,Heavy_squalane,0.7050975462598204,0.4714217278300296,4.101475916635473e-07
binary,PR,300,0.75,H2O,0.5120431480635765,2.6781793577831325,-9.760218251754965e-07
binary,PR,300,0.75,Heavy_squalane,0.7059026076738567,0.47195998447952087,4.1417281157312e-07
binary,PR,301,0.7525,H2O,0.5151257862365032,2.6943027215142323,-9.853470681859269e-07
binary,PR,301,0.7525,Heavy_squalane,0.7067036256197428,0.47249553770343367,4.181274453853808e-07
binary,PR,302,0.755,H2O,0.5182119664395306,2.7104446114026226,-9.944026844950384e-07
binary,PR,302,0.755,Heavy_squalane,0.7075006483745782,0.4730284197793924,4.220086935728564e-07
binary,PR,303,0.7575,H2O,0.5213016452029623,2.726604800085347,-1.003181537312664e-06
binary,PR,303,0.7575,Heavy_squalane,0.7082937249900851,0.473558663502927,4.258157266321792e-07
binary,PR,304,0.76,H2O,0.5243947786323039,2.7427830579775963,-1.011692437553301e-06
binary,PR,304,0.76,Heavy_squalane,0.7090829049891265,0.4740863019845675,4.295477011792539e-07
binary,PR,305,0.7625,H2O,0.527491322641808,2.7589791544942344,-1.019921980179433e-06
binary,PR,305,0.7625,Heavy_squalane,0.709868238106853,0.4746113684767778,4.332042010891697e-07
binary,PR,306,0.765,H2O,0.5305912331517286,2.775192859081516,-1.027878940031883e-06
binary,PR,306,0.765,Heavy_squalane,0.7106497740685439,0.47513389622542196,4.367851456755587e-07
binary,PR,307,0.7675,H2O,0.5336944662584382,2.7914239421068605,-1.035565345802236e-06
binary,PR,307,0.7675,Heavy_squalane,0.7114275624018224,0.47565391834421267,4.402911903759812e-07
binary,PR,308,0.77,H2O,0.5368009783728913,2.8076721755830722,-1.042986343257444e-06
binary,PR,308,0.77,Heavy_squalane,0.7122016522777431,0.4761714677084645,4.437232833851593e-07
binary,PR,309,0.7725,H2O,0.5399107263393038,2.8239373337890754,-1.050140032157313e-06
binary,PR,309,0.7725,Heavy_squalane,0.7129720923795976,0.47668657686737786,4.470829010335163e-07
binary,PR,310,0.775,H2O,0.5430236675266538,2.8402191937484993,-1.057037416468691e-06
binary,PR,310,0.775,Heavy_squalane,0.7137389307936778,0.4771992779710049,4.503712426307536e-07
binary,PR,311,0.7775,H2O,0.5461397599074335,2.8565175356415797,-1.063683911839112e-06
binary,PR,311,0.7775,Heavy_squalane,0.7145022149220157,0.4777096027119078,4.535893562831397e-07
binary,PR,312,0.78,H2O,0.5492589621261499,2.8728321431634454,-1.070084039173657e-06
binary,PR,312,0.78,Heavy_squalane,0.7152619914144136,0.47821758227971484,4.567391912308033e-07
binary,PR,313,0.7825,H2O,0.5523812335382532,2.889162803727725,-1.076246488055547e-06
binary,PR,313,0.7825,Heavy_squalane,0.7160183061120934,0.4787232473234449,4.598220716357645e-07
binary,PR,314,0.785,H2O,0.5555065342567308,2.9055093087102546,-1.082169330917077e-06
binary,PR,314,0.785,Heavy_squalane,0.7167712040093962,0.4792266279259003,4.628403332458956e-07
binary,PR,315,0.7875,H2O,0.558634825164328,2.921871453512996,-1.087873671351217e-06
binary,PR,315,0.7875,Heavy_squalane,0.7175207292210106,0.4797277535817557,4.657950550465167e-07
binary,PR,316,0.79,H2O,0.5617660679448634,2.9382490377278243,-1.093361104636959e-06
binary,PR,316,0.79,Heavy_squalane,0.7182669249655242,0.4802266531865607,4.686882476647171e-07
binary,PR,317,0.7925,H2O,0.564900225088167,2.954641865162363,-1.09863398323169e-06
binary,PR,317,0.7925,Heavy_squalane,0.7190098335525527,0.4807233550281349,4.715219686399911e-07
binary,PR,318,0.795,H2O,0.5680372598901106,2.9710497438401373,-1.103706078850812e-06
binary,PR,318,0.795,Heavy_squalane,0.7197494963770075,0.481217886782735,4.742976463511579e-07
binary,PR,319,0.7975,H2O,0.5711771364591861,2.9874724860349824,-1.108572781709371e-06
binary,PR,319,0.7975,Heavy_squalane,0.720485953921812,0.48171027551687096,4.77017230186803e-07
binary,PR,320,0.8,H2O,0.5743198197054504,3.003909908213222,-1.113256689076594e-06
binary,PR,320,0.8,Heavy_squalane,0.721219245762163,0.48220054769015486,4.796822393814166e-07
binary,PR,321,0.8025,H2O,0.5774652753360761,3.0203618310103972,-1.117746187879733e-06
binary,PR,321,0.8025,Heavy_squalane,0.7219494105760048,0.48268872916230415,4.822943702044357e-07
binary,PR,322,0.805,H2O,0.5806134698442444,3.036828079173171,-1.122054260564157e-06
binary,PR,322,0.805,Heavy_squalane,0.7226764861566984,0.48317484520161214,4.848555092471439e-07
binary,PR,323,0.8075,H2O,0.5837643704913358,3.053308481466178,-1.126195442403524e-06
binary,PR,323,0.8075,Heavy_squalane,0.7234005094271551,0.4836589204943973,4.87367048145258e-07
binary,PR,324,0.81,H2O,0.5869179452980632,3.069802870625651,-1.130165666550171e-06
binary,PR,324,0.81,Heavy_squalane,0.7241215164583832,0.4841409791574038,4.898308408295266e-07
binary,PR,325,0.8125,H2O,0.5900741630202376,3.0863110832326623,-1.133979732335374e-06
binary,PR,325,0.8125,Heavy_squalane,0.7248395424863142,0.48462104474905093,4.92248025964975e-07
binary,PR,326,0.815,H2O,0.5932329931382831,3.1028329596582847,-1.137634192655032e-06
binary,PR,326,0.815,Heavy_squalane,0.7255546219331119,0.48509914028368056,4.946200801047123e-07
binary,PR,327,0.8175,H2O,0.5963944058356899,3.1193683439508932,-1.141142150126833e-06
binary,PR,327,0.8175,Heavy_squalane,0.7262667884269025,0.4855752882447482,4.969483141980874e-07
binary,PR,328,0.82,H2O,0.5995583719832971,3.1359170837539576,-1.144506835136594e-06
binary,PR,328,0.82,Heavy_squalane,0.7269760748234416,0.4860495105993096,4.992343012952453e-07
binary,PR,329,0.8225,H2O,0.6027248631161007,3.15247903018474,-1.147724020962649e-06
binary,PR,329,0.8225,Heavy_squalane,0.7276825132264487,0.48652182881161604,5.014792407801157e-07
binary,PR,330,0.825,H2O,0.6058938514193675,3.1690540377616627,-1.150803605073688e-06
binary,PR,330,0.825,Heavy_squalane,0.7283861350101415,0.4869922638581806,5.036847007295348e-07
binary,PR,331,0.8275,H2O,0.6090653097023259,3.185641964266706,-1.153757096091344e-06
binary,PR,331,0.8275,Heavy_squalane,0.7290869708389438,0.48746083624095476,5.058515411547791e-07
binary,PR,332,0.83,H2O,0.6122392113862494,3.2022426706830753,-1.156577791157799e-06
binary,PR,332,0.83,Heavy_squalane,0.7297850506901679,0.4879275660024935,5.079809174965132e-07
binary,PR,333,0.8325,H2O,0.6154155304849372,3.2188560210931114,-1.159281554373729e-06
binary,PR,333,0.8325,Heavy_squalane,0.7304804038746795,0.48839247273977177,5.100741404814005e-07
binary,PR,334,0.835,H2O,0.6185942415819218,3.2354818825590734,-1.161868903559769e-06
binary,PR,334,0.835,Heavy_squalane,0.7311730590564174,0.48885557561723514,5.121319948530297e-07
binary,PR,335,0.8375,H2O,0.6217753198189824,3.252120125063065,-1.16433774879731e-06
binary,PR,335,0.8375,Heavy_squalane,0.7318630442738744,0.4893168933811618,5.141556769519627e-07
binary,PR,336,0.84,H2O,0.6249587408735608,3.268770621388905,-1.166694002655373e-06
binary,PR,336,0.84,Heavy_squalane,0.7325503869586047,0.4897764443720364,5.161460355067458e-07
binary,PR,337,0.8425,H2O,0.6281444809458108,3.2854332470543945,-1.168949257555413e-06
binary,PR,337,0.8425,Heavy_squalane,0.733235113955208,0.4902342465379109,5.181041577420614e-07
binary,PR,338,0.845,H2O,0.6313325167409373,3.3021078802189447,-1.17109765382241e-06
binary,PR,338,0.845,Heavy_squalane,0.7339172515396619,0.4906903174466623,5.200311894488703e-07
binary,PR,339,0.8475,H2O,0.6345228254489452,3.3187944015776525,-1.173149653633793e-06
binary,PR,339,0.8475,Heavy_squalane,0.7345968254364481,0.491144674297442,5.219277411564967e-07
binary,PR,340,0.85,H2O,0.6377153847343128,3.335492694307289,-1.175097789133464e-06
binary,PR,340,0.85,Heavy_squalane,0.7352738608371342,0.49159733393310034,5.237946160914231e-07
binary,PR,341,0.8525,H2O,0.6409101727190115,3.35220264397749,-1.17695680709136e-06
binary,PR,341,0.8525,Heavy_squalane,0.7359483824168592,0.492048312851208,5.256325379814201e-07
binary,PR,342,0.855,H2O,0.6441071679713759,3.368924138492538,-1.178722741639978e-06
binary,PR,342,0.855,Heavy_squalane,0.7366204143513881,0.49249762721545887,5.274426255240495e-07
binary,PR,343,0.8575,H2O,0.6473063494840787,3.385657067976165,-1.180400454120453e-06
binary,PR,343,0.8575,Heavy_squalane,0.7372899803312022,0.4929452928650906,5.292252573588352e-07
binary,PR,344,0.86,H2O,0.6505076966705909,3.4024013247530362,-1.18199831898831e-06
binary,PR,344,0.86,Heavy_squalane,0.7379571035788117,0.4933913253264598,5.309814764702801e-07
binary,PR,345,0.8625,H2O,0.6537111893443329,3.4191568032397046,-1.183509086163512e-06
binary,PR,345,0.8625,Heavy_squalane,0.7386218068618049,0.4938357398217663,5.327118924227381e-07
binary,PR,346,0.865,H2O,0.6569168077100335,3.435923399899414,-1.184938671910911e-06
binary,PR,346,0.865,Heavy_squalane,0.7392841125078012,0.494278551279051,5.34417230799692e-07
binary,PR,347,0.8675,H2O,0.6601245323503345,3.4527010131720357,-1.186291293963998e-06
binary,PR,347,0.8675,Heavy_squalane,0.7399440424178039,0.49471977434112296,5.36098147929444e-07
binary,PR,348,0.87,H2O,0.6633343442118265,3.469489543401031,-1.187570622129158e-06
binary,PR,348,0.87,Heavy_squalane,0.7406016180788394,0.49515942337401025,5.377549124448967e-07
binary,PR,349,0.8725,H2O,0.6665462246011689,3.4862888928131572,-1.188783610846789e-06
binary,PR,349,0.8725,Heavy_squalane,0.7412568605780762,0.49559751247639955,5.393884171663194e-07
binary,PR,350,0.875,H2O,0.6697601551677431,3.5030989654277387,-1.189921073602113e-06
binary,PR,350,0.875,Heavy_squalane,0.7419097906136277,0.496034055486859,5.40999263789846e-07
binary,PR,351,0.8775,H2O,0.6729761178941704,3.5199196670070676,-1.190987492566733e-06
binary,PR,351,0.8775,Heavy_squalane,0.7425604285064161,0.49646906599177004,5.425879043669763e-07
binary,PR,352,0.88,H2O,0.6761940950882185,3.536750905014077,-1.191992307442244e-06
binary,PR,352,0.88,Heavy_squalane,0.7432087942117966,0.4969025573330994,5.441548759408302e-07
binary,PR,353,0.8825,H2O,0.6794140693717631,3.5535925885546034,-1.192928128538793e-06
binary,PR,353,0.8825,Heavy_squalane,0.7438549073300815,0.49733454261543547,5.457006256638273e-07
binary,PR,354,0.885,H2O,0.6826360236732248,3.570444628337829,-1.193807288767567e-06
binary,PR,354,0.885,Heavy_squalane,0.7444987871172746,0.4977650347131651,5.472257210127679e-07
binary,PR,355,0.8875,H2O,0.6858599412169258,3.587306936620612,-1.194617902527322e-06
binary,PR,355,0.8875,Heavy_squalane,0.7451404524947274,0.49819404627692965,5.487306203485736e-07
binary,PR,356,0.89,H2O,0.6890858055158365,3.6041794271695524,-1.195375246345944e-06
binary,PR,356,0.89,Heavy_squalane,0.7457799220590235,0.49862158974023385,5.502158414149568e-07
binary,PR,357,0.8925,H2O,0.6923136003611431,3.6210620152064212,-1.196078195574294e-06
binary,PR,357,0.8925,Heavy_squalane,0.7464172140908019,0.49904767732534444,5.516816706596579e-07
binary,PR,358,0.895,H2O,0.695543309819496,3.6379546173937736,-1.196714276202254e-06
binary,PR,358,0.895,Heavy_squalane,0.7470523465646838,0.49947232104992784,5.531288430189491e-07
binary,PR,359,0.8975,H2O,0.6987749182182502,3.654857151757748,-1.197307107187232e-06
binary,PR,359,0.8975,Heavy_squalane,0.7476853371564335,0.49989553273183723,5.545575988446789e-07
binary,PR,360,0.9,H2O,0.7020084101426964,3.6717695376735833,-1.197840740035957e-06
binary,PR,360,0.9,Heavy_squalane,0.7483162032520959,0.5003173239952222,5.559682836704647e-07
binary,PR,361,0.9025,H2O,0.7052437704299475,3.6886916958336435,-1.198325131467439e-06
binary,PR,361,0.9025,Heavy_squalane,0.7489449619561039,0.500737706275949,5.573614652700211e-07
binary,PR,362,0.905,H2O,0.7084809841571733,3.705623548185883,-1.198761906398733e-06
binary,PR,362,0.905,Heavy_squalane,0.7495716300979418,0.5011566908260561,5.587372868301038e-07
binary,PR,363,0.9075,H2O,0.7117200366396048,3.7225650179234044,-1.199149483569596e-06
binary,PR,363,0.9075,Heavy_squalane,0.7501962242403666,0.5015742887192501,5.600960506833499e-07
binary,PR,364,0.91,H2O,0.7149609134250309,3.7395160294556766,-1.199489909935786e-06
binary,PR,364,0.91,Heavy_squalane,0.7508187606866247,0.5019905108557317,5.614383227477615e-07
binary,PR,365,0.9125,H2O,0.7182036002847147,3.756476508361024,-1.199783031022858e-06
binary,PR,365,0.9125,Heavy_squalane,0.7514392554866753,0.5024053679663557,5.627645341424043e-07
binary,PR,366,0.915,H2O,0.7214480832073391,3.773446381354957,-1.20003373390225e-06
binary,PR,366,0.915,Heavy_squalane,0.7520577244437072,0.5028188706169886,5.640749525352107e-07
binary,PR,367,0.9175,H2O,0.7246943483937318,3.790425576262585,-1.200244545305563e-06
binary,PR,367,0.9175,Heavy_squalane,0.7526741831205274,0.50323102921278,5.653697297976698e-07
binary,PR,368,0.92,H2O,0.7279423822545772,3.807414022006647,-1.200407068286704e-06
binary,PR,368,0.92,Heavy_squalane,0.7532886468462523,0.503641854002636,5.666492983107316e-07
binary,PR,369,0.9225,H2O,0.7311921714021454,3.8244116485642516,-1.200524746910306e-06
binary,PR,369,0.9225,Heavy_squalane,0.7539011307216071,0.5040513550827622,5.679139803002682e-07
binary,PR,370,0.925,H2O,0.734443702644925,3.841418386938803,-1.200605754186558e-06
binary,PR,370,0.925,Heavy_squalane,0.7545116496245395,0.5044595424004178,5.691639479021462e-07
binary,PR,371,0.9275,H2O,0.737696962987431,3.858434169159001,-1.200646636229742e-06
binary,PR,371,0.9275,Heavy_squalane,0.7551202182165704,0.5048664257581603,5.703998083796363e-07
binary,PR,372,0.93,H2O,0.7409519396170986,3.8754589282102825,-1.200657382078068e-06
binary,PR,372,0.93,Heavy_squalane,0.7557268509465092,0.505272014816331,5.716215560171448e-07
binary,PR,373,0.9325,H2O,0.7442086199053194,3.89249259804025,-1.200623687460029e-06
binary,PR,373,0.9325,Heavy_squalane,0.7563315620566039,0.5056763190971657,5.728292588079681e-07
binary,PR,374,0.935,H2O,0.747466991406823,3.9095351135554317,-1.200561223294124e-06
binary,PR,374,0.935,Heavy_squalane,0.756934365588173,0.5060793479885606,5.740235341846798e-07
binary,PR,375,0.9375,H2O,0.7507270418459859,3.926586410549672,-1.200463990862498e-06
binary,PR,375,0.9375,Heavy_squalane,0.7575352753846228,0.5064811107460897,5.752043739079178e-07
binary,PR,376,0.94,H2O,0.7539887591218594,3.9436464257304324,-1.200328097760055e-06
binary,PR,376,0.94,Heavy_squalane,0.7581343050977418,0.5068816164972132,5.763722641000582e-07
binary,PR,377,0.9425,H2O,0.7572521312977659,3.960715096664374,-1.200168413586449e-06
binary,PR,377,0.9425,Heavy_squalane,0.7587314681909723,0.5072808742434645,5.775273994624285e-07
binary,PR,378,0.945,H2O,0.7605171466005108,3.977792361773235,-1.199975638292604e-06
binary,PR,378,0.945,Heavy_squalane,0.7593267779442807,0.507678892863707,5.786700532300977e-07
binary,PR,379,0.9475,H2O,0.7637837934131899,3.9948781602962122,-1.19974561882194e-06
binary,PR,379,0.9475,Heavy_squalane,0.759920247457697,0.5080756811165001,5.798001530302889e-07
binary,PR,380,0.95,H2O,0.7670520602799541,4.011972432314881,-1.199489103705202e-06
binary,PR,380,0.95,Heavy_squalane,0.7605118896568657,0.5084712476438108,5.809182912805749e-07
binary,PR,381,0.9525,H2O,0.7703219358927984,4.029075118684099,-1.19920185178831e-06
binary,PR,381,0.9525,Heavy_squalane,0.7611017172951906,0.5088656009724474,5.820245505230358e-07
binary,PR,382,0.955,H2O,0.7735934090926042,4.046186161037452,-1.198883194068838e-06
binary,PR,382,0.955,Heavy_squalane,0.761689742958411,0.5092587495171192,5.831190271804791e-07
binary,PR,383,0.9575,H2O,0.7768664688682689,4.063305501782712,-1.19853488412606e-06
binary,PR,383,0.9575,Heavy_squalane,0.7622759790686968,0.5096507015831749,5.842021264662278e-07
binary,PR,384,0.96,H2O,0.7801411043469706,4.080433084050904,-1.198163960595102e-06
binary,PR,384,0.96,Heavy_squalane,0.7628604378870192,0.5100414653681867,5.85273769326941e-07
binary,PR,385,0.9625,H2O,0.7834173047987293,4.097568851720176,-1.197765804327495e-06
binary,PR,385,0.9625,Heavy_squalane,0.7634431315179491,0.5104310489651593,5.863342963229275e-07
binary,PR,386,0.965,H2O,0.7866950596297079,4.114712749380751,-1.197339345501766e-06
binary,PR,386,0.965,Heavy_squalane,0.7640240719123261,0.5108194603643144,5.873840338368544e-07
binary,PR,387,0.9675,H2O,0.7899743583758547,4.131864722301682,-1.196888510214524e-06
binary,PR,387,0.9675,Heavy_squalane,0.7646032708698725,0.5112067074548371,5.884228696352462e-07
binary,PR,388,0.97,H2O,0.793255190708546,4.149024716460358,-1.196411750593477e-06
binary,PR,388,0.97,Heavy_squalane,0.7651807400438186,0.5115927980279703,5.894512546561751e-07
binary,PR,389,0.9725,H2O,0.7965375464218516,4.166192678475905,-1.195913139600558e-06
binary,PR,389,0.9725,Heavy_squalane,0.765756490942176,0.5119777397778644,5.904690192875432e-07
binary,PR,390,0.975,H2O,0.7998214154412124,4.1833685556545674,-1.195384064067247e-06
binary,PR,390,0.975,Heavy_squalane,0.7663305349326666,0.5123615403048738,5.914766987167582e-07
binary,PR,391,0.9775,H2O,0.803106787811272,4.200552295926066,-1.194840591009504e-06
binary,PR,391,0.9775,Heavy_squalane,0.766902883243902,0.5127442071163447,5.92474402950441e-07
binary,PR,392,0.98,H2O,0.8063936536981234,4.2177438478553455,-1.194268381878487e-06
binary,PR,392,0.98,Heavy_squalane,0.7674735469689813,0.5131257476290211,5.934623746415234e-07
binary,PR,393,0.9825,H2O,0.8096820033823956,4.234943160606421,-1.193677553976364e-06
binary,PR,393,0.9825,Heavy_squalane,0.7680425370674032,0.5135061691703228,5.944404518976701e-07
binary,PR,394,0.985,H2O,0.8129718272667982,4.252150183981832,-1.193065311803678e-06
binary,PR,394,0.985,Heavy_squalane,0.7686098643693934,0.513885478981239,5.954092247611424e-07
binary,PR,395,0.9875,H2O,0.8162631158578754,4.269364868327213,-1.192429540064117e-06
binary,PR,395,0.9875,Heavy_squalane,0.7691755395756873,0.5142636842161832,5.963681794223375e-07
binary,PR,396,0.99,H2O,0.8195558597836073,4.286587164623357,-1.191779736036537e-06
binary,PR,396,0.99,Heavy_squalane,0.7697395732634046,0.5146407919469198,5.97317979855092e-07
binary,PR,397,0.9925,H2O,0.8228500497756066,4.303817024393091,-1.191104665662358e-06
binary,PR,397,0.9925,Heavy_squalane,0.7703019758857592,0.5150168091623717,5.982586689634728e-07
binary,PR,398,0.995,H2O,0.8261456766729677,4.321054399721412,-1.1904153188012e-06
binary,PR,398,0.995,Heavy_squalane,0.7708627577754039,0.5153917427708552,5.991903422053171e-07
binary,PR,399,0.9975,H2O,0.82944273141918,4.338299243239346,-1.18970637998006e-06
binary,PR,399,0.9975,Heavy_squalane,0.7714219291465172,0.5157655996014762,6.001130312019612e-07
binary,PR,400,1.0,H2O,0.8327412050640662,4.35555150813408,-1.188980463186223e-06
binary,PR,400,1.0,Heavy_squalane,0.7719795000976659,0.5161383864060434,6.010271433193543e-07
binary,SW,0,0.0,H2O,0.0,0.0,0.0
binary,SW,0,0.0,Heavy_squalane,0.0,0.0,0.0
binary,SW,1,0.0025,H2O,0.0004696613622767219,0.0025002371950951638,1.976208086063025e-11
binary,SW,1,0.0025,Heavy_squalane,0.003674155568136194,0.0025002371950950788,-4.738293372424281e-11
binary,SW,2,0.005,H2O,0.0009392532497552743,0.005000104541851808,4.106348677757055e-09
binary,SW,2,0.005,Heavy_squalane,0.007347767635705695,0.005000104541851621,-9.320779881440256e-09
binary,SW,3,0.0075,H2O,0.001408891473711136,0.007500218560345503,4.716135759696982e-09
binary,SW,3,0.0075,Heavy_squalane,0.01102174219301737,0.007500218560345223,-1.069467840601346e-08
binary,SW,4,0.01,H2O,0.001878501257168451,0.010000181176152015,4.713163165304124e-09
binary,SW,4,0.01,Heavy_squalane,0.01469549426062799,0.010000181176151653,-1.069608469187408e-08
binary,SW,5,0.0125,H2O,0.002348047637980058,0.01249980626865813,5.353033460941958e-09
binary,SW,5,0.0125,Heavy_squalane,0.01836875033005253,0.012499806268657685,-1.214065622040867e-08
binary,SW,6,0.015,H2O,0.002817574474406265,0.01499932731683942,5.731938368391809e-09
binary,SW,6,0.015,Heavy_squalane,0.02204185350396933,0.014999327316838887,-1.299624389242022e-08
binary,SW,7,0.0175,H2O,0.003287052145299311,0.01749858663283536,6.658448375995718e-09
binary,SW,7,0.0175,Heavy_squalane,0.0257145720564718,0.017498586632834743,-1.510282626526027e-08
binary,SW,8,0.02,H2O,0.003756527851102854,0.019997835487698526,6.929003620870233e-09
binary,SW,8,0.02,Heavy_squalane,0.02938727523610115,0.01999783548769784,-1.571901035270605e-08
binary,SW,9,0.0225,H2O,0.00422602976827666,0.022497223878508506,7.565946924525946e-09
binary,SW,9,0.0225,Heavy_squalane,0.033060183466986,0.022497223878507742,-1.714262690734925e-08
binary,SW,10,0.025,H2O,0.004695497026656683,0.0249964277636037,7.598478901638117e-09
binary,SW,10,0.025,Heavy_squalane,0.0367328205625159,0.024996427763602856,-1.721654659276405e-08
binary,SW,11,0.0275,H2O,0.005164897418214838,0.02749527568389408,9.581633375610465e-09
binary,SW,11,0.0275,Heavy_squalane,0.04040493455964848,0.02749527568389315,-2.170764295501618e-08
binary,SW,12,0.03,H2O,0.005634308802678326,0.029994182124797403,1.035340543853458e-08
binary,SW,12,0.03,Heavy_squalane,0.04407713455415616,0.029994182124796393,-2.347200799816841e-08
binary,SW,13,0.0325,H2O,0.00610364867698577,0.03249270788215652,1.259304374667813e-08
binary,SW,13,0.0325,Heavy_squalane,0.04774877512551534,0.03249270788215542,-2.855615204612818e-08
binary,SW,14,0.035,H2O,0.006573047600466751,0.034991547987153905,1.309758926315574e-08
binary,SW,14,0.035,Heavy_squalane,0.05142087763789665,0.03499154798715271,-2.971867252417888e-08
binary,SW,15,0.0375,H2O,0.007042324262569475,0.037489737235023156,1.314287997877805e-08
binary,SW,15,0.0375,Heavy_squalane,0.05509202370088745,0.03748973723502187,-2.98250108232909e-08
binary,SW,16,0.04,H2O,0.007511628739628061,0.039988074555509866,1.341004793320444e-08
binary,SW,16,0.04,Heavy_squalane,0.05876338735996592,0.03998807455550849,-3.043938896589881e-08
binary,SW,17,0.0425,H2O,0.007980906321292622,0.04248626869865665,1.385651660079645e-08
binary,SW,17,0.0425,Heavy_squalane,0.06243454061667866,0.04248626869865518,-3.145708753617314e-08
binary,SW,18,0.045,H2O,0.00845013834257743,0.04498422030161334,1.394571350066265e-08
binary,SW,18,0.045,Heavy_squalane,0.06610533745505172,0.04498422030161178,-3.165150326998195e-08
binary,SW,19,0.0475,H2O,0.008919321894163184,0.04748191387665004,1.410422945102852e-08
binary,SW,19,0.0475,Heavy_squalane,0.06977575511551284,0.04748191387664839,-3.198959889926087e-08
binary,SW,20,0.05,H2O,0.009388505166619507,0.049979605965744224,1.447429903711495e-08
binary,SW,20,0.05,Heavy_squalane,0.07344617059234755,0.04997960596574248,-3.286046109919369e-08
binary,SW,21,0.0525,H2O,0.009857616413299308,0.05247691462639415,1.462180210243247e-08
binary,SW,21,0.0525,Heavy_squalane,0.07711602261234056,0.05247691462639232,-3.320130870917308e-08
binary,SW,22,0.055,H2O,0.01032674911100126,0.05497433748132908,1.638877444865017e-08
binary,SW,22,0.055,Heavy_squalane,0.0807860424434392,0.05497433748132714,-3.723828519240327e-08
binary,SW,23,0.0575,H2O,0.01079587908862658,0.057471745855965393,1.63925428231515e-08
binary,SW,23,0.0575,Heavy_squalane,0.08445604099540889,0.05747174585596338,-3.724687687826555e-08
binary,SW,24,0.06,H2O,0.01126495299583105,0.059968855740321236,1.758060130807593e-08
binary,SW,24,0.06,Heavy_squalane,0.08812560090910525,0.059968855740319106,-3.998743896667513e-08
binary,SW,25,0.0625,H2O,0.01173402843735645,0.06246597379261801,1.759861750771918e-08
binary,SW,25,0.0625,Heavy_squalane,0.09179517282577707,0.06246597379261578,-4.002844337334233e-08
binary,SW,26,0.065,H2O,0.01220304776423924,0.06496279311922022,1.838306223911346e-08
binary,SW,26,0.065,Heavy_squalane,0.09546430575822931,0.06496279311921793,-4.184016959184727e-08
binary,SW,27,0.0675,H2O,0.0126721064910556,0.06745982219094374,1.839995822372487e-08
binary,SW,27,0.0675,Heavy_squalane,0.09913374691591985,0.06745982219094138,-4.188170934511425e-08
binary,SW,28,0.07,H2O,0.01314111397011822,0.06995657844580311,1.893073792169631e-08
binary,SW,28,0.07,Heavy_squalane,0.1028027871630078,0.06995657844580067,-4.311978365294232e-08
binary,SW,29,0.0725,H2O,0.01361013692423869,0.072453417081966,1.892800893799063e-08
binary,SW,29,0.0725,Heavy_squalane,0.1064719484712996,0.07245341708196339,-4.312591467852309e-08
binary,SW,30,0.075,H2O,0.01407908980567353,0.07494988268694291,1.893958923027128e-08
binary,SW,30,0.075,Heavy_squalane,0.110140561601758,0.07494988268694028,-4.314525983512008e-08
binary,SW,31,0.0775,H2O,0.01454805260224182,0.07744640107502578,1.896902246389942e-08
binary,SW,31,0.0775,Heavy_squalane,0.1138092522981941,0.07744640107502307,-4.321555116098068e-08
binary,SW,32,0.08,H2O,0.01501699223563185,0.07994279615417908,1.90757939999564e-08
binary,SW,32,0.08,Heavy_squalane,0.1174777617893465,0.07994279615417628,-4.346601751757661e-08
binary,SW,33,0.0825,H2O,0.01548589919360308,0.08243901728609292,2.501039458868703e-08
binary,SW,33,0.0825,Heavy_squalane,0.1211460156610643,0.08243901728609009,-5.69885657443032e-08
binary,SW,34,0.085,H2O,0.01595482102643726,0.08493531760417919,2.504111440426726e-08
binary,SW,34,0.085,Heavy_squalane,0.1248143858986679,0.08493531760417622,-5.704667615959615e-08
binary,SW,35,0.0875,H2O,0.01642369222330823,0.0874313483622616,2.529202980383616e-08
binary,SW,35,0.0875,Heavy_squalane,0.1284823600116995,0.08743134836225856,-5.762178180147157e-08
binary,SW,36,0.09,H2O,0.01689259375409874,0.08992754060263743,2.530965531599705e-08
binary,SW,36,0.09,Heavy_squalane,0.1321505714266434,0.08992754060263437,-5.767184630338838e-08
binary,SW,37,0.0925,H2O,0.01736142681243103,0.09242336833062066,2.909523372229827e-08
binary,SW,37,0.0925,Heavy_squalane,0.1358182471823147,0.09242336833061747,-6.635050808280394e-08
binary,SW,38,0.095,H2O,0.01783027184886746,0.09491925982391203,2.909919055715804e-08
binary,SW,38,0.095,Heavy_squalane,0.1394860166425603,0.09491925982390874,-6.63593993995743e-08
binary,SW,39,0.0975,H2O,0.01829908456390767,0.09741497925459933,2.935509896273558e-08
binary,SW,39,0.0975,Heavy_squalane,0.143153533252886,0.097414979254596,-6.693362171200509e-08
binary,SW,40,0.1,H2O,0.01876789255249704,0.09991067352407657,2.94889702101564e-08
binary,SW,40,0.1,Heavy_squalane,0.1468210128882396,0.09991067352407308,-6.72332681833746e-08
binary,SW,41,0.1025,H2O,0.01923664772295965,0.10240608661682585,2.949006594477055e-08
binary,SW,41,0.1025,Heavy_squalane,0.1504880793279803,0.10240608661682234,-6.724168036267167e-08
binary,SW,42,0.105,H2O,0.01970543316966617,0.10490166088483295,2.972771040443689e-08
binary,SW,42,0.105,Heavy_squalane,0.1541553826184373,0.10490166088482929,-6.779502869070513e-08
binary,SW,43,0.1075,H2O,0.02017416807767549,0.10739696611063072,2.98478348703668e-08
binary,SW,43,0.1075,Heavy_squalane,0.1578222905452333,0.10739696611062709,-6.805760358106339e-08
binary,SW,44,0.11,H2O,0.02064291455517807,0.10989233292650105,3.005406662426324e-08
binary,SW,44,0.11,Heavy_squalane,0.161489288980045,0.10989233292649725,-6.852854963187707e-08
binary,SW,45,0.1125,H2O,0.02111161584936859,0.11238745920949711,3.005617899010105e-08
binary,SW,45,0.1125,Heavy_squalane,0.1651559339463135,0.11238745920949324,-6.854158108323224e-08
binary,SW,46,0.115,H2O,0.02158030422856998,0.11488251673968787,3.009311616564148e-08
binary,SW,46,0.115,Heavy_squalane,0.1688224778787669,0.11488251673968389,-6.862903492904469e-08
binary,SW,47,0.1175,H2O,0.02204900428027445,0.11737763640832284,3.011881427594787e-08
binary,SW,47,0.1175,Heavy_squalane,0.172489113125081,0.11737763640831882,-6.867784258280542e-08
binary,SW,48,0.12,H2O,0.02251768781774569,0.11987266816361536,3.022947181463564e-08
binary,SW,48,0.12,Heavy_squalane,0.1761556191807337,0.11987266816361121,-6.891384068002549e-08
binary,SW,49,0.1225,H2O,0.02298639864748584,0.12236784520900701,3.024539696472317e-08
binary,SW,49,0.1225,Heavy_squalane,0.1798223387435,0.1223678452090028,-6.892463011251317e-08
binary,SW,50,0.125,H2O,0.0234550297592841,0.12486259787679503,3.055928005091246e-08
binary,SW,50,0.125,Heavy_squalane,0.1834884346737012,0.12486259787679076,-6.962415964214508e-08
binary,SW,51,0.1275,H2O,0.02392366636043153,0.12735737976707415,3.105070833786527e-08
binary,SW,51,0.1275,Heavy_squalane,0.1871545735470194,0.1273573797670698,-7.077064435147019e-08
binary,SW,52,0.13,H2O,0.02439230898946506,0.12985219374673987,3.106794266294344e-08
binary,SW,52,0.13,Heavy_squalane,0.1908207595764229,0.12985219374673546,-7.081538998924395e-08
binary,SW,53,0.1325,H2O,0.02486094095206986,0.13234695094378732,3.107327217755085e-08
binary,SW,53,0.1325,Heavy_squalane,0.1944868621624741,0.13234695094378282,-7.082743264349245e-08
binary,SW,54,0.135,H2O,0.02532954497697619,0.1348415594147984,3.456132585677452e-08
binary,SW,54,0.135,Heavy_squalane,0.1981527461922236,0.1348415594147938,-7.873893519043413e-08
binary,SW,55,0.1375,H2O,0.02579814088934772,0.13733612469881798,3.948525229002797e-08
binary,SW,55,0.1375,Heavy_squalane,0.2018185667577044,0.13733612469881334,-9.004992128353171e-08
binary,SW,56,0.14,H2O,0.02626670658359939,0.13983052911700247,3.965545608553001e-08
binary,SW,56,0.14,Heavy_squalane,0.2054841509271724,0.1398305291169977,-9.042319793309469e-08
binary,SW,57,0.1425,H2O,0.02673528077237279,0.14232497875568179,3.97065981205813e-08
binary,SW,57,0.1425,Heavy_squalane,0.2091498015491888,0.14232497875567698,-9.054335748222883e-08
binary,SW,58,0.145,H2O,0.02720379585671217,0.14481911375254422,3.977574347668877e-08
binary,SW,58,0.145,Heavy_squalane,0.2128149897978808,0.14481911375253934,-9.068458684110417e-08
binary,SW,59,0.1475,H2O,0.02767236408083228,0.1473135316384561,4.188301211405232e-08
binary,SW,59,0.1475,Heavy_squalane,0.2164805937584813,0.1473135316384511,-9.545578446199047e-08
binary,SW,60,0.15,H2O,0.02814089268308385,0.14980773859777827,4.204855497125237e-08
binary,SW,60,0.15,Heavy_squalane,0.2201458877576488,0.1498077385977732,-9.584131424782663e-08
binary,SW,61,0.1525,H2O,0.02860939154254022,0.15230178722165102,4.240187773119075e-08
binary,SW,61,0.1525,Heavy_squalane,0.2238109490792631,0.15230178722164595,-9.662373471143915e-08
binary,SW,62,0.155,H2O,0.02907791288202968,0.15479595551773745,4.240917245157405e-08
binary,SW,62,0.155,Heavy_squalane,0.227476186261924,0.15479595551773223,-9.66239935454006e-08
binary,SW,63,0.1575,H2O,0.02954637517587719,0.15728980948498597,4.258810376578381e-08
binary,SW,63,0.1575,Heavy_squalane,0.2311409615311904,0.1572898094849807,-9.703779501085807e-08
binary,SW,64,0.16,H2O,0.03001485898891889,0.1597837780094326,4.259767066860931e-08
binary,SW,64,0.16,Heavy_squalane,0.2348059051448715,0.15978377800942722,-9.705774154466848e-08
binary,SW,65,0.1625,H2O,0.03048327578013058,0.16227738974389022,4.289951188729546e-08
binary,SW,65,0.1625,Heavy_squalane,0.2384703244475283,0.16227738974388475,-9.775705802357906e-08
binary,SW,66,0.165,H2O,0.03095173968755787,0.1647712523010133,4.339735609759643e-08
binary,SW,66,0.165,Heavy_squalane,0.2421351123398113,0.1647712523010078,-9.888486755283086e-08
binary,SW,67,0.1675,H2O,0.03142019065913754,0.1672650459942911,4.350476645598178e-08
binary,SW,67,0.1675,Heavy_squalane,0.2457997990351034,0.16726504599428557,-9.913485023895941e-08
binary,SW,68,0.17,H2O,0.03188860408845184,0.16975863983172426,4.36328762010163e-08
binary,SW,68,0.17,Heavy_squalane,0.2494641920376746,0.1697586398317186,-9.944304850584337e-08
binary,SW,69,0.1725,H2O,0.03235703470697861,0.17225232517574454,4.363628763881522e-08
binary,SW,69,0.1725,Heavy_squalane,0.2531287195112623,0.1722523251757389,-9.946005509079915e-08
binary,SW,70,0.175,H2O,0.03282545455501767,0.1747459531831897,4.363902400550401e-08
binary,SW,70,0.175,Heavy_squalane,0.2567931627274453,0.17474595318318392,-9.948265085744442e-08
binary,SW,71,0.1775,H2O,0.03329388007718594,0.17723961139680053,4.364148181723593e-08
binary,SW,71,0.1775,Heavy_squalane,0.2604576503322775,0.17723961139679464,-9.948568524367551e-08
binary,SW,72,0.18,H2O,0.03376226264218538,0.17973304092838652,4.366073902417611e-08
binary,SW,72,0.18,Heavy_squalane,0.2641218018836599,0.17973304092838055,-9.952653839944056e-08
binary,SW,73,0.1825,H2O,0.0342306514064168,0.182226503461517,4.366584055448541e-08
binary,SW,73,0.1825,Heavy_squalane,0.2677860019315646,0.1822265034615111,-9.952801207581302e-08
binary,SW,74,0.185,H2O,0.03469901362935941,0.18471982470238296,4.383329360591048e-08
binary,SW,74,0.185,Heavy_squalane,0.2714499943472645,0.18471982470237686,-9.989683808069732e-08
binary,SW,75,0.1875,H2O,0.03516739420684334,0.18721324365345152,4.384273361024427e-08
binary,SW,75,0.1875,Heavy_squalane,0.2751141303503353,0.18721324365344533,-9.991526349279732e-08
binary,SW,76,0.19,H2O,0.03563572561958349,0.18970640087653703,4.416826854258815e-08
binary,SW,76,0.19,Heavy_squalane,0.2787778817381671,0.18970640087653076,-1.006430449079764e-07
binary,SW,77,0.1925,H2O,0.03610404489186944,0.1921994934700456,4.479354120956458e-08
binary,SW,77,0.1925,Heavy_squalane,0.2824415381513619,0.19219949347003923,-1.020708345369614e-07
binary,SW,78,0.195,H2O,0.03657237046208608,0.19469261959052023,4.479750292940565e-08
binary,SW,78,0.195,Heavy_squalane,0.2861052438331977,0.19469261959051368,-1.020712449240246e-07
binary,SW,79,0.1975,H2O,0.03704068299827118,0.19718567632446857,4.480709336895927e-08
binary,SW,79,0.1975,Heavy_squalane,0.2897688475499511,0.19718567632446193,-1.021020978415697e-07
binary,SW,80,0.2,H2O,0.03750901105672512,0.19967881569104762,4.481661358690658e-08
binary,SW,80,0.2,Heavy_squalane,0.2934325726972393,0.1996788156910408,-1.021143689587194e-07
binary,SW,81,0.2025,H2O,0.03797729290134753,0.2021717090387931,4.513404394668186e-08
binary,SW,81,0.2025,Heavy_squalane,0.2970959363142417,0.2021717090387859,-1.028349932295598e-07
binary,SW,82,0.205,H2O,0.03844559966552249,0.20466473504550775,4.526273655880431e-08
binary,SW,82,0.205,Heavy_squalane,0.300759494876624,0.20466473504550012,-1.031310506273238e-07
binary,SW,83,0.2075,H2O,0.0389138845284242,0.20715764446103055,4.53639475983536e-08
binary,SW,83,0.2075,Heavy_squalane,0.3044228821055908,0.20715764446102206,-1.033539184539179e-07
binary,SW,84,0.21,H2O,0.0393821224265388,0.20965030386001585,4.552015198111548e-08
binary,SW,84,0.21,Heavy_squalane,0.3080859019295543,0.20965030386000608,-1.037294875896824e-07
binary,SW,85,0.2125,H2O,0.03985039880119438,0.21214316808845188,4.552176141592312e-08
binary,SW,85,0.2125,Heavy_squalane,0.311749222755065,0.21214316808844005,-1.037354223366199e-07
binary,SW,86,0.215,H2O,0.04031866722720349,0.21463599000235425,4.553201610191238e-08
binary,SW,86,0.215,Heavy_squalane,0.3154124813984014,0.21463599000233885,-1.037657587950405e-07
binary,SW,87,0.2175,H2O,0.04078692357252762,0.21712874760486045,4.566317868270886e-08
binary,SW,87,0.2175,Heavy_squalane,0.3190756455346713,0.2171287476048392,-1.040890280584119e-07
binary,SW,88,0.22,H2O,0.0412551694982497,0.21962144973872755,4.598347946860315e-08
binary,SW,88,0.22,Heavy_squalane,0.3227387281585055,0.21962144973869646,-1.048013104113635e-07
binary,SW,89,0.2225,H2O,0.0417233827391663,0.2221139778753853,4.599886055389746e-08
binary,SW,89,0.2225,Heavy_squalane,0.3264015550894633,0.2221139778753377,-1.048197450405514e-07
binary,SW,90,0.225,H2O,0.04219158398802206,0.22460644217243653,4.601395198200464e-08
binary,SW,90,0.225,Heavy_squalane,0.3300642882066475,0.22460644217236148,-1.048695064362647e-07
binary,SW,91,0.2275,H2O,0.04265981492961363,0.22709906453844653,4.602196329583919e-08
binary,SW,91,0.2275,Heavy_squalane,0.3337272536097435,0.22709906453832535,-1.048880219038469e-07
binary,SW,92,0.23,H2O,0.04312802180797135,0.2295915588040907,4.618138160772389e-08
binary,SW,92,0.23,Heavy_squalane,0.3373900307663859,0.22959155880389276,-1.052410366743119e-07
binary,SW,93,0.2325,H2O,0.0435962183858916,0.2320839982354672,4.644437517908884e-08
binary,SW,93,0.2325,Heavy_squalane,0.3410527273427463,0.23208399823514117,-1.058455155133679e-07
binary,SW,94,0.235,H2O,0.04406439536547405,0.23457633333530378,4.646027601529212e-08
binary,SW,94,0.235,Heavy_squalane,0.3447152706014054,0.23457633333476502,-1.058574802001183e-07
binary,SW,95,0.2375,H2O,0.04453254863333917,0.237068542206069,4.651445700831758e-08
binary,SW,95,0.2375,Heavy_squalane,0.3483776283633596,0.23706854220517715,-1.059603575582572e-07
binary,SW,96,0.24,H2O,0.04500074121211985,0.2395609603480691,4.651917062670208e-08
binary,SW,96,0.24,Heavy_squalane,0.3520402936538229,0.23956096034659116,-1.059705572482162e-07
binary,SW,97,0.2425,H2O,0.04546891149893426,0.24205325981902726,4.677025333688078e-08
binary,SW,97,0.2425,Heavy_squalane,0.3557027845539196,0.24205325981657913,-1.065542498918601e-07
binary,SW,98,0.245,H2O,0.04593708132256517,0.24454555682423298,4.692535715555834e-08
binary,SW,98,0.245,Heavy_squalane,0.359365271829604,0.24454555682017978,-1.069033345564656e-07
binary,SW,99,0.2475,H2O,0.04640522140226162,0.24703769548792462,4.939244746537952e-08
binary,SW,99,0.2475,Heavy_squalane,0.3630275264172871,0.2470376954812212,-1.125618851075152e-07
binary,SW,100,0.25,H2O,0.04687335063435742,0.24952977640453117,4.940836539901738e-08
binary,SW,100,0.25,Heavy_squalane,0.3666896961417814,0.24952977639345555,-1.125972565135503e-07
binary,SW,101,0.2525,H2O,0.04734150342411003,0.2520219827300696,4.940184283874771e-08
binary,SW,101,0.2525,Heavy_squalane,0.3703520501533877,0.2520219827117821,-1.126039476660984e-07
binary,SW,102,0.255,H2O,0.04780963734168357,0.2545140885897663,4.95078461559828e-08
binary,SW,102,0.255,Heavy_squalane,0.3740142565212952,0.25451408855960317,-1.128692958422292e-07
binary,SW,103,0.2575,H2O,0.04827775843100343,0.257006126158393,4.968222633294772e-08
binary,SW,103,0.2575,Heavy_squalane,0.3776763625226578,0.25700612610869156,-1.132584048801838e-07
binary,SW,104,0.26,H2O,0.04874587394323482,0.2594981340374494,5.007651138200231e-08
binary,SW,104,0.26,Heavy_squalane,0.381338424876029,0.25949813395562676,-1.141691572768412e-07
binary,SW,105,0.2625,H2O,0.04921395657301726,0.2619899668671436,5.008280112850372e-08
binary,SW,105,0.2625,Heavy_squalane,0.3850002299600852,0.2619899667325905,-1.141962184959458e-07
binary,SW,106,0.265,H2O,0.04968206119798606,0.264481916787975,5.008149617236057e-08
binary,SW,106,0.265,Heavy_squalane,0.3886622070624821,0.2644819165668333,-1.142006102117015e-07
binary,SW,107,0.2675,H2O,0.05015014891170569,0.26697377668195393,5.02223244103206e-08
binary,SW,107,0.2675,Heavy_squalane,0.3923240517869472,0.26697377631881836,-1.145196116611552e-07
binary,SW,108,0.27,H2O,0.05061822369151346,0.26946556772239266,5.041472239675215e-08
binary,SW,108,0.27,Heavy_squalane,0.3959857951962666,0.26946556712655456,-1.149594316059811e-07
binary,SW,109,0.2725,H2O,0.0510863232366967,0.27195749060104046,5.04248505173166e-08
binary,SW,109,0.2725,Heavy_squalane,0.399647732126207,0.2719574896237214,-1.149869707537605e-07
binary,SW,110,0.275,H2O,0.05155437098580524,0.2744491377438434,5.526894297780416e-08
binary,SW,110,0.275,Heavy_squalane,0.4033092634993447,0.2744491361423173,-1.260775271666749e-07
binary,SW,111,0.2775,H2O,0.05202242941270273,0.27694084172974065,5.552000958974901e-08
binary,SW,111,0.2775,Heavy_squalane,0.4069708778197716,0.27694083910596407,-1.266355805914542e-07
binary,SW,112,0.28,H2O,0.05249049147283753,0.27943256505713754,5.552285686771796e-08
binary,SW,112,0.28,Heavy_squalane,0.410632519605216,0.27943256075936335,-1.26636144193717e-07
binary,SW,113,0.2825,H2O,0.05295852151942311,0.2819241179607505,5.590908991326415e-08
binary,SW,113,0.2825,Heavy_squalane,0.4142939093838925,0.2819241109239176,-1.27530028866137e-07
binary,SW,114,0.285,H2O,0.05342657481987582,0.28441579465607425,5.657811630310761e-08
binary,SW,114,0.285,Heavy_squalane,0.4179554785095969,0.28441578313287147,-1.290949406591694e-07
binary,SW,115,0.2875,H2O,0.05389459890851341,0.28690731584261536,5.979138695266784e-08
binary,SW,115,0.2875,Heavy_squalane,0.4216168149170031,0.28690729697864925,-1.364332545674283e-07
binary,SW,116,0.29,H2O,0.05436263328853695,0.2893988918152386,6.098456428738075e-08
binary,SW,116,0.29,Heavy_squalane,0.4252782249613221,0.2893988609338317,-1.392740976660727e-07
binary,SW,117,0.2925,H2O,0.05483065259568614,0.2918903875475778,6.368742311302356e-08
binary,SW,117,0.2925,Heavy_squalane,0.4289395058598907,0.2918903370062333,-1.454512525055001e-07
binary,SW,118,0.295,H2O,0.05529866237066005,0.2943818325354847,6.369160610031344e-08
binary,SW,118,0.295,Heavy_squalane,0.4326006938428255,0.2943817498501952,-1.45451078287428e-07
binary,SW,119,0.2975,H2O,0.05576667566787772,0.2968732962740183,6.491587534185328e-08
binary,SW,119,0.2975,Heavy_squalane,0.4362618793883987,0.29687316103554956,-1.482579503730057e-07
binary,SW,120,0.3,H2O,0.05623467666355229,0.2993646945254199,6.507631633567712e-08
binary,SW,120,0.3,Heavy_squalane,0.4399229197733827,0.29936447344013717,-1.48626199932144e-07
binary,SW,121,0.3025,H2O,0.05670268301230812,0.3018561212738919,6.508499805768508e-08
binary,SW,121,0.3025,Heavy_squalane,0.4435839221878971,0.30185576000608544,-1.486263002624127e-07
binary,SW,122,0.305,H2O,0.05717071458773292,0.304347682316264,6.547340225537823e-08
binary,SW,122,0.305,Heavy_squalane,0.4472449910702592,0.30434709180293973,-1.4949610400823e-07
binary,SW,123,0.3075,H2O,0.05763872602246074,0.306839136139853,6.567840127313929e-08
binary,SW,123,0.3075,Heavy_squalane,0.4509056888428744,0.30683817106220396,-1.499371427240618e-07
binary,SW,124,0.31,H2O,0.0581067887704522,0.30933086312904734,6.658627493827396e-08
binary,SW,124,0.31,Heavy_squalane,0.4545664360686987,0.3093292839740314,-1.520563721503598e-07
binary,SW,125,0.3125,H2O,0.05857488627151376,0.31182277512583545,6.659794415941889e-08
binary,SW,125,0.3125,Heavy_squalane,0.4582268816653737,0.3118201916293301,-1.520997105956741e-07
binary,SW,126,0.315,H2O,0.05904305771045904,0.31431508073014985,6.70176718564619e-08
binary,SW,126,0.315,Heavy_squalane,0.4618869717636721,0.3143108573704672,-1.530643615006336e-07
binary,SW,127,0.3175,H2O,0.05951137869893243,0.3168081824597637,6.847010280974786e-08
binary,SW,127,0.3175,Heavy_squalane,0.4655466909544967,0.3168012707116597,-1.563867572518184e-07
binary,SW,128,0.32,H2O,0.0599799040153513,0.31930237192699096,6.855451484266695e-08
binary,SW,128,0.32,Heavy_squalane,0.4692055299545503,0.3192910850891818,-1.565692821866802e-07
binary,SW,129,0.3225,H2O,0.06044878520521726,0.32179845588267436,6.884215275615446e-08
binary,SW,129,0.3225,Heavy_squalane,0.4728630899625092,0.32178002912151904,-1.57231471630952e-07
binary,SW,130,0.325,H2O,0.0609182606275138,0.3242977032282911,6.885199455020086e-08
binary,SW,130,0.325,Heavy_squalane,0.4765187183809034,0.3242676587206523,-1.572418084439817e-07
binary,SW,131,0.3275,H2O,0.06138866854031394,0.32680191467704345,6.885583891946823e-08
binary,SW,131,0.3275,Heavy_squalane,0.4801711534322045,0.3267531152557887,-1.572424114832929e-07
binary,SW,132,0.33,H2O,0.06186067703859302,0.32931464682532485,7.006781299612186e-08
binary,SW,132,0.33,Heavy_squalane,0.4838183169551931,0.32923498455273736,-1.600088349828264e-07
binary,SW,133,0.3325,H2O,0.06233508489898496,0.33184015195192834,7.019180825462712e-08
binary,SW,133,0.3325,Heavy_squalane,0.4874573715626437,0.3317113357893143,-1.603124792527669e-07
binary,SW,134,0.335,H2O,0.06281359938788524,0.33438751867109123,7.062252838085925e-08
binary,SW,134,0.335,Heavy_squalane,0.4910828545923678,0.3341784516620644,-1.61278358976869e-07
binary,SW,135,0.3375,H2O,0.06329917990983011,0.3369725013409345,7.063302032150887e-08
binary,SW,135,0.3375,Heavy_squalane,0.4946851233820774,0.336629770406668,-1.612853671368025e-07
binary,SW,136,0.34,H2O,0.0637947911046357,0.33961088218953495,7.072883811964914e-08
binary,SW,136,0.34,Heavy_squalane,0.4982538955524832,0.3390582949358553,-1.615142457890847e-07
binary,SW,137,0.3425,H2O,0.06430733103090953,0.34233938295746935,7.174796812225992e-08
binary,SW,137,0.3425,Heavy_squalane,0.5017668636780335,0.34144884520238633,-1.639280049185948e-07
binary,SW,138,0.345,H2O,0.06483806251325469,0.3451647262778882,7.26863419453494e-08
binary,SW,138,0.345,Heavy_squalane,0.5052192003819079,0.3437981362100606,-1.661900526692898e-07
binary,SW,139,0.3475,H2O,0.06540349020865449,0.34817477451418016,7.324291628751922e-08
binary,SW,139,0.3475,Heavy_squalane,0.5085565144626439,0.34606915512628017,-1.699402041793303e-07
binary,SW,140,0.35,H2O,0.06601303393953845,0.3514196739894221,7.325228501553482e-08
binary,SW,140,0.35,Heavy_squalane,0.5117473165759563,0.3482404736722552,-1.699733733812957e-07
binary,SW,141,0.3525,H2O,0.06680093927840133,0.35561407956046914,7.54139970471357e-08
binary,SW,141,0.3525,Heavy_squalane,0.5150876250757292,0.3505135302697093,-1.704355716601513e-07
binary,SW,142,0.355,H2O,0.06773562699864598,0.36058987955522676,7.542345381583715e-08
binary,SW,142,0.355,Heavy_squalane,0.5182603704948952,0.35267256136146846,-1.704354630193934e-07
binary,SW,143,0.3575,H2O,0.06881145111783772,0.3663170176471162,7.54124823698632e-08
binary,SW,143,0.3575,Heavy_squalane,0.5212720159782932,0.35472196507244186,-1.704353667688193e-07
binary,SW,144,0.36,H2O,0.07002698210567815,0.37278788374701644,7.541469326799444e-08
binary,SW,144,0.36,Heavy_squalane,0.524123963628049,0.35666269552333035,-1.704350184837749e-07
binary,SW,145,0.3625,H2O,0.07137417344864902,0.3799596423270237,7.558968528886822e-08
binary,SW,145,0.3625,Heavy_squalane,0.5268254986080539,0.35850107120329244,-1.704316015883941e-07
binary,SW,146,0.365,H2O,0.07283093583800583,0.3877147011903491,7.562813220118869e-08
binary,SW,146,0.365,Heavy_squalane,0.5294022505041207,0.36025453286641573,-1.70406118757825e-07
binary,SW,147,0.3675,H2O,0.07439162133066247,0.39602299357290727,7.564127846304558e-08
binary,SW,147,0.3675,Heavy_squalane,0.5318602860846858,0.36192720890623664,-1.703941452317361e-07
binary,SW,148,0.37,H2O,0.07604463017303778,0.4048227683116537,7.573846949604501e-08
binary,SW,148,0.37,Heavy_squalane,0.5342127347778013,0.3635280338068175,-1.705980092361868e-07
binary,SW,149,0.3725,H2O,0.0777788144916806,0.4140546798225411,7.574857452397055e-08
binary,SW,149,0.3725,Heavy_squalane,0.5364725146921618,0.36506579825087426,-1.706076612649122e-07
binary,SW,150,0.375,H2O,0.07958493921142605,0.4236695652825628,7.580894612058131e-08
binary,SW,150,0.375,Heavy_squalane,0.5386501096143272,0.36654763638191723,-1.707216155984626e-07
binary,SW,151,0.3775,H2O,0.08145727479044945,0.4336369235376286,7.581260619282659e-08
binary,SW,151,0.3775,Heavy_squalane,0.5407520122612628,0.3679779664484808,-1.70743341256896e-07
binary,SW,152,0.38,H2O,0.08338480264456928,0.4438980972737233,7.578703520305652e-08
binary,SW,152,0.38,Heavy_squalane,0.5427910828526055,0.36936553974018155,-1.70780414500005e-07
binary,SW,153,0.3825,H2O,0.08536135984959926,0.4544202782304306,7.580027516773669e-08
binary,SW,153,0.3825,Heavy_squalane,0.5447743428497618,0.3707151343124521,-1.708219325704504e-07
binary,SW,154,0.385,H2O,0.08738158745156574,0.4651749380740871,7.581403327350245e-08
binary,SW,154,0.385,Heavy_squalane,0.5467078980880843,0.3720309051435923,-1.708648483140676e-07
binary,SW,155,0.3875,H2O,0.08944441337651036,0.47615636963054186,7.580503935677996e-08
binary,SW,155,0.3875,Heavy_squalane,0.5485926238812376,0.3733134478784356,-1.708564229135378e-07
binary,SW,156,0.39,H2O,0.09154346062993517,0.48733062503838376,7.58039366832719e-08
binary,SW,156,0.39,Heavy_squalane,0.5504361068809533,0.3745679251804821,-1.708563710107557e-07
binary,SW,157,0.3925,H2O,0.09367492305520175,0.4986774422638113,7.582223171542779e-08
binary,SW,157,0.3925,Heavy_squalane,0.5522426828174914,0.3757972874838828,-1.708718322980327e-07
binary,SW,158,0.395,H2O,0.09583879132985171,0.5101967716788176,7.582870031885847e-08
binary,SW,158,0.395,Heavy_squalane,0.5540120131972391,0.3770013044460989,-1.708671543992513e-07
binary,SW,159,0.3975,H2O,0.09802997012981747,0.5218614883807007,7.582289818230947e-08
binary,SW,159,0.3975,Heavy_squalane,0.5557502301995088,0.3781841489723109,-1.708662885218338e-07
binary,SW,160,0.4,H2O,0.100246133251341,0.5336592088488508,-7.552916769792972e-08
binary,SW,160,0.4,Heavy_squalane,0.5574599475526401,0.3793475996863934,-7.773761583873618e-08
binary,SW,161,0.4025,H2O,0.102485310026572,0.5455794422542276,-2.121080580064216e-07
binary,SW,161,0.4025,Heavy_squalane,0.5591434438410959,0.38049320714915447,2.286027440430149e-09
binary,SW,162,0.405,H2O,0.1047458076915248,0.5576131771860161,-3.363967967517922e-07
binary,SW,162,0.405,Heavy_squalane,0.5608026487633443,0.3816222845069199,7.192660785359725e-08
binary,SW,163,0.4075,H2O,0.1070261872307299,0.5697527530608892,-4.50362157233819e-07
binary,SW,163,0.4075,Heavy_squalane,0.5624392026023125,0.38273594796076205,1.332851037085852e-07
binary,SW,164,0.41,H2O,0.1093252202298221,0.5819916304282269,-5.556733073674991e-07
binary,SW,164,0.41,Heavy_squalane,0.5640545053264101,0.38383515017940295,1.879771438248396e-07
binary,SW,165,0.4125,H2O,0.1116418498588341,0.5943241832650996,-6.536891139496959e-07
binary,SW,165,0.4125,Heavy_squalane,0.5656497612184669,0.38492071066889477,2.372368379535742e-07
binary,SW,166,0.415,H2O,0.1139751574013354,0.6067455207945014,-7.45488538678174e-07
binary,SW,166,0.415,Heavy_squalane,0.5672260170941286,0.3859933417799709,2.820026351607697e-07
binary,SW,167,0.4175,H2O,0.1163243347749446,0.619251341198593,-8.319401447742791e-07
binary,SW,167,0.4175,Heavy_squalane,0.5687841936658459,0.38705367005102165,3.229909074666285e-07
binary,SW,168,0.42,H2O,0.1186886627254452,0.6318378155353126,-9.137135477121916e-07
binary,SW,168,0.42,Heavy_squalane,0.5703251104200716,0.3881022531368529,3.607547842555704e-07
binary,SW,169,0.4225,H2O,0.1210674939481458,0.644501497885119,-9.913074171530312e-07
binary,SW,169,0.4225,Heavy_squalane,0.5718495048547612,0.38913959289967087,3.957263877685397e-07
binary,SW,170,0.425,H2O,0.1234602402394927,0.65723925695274,-1.065140698974787e-06
binary,SW,170,0.425,Heavy_squalane,0.5733580471233272,0.3901661453741909,4.28249168762911e-07
binary,SW,171,0.4275,H2O,0.1258663627946237,0.6700482244163046,-1.135558773235346e-06
binary,SW,171,0.4275,Heavy_squalane,0.5748513510958836,0.39118232829473687,4.586025900251035e-07
binary,SW,172,0.43,H2O,0.128285364868296,0.6829257558578719,-1.202839038372261e-06
binary,SW,172,0.43,Heavy_squalane,0.5763299827147336,0.3921885267810922,4.870173016259324e-07
binary,SW,173,0.4325,H2O,0.1307167861910786,0.6958694010380916,-1.267241869662428e-06
binary,SW,173,0.4325,Heavy_squalane,0.5777944663640755,0.39318509767304016,5.136888738527965e-07
binary,SW,174,0.435,H2O,0.1331601986332494,0.7088768808130071,-1.328977117243113e-06
binary,SW,174,0.435,Heavy_squalane,0.579245289802477,0.39417237288687856,5.387842867195397e-07
binary,SW,175,0.4375,H2O,0.1356152027725238,0.7219460688623957,-1.388221516074317e-06
binary,SW,175,0.4375,Heavy_squalane,0.5806829080749738,0.39515066207757504,5.624481313289904e-07
binary,SW,176,0.44,H2O,0.1380814251065735,0.7350749768506419,-1.445159719892786e-06
binary,SW,176,0.44,Heavy_squalane,0.5821077466974895,0.39612025480574276,5.84808692471055e-07
binary,SW,177,0.4425,H2O,0.1405585157158228,0.7482617419846599,-1.499944759619787e-06
binary,SW,177,0.4425,Heavy_squalane,0.5835202043110453,0.3970814223438116,6.059788830994461e-07
binary,SW,178,0.445,H2O,0.1430461462696006,0.761504616399664,-1.552710605978724e-06
binary,SW,178,0.445,Heavy_squalane,0.5849206549558457,0.39803441922352756,6.26058933379315e-07
binary,SW,179,0.4475,H2O,0.1455440082862217,0.7748019578967315,-1.603613038358986e-06
binary,SW,179,0.4475,Heavy_squalane,0.5863094500575265,0.39897948458758065,6.451388976596228e-07
binary,SW,180,0.45,H2O,0.1480518115869006,0.7881522217122281,-1.652768869320198e-06
binary,SW,180,0.45,Heavy_squalane,0.5876869201878238,0.39991684338772765,6.632997167803007e-07
binary,SW,181,0.4525,H2O,0.1505692829079724,0.8015539531299821,-1.700268846271946e-06
binary,SW,181,0.4525,Heavy_squalane,0.5890533766455955,0.4008467074606667,6.806142062649578e-07
binary,SW,182,0.455,H2O,0.1530961646444639,0.8150057807926978,-1.746249362888364e-06
binary,SW,182,0.455,Heavy_squalane,0.5904091128892074,0.40176927650276534,6.971480949809222e-07
binary,SW,183,0.4575,H2O,0.1556322137035189,0.8285064105981776,-1.790786122612964e-06
binary,SW,183,0.4575,Heavy_squalane,0.5917544058428236,0.40268473895898266,7.129607440721009e-07
binary,SW,184,0.46,H2O,0.158177200457581,0.8420546201266027,-1.833978122811608e-06
binary,SW,184,0.46,Heavy_squalane,0.5930895170941554,0.4035932728379286,7.281068427520619e-07
binary,SW,185,0.4625,H2O,0.1607309077713117,0.8556492534603409,-1.87590880751376e-06
binary,SW,185,0.4625,Heavy_squalane,0.5944146939897005,0.4044950464571669,7.426340923973628e-07
binary,SW,186,0.465,H2O,0.1632931301241542,0.8692892165129256,-1.916661655942953e-06
binary,SW,186,0.465,Heavy_squalane,0.595730170654208,0.40539021913695344,7.565878903392249e-07
binary,SW,187,0.4675,H2O,0.1658636727787452,0.8829734726021041,-1.956298294691905e-06
binary,SW,187,0.4675,Heavy_squalane,0.597036168921337,0.4062789418335436,7.700082101814639e-07
binary,SW,188,0.47,H2O,0.168442351026104,0.8967010384316103,-1.994895667434271e-06
binary,SW,188,0.47,Heavy_squalane,0.5983328992023199,0.4071613577303109,7.829318031735097e-07
binary,SW,189,0.4725,H2O,0.1710289894804309,0.9104709803370319,-2.03251510477731e-06
binary,SW,189,0.4725,Heavy_squalane,0.5996205612876593,0.40803760278329665,7.953921729011907e-07
binary,SW,190,0.475,H2O,0.1736234214265103,0.9242824108117169,-2.069199994680915e-06
binary,SW,190,0.475,Heavy_squalane,0.600899345090853,0.40890780622730916,8.074199330155148e-07
binary,SW,191,0.4775,H2O,0.1762254882151774,0.9381344852885485,-2.105017639086881e-06
binary,SW,191,0.4775,Heavy_squalane,0.6021694313382925,0.40977209104539536,8.190433159857046e-07
binary,SW,192,0.48,H2O,0.1788350386996476,0.9520263991392492,-2.14001503362482e-06
binary,SW,192,0.48,Heavy_squalane,0.6034309922072111,0.4106305744029596,8.30287552607859e-07
binary,SW,193,0.4825,H2O,0.1814519287185985,0.9659573849225749,-2.174229160267771e-06
binary,SW,193,0.4825,Heavy_squalane,0.6046841919187089,0.41148336805131314,8.411759544083868e-07
binary,SW,194,0.485,H2O,0.1840760206147974,0.9799267098217319,-2.207700197875972e-06
binary,SW,194,0.485,Heavy_squalane,0.6059291872856293,0.41233057870050027,8.517299999975447e-07
binary,SW,195,0.4875,H2O,0.1867071827891127,0.9939336732701635,-2.240485537319259e-06
binary,SW,195,0.4875,Heavy_squalane,0.6071661282189009,0.41317230836386076,8.61969178001192e-07
binary,SW,196,0.49,H2O,0.1893452892918826,1.0079776047762035,-2.272595568175717e-06
binary,SW,196,0.49,Heavy_squalane,0.6083951581971935,0.4140086546776269,8.719119767644961e-07
binary,SW,197,0.4925,H2O,0.1919902194377966,1.0220578618729037,-2.304086516358161e-06
binary,SW,197,0.4925,Heavy_squalane,0.6096164146972557,0.41483971119376567,8.815743850641445e-07
binary,SW,198,0.495,H2O,0.1946418574597217,1.0361738282751805,-2.334979319784658e-06
binary,SW,198,0.495,Heavy_squalane,0.6108300295957211,0.4156655676534049,8.909714893843543e-07
binary,SW,199,0.4975,H2O,0.1973000921851942,1.0503249121576224,-2.365317030239567e-06
binary,SW,199,0.4975,Heavy_squalane,0.6120361295383305,0.41648631023808647,9.001177440833193e-07
binary,SW,200,0.5,H2O,0.1999648167327913,1.0645105445381287,-2.39510786581576e-06
binary,SW,200,0.5,Heavy_squalane,0.6132348362785462,0.4173020218001907,9.090256615845738e-07
binary,SW,201,0.5025,H2O,0.2026359282421004,1.0787301778404026,-2.424377116727605e-06
binary,SW,201,0.5025,Heavy_squalane,0.6144262669947353,0.4181127820787779,9.177077706304304e-07
binary,SW,202,0.505,H2O,0.2053133276121836,1.0929832845016703,-2.453157296966602e-06
binary,SW,202,0.505,Heavy_squalane,0.6156105345773017,0.41891866789497917,9.261746333237241e-07
binary,SW,203,0.5075,H2O,0.2079969192724961,1.1072693557531677,-2.481465612325096e-06
binary,SW,203,0.5075,Heavy_squalane,0.6167877478989559,0.4197197533359133,9.344367007844852e-07
binary,SW,204,0.51,H2O,0.2106866109616951,1.1215879004426315,-2.509306945897016e-06
binary,SW,204,0.51,Heavy_squalane,0.6179580120593117,0.4205161099211334,9.425030167891845e-07
binary,SW,205,0.5125,H2O,0.2133823135345624,1.1359384440064544,-2.536710577816237e-06
binary,SW,205,0.5125,Heavy_squalane,0.6191214286150312,0.4213078067592384,9.503831836547126e-07
binary,SW,206,0.515,H2O,0.2160839407681916,1.1503205274379245,-2.563693753621088e-06
binary,SW,206,0.515,Heavy_squalane,0.6202780957848505,0.4220949106873921,9.58084489151187e-07
binary,SW,207,0.5175,H2O,0.218791409203737,1.1647337064447774,-2.590264059576519e-06
binary,SW,207,0.5175,Heavy_squalane,0.621428108647116,0.4228774864057448,9.656151767549756e-07
binary,SW,208,0.52,H2O,0.2215046379831073,1.1791775505798359,-2.616455607395984e-06
binary,SW,208,0.52,Heavy_squalane,0.6225715593135468,0.42365559659567803,9.729822343786385e-07
binary,SW,209,0.5225,H2O,0.2242235487072523,1.1936516424866026,-2.629222407017851e-06
binary,SW,209,0.5225,Heavy_squalane,0.623708537093437,0.42442930203154233,9.801919396145644e-07
binary,SW,210,0.525,H2O,0.2269480653071522,1.2081555772124708,-2.637649689198734e-06
binary,SW,210,0.525,Heavy_squalane,0.6248391286467142,0.4251986616848131,9.87251032420538e-07
binary,SW,211,0.5275,H2O,0.2296781139144541,1.2226889615200611,-2.645603900937927e-06
binary,SW,211,0.5275,Heavy_squalane,0.6259634181224386,0.42596373281833777,9.941651202613245e-07
binary,SW,212,0.53,H2O,0.2324136227502967,1.2372514132953796,-2.653117198620472e-06
binary,SW,212,0.53,Heavy_squalane,0.6270814872923526,0.42672457107721584,1.000939967594384e-06
binary,SW,213,0.5325,H2O,0.2351545220131636,1.2518425609508068,-2.660195384136606e-06
binary,SW,213,0.5325,Heavy_squalane,0.6281934156728537,0.4274812305718004,1.007580482670148e-06
binary,SW,214,0.535,H2O,0.2379007437784702,1.2664620428905493,-2.666859181472729e-06
binary,SW,214,0.535,Heavy_squalane,0.6292992806417452,0.4282337639571458,1.014091165996228e-06
binary,SW,215,0.5375,H2O,0.2406522219059191,1.2811095070174476,-2.673139326800801e-06
binary,SW,215,0.5375,Heavy_squalane,0.6303991575488893,0.4289822225083069,1.020477039978955e-06
binary,SW,216,0.54,H2O,0.2434088919437235,1.2957846102231103,-2.679037445143249e-06
binary,SW,216,0.54,Heavy_squalane,0.6314931198168611,0.4297266561888331,1.026742174567058e-06
binary,SW,217,0.5425,H2O,0.2461706910485177,1.3104870179615575,-2.68457797803876e-06
binary,SW,217,0.5425,Heavy_squalane,0.6325812390393788,0.4304671137177496,1.032890971675526e-06
binary,SW,218,0.545,H2O,0.2489375579002085,1.325216403795935,-2.68976949354967e-06
binary,SW,218,0.545,Heavy_squalane,0.6336635850694083,0.4312036426295115,1.038926630691577e-06
binary,SW,219,0.5475,H2O,0.2517094326356615,1.3399724490454925,-2.694638913090347e-06
binary,SW,219,0.5475,Heavy_squalane,0.6347402261063484,0.4319362893333332,1.044853194365972e-06
binary,SW,220,0.55,H2O,0.25448625677311,1.3547548423831761,-2.69918077733899e-06
binary,SW,220,0.55,Heavy_squalane,0.6358112287712565,0.432665099164379,1.050673684543658e-06
binary,SW,221,0.5525,H2O,0.257267973154494,1.36956327952867,-2.70340757350676e-06
binary,SW,221,0.5525,Heavy_squalane,0.6368766581806241,0.4333901164339663,1.056391512831524e-06
binary,SW,222,0.555,H2O,0.2600545258848393,1.3843974629256817,-2.707337296916076e-06
binary,SW,222,0.555,Heavy_squalane,0.6379365780106153,0.43411138447327996,1.062009673725452e-06
binary,SW,223,0.5575,H2O,0.2628458602822972,1.39925710147598,-2.710976725402939e-06
binary,SW,223,0.5575,Heavy_squalane,0.638991050557055,0.4348289456741935,1.06753128879626e-06
binary,SW,224,0.56,H2O,0.2656419228279924,1.4141419102724098,-2.714351152298875e-06
binary,SW,224,0.56,Heavy_squalane,0.6400401367872302,0.4355428415245199,1.072958716485213e-06
binary,SW,225,0.5625,H2O,0.2684426611288608,1.4290516104010587,-2.717444805293414e-06
binary,SW,225,0.5625,Heavy_squalane,0.6410838963888608,0.43625311264133554,1.078294700009223e-06
binary,SW,226,0.565,H2O,0.2712480238788296,1.4439859287346029,-2.720283588003338e-06
binary,SW,226,0.565,Heavy_squalane,0.6421223878112747,0.4369597987989997,1.083541864802905e-06
binary,SW,227,0.5675,H2O,0.2740579608265729,1.45894459776065,-2.722879265979181e-06
binary,SW,227,0.5675,Heavy_squalane,0.6431556683024672,0.43766293895437314,1.088702781376099e-06
binary,SW,228,0.57,H2O,0.276872422745106,1.4739273554198786,-2.725243743829136e-06
binary,SW,228,0.57,Heavy_squalane,0.6441837939412388,0.43836257126868794,1.093779574040924e-06
binary,SW,229,0.5725,H2O,0.279691361409481,1.488933944987299,-2.727372034438518e-06
binary,SW,229,0.5725,Heavy_squalane,0.6452068196675804,0.439058733128224,1.098774748485404e-06
binary,SW,230,0.575,H2O,0.2825147295700111,1.503964114929713,-2.729271416242262e-06
binary,SW,230,0.575,Heavy_squalane,0.6462247993076332,0.4397514611612944,1.103690284419149e-06
binary,SW,231,0.5775,H2O,0.2853424809351051,1.5190176188143343,-2.730956758577192e-06
binary,SW,231,0.5775,Heavy_squalane,0.6472377855992276,0.4404407912556242,1.108528630338907e-06
binary,SW,232,0.58,H2O,0.2881745701481188,1.5340942151855568,-2.732426445400601e-06
binary,SW,232,0.58,Heavy_squalane,0.6482458302131558,0.44112675857282657,1.113291866511207e-06
binary,SW,233,0.5825,H2O,0.2910109527678938,1.5491936674613531,-2.733701366949703e-06
binary,SW,233,0.5825,Heavy_squalane,0.6492489837744065,0.44180939756285265,1.11798156603609e-06
binary,SW,234,0.585,H2O,0.2938515852550891,1.5643157438605115,-2.734793810455328e-06
binary,SW,234,0.585,Heavy_squalane,0.6502472958846918,0.44248874197932087,1.122599916234298e-06
binary,SW,235,0.5875,H2O,0.2966964249521516,1.579460217296008,-2.735695724621905e-06
binary,SW,235,0.5875,Heavy_squalane,0.6512408151424895,0.443164824893156,1.127149269276451e-06
binary,SW,236,0.59,H2O,0.2995454300608345,1.5946268652553268,-2.736420224538402e-06
binary,SW,236,0.59,Heavy_squalane,0.6522295891624528,0.4438376787057968,1.13163114802191e-06
binary,SW,237,0.5925,H2O,0.3023985596279138,1.6098154697244216,-2.736958635248581e-06
binary,SW,237,0.5925,Heavy_squalane,0.6532136645982247,0.44450733516472146,1.136047295709093e-06
binary,SW,238,0.595,H2O,0.3052557735257595,1.6250258170842875,-2.737343487106044e-06
binary,SW,238,0.595,Heavy_squalane,0.654193087164245,0.44517382537828676,1.140399613173515e-06
binary,SW,239,0.5975,H2O,0.3081170324306711,1.6402576979956285,-2.737560620788498e-06
binary,SW,239,0.5975,Heavy_squalane,0.6551679016577188,0.44583717983067794,1.144689734483987e-06
binary,SW,240,0.6,H2O,0.3109822978037379,1.6555109072969694,-2.737635780796011e-06
binary,SW,240,0.6,Heavy_squalane,0.656138151982447,0.44649742839812473,1.148919338208216e-06
binary,SW,241,0.6025,H2O,0.313851531867667,1.6707852438812996,-2.737560253141809e-06
binary,SW,241,0.6025,Heavy_squalane,0.6571038811722846,0.4471546003648648,1.153089692829041e-06
binary,SW,242,0.605,H2O,0.3167246975912824,1.6860805106135526,-2.737335238565535e-06
binary,SW,242,0.605,Heavy_squalane,0.6580651314180859,0.44780872444147973,1.157203090757113e-06
binary,SW,243,0.6075,H2O,0.3196017586554787,1.7013965141493625,-2.736980546054071e-06
binary,SW,243,0.6075,Heavy_squalane,0.6590219440892197,0.44845982877953594,1.161260174997643e-06
binary,SW,244,0.61,H2O,0.3224826794423802,1.7167330648773529,-2.736499455776062e-06
binary,SW,244,0.61,Heavy_squalane,0.659974359763451,0.44910794099191914,1.165262644743457e-06
binary,SW,245,0.6125,H2O,0.3253674250082529,1.7320899767749323,-2.735893959122494e-06
binary,SW,245,0.6125,Heavy_squalane,0.6609224182518384,0.44975308816977644,1.169212335026106e-06
binary,SW,246,0.615,H2O,0.3282559610572155,1.747467067268347,-2.735154659712565e-06
binary,SW,246,0.615,Heavy_squalane,0.6618661586241097,0.45039529689978475,1.173110508133337e-06
binary,SW,247,0.6175,H2O,0.3311482539178291,1.7628641571080548,-2.73430869582437e-06
binary,SW,247,0.6175,Heavy_squalane,0.6628056192350023,0.4510345932820748,1.176957822482541e-06
binary,SW,248,0.62,H2O,0.3340442705281576,1.778281070289196,-2.733352138363603e-06
binary,SW,248,0.62,Heavy_squalane,0.6637408377531318,0.45167100294987644,1.180756116958312e-06
binary,SW,249,0.6225,H2O,0.3369439784026056,1.7937176338750538,-2.73228223240173e-06
binary,SW,249,0.6225,Heavy_squalane,0.6646718511835578,0.45230455108487416,1.184506116235301e-06
binary,SW,250,0.625,H2O,0.3398473456165684,1.8091736779153396,-2.731114989522728e-06
binary,SW,250,0.625,Heavy_squalane,0.6655986958954847,0.4529352624360575,1.188208974187151e-06
binary,SW,251,0.6275,H2O,0.3427543407819841,1.8246490353160443,-2.729839218724571e-06
binary,SW,251,0.6275,Heavy_squalane,0.6665214076463053,0.4535631613360823,1.191865697214093e-06
binary,SW,252,0.63,H2O,0.3456649330277555,1.8401435417352154,-2.728462244693299e-06
binary,SW,252,0.63,Heavy_squalane,0.6674400216063101,0.45418827171808573,1.195477507411331e-06
binary,SW,253,0.6325,H2O,0.3485790919767376,1.8556570354604487,-2.726999227044112e-06
binary,SW,253,0.6325,Heavy_squalane,0.6683545723813035,0.4548106171310758,1.199045312057627e-06
binary,SW,254,0.635,H2O,0.3514967877263703,1.8711893573057883,-2.725437434982284e-06
binary,SW,254,0.635,Heavy_squalane,0.6692650940352783,0.4554302207553617,1.202569791782041e-06
binary,SW,255,0.6375,H2O,0.3544179908332092,1.8867403505293758,-2.723791434669376e-06
binary,SW,255,0.6375,Heavy_squalane,0.6701716201131173,0.4560471054180017,1.206052156062941e-06
binary,SW,256,0.64,H2O,0.3573426722893101,1.9023098607077331,-2.722060281463062e-06
binary,SW,256,0.64,Heavy_squalane,0.6710741836595238,0.45666129360568564,1.209492973791082e-06
binary,SW,257,0.6425,H2O,0.3602708035097081,1.9178977356691078,-2.720246731544781e-06
binary,SW,257,0.6425,Heavy_squalane,0.6719728172401225,0.4572728074790936,1.212893171963754e-06
binary,SW,258,0.645,H2O,0.363202356313608,1.9335038253933408,-2.718347204384567e-06
binary,SW,258,0.645,Heavy_squalane,0.67286755295933,0.45788166888505677,1.21625352564739e-06
binary,SW,259,0.6475,H2O,0.3661373029097838,1.9491279819341405,-2.716373496985994e-06
binary,SW,259,0.6475,Heavy_squalane,0.6737584224782394,0.45848789936872775,1.219574837030844e-06
binary,SW,260,0.65,H2O,0.3690756158791326,1.9647700593262083,-2.714331642386894e-06
binary,SW,260,0.65,Heavy_squalane,0.6746454570303809,0.45909152018430577,1.222857354975488e-06
binary,SW,261,0.6525,H2O,0.3720172681684842,1.980429913552284,-2.712227228485561e-06
binary,SW,261,0.6525,Heavy_squalane,0.6755286874396622,0.45969255230724454,1.226102322957146e-06
binary,SW,262,0.655,H2O,0.3749622330690277,1.9961074024283019,-2.71003802221309e-06
binary,SW,262,0.655,Heavy_squalane,0.6764081441324746,0.4602910164424908,1.229310213767101e-06
binary,SW,263,0.6575,H2O,0.3779104842076544,2.0118023855573015,-2.70778930296556e-06
binary,SW,263,0.6575,Heavy_squalane,0.6772838571525496,0.46088693303459394,1.232481437716865e-06
binary,SW,264,0.66,H2O,0.3808619955369448,2.0275147242761262,-2.705474141057061e-06
binary,SW,264,0.66,Heavy_squalane,0.6781558561743032,0.46148032227678676,1.235616622097268e-06
binary,SW,265,0.6625,H2O,0.3838167413236535,2.0432442815941223,-2.703087398127962e-06
binary,SW,265,0.6625,Heavy_squalane,0.6790241705147005,0.4620712041190592,1.238716428347695e-06
binary,SW,266,0.665,H2O,0.3867746961392243,2.058990922142645,-2.700646848663755e-06
binary,SW,266,0.665,Heavy_squalane,0.6798888291447184,0.46265959827595854,1.241781653746252e-06
binary,SW,267,0.6675,H2O,0.3897358348467712,2.0747545121057525,-2.698140598221582e-06
binary,SW,267,0.6675,Heavy_squalane,0.6807498606988457,0.4632455242330545,1.244812486638844e-06
binary,SW,268,0.67,H2O,0.3927001325971281,2.0905349191991776,-2.695578192817948e-06
binary,SW,268,0.67,Heavy_squalane,0.681607293486345,0.4638290012546024,1.247809445071144e-06
binary,SW,269,0.6725,H2O,0.3956675648193771,2.106332012619904,-2.692958451158992e-06
binary,SW,269,0.6725,Heavy_squalane,0.682461155500061,0.4644100483895376,1.250773114479334e-06
binary,SW,270,0.675,H2O,0.3986381072130126,2.1221456630044515,-2.690280342070593e-06
binary,SW,270,0.675,Heavy_squalane,0.6833114744249138,0.46498868447725467,1.253704075917706e-06
binary,SW,271,0.6775,H2O,0.4016117357379686,2.137975742375789,-2.687544757118292e-06
binary,SW,271,0.6775,Heavy_squalane,0.6841582776450447,0.46556492815247047,1.256602339056646e-06
binary,SW,272,0.68,H2O,0.4045884266153245,2.1538221241470885,-2.684749074877385e-06
binary,SW,272,0.68,Heavy_squalane,0.6850015922533045,0.4661387978516808,1.259468743633307e-06
binary,SW,273,0.6825,H2O,0.4075681563146455,2.169684683054335,-2.681912726875775e-06
binary,SW,273,0.6825,Heavy_squalane,0.6858414450562845,0.4667103118165837,1.262303690288814e-06
binary,SW,274,0.685,H2O,0.4105509015499812,2.1855632951350223,-2.679022610863203e-06
binary,SW,274,0.685,Heavy_squalane,0.6866778625812009,0.46727948809876435,1.265107444732169e-06
binary,SW,275,0.6875,H2O,0.4135366392770958,2.2014578377134097,-2.676084250894429e-06
binary,SW,275,0.6875,Heavy_squalane,0.6875108710825463,0.46784634456422175,1.267880625717064e-06
binary,SW,276,0.69,H2O,0.4165253466843717,2.217368189352097,-2.673092717625485e-06
binary,SW,276,0.69,Heavy_squalane,0.688340496546445,0.4684108988963318,1.270623386307598e-06
binary,SW,277,0.6925,H2O,0.4195170011941009,2.2332942298589,-2.670059759303383e-06
binary,SW,277,0.6925,Heavy_squalane,0.6891667646974132,0.4689731686004481,1.273336520004383e-06
binary,SW,278,0.695,H2O,0.4225115804516296,2.2492358402290593,-2.666986695598102e-06
binary,SW,278,0.695,Heavy_squalane,0.6899897010012986,0.4695331710059021,1.276020209184881e-06
binary,SW,279,0.6975,H2O,0.4255090623247652,2.2651929026420867,-2.663862139092222e-06
binary,SW,279,0.6975,Heavy_squalane,0.6908093306706511,0.47009092326965773,1.278674642270545e-06
binary,SW,280,0.7,H2O,0.4285094249021553,2.281165300453134,-2.660691392205468e-06
binary,SW,280,0.7,Heavy_squalane,0.6916256786694147,0.4706464423795047,1.281300403035463e-06
binary,SW,281,0.7025,H2O,0.4315126464867186,2.2971529181580235,-2.657477570153629e-06
binary,SW,281,0.7025,Heavy_squalane,0.6924387697159311,0.4711997451561017,1.283897860994199e-06
binary,SW,282,0.705,H2O,0.4345187055935592,2.313155641382143,-2.654230830974806e-06
binary,SW,282,0.705,Heavy_squalane,0.6932486282868441,0.47175084825563385,1.28646739404736e-06
binary,SW,283,0.7075,H2O,0.4375275809465748,2.329173356862392,-2.650948040323502e-06
binary,SW,283,0.7075,Heavy_squalane,0.6940552786203747,0.4722997681720413,1.289009294724164e-06
binary,SW,284,0.71,H2O,0.4405392514756338,2.3452059524321522,-2.647622925545097e-06
binary,SW,284,0.71,Heavy_squalane,0.6948587447194874,0.4728465212391735,1.291523778719579e-06
binary,SW,285,0.7125,H2O,0.443553696316177,2.361253317019168,-2.64425445807437e-06
binary,SW,285,0.7125,Heavy_squalane,0.6956590503554704,0.47339112363322616,1.294011379869205e-06
binary,SW,286,0.715,H2O,0.4465708948034791,2.377315340614996,-2.640848670064583e-06
binary,SW,286,0.715,Heavy_squalane,0.6964562190698952,0.47393359137407415,1.2964723607845e-06
binary,SW,287,0.7175,H2O,0.4495908264711796,2.393391914267188,-2.637407777486017e-06
binary,SW,287,0.7175,Heavy_squalane,0.6972502741775171,0.4744739403272456,1.298906881102405e-06
binary,SW,288,0.72,H2O,0.4526134710520924,2.409482930083597,-2.63393793809575e-06
binary,SW,288,0.72,Heavy_squalane,0.6980412387696157,0.47501218620619495,1.301315528223402e-06
binary,SW,289,0.7225,H2O,0.4556388084715808,2.4255882811971112,-2.630422356760423e-06
binary,SW,289,0.7225,Heavy_squalane,0.6988291357152303,0.4755483445731437,1.303698525170798e-06
binary,SW,290,0.725,H2O,0.4586668188470167,2.441707861762775,-2.626879445303946e-06
binary,SW,290,0.725,Heavy_squalane,0.6996139876638683,0.47608243084092333,1.306055990557939e-06
binary,SW,291,0.7275,H2O,0.4616974824894651,2.4578415669667546,-2.623310694397578e-06
binary,SW,291,0.7275,Heavy_squalane,0.7003958170486633,0.47661446027512455,1.308388580913466e-06
binary,SW,292,0.73,H2O,0.4647307798957647,2.4739892929841814,-2.61970471828409e-06
binary,SW,292,0.73,Heavy_squalane,0.7011746460869553,0.47714444799449207,1.310696427014258e-06
binary,SW,293,0.7325,H2O,0.4677666917525813,2.4901509370007293,-2.616062639092662e-06
binary,SW,293,0.7325,Heavy_squalane,0.7019504967838647,0.47767240897335644,1.312980164159434e-06
binary,SW,294,0.735,H2O,0.4708051989268108,2.5063263971615246,-2.612402618825105e-06
binary,SW,294,0.735,Heavy_squalane,0.7027233909322917,0.4781983580416342,1.315239564490492e-06
binary,SW,295,0.7375,H2O,0.4738462824719094,2.522515572604847,-2.608715811780211e-06
binary,SW,295,0.7375,Heavy_squalane,0.7034933501169218,0.4787223098875528,1.317474939801874e-06
binary,SW,296,0.74,H2O,0.4768899236264516,2.5387183634544486,-2.604995287027034e-06
binary,SW,296,0.74,Heavy_squalane,0.7042603957161773,0.47924427905897937,1.319687165414735e-06
binary,SW,297,0.7425,H2O,0.4799361038027993,2.5549346707592395,-2.601251437658202e-06
binary,SW,297,0.7425,Heavy_squalane,0.705024548901635,0.4797642799630241,1.321876028429454e-06
binary,SW,298,0.745,H2O,0.4829848045957782,2.571164396539473,-2.597476559969763e-06
binary,SW,298,0.745,Heavy_squalane,0.705785830642439,0.480282326869043,1.324041976025895e-06
binary,SW,299,0.7475,H2O,0.4860360077774207,2.5874074437587593,-2.593675675677374e-06
binary,SW,299,0.7475,Heavy_squalane,0.7065442617061828,0.48079843390923827,1.326185498674018e-06
binary,SW,300,0.75,H2O,0.4890896952897346,2.6036637162855727,-2.58985082552583e-06
binary,SW,300,0.75,Heavy_squalane,0.7072998626592728,0.4813126150789058,1.328306163926188e-06
binary,SW,301,0.7525,H2O,0.4921458492576275,2.6199331189620514,-2.58600137485424e-06
binary,SW,301,0.7525,Heavy_squalane,0.7080526538722683,0.48182488424006903,1.330405055092438e-06
binary,SW,302,0.755,H2O,0.4952044519715953,2.636215557511841,-2.582124317759427e-06
binary,SW,302,0.755,Heavy_squalane,0.7088026555177256,0.48233525512001135,1.332482126616178e-06
binary,SW,303,0.7575,H2O,0.4982654858946695,2.6525109385770795,-2.578227549963727e-06
binary,SW,303,0.7575,Heavy_squalane,0.7095498875740047,0.48284374131386737,1.334537611040003e-06
binary,SW,304,0.76,H2O,0.5013289336592374,2.6688191697014676,-2.574312010116489e-06
binary,SW,304,0.76,Heavy_squalane,0.7102943698265771,0.4833503562855121,1.336571743701855e-06
binary,SW,305,0.7625,H2O,0.5043947780658848,2.68514015932411,-2.570371466432291e-06
binary,SW,305,0.7625,Heavy_squalane,0.7110361218698185,0.48385511336878134,1.338584825441442e-06
binary,SW,306,0.765,H2O,0.507463002084295,2.7014738167842984,-2.566418594653226e-06
binary,SW,306,0.765,Heavy_squalane,0.7117751631092822,0.4843580257690186,1.340577606695931e-06
binary,SW,307,0.7675,H2O,0.5105335888418042,2.71782005226059,-2.562435623902935e-06
binary,SW,307,0.7675,Heavy_squalane,0.7125115127610033,0.4848591065626014,1.34254966181718e-06
binary,SW,308,0.77,H2O,0.5136065216345217,2.7341787768300025,-2.558440049020523e-06
binary,SW,308,0.77,Heavy_squalane,0.7132451898562214,0.4853583687001554,1.344501440931499e-06
binary,SW,309,0.7725,H2O,0.5166817839199328,2.7505499024286375,-2.554423861172091e-06
binary,SW,309,0.7725,Heavy_squalane,0.7139762132416557,0.48585582500674135,1.346433318539749e-06
binary,SW,310,0.775,H2O,0.5197593593156518,2.766933341845041,-2.550389905244948e-06
binary,SW,310,0.775,Heavy_squalane,0.7147046015812499,0.4863514881830425,1.348345624492798e-06
binary,SW,311,0.7775,H2O,0.5228392315960736,2.7833290087023803,-2.546343639721779e-06
binary,SW,311,0.7775,Heavy_squalane,0.715430373357419,0.48684537080621315,1.350238344511715e-06
binary,SW,312,0.78,H2O,0.5259213846952097,2.799736817473538,-2.542272483760313e-06
binary,SW,312,0.78,Heavy_squalane,0.7161535468737602,0.48733748533172333,1.35211181441581e-06
binary,SW,313,0.7825,H2O,0.5290058027012003,2.8161566834519007,-2.538193032062586e-06
binary,SW,313,0.7825,Heavy_squalane,0.7168741402557955,0.48782784409386415,1.353966079686125e-06
binary,SW,314,0.785,H2O,0.5320924698612228,2.832588522777487,-2.534093258577642e-06
binary,SW,314,0.785,Heavy_squalane,0.7175921714541507,0.488316459307911,1.355801913500348e-06
binary,SW,315,0.7875,H2O,0.5351813705696287,2.849032252373795,-2.529983314066118e-06
binary,SW,315,0.7875,Heavy_squalane,0.718307658243823,0.48880334306962536,1.357619163625428e-06
binary,SW,316,0.79,H2O,0.538272489377035,2.8654877899962017,-2.525853520603674e-06
binary,SW,316,0.79,Heavy_squalane,0.7190206182283152,0.48928850735806784,1.359418428643232e-06
binary,SW,317,0.7925,H2O,0.5413658109783367,2.881955054168146,-2.521715893433911e-06
binary,SW,317,0.7925,Heavy_squalane,0.7197310688388975,0.48977196403509604,1.361199398270315e-06
binary,SW,318,0.795,H2O,0.5444613202218032,2.8984339642295525,-2.517562477434928e-06
binary,SW,318,0.795,Heavy_squalane,0.7204390273387178,0.49025372484816154,1.362962524370638e-06
binary,SW,319,0.7975,H2O,0.5475590021012428,2.914924440295122,-2.513404161384248e-06
binary,SW,319,0.7975,Heavy_squalane,0.7211445108230229,0.49073380143046036,1.364708012364381e-06
binary,SW,320,0.8,H2O,0.5506588417587487,2.9314264032689485,-2.509233040100809e-06
binary,SW,320,0.8,Heavy_squalane,0.721847536221792,0.49121220530272497,1.366436478814288e-06
binary,SW,321,0.8025,H2O,0.5537608244746539,2.947939774791043,-2.505044876262626e-06
binary,SW,321,0.8025,Heavy_squalane,0.7225481202994642,0.49168894787303924,1.368147630057892e-06
binary,SW,322,0.805,H2O,0.5568649356766432,2.964464477285843,-2.500841513438705e-06
binary,SW,322,0.805,Heavy_squalane,0.723246279659003,0.4921640404396036,1.36984189076119e-06
binary,SW,323,0.8075,H2O,0.5599711609317823,2.981000433919778,-2.496634354634273e-06
binary,SW,323,0.8075,Heavy_squalane,0.723942030742092,0.49263749419086894,1.371519401069246e-06
binary,SW,324,0.81,H2O,0.5630794859470892,2.997547568604313,-2.492417265484185e-06
binary,SW,324,0.81,Heavy_squalane,0.7246353898312492,0.4931093202069752,1.373180333613585e-06
binary,SW,325,0.8125,H2O,0.5661898965679435,3.0141058059874783,-2.48819244826538e-06
binary,SW,325,0.8125,Heavy_squalane,0.7253263730514524,0.49357952946085687,1.374824864576578e-06
binary,SW,326,0.815,H2O,0.5693023787786679,3.030675071456968,-2.483960560765519e-06
binary,SW,326,0.815,Heavy_squalane,0.7260149963722312,0.4940481328196674,1.376453486241379e-06
binary,SW,327,0.8175,H2O,0.572416918696598,3.047255291108568,-2.479723152905704e-06
binary,SW,327,0.8175,Heavy_squalane,0.7267012756083162,0.4945151410452205,1.378066321603228e-06
binary,SW,328,0.82,H2O,0.575533502572638,3.063846391749114,-2.475473026746316e-06
binary,SW,328,0.82,Heavy_squalane,0.7273852264217144,0.4949805647954024,1.379663434048493e-06
binary,SW,329,0.8225,H2O,0.5786521167918284,3.0804483008995165,-2.471218374724752e-06
binary,SW,329,0.8225,Heavy_squalane,0.7280668643237724,0.4954444146255762,1.381245120941584e-06
binary,SW,330,0.825,H2O,0.5817727478695541,3.097060946774573,-2.466950263315765e-06
binary,SW,330,0.825,Heavy_squalane,0.7287462046762776,0.49590670098933076,1.382811558691521e-06
binary,SW,331,0.8275,H2O,0.5848953824499455,3.1136842582744553,-2.462684628243155e-06
binary,SW,331,0.8275,Heavy_squalane,0.7294232626930235,0.49636743423954643,1.384362777216063e-06
binary,SW,332,0.83,H2O,0.5880200073064454,3.1303181649877287,-2.458410823599117e-06
binary,SW,332,0.83,Heavy_squalane,0.7300980534418443,0.4968266246297791,1.385898952697582e-06
binary,SW,333,0.8325,H2O,0.5911466093424229,3.14696259719462,-2.454124021916416e-06
binary,SW,333,0.8325,Heavy_squalane,0.7307705918466325,0.49728428231563326,1.387420704191967e-06
binary,SW,334,0.835,H2O,0.5942751755807748,3.1636174858116606,-2.449829919638301e-06
binary,SW,334,0.835,Heavy_squalane,0.7314408926869821,0.4977404173545194,1.388927761834971e-06
binary,SW,335,0.8375,H2O,0.5974056931711522,3.180282762430157,-2.445531589486759e-06
binary,SW,335,0.8375,Heavy_squalane,0.7321089706016064,0.4981950397079797,1.390420240084695e-06
binary,SW,336,0.84,H2O,0.600538149388384,3.1969583593077973,-2.441229554108384e-06
binary,SW,336,0.84,Heavy_squalane,0.7327748400898535,0.4986481592427191,1.391898597226839e-06
binary,SW,337,0.8425,H2O,0.6036725316264988,3.213644209336829,-2.436932390545004e-06
binary,SW,337,0.8425,Heavy_squalane,0.7334385155122654,0.4990997857309863,1.393362966229229e-06
binary,SW,338,0.845,H2O,0.6068088274016116,3.2303402460594253,-2.432629867725995e-06
binary,SW,338,0.845,Heavy_squalane,0.7341000110930137,0.4995499288522306,1.394813766393817e-06
binary,SW,339,0.8475,H2O,0.6099470243437048,3.2470464036239317,-2.428329252311426e-06
binary,SW,339,0.8475,Heavy_squalane,0.7347593409199732,0.4999985981931524,1.396250715466171e-06
binary,SW,340,0.85,H2O,0.6130871102062715,3.263762616836199,-2.424016825237972e-06
binary,SW,340,0.85,Heavy_squalane,0.7354165189485393,0.5004458032503007,1.397674403264371e-06
binary,SW,341,0.8525,H2O,0.6162290728536318,3.2804888210920673,-2.419704393782072e-06
binary,SW,341,0.8525,Heavy_squalane,0.7360715590007458,0.5008915534294731,1.399084663805284e-06
binary,SW,342,0.855,H2O,0.6193729002661723,3.2972249524052546,-2.415393263746547e-06
binary,SW,342,0.855,Heavy_squalane,0.7367244747681186,0.5013358580476571,1.400481513558787e-06
binary,SW,343,0.8575,H2O,0.6225185805433973,3.3139709474235994,-2.411080061155263e-06
binary,SW,343,0.8575,Heavy_squalane,0.737375279814047,0.5017787263346445,1.401865759171177e-06
binary,SW,344,0.86,H2O,0.6256661018867173,3.3307267433374395,-2.406765083910853e-06
binary,SW,344,0.86,Heavy_squalane,0.7380239875719452,0.5022201674317798,1.40323675219765e-06
binary,SW,345,0.8625,H2O,0.6288154526206254,3.347492277992338,-2.402448376790614e-06
binary,SW,345,0.8625,Heavy_squalane,0.7386706113513255,0.5026601903960931,1.404595542404085e-06
binary,SW,346,0.865,H2O,0.6319666211686725,3.3642674897611937,-2.398125715860898e-06
binary,SW,346,0.865,Heavy_squalane,0.7393151643345518,0.5030988041980909,1.405941696662897e-06
binary,SW,347,0.8675,H2O,0.6351195960679813,3.3810523176215033,-2.39380405281124e-06
binary,SW,347,0.8675,Heavy_squalane,0.7399576595814843,0.5035360177249171,1.407275483931735e-06
binary,SW,348,0.87,H2O,0.6382743659610829,3.3978467011119036,-2.389481317907776e-06
binary,SW,348,0.87,Heavy_squalane,0.7405981100294711,0.5039718397803463,1.408596927404418e-06
binary,SW,349,0.8725,H2O,0.6414309195991761,3.414650580349522,-2.385159824092522e-06
binary,SW,349,0.8725,Heavy_squalane,0.7412365284956434,0.5044062790863469,1.409906415709638e-06
binary,SW,350,0.875,H2O,0.644589245833984,3.431463895986628,-2.380841903064476e-06
binary,SW,350,0.875,Heavy_squalane,0.7418729276768891,0.5048393442830625,1.411203748791257e-06
binary,SW,351,0.8775,H2O,0.6477493336279613,3.448286589264967,-2.376516254432922e-06
binary,SW,351,0.8775,Heavy_squalane,0.7425073201535083,0.5052710439312994,1.412489696880517e-06
binary,SW,352,0.88,H2O,0.650911172036993,3.465118601923662,-2.372197263402419e-06
binary,SW,352,0.88,Heavy_squalane,0.7431397183873246,0.5057013865112414,1.41376380826456e-06
binary,SW,353,0.8825,H2O,0.6540747502229913,3.4819598762662687,-2.367878969099464e-06
binary,SW,353,0.8825,Heavy_squalane,0.743770134725775,0.5061303804252332,1.415026275671182e-06
binary,SW,354,0.885,H2O,0.657240057450432,3.4988103551423397,-2.363559576525318e-06
binary,SW,354,0.885,Heavy_squalane,0.7443985814027645,0.5065580339983615,1.416277625683196e-06
binary,SW,355,0.8875,H2O,0.6604070830759695,3.5156699818921404,-2.359238313846666e-06
binary,SW,355,0.8875,Heavy_squalane,0.7450250705381348,0.5069843554780942,1.417517470125209e-06
binary,SW,356,0.89,H2O,0.6635758165612239,3.5325387004147184,-2.354923635040238e-06
binary,SW,356,0.89,Heavy_squalane,0.7456496141417094,0.507409353037032,1.418746383705319e-06
binary,SW,357,0.8925,H2O,0.6667462474600984,3.54941645510039,-2.350608378024952e-06
binary,SW,357,0.8925,Heavy_squalane,0.7462722241122872,0.5078330347722247,1.41996434096321e-06
binary,SW,358,0.895,H2O,0.6699183654247157,3.5663031908623433,-2.346304344258492e-06
binary,SW,358,0.895,Heavy_squalane,0.7468929122402866,0.5082554087069695,1.42117167144755e-06
binary,SW,359,0.8975,H2O,0.6730921601973937,3.5831988530939167,-2.342000063692697e-06
binary,SW,359,0.8975,Heavy_squalane,0.7475116902076395,0.5086764827907394,1.422368129772261e-06
binary,SW,360,0.9,H2O,0.67626762161901,3.600103387713132,-2.337694083157473e-06
binary,SW,360,0.9,Heavy_squalane,0.7481285695908658,0.5090962649012754,1.42355415299352e-06
binary,SW,361,0.9025,H2O,0.6794447396186827,3.6170167411077587,-2.333391803063707e-06
binary,SW,361,0.9025,Heavy_squalane,0.748743561860494,0.5095147628441918,1.424729629221925e-06
binary,SW,362,0.905,H2O,0.6826235042175313,3.633938860155334,-2.329095472398878e-06
binary,SW,362,0.905,Heavy_squalane,0.7493566783832019,0.5099319843544338,1.425894549693687e-06
binary,SW,363,0.9075,H2O,0.6858039055324903,3.650869692243465,-2.324801803412078e-06
binary,SW,363,0.9075,Heavy_squalane,0.7499679304239459,0.5103479370977253,1.427049626919923e-06
binary,SW,364,0.91,H2O,0.6889859337613121,3.6678091851899928,-2.320508838251632e-06
binary,SW,364,0.91,Heavy_squalane,0.7505773291444511,0.5107626286695423,1.428194481186831e-06
binary,SW,365,0.9125,H2O,0.6921695791958856,3.684757287313892,-2.316223692000231e-06
binary,SW,365,0.9125,Heavy_squalane,0.7511848856071308,0.5111760665977797,1.429329503087399e-06
binary,SW,366,0.915,H2O,0.6953548322119679,3.70171394738061,-2.311937341785981e-06
binary,SW,366,0.915,Heavy_squalane,0.7517906107744703,0.5115882583423322,1.430454656282125e-06
binary,SW,367,0.9175,H2O,0.698541683273145,3.7186791146231495,-2.307659207583784e-06
binary,SW,367,0.9175,Heavy_squalane,0.7523945155111122,0.5119992112965133,1.431570119295426e-06
binary,SW,368,0.92,H2O,0.7017301229253244,3.735652738712751,-2.303389664751148e-06
binary,SW,368,0.92,Heavy_squalane,0.7529966105841296,0.5124089327872408,1.432675697284106e-06
binary,SW,369,0.9225,H2O,0.7049201418031659,3.752634769793127,-2.299123891260245e-06
binary,SW,369,0.9225,Heavy_squalane,0.7535969066655389,0.5128174300767474,1.433771787262896e-06
binary,SW,370,0.925,H2O,0.70811173062224,3.7696251584387173,-2.294855197239948e-06
binary,SW,370,0.925,Heavy_squalane,0.7541954143321054,0.513224710362448,1.434858481931525e-06
binary,SW,371,0.9275,H2O,0.7113048801831601,3.7866238556766865,-2.290594357639277e-06
binary,SW,371,0.9275,Heavy_squalane,0.754792144067385,0.5136307807783292,1.435936225372312e-06
binary,SW,372,0.93,H2O,0.7144995813613635,3.803630812932524,-2.286337527725814e-06
binary,SW,372,0.93,Heavy_squalane,0.7553871062610683,0.5140356483945029,1.437004635000558e-06
binary,SW,373,0.9325,H2O,0.7176958251185267,3.820645982090811,-2.282089418390925e-06
binary,SW,373,0.9325,Heavy_squalane,0.7559803112123445,0.5144393202194952,1.438064065825247e-06
binary,SW,374,0.935,H2O,0.720893602494803,3.837669315453902,-2.2778447950389e-06
binary,SW,374,0.935,Heavy_squalane,0.7565717691296757,0.5148418032000934,1.439114744496085e-06
binary,SW,375,0.9375,H2O,0.7240929046058882,3.8547007657262973,-2.273603874892818e-06
binary,SW,375,0.9375,Heavy_squalane,0.7571614901314575,0.515243104221795,1.440156518175619e-06
binary,SW,376,0.94,H2O,0.7272937226473694,3.871740286037802,-2.269369732734705e-06
binary,SW,376,0.94,Heavy_squalane,0.7577494842480085,0.5156432301101617,1.441189507819243e-06
binary,SW,377,0.9425,H2O,0.7304960478894362,3.8887878299153633,-2.265143165255728e-06
binary,SW,377,0.9425,Heavy_squalane,0.7583357614217673,0.5160421876309534,1.442213561420555e-06
binary,SW,378,0.945,H2O,0.7336998716837702,3.905843351319751,-2.260919059883957e-06
binary,SW,378,0.945,Heavy_squalane,0.7589203315097031,0.516439983491769,1.443229222258895e-06
binary,SW,379,0.9475,H2O,0.7369051854510184,3.9229068045788735,-2.256706029235498e-06
binary,SW,379,0.9475,Heavy_squalane,0.7595032042821637,0.5168366243412618,1.444236273808245e-06
binary,SW,380,0.95,H2O,0.7401119806902172,3.939978144437942,-2.252500235330498e-06
binary,SW,380,0.95,Heavy_squalane,0.7600843894257081,0.5172321167710675,1.445235013961867e-06
binary,SW,381,0.9525,H2O,0.7433202489711729,3.957057326018911,-2.248295713536386e-06
binary,SW,381,0.9525,Heavy_squalane,0.7606638965428281,0.5176264673156147,1.446225417486092e-06
binary,SW,382,0.955,H2O,0.7465299819391091,3.974144304845219,-2.244102874541201e-06
binary,SW,382,0.955,Heavy_squalane,0.7612417351538726,0.5180196824534344,1.447207808716648e-06
binary,SW,383,0.9575,H2O,0.7497411713070976,3.9912390368014927,-2.239916381105527e-06
binary,SW,383,0.9575,Heavy_squalane,0.7618179146967545,0.5184117686069603,1.448182034967183e-06
binary,SW,384,0.96,H2O,0.7529538088607847,4.008341478158709,-2.235733723991586e-06
binary,SW,384,0.96,Heavy_squalane,0.7623924445288567,0.5188027321438261,1.449148139905541e-06
binary,SW,385,0.9625,H2O,0.7561678864582556,4.025451585573473,-2.231561783036361e-06
binary,SW,385,0.9625,Heavy_squalane,0.7629653339280448,0.5191925793775545,1.450106443863302e-06
binary,SW,386,0.965,H2O,0.7593833960225302,4.042569316048067,-2.227398948358535e-06
binary,SW,386,0.965,Heavy_squalane,0.7635365920923538,0.5195813165673441,1.4510567296345e-06
binary,SW,387,0.9675,H2O,0.7626003295513722,4.059694626982673,-2.223237318227696e-06
binary,SW,387,0.9675,Heavy_squalane,0.7641062281427424,0.5199689499199436,1.451999515264809e-06
binary,SW,388,0.97,H2O,0.76581867910487,4.076827476109257,-2.219081787649028e-06
binary,SW,388,0.97,Heavy_squalane,0.764674251121889,0.5203554855888324,1.452934652223122e-06
binary,SW,389,0.9725,H2O,0.7690384368103754,4.093967821517862,-2.214940400063224e-06
binary,SW,389,0.9725,Heavy_squalane,0.7652406699960509,0.5207409296754859,1.453862013358956e-06
binary,SW,390,0.975,H2O,0.7722595948650162,4.111115621669981,-2.210802303100528e-06
binary,SW,390,0.975,Heavy_squalane,0.7658054936564752,0.5211252882303359,1.454781874731649e-06
binary,SW,391,0.9775,H2O,0.7754821455307662,4.128270835372316,-2.206667138363713e-06
binary,SW,391,0.9775,Heavy_squalane,0.7663687309194913,0.5215085672528327,1.455694418114263e-06
binary,SW,392,0.98,H2O,0.778706081134533,4.145433421777241,-2.202544493915905e-06
binary,SW,392,0.98,Heavy_squalane,0.7669303905274695,0.5218907726920983,1.456599823995514e-06
binary,SW,393,0.9825,H2O,0.7819313940657576,4.16260334037003,-2.198427380850867e-06
binary,SW,393,0.9825,Heavy_squalane,0.7674904811493377,0.5222719104472775,1.457498072354676e-06
binary,SW,394,0.985,H2O,0.7851580767765411,4.179780550969522,-2.194319094250772e-06
binary,SW,394,0.985,Heavy_squalane,0.768049011381528,0.5226519863681824,1.458389045107255e-06
binary,SW,395,0.9875,H2O,0.7883861217843139,4.1969650137423375,-2.190218076235211e-06
binary,SW,395,0.9875,Heavy_squalane,0.7686059897493495,0.5230310062562262,1.459272915791373e-06
binary,SW,396,0.99,H2O,0.7916155216670068,4.214156689177175,-2.186126498701295e-06
binary,SW,396,0.99,Heavy_squalane,0.7691614247070504,0.5234089758644659,1.460149668466001e-06
binary,SW,397,0.9925,H2O,0.7948462690657752,4.231355538099302,-2.182041992074229e-06
binary,SW,397,0.9925,Heavy_squalane,0.7697153246391776,0.5237859008985268,1.461019493290241e-06
binary,SW,398,0.995,H2O,0.7980783566827298,4.248561521658484,-2.177965053541981e-06
binary,SW,398,0.995,Heavy_squalane,0.7702676978610601,0.5241617870169325,1.461882599990618e-06
binary,SW,399,0.9975,H2O,0.8013117772786695,4.265774601316912,-2.173893029775634e-06
binary,SW,399,0.9975,Heavy_squalane,0.7708185526192892,0.5245366398314305,1.462739026719832e-06
binary,SW,400,1.0,H2O,0.8045465236733685,4.282994738850733,-2.169832987231291e-06
binary,SW,400,1.0,Heavy_squalane,0.7713678970926243,0.5249104649076096,1.463588756932455e-06
binary,CPA,0,0.0,H2O,0.0,0.0,0.0
binary,CPA,0,0.0,Heavy_squalane,0.0,0.0,0.0
binary,CPA,1,0.0025,H2O,0.001111714921981735,0.005178187667119831,4.516587104319569e-11
binary,CPA,1,0.0025,Heavy_squalane,0.003622107350444504,0.002156616686450473,-6.438442630052485e-14
binary,CPA,2,0.005,H2O,0.002223431938411969,0.010356385089840825,4.372044393186059e-11
binary,CPA,2,0.005,Heavy_squalane,0.007244213614235429,0.004313232725903214,1.586474570033467e-15
binary,CPA,3,0.0075,H2O,0.003335150785800118,0.015534591040866609,-5.303718020321924e-10
binary,CPA,3,0.0075,Heavy_squalane,0.01086631925479395,0.006469848394280978,-2.564800554887438e-14
binary,CPA,4,0.01,H2O,0.00444687137204908,0.02071280509122383,-5.415602133407305e-10
binary,CPA,4,0.01,Heavy_squalane,0.01448842438696987,0.00862646375996578,-7.786946014580932e-14
binary,CPA,5,0.0125,H2O,0.005558593680391414,0.025891027162812472,-5.409214187679368e-10
binary,CPA,5,0.0125,Heavy_squalane,0.01811052904954191,0.010783078846046621,-8.606624542431556e-14
binary,CPA,6,0.015,H2O,0.006670317718683588,0.03106925729222668,-3.847884985641592e-08
binary,CPA,6,0.015,Heavy_squalane,0.02173263325606309,0.01293969366059302,-5.658425966452698e-14
binary,CPA,7,0.0175,H2O,0.007782043502965671,0.0362474955541785,-5.236786429496654e-08
binary,CPA,7,0.0175,Heavy_squalane,0.02535473701136389,0.015096308206481068,5.909617773374664e-14
binary,CPA,8,0.02,H2O,0.008893771051274795,0.04142574203268197,-5.820710163861875e-08
binary,CPA,8,0.02,Heavy_squalane,0.02897684031708761,0.017252922484689185,-7.152356186567546e-14
binary,CPA,9,0.0225,H2O,0.01000550038185524,0.04660399681271597,-6.093428991937877e-08
binary,CPA,9,0.0225,Heavy_squalane,0.03259894317568776,0.019409536496678207,-1.082768894047841e-13
binary,CPA,10,0.025,H2O,0.01111723151177019,0.05178225997375805,-6.231497140518627e-08
binary,CPA,10,0.025,Heavy_squalane,0.03622104558949162,0.0215661502438338,-1.106566012598343e-13
binary,CPA,11,0.0275,H2O,0.01222896445687185,0.0569605315896452,-6.306742467154791e-08
binary,CPA,11,0.0275,Heavy_squalane,0.03984314756158604,0.023722763727993885,-1.648611490693111e-13
binary,CPA,12,0.03,H2O,0.01334069923189596,0.06213881172901412,-6.349223802271098e-08
binary,CPA,12,0.03,Heavy_squalane,0.04346524909602675,0.025879376951573274,-2.439204651426455e-13
binary,CPA,13,0.0325,H2O,0.01445243585058329,0.06731710045586707,-6.374560618249703e-08
binary,CPA,13,0.0325,Heavy_squalane,0.04708735019772425,0.028035989917495674,-2.211809963054991e-13
binary,CPA,14,0.035,H2O,0.01556417432565525,0.07249539782945834,-6.391167950425825e-08
binary,CPA,14,0.035,Heavy_squalane,0.05070945087173951,0.030192602628774427,-2.074315500318758e-13
binary,CPA,15,0.0375,H2O,0.01667591466914882,0.0776737039058542,-6.401359115004723e-08
binary,CPA,15,0.0375,Heavy_squalane,0.0543315511237587,0.03234921508879509,-1.877328241206269e-13
binary,CPA,16,0.04,H2O,0.01778765689247229,0.08285201873819262,-6.408357366982642e-08
binary,CPA,16,0.04,Heavy_squalane,0.05795365095969678,0.034505827301079456,-1.898481235473382e-13
binary,CPA,17,0.0425,H2O,0.01889940100655094,0.08803034237736179,-6.412816433432056e-08
binary,CPA,17,0.0425,Heavy_squalane,0.06157575038559934,0.0366624392692271,-2.49869744780271e-13
binary,CPA,18,0.045,H2O,0.02001114702209228,0.09320867487323554,-6.41598814632438e-08
binary,CPA,18,0.045,Heavy_squalane,0.0651978494078327,0.03881905099702853,-2.313608747965472e-13
binary,CPA,19,0.0475,H2O,0.02112289494967516,0.09838701627508847,-6.417926179391742e-08
binary,CPA,19,0.0475,Heavy_squalane,0.06881994803236888,0.04097566248803953,-1.07087033477259e-13
binary,CPA,20,0.05,H2O,0.02223464480006043,0.10356536663304282,-6.420193221501336e-08
binary,CPA,20,0.05,Heavy_squalane,0.07244204626400463,0.043132273745116106,-1.702816038502588e-13
binary,CPA,21,0.0525,H2O,0.02334639658541978,0.1087437260037924,-6.421228099240395e-08
binary,CPA,21,0.0525,Heavy_squalane,0.07606414410690215,0.045288884770736434,-2.396898662892229e-13
binary,CPA,22,0.055,H2O,0.02445815032068363,0.11392209445688063,-6.421933407274594e-08
binary,CPA,22,0.055,Heavy_squalane,0.07968624156220329,0.04744549556558038,-1.364368130228781e-13
binary,CPA,23,0.0575,H2O,0.02556990602638164,0.11910047208793137,-6.422651516180267e-08
binary,CPA,23,0.0575,Heavy_squalane,0.08330833862421436,0.04960210612625791,-1.168702933257987e-13
binary,CPA,24,0.06,H2O,0.0266816637347971,0.12427885904731495,-6.423369919295041e-08
binary,CPA,24,0.06,Heavy_squalane,0.08693043527587586,0.051758716442611714,-1.425182988746731e-13
binary,CPA,25,0.0625,H2O,0.02779342350038839,0.12945725558868965,-6.424241016933507e-08
binary,CPA,25,0.0625,Heavy_squalane,0.0905525314777556,0.053915326491163734,-1.209686859650518e-13
binary,CPA,26,0.065,H2O,0.02890518541848117,0.1346356621560669,-6.424502813073829e-08
binary,CPA,26,0.065,Heavy_squalane,0.09417462714898958,0.05607193622376721,-7.02014997239809e-14
binary,CPA,27,0.0675,H2O,0.03001694965770584,0.13981407953489977,-6.425163712187043e-08
binary,CPA,27,0.0675,Heavy_squalane,0.09779672213459867,0.058228545548146986,-1.727935219194784e-13
binary,CPA,28,0.07,H2O,0.03112871651503539,0.14499250910844025,-6.424827353468388e-08
binary,CPA,28,0.07,Heavy_squalane,0.1014188161515865,0.06038515429580593,-2.025399201076059e-13
binary,CPA,29,0.0725,H2O,0.03224048650546766,0.15017095327546465,-6.425666232434679e-08
binary,CPA,29,0.0725,Heavy_squalane,0.1050409086978345,0.0625417621677807,-5.658425966452698e-14
binary,CPA,30,0.075,H2O,0.03335226050620673,0.15534941612184724,-6.425386256392329e-08
binary,CPA,30,0.075,Heavy_squalane,0.1086629989069695,0.06469836864822939,-5.684867209286589e-15
binary,CPA,31,0.0775,H2O,0.03446403998323568,0.16052790447589924,-6.425678034105431e-08
binary,CPA,31,0.0775,Heavy_squalane,0.1122850853227911,0.06685497287012465,5.552660995117134e-14
binary,CPA,32,0.08,H2O,0.03557582733773772,0.1657064295219423,-6.425580328928149e-08
binary,CPA,32,0.08,Heavy_squalane,0.1159071655506784,0.06901157340769995,4.931291788520692e-14
binary,CPA,33,0.0825,H2O,0.0366876264264201,0.17088500922389288,-6.426366849776599e-08
binary,CPA,33,0.0825,Heavy_squalane,0.119529235736589,0.07116816796624359,9.452744313116072e-14
binary,CPA,34,0.085,H2O,0.03779944332569987,0.1760636718847153,-6.426311000007345e-08
binary,CPA,34,0.085,Heavy_squalane,0.1231512898000103,0.07332475292539493,1.642001179984638e-13
binary,CPA,35,0.0875,H2O,0.0389112874327574,0.1812424612749505,-6.426492865641009e-08
binary,CPA,35,0.0875,Heavy_squalane,0.1267733183300538,0.07548132268187466,2.092824370302482e-13
binary,CPA,36,0.09,H2O,0.04002317302105509,0.18642144387806964,-6.425889537142737e-08
binary,CPA,36,0.09,Heavy_squalane,0.1303953070256495,0.07763786872077051,1.9183121675988e-13
binary,CPA,37,0.0925,H2O,0.04113512139702716,0.19160071893598515,-6.425775539442569e-08
binary,CPA,37,0.0925,Heavy_squalane,0.1340172345327895,0.07979437832782384,1.118464571873594e-13
binary,CPA,38,0.095,H2O,0.04224716383616539,0.19678043212486152,-6.426034176998385e-08
binary,CPA,38,0.095,Heavy_squalane,0.1376390695008267,0.08195083283673846,2.737990695449425e-13
binary,CPA,39,0.0975,H2O,0.04335934550815753,0.20196079383777288,-6.425937087994882e-08
binary,CPA,39,0.0975,Heavy_squalane,0.1412607666442383,0.08410720528433945,3.636992951801723e-13
binary,CPA,40,0.1,H2O,0.04447173063421175,0.2071421032066833,-6.426223192468328e-08
binary,CPA,40,0.1,Heavy_squalane,0.1448822615727874,0.08626345733243136,3.714994618161701e-13
binary,CPA,41,0.1025,H2O,0.04558440914307839,0.21232477910511582,-6.426677406912162e-08
binary,CPA,41,0.1025,Heavy_squalane,0.1485034641164235,0.08841953529341838,3.97015261150875e-13
binary,CPA,42,0.105,H2O,0.04669750511138791,0.21750939946187656,-6.426657472857755e-08
binary,CPA,42,0.105,Heavy_squalane,0.1521242498604616,0.09057536509031722,3.219221315026243e-13
binary,CPA,43,0.1075,H2O,0.04781118727556867,0.22269675022386162,-6.42629747193979e-08
binary,CPA,43,0.1075,Heavy_squalane,0.1557444496052622,0.09273084598100993,3.010335496638503e-13
binary,CPA,44,0.11,H2O,0.04892568187899121,0.22788788519597009,-6.425922888242397e-08
binary,CPA,44,0.11,Heavy_squalane,0.1593638364822343,0.09488584288706241,4.041543967160256e-13
binary,CPA,45,0.1125,H2O,0.05004128806263978,0.23308419772835376,-6.42550599949665e-08
binary,CPA,45,0.1125,Heavy_squalane,0.1629821105194794,0.09704017720404937,3.606585522542747e-13
binary,CPA,46,0.115,H2O,0.05115839590293454,0.23828750473366556,-6.426261484060447e-08
binary,CPA,46,0.115,Heavy_squalane,0.1665988805551438,0.09919361603269444,3.545770664024798e-13
binary,CPA,47,0.1175,H2O,0.0522775070315331,0.24350014273074808,-6.425418347388856e-08
binary,CPA,47,0.1175,Heavy_squalane,0.1702136435584394,0.10134585986652628,3.295900919244527e-13
binary,CPA,48,0.12,H2O,0.05339925753050511,0.24872507448664097,-6.425448928482069e-08
binary,CPA,48,0.12,Heavy_squalane,0.1738257616710844,0.10349652892226373,2.981250129521223e-13
binary,CPA,49,0.1225,H2O,0.05452444245845407,0.2539660032552756,-6.425708326540658e-08
binary,CPA,49,0.1225,Heavy_squalane,0.1774344376124242,0.10564514849593007,2.002924144667252e-13
binary,CPA,50,0.125,H2O,0.05565404092741443,0.2592274895815912,-6.426378301727098e-08
binary,CPA,50,0.125,Heavy_squalane,0.1810386895333067,0.10779113399075327,2.222386460188548e-13
binary,CPA,51,0.1275,H2O,0.05678924014851364,0.26451506330232655,-6.427060816882602e-08
binary,CPA,51,0.1275,Heavy_squalane,0.1846373269022751,0.1099337765597122,2.174792223087544e-13
binary,CPA,52,0.13,H2O,0.05793145632337974,0.2698353208548051,-6.426227461275857e-08
binary,CPA,52,0.13,Heavy_squalane,0.1882289295574828,0.11207223063296605,2.67585377478978e-13
binary,CPA,53,0.1325,H2O,0.05908234976162201,0.27519599569170644,-6.42638873782353e-08
binary,CPA,53,0.1325,Heavy_squalane,0.191811832546989,0.11420550489170775,3.919914250124357e-13
binary,CPA,54,0.135,H2O,0.06024383130098225,0.28060598818508903,-6.426959836547397e-08
binary,CPA,54,0.135,Heavy_squalane,0.1953841196911436,0.11633245843518318,3.767877103829483e-13
binary,CPA,55,0.1375,H2O,0.06141805713819126,0.2860753415493583,-6.426824539218501e-08
binary,CPA,55,0.1375,Heavy_squalane,0.1989436287685997,0.11845180386846296,4.159207497771072e-13
binary,CPA,56,0.14,H2O,0.06260740962276831,0.2916151523819023,-6.426637888523601e-08
binary,CPA,56,0.14,Heavy_squalane,0.2024879707763719,0.12056211876995557,6.960657176021835e-13
binary,CPA,57,0.1425,H2O,0.06381446285049773,0.2972374104030898,-6.427108240059098e-08
binary,CPA,57,0.1425,Heavy_squalane,0.2060145644325637,0.12266186623446411,8.917309145729777e-13
binary,CPA,58,0.145,H2O,0.06504193326081598,0.30295476834691787,-6.427039506151644e-08
binary,CPA,58,0.145,Heavy_squalane,0.209520685720121,0.12474942437172842,1.070738128558421e-12
binary,CPA,59,0.1475,H2O,0.06629261741055696,0.3087802521212172,-6.426459248087824e-08
binary,CPA,59,0.1475,Heavy_squalane,0.2130035302871764,0.12682312345983063,1.373093740363965e-12
binary,CPA,60,0.15,H2O,0.06756932097429319,0.3147269301027649,-6.426245269253172e-08
binary,CPA,60,0.15,Heavy_squalane,0.2164602846451248,0.12888128833680398,1.741552459254238e-12
binary,CPA,61,0.1525,H2O,0.06887478436875234,0.32080756670788896,-6.426411153226397e-08
binary,CPA,61,0.1525,Heavy_squalane,0.2198882007526658,0.1309222828082594,2.102343217722682e-12
binary,CPA,62,0.155,H2O,0.07021161091937521,0.32703428780395377,-6.426495657851916e-08
binary,CPA,62,0.155,Heavy_squalane,0.2232846680500575,0.13294455253685797,2.492351549522576e-12
binary,CPA,63,0.1575,H2O,0.07158220306940753,0.3334182835816638,-6.426250181990056e-08
binary,CPA,63,0.1575,Heavy_squalane,0.2266472774268829,0.13494666312896578,2.732570240668477e-12
binary,CPA,64,0.16,H2O,0.0729887109272434,0.3399695688969404,-6.426922666280532e-08
binary,CPA,64,0.16,Heavy_squalane,0.2299738728187584,0.13692733085553316,2.954280061830654e-12
binary,CPA,65,0.1625,H2O,0.07443299572473909,0.34669681306567857,-6.427201953984607e-08
binary,CPA,65,0.1625,Heavy_squalane,0.2332625878488695,0.13888544446860643,3.158274250294124e-12
binary,CPA,66,0.165,H2O,0.07591660891993562,0.3536072425276204,-6.428323373608436e-08
binary,CPA,66,0.165,Heavy_squalane,0.2365118667823601,0.14082007767765195,3.242092990077559e-12
binary,CPA,67,0.1675,H2O,0.07744078606352664,0.3607066122773579,-6.428330862062737e-08
binary,CPA,67,0.1675,Heavy_squalane,0.2397204706759886,0.14273049281108524,3.148887609088093e-12
binary,CPA,68,0.17,H2O,0.0790064533787816,0.3679992365125474,-6.428936699665044e-08
binary,CPA,68,0.17,Heavy_squalane,0.2428874707794212,0.1446161368873755,3.209438055177703e-12
binary,CPA,69,0.1725,H2O,0.08061424433417413,0.3754880658265226,-6.429650134531784e-08
binary,CPA,69,0.1725,Heavy_squalane,0.2460122319125833,0.14647663171785652,3.122578572468371e-12
binary,CPA,70,0.175,H2O,0.08226452332536881,0.3831747975151449,-6.429216753423006e-08
binary,CPA,70,0.175,Heavy_squalane,0.2490943887192386,0.14831175976801605,3.042197194253342e-12
binary,CPA,71,0.1775,H2O,0.08395741375158018,0.391060006351927,-6.428924803625335e-08
binary,CPA,71,0.1775,Heavy_squalane,0.2521338175099413,0.15012144739268102,2.992487657725627e-12
binary,CPA,72,0.18,H2O,0.08569282815898746,0.39914328499116625,-6.428484516929345e-08
binary,CPA,72,0.18,Heavy_squalane,0.2551306060336937,0.15190574683794583,2.852481276920173e-12
binary,CPA,73,0.1825,H2O,0.08747049857770832,0.4074233852726441,-6.428466281516165e-08
binary,CPA,73,0.1825,Heavy_squalane,0.2580850230570986,0.15366481812848237,2.84600317242587e-12
binary,CPA,74,0.185,H2O,0.08929000572893464,0.4158983542637244,-6.428220233889448e-08
binary,CPA,74,0.185,Heavy_squalane,0.2609974890732162,0.15539891162748048,2.740502613518644e-12
binary,CPA,75,0.1875,H2O,0.0911508062744353,0.42456566118311434,-6.427564730460134e-08
binary,CPA,75,0.1875,Heavy_squalane,0.263868548978353,0.15710835176830268,2.809778669743439e-12
binary,CPA,76,0.19,H2O,0.09305225743916476,0.43342231208897897,-6.428021159798902e-08
binary,CPA,76,0.19,Heavy_squalane,0.266698847377498,0.15879352235124555,2.67122655729385e-12
binary,CPA,77,0.1925,H2O,0.09499366099498043,0.44246505474795755,-1.456982984815447e-07
binary,CPA,77,0.1925,Heavy_squalane,0.2694891203002579,0.16045486161117567,7.811208908844575e-08
binary,CPA,78,0.195,H2O,0.09697421279708253,0.4516901435840913,-2.407288235417582e-07
binary,CPA,78,0.195,Heavy_squalane,0.2722401215142405,0.16209281834423392,1.539956196695944e-07
binary,CPA,79,0.1975,H2O,0.09899308995873593,0.46109374572452866,-3.470785045478486e-07
binary,CPA,79,0.1975,Heavy_squalane,0.2749526781262206,0.16370788501298408,2.274409021112762e-07
binary,CPA,80,0.2,H2O,0.101049441059293,0.4706718953900846,-4.632366791268439e-07
binary,CPA,80,0.2,Heavy_squalane,0.277627645317467,0.16530057079565189,2.98366905638352e-07
binary,CPA,81,0.2025,H2O,0.1031423975399593,0.48042054697486813,-5.877607813231656e-07
binary,CPA,81,0.2025,Heavy_squalane,0.2802658954340974,0.16687139509048038,3.667356173946803e-07
binary,CPA,82,0.205,H2O,0.1052710829990122,0.49033561834190165,-7.193322362764043e-07
binary,CPA,82,0.205,Heavy_squalane,0.2828683086320131,0.1684208819456878,4.325445400048755e-07
binary,CPA,83,0.2075,H2O,0.1074346207689507,0.5004130261162552,-8.56769127310919e-07
binary,CPA,83,0.2075,Heavy_squalane,0.2854357652578082,0.16994955552303168,4.958184348996143e-07
binary,CPA,84,0.21,H2O,0.1096321618074698,0.5106488155966776,-8.567647080681695e-07
binary,CPA,84,0.21,Heavy_squalane,0.2879691688802534,0.17145795381084303,4.958183260938999e-07
binary,CPA,85,0.2125,H2O,0.1118628275921826,0.5210388947684815,-8.567598265285525e-07
binary,CPA,85,0.2125,Heavy_squalane,0.2904693580522104,0.1729465760867299,4.958184066074844e-07
binary,CPA,86,0.215,H2O,0.1141257724679709,0.5315793247073822,-8.567528818614889e-07
binary,CPA,86,0.215,Heavy_squalane,0.2929371807939,0.17441592726520244,4.958184319910775e-07
binary,CPA,87,0.2175,H2O,0.1164201676121295,0.542266244891743,-8.567548885896059e-07
binary,CPA,87,0.2175,Heavy_squalane,0.2953734682448796,0.17586650220995875,4.958184129533827e-07
binary,CPA,88,0.22,H2O,0.1187452033927658,0.5530958841876173,-8.567468811060408e-07
binary,CPA,88,0.22,Heavy_squalane,0.2977790322990782,0.17729878432577553,4.958185312779444e-07
binary,CPA,89,0.2225,H2O,0.121100090989799,0.5640645683991,-8.567394668146378e-07
binary,CPA,89,0.2225,Heavy_squalane,0.3001546639775415,0.17871324458963422,4.958185854824922e-07
binary,CPA,90,0.225,H2O,0.1234840634482562,0.5751687251744098,-8.567385783031511e-07
binary,CPA,90,0.225,Heavy_squalane,0.3025011323741596,0.18011034092300335,4.958185173962919e-07
binary,CPA,91,0.2275,H2O,0.1258963762855789,0.586404886834624,-8.5674379457501e-07
binary,CPA,91,0.2275,Heavy_squalane,0.3048191840472811,0.18149051782960296,4.958185713364273e-07
binary,CPA,92,0.23,H2O,0.1283363077564732,0.5977696916073083,-8.567455938024438e-07
binary,CPA,92,0.23,Heavy_squalane,0.3071095427517458,0.18285420623585616,4.95818524271015e-07
binary,CPA,93,0.2325,H2O,0.1308031588676441,0.6092598836951463,-8.567509300894116e-07
binary,CPA,93,0.2325,Heavy_squalane,0.3093729094272425,0.18420182348395708,4.958185923572153e-07
binary,CPA,94,0.235,H2O,0.1332962532090517,0.6208723124899584,-8.567509149903785e-07
binary,CPA,94,0.235,Heavy_squalane,0.311609962365186,0.18553377343123018,4.95818701427342e-07
binary,CPA,95,0.2375,H2O,0.135814936654473,0.6326039311779675,-8.567513453128228e-07
binary,CPA,95,0.2375,Heavy_squalane,0.3138213575097436,0.1868504466293625,4.958186989154239e-07
binary,CPA,96,0.24,H2O,0.1383585769600342,0.6444517948698272,-8.567525476843585e-07
binary,CPA,96,0.24,Heavy_squalane,0.3160077288619059,0.18815222056498923,4.958187239023984e-07
binary,CPA,97,0.2425,H2O,0.1409265632767993,0.6564130583303387,-8.567488348765195e-07
binary,CPA,97,0.2425,Heavy_squalane,0.3181696889664869,0.189439459949655,4.958186920407008e-07
binary,CPA,98,0.245,H2O,0.1435183055967209,0.6684849733977799,-8.567552673977019e-07
binary,CPA,98,0.245,Heavy_squalane,0.3203078294693966,0.1907125170516166,4.95818743997743e-07
binary,CPA,99,0.2475,H2O,0.1461332341428687,0.6806648861436885,-8.567615179533306e-07
binary,CPA,99,0.2475,Heavy_squalane,0.3224227217274908,0.1919717320589496,4.95818775462822e-07
binary,CPA,100,0.25,H2O,0.1487707987198802,0.6929502338473666,-8.567583693608327e-07
binary,CPA,100,0.25,Heavy_squalane,0.3245149174615515,0.19321743346833548,4.958188632477481e-07
binary,CPA,101,0.2525,H2O,0.1514304680421442,0.705338541866669,-8.567598658304476e-07
binary,CPA,101,0.2525,Heavy_squalane,0.3265849494281842,0.19444993848511202,4.958187679270677e-07
binary,CPA,102,0.255,H2O,0.1541117290570032,0.7178274204855891,-8.567700878758799e-07
binary,CPA,102,0.255,Heavy_squalane,0.3286333321013595,0.1956695534290655,4.95818679216698e-07
binary,CPA,103,0.2575,H2O,0.1568140862655902,0.7304145617508275,-8.567686007321385e-07
binary,CPA,103,0.2575,Heavy_squalane,0.3306605623515297,0.1968765741387796,4.958186788200794e-07
binary,CPA,104,0.26,H2O,0.1595370610469942,0.7430977363238644,-8.567685467752995e-07
binary,CPA,104,0.26,Heavy_squalane,0.3326671201235405,0.19807128637526655,4.958187868325564e-07
binary,CPA,105,0.2625,H2O,0.1622801909873964,0.7558747903561852,-8.567638760670349e-07
binary,CPA,105,0.2625,Heavy_squalane,0.3346534691083269,0.19925396622189745,4.958187080376527e-07
binary,CPA,106,0.265,H2O,0.1650430292249917,0.7687436424380304,-8.567705725992525e-07
binary,CPA,106,0.265,Heavy_squalane,0.3366200574032396,0.20042488047756313,4.958186529076614e-07
binary,CPA,107,0.2675,H2O,0.167825143812508,0.7817022806291148,-8.567590116248525e-07
binary,CPA,107,0.2675,Heavy_squalane,0.338567318148662,0.20158428703571843,4.95818689660989e-07
binary,CPA,108,0.27,H2O,0.1706261171083857,0.7947487596228405,-8.567626696986963e-07
binary,CPA,108,0.27,Heavy_squalane,0.3404956701383928,0.2027324352478064,4.95818692833938e-07
binary,CPA,109,0.2725,H2O,0.1734455451981602,0.8078811980511891,-8.56756893874433e-07
binary,CPA,109,0.2725,Heavy_squalane,0.3424055184010892,0.20386956626945155,4.958186477516191e-07
binary,CPA,110,0.275,H2O,0.1762830373443821,0.8210977759225411,-8.567625329192197e-07
binary,CPA,110,0.275,Heavy_squalane,0.3442972547518824,0.2049959133888943,4.95818621839201e-07
binary,CPA,111,0.2775,H2O,0.1791382154634443,0.8343967321848204,-8.567665382708256e-07
binary,CPA,111,0.2775,Heavy_squalane,0.346171258316647,0.20611170233914258,4.958186966679183e-07
binary,CPA,112,0.28,H2O,0.1820107136261309,0.8477763623991321,-8.567622993282953e-07
binary,CPA,112,0.28,Heavy_squalane,0.348027896031793,0.20721715159555013,4.958186900576076e-07
binary,CPA,113,0.2825,H2O,0.184900177580982,0.8612350165196739,-8.567677932669326e-07
binary,CPA,113,0.2825,Heavy_squalane,0.3498675231240525,0.20831247266148326,4.958185992319385e-07
binary,CPA,114,0.285,H2O,0.1878062642946947,0.8747710967529976,-8.567657491242997e-07
binary,CPA,114,0.285,Heavy_squalane,0.3516904835709395,0.20939787034248056,4.95818490294018e-07
binary,CPA,115,0.2875,H2O,0.1907286415093794,0.8883830554957812,-8.567628801969818e-07
binary,CPA,115,0.2875,Heavy_squalane,0.3534971105449178,0.21047354301071192,4.958185323355941e-07
binary,CPA,116,0.29,H2O,0.1936669873138254,0.902069393337854,-8.567591353036974e-07
binary,CPA,116,0.29,Heavy_squalane,0.3552877268414163,0.21153968285982075,4.958185606277239e-07
binary,CPA,117,0.2925,H2O,0.1966209897320442,0.9158286571456974,-8.567518602342616e-07
binary,CPA,117,0.2925,Heavy_squalane,0.3570626452934501,0.21259647615179073,4.958185373594302e-07
binary,CPA,118,0.295,H2O,0.199590346325652,0.9296594382104076,-8.567549116822448e-07
binary,CPA,118,0.295,Heavy_squalane,0.3588221691706675,0.21364410345454016,4.958186079575485e-07
binary,CPA,119,0.2975,H2O,0.2025747638096322,0.9435603704579799,-8.567509556245412e-07
binary,CPA,119,0.2975,Heavy_squalane,0.3605665925622474,0.2146827398699004,4.958185795332126e-07
binary,CPA,120,0.3,H2O,0.2055739576871339,0.9575301287482583,-8.56759634348947e-07
binary,CPA,120,0.3,Heavy_squalane,0.3622962007465755,0.21571255525372263,4.958186593857659e-07
binary,CPA,121,0.3025,H2O,0.2085876518954311,0.9715674272258723,-8.567589041552637e-07
binary,CPA,121,0.3025,Heavy_squalane,0.3640112705428394,0.21673371442521877,4.958187231091611e-07
binary,CPA,122,0.305,H2O,0.2116155784704555,0.9856710177576844,-8.56757931932961e-07
binary,CPA,122,0.305,Heavy_squalane,0.3657120706492042,0.21774637736831265,4.958186810675851e-07
binary,CPA,123,0.3075,H2O,0.2146574772256994,0.9998396884371716,-8.567544673709904e-07
binary,CPA,123,0.3075,Heavy_squalane,0.3673988619656341,0.2187506994238492,4.958186667893139e-07
binary,CPA,124,0.31,H2O,0.2177130954441213,1.0140722621493727,-8.567543977600067e-07
binary,CPA,124,0.31,Heavy_squalane,0.3690718979010469,0.21974683147247545,4.958186493380936e-07
binary,CPA,125,0.3125,H2O,0.2207821875863684,1.0283675952118352,-8.567555642713387e-07
binary,CPA,125,0.3125,Heavy_squalane,0.3707314246670355,0.22073492010952345,4.958186538331049e-07
binary,CPA,126,0.315,H2O,0.2238645150118998,1.0427245760756525,-8.567579621310273e-07
binary,CPA,126,0.315,Heavy_squalane,0.3723776815566229,0.22171510781098197,4.958186041235684e-07
binary,CPA,127,0.3175,H2O,0.2269598457152565,1.0571421240970527,-8.567503784195907e-07
binary,CPA,127,0.3175,Heavy_squalane,0.3740109012098018,0.22268753309159994,4.958185199082099e-07
binary,CPA,128,0.32,H2O,0.2300679540750516,1.071619188368236,-8.567464501174626e-07
binary,CPA,128,0.32,Heavy_squalane,0.3756313098653012,0.2236523306547892,4.95818531013532e-07
binary,CPA,129,0.3225,H2O,0.2331886206143719,1.0861547466013632,-8.567521311286797e-07
binary,CPA,129,0.3225,Heavy_squalane,0.3772391275990086,0.22460963153458197,4.958185084062693e-07
binary,CPA,130,0.325,H2O,0.2363216317755209,1.100747804079346,-8.567555593863574e-07
binary,CPA,130,0.325,Heavy_squalane,0.3788345685517854,0.22555956323127302,4.958184508965662e-07
binary,CPA,131,0.3275,H2O,0.2394667797046701,1.1153973926527871,-8.567547785665042e-07
binary,CPA,131,0.3275,Heavy_squalane,0.3804178411457259,0.2265022498401812,4.958185407967918e-07
binary,CPA,132,0.33,H2O,0.2426238620445939,1.1301025697745744,-8.567529974357058e-07
binary,CPA,132,0.33,Heavy_squalane,0.3819891482892796,0.22743781217377987,4.958186053134243e-07
binary,CPA,133,0.3325,H2O,0.245792681740274,1.1448624175944158,-8.567513679613725e-07
binary,CPA,133,0.3325,Heavy_squalane,0.3835486875748325,0.22836636787933776,4.958186443142574e-07
binary,CPA,134,0.335,H2O,0.2489730468505536,1.1596760420815562,-8.567453205765574e-07
binary,CPA,134,0.335,Heavy_squalane,0.3850966514663175,0.22928803155062283,4.958185772857069e-07
binary,CPA,135,0.3375,H2O,0.2521647703697322,1.1745425721937952,-8.567438837259189e-07
binary,CPA,135,0.3375,Heavy_squalane,0.3866332274796753,0.23020291483534944,4.958185462172466e-07
binary,CPA,136,0.34,H2O,0.255367670054427,1.1894611590710351,-8.567445557439157e-07
binary,CPA,136,0.34,Heavy_squalane,0.3881585983545907,0.23111112653743066,4.95818546481659e-07
binary,CPA,137,0.3425,H2O,0.2585815682591228,1.2044309752692997,-8.567433152917303e-07
binary,CPA,137,0.3425,Heavy_squalane,0.3896729422197889,0.2320127727153965,4.958185117114247e-07
binary,CPA,138,0.345,H2O,0.2618062917788622,1.2194512140280092,-8.567452204344406e-07
binary,CPA,138,0.345,Heavy_squalane,0.3911764327516354,0.23290795677682485,4.958184642493938e-07
binary,CPA,139,0.3475,H2O,0.2650416716978145,1.2345210885646407,-8.567527021163812e-07
binary,CPA,139,0.3475,Heavy_squalane,0.3926692393257363,0.23379677956860487,4.958184769411904e-07
binary,CPA,140,0.35,H2O,0.2682875432439898,1.249639831398009,-8.56742773391872e-07
binary,CPA,140,0.35,Heavy_squalane,0.3941515271621882,0.23467933946341926,4.958185819129244e-07
binary,CPA,141,0.3525,H2O,0.2715437456498355,1.2648066936989482,-8.567408034121371e-07
binary,CPA,141,0.3525,Heavy_squalane,0.3956234574648897,0.235555732442691,4.958186815964099e-07
binary,CPA,142,0.355,H2O,0.2748101220195069,1.2800209446720783,-8.567383338320411e-07
binary,CPA,142,0.355,Heavy_squalane,0.3970851875557676,0.23642605217650212,4.958187655473558e-07
binary,CPA,143,0.3575,H2O,0.278086519200156,1.2952818709562917,-8.567325201491727e-07
binary,CPA,143,0.3575,Heavy_squalane,0.3985368710031801,0.2372903901000453,4.958187824697513e-07
binary,CPA,144,0.36,H2O,0.2813727876591999,1.3105887760530874,-8.567413776194854e-07
binary,CPA,144,0.36,Heavy_squalane,0.399978657745767,0.23814883548736504,4.958187783713586e-07
binary,CPA,145,0.3625,H2O,0.2846687813652136,1.3259409797717898,-8.567488480881735e-07
binary,CPA,145,0.3625,Heavy_squalane,0.4014106942109655,0.23900147552192214,4.958187358009577e-07
binary,CPA,146,0.365,H2O,0.2879743576749292,1.3413378177032085,-8.567450944241273e-07
binary,CPA,146,0.365,Heavy_squalane,0.4028331234293934,0.23984839536469818,4.9581875946587e-07
binary,CPA,147,0.3675,H2O,0.2912893772232115,1.3567786407071645,-8.567451450502972e-07
binary,CPA,147,0.3675,Heavy_squalane,0.4042460851438391,0.24068967821908827,4.958188409048979e-07
binary,CPA,148,0.37,H2O,0.2946137038185876,1.3722628144258813,-8.567470712872449e-07
binary,CPA,148,0.37,Heavy_squalane,0.4056497159140427,0.24152540539328837,4.958188584883244e-07
binary,CPA,149,0.3725,H2O,0.2979472043443138,1.3877897188231731,-8.551491375696194e-07
binary,CPA,149,0.3725,Heavy_squalane,0.4070441492173367,0.24235565636021708,4.958188313860505e-07
binary,CPA,150,0.375,H2O,0.3012897486621443,1.4033587477362128,-8.48318008760569e-07
binary,CPA,150,0.375,Heavy_squalane,0.4084295155441218,0.24318050881436223,4.958187458486299e-07
binary,CPA,151,0.3775,H2O,0.3046412095215758,1.4189693084528099,-8.415846241083755e-07
binary,CPA,151,0.3775,Heavy_squalane,0.4098059424896103,0.24400003872640533,4.958186749860992e-07
binary,CPA,152,0.38,H2O,0.3080014624724579,1.4346208213043632,-8.349478136090844e-07
binary,CPA,152,0.38,Heavy_squalane,0.4111735548412814,0.24481432039529283,4.958187478317232e-07
binary,CPA,153,0.3825,H2O,0.3113703857797376,1.4503127192687542,-8.28417435218178e-07
binary,CPA,153,0.3825,Heavy_squalane,0.4125324746619535,0.24562342649769758,4.958187400315565e-07
binary,CPA,154,0.385,H2O,0.3147478603461428,1.46604444761022,-8.219855060988408e-07
binary,CPA,154,0.385,Heavy_squalane,0.4138828213712391,0.24642742813651747,4.958187346111017e-07
binary,CPA,155,0.3875,H2O,0.3181337696334182,1.481815463512482,-8.156379304386153e-07
binary,CPA,155,0.3875,Heavy_squalane,0.4152247118219722,0.24722639488638046,4.958187046002912e-07
binary,CPA,156,0.39,H2O,0.3215279995896008,1.4976252357400084,-8.09385992294895e-07
binary,CPA,156,0.39,Heavy_squalane,0.4165582603750232,0.24802039483818994,4.958188122161495e-07
binary,CPA,157,0.3925,H2O,0.3249304385751434,1.513473244293908,-8.0322103323316e-07
binary,CPA,157,0.3925,Heavy_squalane,0.4178835789699619,0.24880949464119748,4.958188406404855e-07
binary,CPA,158,0.395,H2O,0.3283409772968434,1.5293589801041823,-7.971452952967269e-07
binary,CPA,158,0.395,Heavy_squalane,0.4192007771953787,0.24959375954487245,4.95818885987217e-07
binary,CPA,159,0.3975,H2O,0.3317595087391803,1.5452819447099062,-7.911504021654548e-07
binary,CPA,159,0.3975,Heavy_squalane,0.4205099623549919,0.2503732534382626,4.958188841363299e-07
binary,CPA,160,0.4,H2O,0.3351859281011636,1.5612416499650759,-7.85238468345642e-07
binary,CPA,160,0.4,Heavy_squalane,0.4218112395328814,0.25114803888883447,4.95818937812053e-07
binary,CPA,161,0.4025,H2O,0.3386201327322762,1.5772376177402436,-7.794122468016137e-07
binary,CPA,161,0.4025,Heavy_squalane,0.4231047116554986,0.2519181771793941,4.95818938473084e-07
binary,CPA,162,0.405,H2O,0.3420620220736483,1.5932693796485156,-7.736740703127537e-07
binary,CPA,162,0.405,Heavy_squalane,0.4243904795528854,0.25268372834453734,4.958189437613326e-07
binary,CPA,163,0.4075,H2O,0.345511497598635,1.609336476768771,-7.680056407176851e-07
binary,CPA,163,0.4075,Heavy_squalane,0.4256686420169668,0.25344475120535737,4.958189592294597e-07
binary,CPA,164,0.41,H2O,0.3489684283395462,1.625438299074767,-8.115974880274363e-07
binary,CPA,164,0.41,Heavy_squalane,0.4269392835011622,0.2542012960457459,5.01717271652842e-07
binary,CPA,165,0.4125,H2O,0.3524327543805334,1.6415745674882052,-8.537191234310533e-07
binary,CPA,165,0.4125,Heavy_squalane,0.4282025117030487,0.25495342698925555,5.074923356263022e-07
binary,CPA,166,0.415,H2O,0.3559043828289811,1.6577448493303606,-8.946143125392307e-07
binary,CPA,166,0.415,Heavy_squalane,0.429458419555772,0.2557011993686399,5.131600788256986e-07
binary,CPA,167,0.4175,H2O,0.359383222750759,1.6739487210448127,-9.343324503211002e-07
binary,CPA,167,0.4175,Heavy_squalane,0.4307070982296572,0.25644466746706196,5.187231642808029e-07
binary,CPA,168,0.42,H2O,0.3628691849762735,1.6901857672940683,-9.728988839884564e-07
binary,CPA,168,0.42,Heavy_squalane,0.4319486371250891,0.25718388451385576,5.241842518484383e-07
binary,CPA,169,0.4225,H2O,0.3663621820545402,1.7064555807456352,-1.010348512492992e-06
binary,CPA,169,0.4225,Heavy_squalane,0.4331831239194291,0.25791890271246043,5.295459293330408e-07
binary,CPA,170,0.425,H2O,0.3698621282080432,1.722757761861767,-1.046706881543534e-06
binary,CPA,170,0.425,Heavy_squalane,0.4344106446126655,0.25864977326760064,5.348107826881596e-07
binary,CPA,171,0.4275,H2O,0.3733689392885493,1.7390919186936515,-1.082013918208423e-06
binary,CPA,171,0.4275,Heavy_squalane,0.435631283571524,0.2593765464115503,5.399813654768214e-07
binary,CPA,172,0.43,H2O,0.3768825327328712,1.7554576666753627,-1.116307158616887e-06
binary,CPA,172,0.43,Heavy_squalane,0.4368451235716061,0.26009927142922185,5.450598589693537e-07
binary,CPA,173,0.4325,H2O,0.3804028275235076,1.7718546284405294,-1.149602979830003e-06
binary,CPA,173,0.4325,Heavy_squalane,0.4380522458392783,0.26081799668310707,5.500484580533242e-07
binary,CPA,174,0.435,H2O,0.3839297441504316,1.7882824336443508,-1.181939697769221e-06
binary,CPA,174,0.435,Heavy_squalane,0.439252730092051,0.2615327696373192,5.54949672134884e-07
binary,CPA,175,0.4375,H2O,0.387463204568251,1.8047407187640583,-1.213333582067642e-06
binary,CPA,175,0.4375,Heavy_squalane,0.4404466545755645,0.26224363687961416,5.597654334078533e-07
binary,CPA,176,0.44,H2O,0.3910031321629421,1.8212291269439635,-1.243819929578868e-06
binary,CPA,176,0.44,Heavy_squalane,0.4416340961020976,0.2629506441443191,5.644978776636219e-07
binary,CPA,177,0.4425,H2O,0.3945494517135981,1.8377473078172923,-1.273428249066359e-06
binary,CPA,177,0.4425,Heavy_squalane,0.4428151300857446,0.26365383633327666,5.691488637215611e-07
binary,CPA,178,0.445,H2O,0.3981020893604172,1.8542949173570755,-1.302184082719776e-06
binary,CPA,178,0.445,Heavy_squalane,0.4439898305780984,0.26435325753709077,5.737205149456767e-07
binary,CPA,179,0.4475,H2O,0.4016609725679759,1.8708716177050835,-1.330105787666045e-06
binary,CPA,179,0.4475,Heavy_squalane,0.4451582703008716,0.26504895105454956,5.78214602634826e-07
binary,CPA,180,0.45,H2O,0.4052260300951178,1.887477077031573,-1.357216681141302e-06
binary,CPA,180,0.45,Heavy_squalane,0.4463205206792832,0.26574095941250403,5.82633007025787e-07
binary,CPA,181,0.4525,H2O,0.4087971919630068,1.9041109693864828,-1.383539735797979e-06
binary,CPA,181,0.4525,Heavy_squalane,0.4474766518734899,0.266429324384582,5.869776423323346e-07
binary,CPA,182,0.455,H2O,0.4123743894224945,1.920772974547439,-1.409103570952448e-06
binary,CPA,182,0.455,Heavy_squalane,0.4486267328085062,0.2671140870090029,5.91250041353316e-07
binary,CPA,183,0.4575,H2O,0.4159575549271782,1.9374627778942606,-1.433925459795281e-06
binary,CPA,183,0.4575,Heavy_squalane,0.4497708312047359,0.2677952876067564,5.954518783482274e-07
binary,CPA,184,0.46,H2O,0.4195466221036073,1.954180070270188,-1.458026573881774e-06
binary,CPA,184,0.46,Heavy_squalane,0.4509090136064007,0.2684729657985288,5.99584757242859e-07
binary,CPA,185,0.4625,H2O,0.4231415257244529,1.9709245478569095,-1.481426250664699e-06
binary,CPA,185,0.4625,Heavy_squalane,0.4520413454097684,0.26914716052151005,6.03650399097707e-07
binary,CPA,186,0.465,H2O,0.4267422016786162,1.987695912035333,-1.50413957616589e-06
binary,CPA,186,0.465,Heavy_squalane,0.4531678908893161,0.2698179100449718,6.076501056151561e-07
binary,CPA,187,0.4675,H2O,0.4303485869488383,2.0044938692812946,-1.526198126199655e-06
binary,CPA,187,0.4675,Heavy_squalane,0.4542887132251797,0.2704852519866106,6.115854702767056e-07
binary,CPA,188,0.47,H2O,0.4339606195834603,2.0213181310340222,-1.547610039389566e-06
binary,CPA,188,0.47,Heavy_squalane,0.4554038745277309,0.27114922332718133,6.154578537487117e-07
binary,CPA,189,0.4725,H2O,0.4375782386743005,2.0381684135930915,-1.568400771038239e-06
binary,CPA,189,0.4725,Heavy_squalane,0.4565134358630446,0.2718098604256605,6.192688417125073e-07
binary,CPA,190,0.475,H2O,0.4412013843298291,2.0550444379934776,-1.588573883620961e-06
binary,CPA,190,0.475,Heavy_squalane,0.4576174572759403,0.2724671990329653,6.230197024223048e-07
binary,CPA,191,0.4775,H2O,0.4448299976530137,2.0719459299023626,-1.60816174944812e-06
binary,CPA,191,0.4775,Heavy_squalane,0.4587159978135216,0.27312127430596883,6.267115925502721e-07
binary,CPA,192,0.48,H2O,0.4484640207211074,2.0888726195249934,-1.627164633991042e-06
binary,CPA,192,0.48,Heavy_squalane,0.4598091155483909,0.2737721208213226,6.303459474592762e-07
binary,CPA,193,0.4825,H2O,0.4521033965618231,2.105824241493703,-1.645612572812783e-06
binary,CPA,193,0.4825,Heavy_squalane,0.4608968675998972,0.2744197725881073,6.339241270224363e-07
binary,CPA,194,0.485,H2O,0.4557480691305785,2.122800534761924,-1.663508108639728e-06
binary,CPA,194,0.485,Heavy_squalane,0.4619793101548809,0.2750642630601844,6.37447132305206e-07
binary,CPA,195,0.4875,H2O,0.4593979832935946,2.1398012425254618,-1.680874474880887e-06
binary,CPA,195,0.4875,Heavy_squalane,0.4630564984893705,0.2757056251491145,6.409162507316988e-07
binary,CPA,196,0.49,H2O,0.4630530848049858,2.1568261121157866,-1.697727014577041e-06
binary,CPA,196,0.49,Heavy_squalane,0.4641284869877397,0.27634389123556335,6.443325462975265e-07
binary,CPA,197,0.4925,H2O,0.4667133202888892,2.1738748949167914,-1.714068964992386e-06
binary,CPA,197,0.4925,Heavy_squalane,0.4651953291626299,0.27697909318116415,6.476971267585575e-07
binary,CPA,198,0.495,H2O,0.4703786372202697,2.190947346275389,-1.729923869017962e-06
binary,CPA,198,0.495,Heavy_squalane,0.4662570776738014,0.27761126233974126,6.510110933925558e-07
binary,CPA,199,0.4975,H2O,0.4740489839064307,2.2080432254153877,-1.74530574100672e-06
binary,CPA,199,0.4975,Heavy_squalane,0.4673137843465383,0.27824042956826867,6.542755240767856e-07
binary,CPA,200,0.5,H2O,0.4777243094698844,2.225162295357708,-1.760224397847826e-06
binary,CPA,200,0.5,Heavy_squalane,0.4683655001898224,0.27886662523769096,6.57491605229813e-07
binary,CPA,201,0.5025,H2O,0.4814045638275227,2.2423043228233603,-1.774693601771889e-06
binary,CPA,201,0.5025,Heavy_squalane,0.4694122754128542,0.2794898792427596,6.606600540703496e-07
binary,CPA,202,0.505,H2O,0.4850896976789393,2.2594690781790545,-1.788724366659384e-06
binary,CPA,202,0.505,Heavy_squalane,0.4704541594436047,0.2801102210130793,6.637820251552638e-07
binary,CPA,203,0.5075,H2O,0.4887796624859552,2.276656335341831,-1.802324935368259e-06
binary,CPA,203,0.5075,Heavy_squalane,0.4714912009443001,0.28072767952232724,6.668584457789419e-07
binary,CPA,204,0.51,H2O,0.4924744104576975,2.2938658717095604,-1.815505794241481e-06
binary,CPA,204,0.51,Heavy_squalane,0.4725234478279245,0.28134228329807887,6.698902230082193e-07
binary,CPA,205,0.5125,H2O,0.4961738945339967,2.311097468083611,-1.828286027543274e-06
binary,CPA,205,0.5125,Heavy_squalane,0.4735509472737101,0.281954060431031,6.728780882078727e-07
binary,CPA,206,0.515,H2O,0.4998780683729339,2.328350908610847,-1.84067177729478e-06
binary,CPA,206,0.515,Heavy_squalane,0.4745737457432411,0.28256303858459014,6.758230723219602e-07
binary,CPA,207,0.5175,H2O,0.5035868863330117,2.3456259807005813,-1.852672806103336e-06
binary,CPA,207,0.5175,Heavy_squalane,0.4755918889945405,0.2831692450032596,6.787260128768487e-07
binary,CPA,208,0.52,H2O,0.5073003034594488,2.362922474960738,-1.864299452238889e-06
binary,CPA,208,0.52,Heavy_squalane,0.4766054220967803,0.2837727065213982,6.815876806347667e-07
binary,CPA,209,0.5225,H2O,0.511018275471656,2.380240185139521,-1.875559222994098e-06
binary,CPA,209,0.5225,Heavy_squalane,0.4776143894448081,0.28437344957186944,6.844090311822301e-07
binary,CPA,210,0.525,H2O,0.5147407587466715,2.397578908048254,-1.886464694824583e-06
binary,CPA,210,0.525,Heavy_squalane,0.4786188347720833,0.28497150019374373,6.871907418116743e-07
binary,CPA,211,0.5275,H2O,0.5184677103081738,2.4149384435102075,-1.897029615166207e-06
binary,CPA,211,0.5275,Heavy_squalane,0.4796188011646514,0.2855668840406188,6.899335857972459e-07
binary,CPA,212,0.53,H2O,0.5221990878128424,2.4323185942970658,-1.907250853105957e-06
binary,CPA,212,0.53,Heavy_squalane,0.4806143310739454,0.28615962638824155,6.926383153923035e-07
binary,CPA,213,0.5325,H2O,0.5259348495377613,2.449719166070259,-1.917147222493779e-06
binary,CPA,213,0.5325,Heavy_squalane,0.4816054663294269,0.2867497521420347,6.953056786196069e-07
binary,CPA,214,0.535,H2O,0.5296749543680708,2.467139967323444,-1.926716595453783e-06
binary,CPA,214,0.535,Heavy_squalane,0.4825922481508725,0.2873372858444122,6.97936394548755e-07
binary,CPA,215,0.5375,H2O,0.5334193617848079,2.484580809325868,-1.935982680025911e-06
binary,CPA,215,0.5375,Heavy_squalane,0.4835747171603134,0.28792225168188823,7.005311273837676e-07
binary,CPA,216,0.54,H2O,0.537168031853667,2.5020415060700163,-1.944936283948045e-06
binary,CPA,216,0.54,Heavy_squalane,0.4845529133938312,0.28850467349210007,7.030905566645858e-07
binary,CPA,217,0.5425,H2O,0.5409209252146517,2.5195218742234142,-1.953597110391596e-06
binary,CPA,217,0.5425,Heavy_squalane,0.4855268763132181,0.289084574770751,7.05615527849949e-07
binary,CPA,218,0.545,H2O,0.544678003066404,2.537021733055634,-1.961974593441205e-06
binary,CPA,218,0.545,Heavy_squalane,0.4864966448159079,0.2896619786775232,7.081063484515115e-07
binary,CPA,219,0.5475,H2O,0.5484392271629146,2.5545409044229723,-1.970061594795734e-06
binary,CPA,219,0.5475,Heavy_squalane,0.4874622572477734,0.2902369080436972,7.105639460280718e-07
binary,CPA,220,0.55,H2O,0.5522045597963245,2.572079212688342,-1.977884141924934e-06
binary,CPA,220,0.55,Heavy_squalane,0.4884237514120141,0.2908093853774437,7.129888595843652e-07
binary,CPA,221,0.5525,H2O,0.5559739637890033,2.589636484684375,-1.985435157582239e-06
binary,CPA,221,0.5525,Heavy_squalane,0.489381164580116,0.29137943287034934,7.153815981143162e-07
binary,CPA,222,0.555,H2O,0.5597474024848156,2.607212549672741,-1.992726976808964e-06
binary,CPA,222,0.555,Heavy_squalane,0.4903345335023003,0.2919470724036375,7.177428411578656e-07
binary,CPA,223,0.5575,H2O,0.5635248397371836,2.6248072392885495,-1.999759710251734e-06
binary,CPA,223,0.5575,Heavy_squalane,0.4912838944168658,0.29251232555373113,7.20073137899627e-07
binary,CPA,224,0.56,H2O,0.5673062399002041,2.6424203874989676,-2.006550190097086e-06
binary,CPA,224,0.56,Heavy_squalane,0.4922292830600198,0.29307521359810573,7.223730039438358e-07
binary,CPA,225,0.5625,H2O,0.5710915678196525,2.6600518305613234,-2.013099251104802e-06
binary,CPA,225,0.5625,Heavy_squalane,0.4931707346754057,0.2936357575209626,7.246429913836423e-07
binary,CPA,226,0.565,H2O,0.5748807888238758,2.677701406980684,-2.019413355091439e-06
binary,CPA,226,0.565,Heavy_squalane,0.4941082840233292,0.2941939780187219,7.268836995098153e-07
binary,CPA,227,0.5675,H2O,0.5786738687137406,2.695368957463038,-2.025496085028129e-06
binary,CPA,227,0.5675,Heavy_squalane,0.4950419653894901,0.29474989550522135,7.290956040003134e-07
binary,CPA,228,0.57,H2O,0.5824707737548244,2.7130543248789194,-2.031353735183249e-06
binary,CPA,228,0.57,Heavy_squalane,0.4959718125940111,0.2953035301170926,7.312792204593719e-07
binary,CPA,229,0.5725,H2O,0.5862714706694462,2.7307573542262924,-2.036993494603763e-06
binary,CPA,229,0.5725,Heavy_squalane,0.4968978590001737,0.29585490171896206,7.334351695951663e-07
binary,CPA,230,0.575,H2O,0.590075926625277,2.7484778925774966,-2.042423877490926e-06
binary,CPA,230,0.575,Heavy_squalane,0.4978201375220788,0.2964040299080124,7.355637529700712e-07
binary,CPA,231,0.5775,H2O,0.5938841092318505,2.7662157890629984,-2.047643174374388e-06
binary,CPA,231,0.5775,Heavy_squalane,0.4987386806339837,0.2969509340195416,7.376656279133832e-07
binary,CPA,232,0.58,H2O,0.5976959865271151,2.7839708948087476,-2.052663756595156e-06
binary,CPA,232,0.58,Heavy_squalane,0.4996535203770004,0.29749563313095134,7.39741023670678e-07
binary,CPA,233,0.5825,H2O,0.6015115269759919,2.8017430629294657,-2.057484729792109e-06
binary,CPA,233,0.5825,Heavy_squalane,0.500564688368451,0.2980381460673172,7.417906497927068e-07
binary,CPA,234,0.585,H2O,0.6053306994564239,2.8195321484636633,-2.062109332978728e-06
binary,CPA,234,0.585,Heavy_squalane,0.501472215808006,0.2985784914050433,7.438147993806465e-07
binary,CPA,235,0.5875,H2O,0.6091534732558356,2.8373380083571473,-2.066548636884541e-06
binary,CPA,235,0.5875,Heavy_squalane,0.5023761334860884,0.2991166874768662,7.458139009148372e-07
binary,CPA,236,0.59,H2O,0.6129798180632074,2.855160501426109,-2.07080609921556e-06
binary,CPA,236,0.59,Heavy_squalane,0.5032764717910252,0.299652752376113,7.477884348326614e-07
binary,CPA,237,0.5925,H2O,0.6168097039608769,2.872999488318932,-2.074891638530221e-06
binary,CPA,237,0.5925,Heavy_squalane,0.5041732607159252,0.3001867039607964,7.497387726335806e-07
binary,CPA,238,0.595,H2O,0.620643101419353,2.8908548314920406,-2.07879784601616e-06
binary,CPA,238,0.595,Heavy_squalane,0.5050665298660663,0.30071855985801305,7.516654299218302e-07
binary,CPA,239,0.5975,H2O,0.624479981288486,2.9087263951687685,-2.082536160496576e-06
binary,CPA,239,0.5975,Heavy_squalane,0.5059563084652358,0.3012483374677186,7.535687784612844e-07
binary,CPA,240,0.6,H2O,0.6283203147916467,2.926614045312247,-2.086106487506837e-06
binary,CPA,240,0.6,Heavy_squalane,0.506842625362582,0.3017760539668073,7.554491688628233e-07
binary,CPA,241,0.6025,H2O,0.6321640735187182,2.944517649592763,-2.089517947556738e-06
binary,CPA,241,0.6025,Heavy_squalane,0.5077255090390084,0.3023017263129188,7.573068539047282e-07
binary,CPA,242,0.605,H2O,0.6360112294229545,2.962437077373126,-2.092764731562373e-06
binary,CPA,242,0.605,Heavy_squalane,0.5086049876142741,0.3028253712486662,7.591424274573133e-07
binary,CPA,243,0.6075,H2O,0.6398617548098543,2.980372199656844,-2.095856250873451e-06
binary,CPA,243,0.6075,Heavy_squalane,0.5094810888520914,0.3033470053046709,7.609561621297922e-07
binary,CPA,244,0.61,H2O,0.6437156223341133,2.9983228890739277,-2.098807169800113e-06
binary,CPA,244,0.61,Heavy_squalane,0.5103538401669019,0.3038666448035971,7.627484050956833e-07
binary,CPA,245,0.6125,H2O,0.6475728049927701,3.016289019848966,-2.101609084757348e-06
binary,CPA,245,0.6125,Heavy_squalane,0.5112232686296223,0.30438430586357307,7.645194708735701e-07
binary,CPA,246,0.615,H2O,0.651433276120504,3.0342704677792223,-2.104264084419253e-06
binary,CPA,246,0.615,Heavy_squalane,0.5120894009737166,0.3049000044018063,7.662697789537701e-07
binary,CPA,247,0.6175,H2O,0.6552970093819199,3.052267110198702,-2.106784745459091e-06
binary,CPA,247,0.6175,Heavy_squalane,0.5129522636004371,0.3054137561377044,7.679995851553079e-07
binary,CPA,248,0.62,H2O,0.6591639787685508,3.0702788259641856,-2.10917106724494e-06
binary,CPA,248,0.62,Heavy_squalane,0.5138118825849715,0.30592557659653447,7.6970932575869e-07
binary,CPA,249,0.6225,H2O,0.6630341585910874,3.088305495419041,-2.111424812189302e-06
binary,CPA,249,0.6225,Heavy_squalane,0.5146682836813787,0.30643548111236274,7.713993029873222e-07
binary,CPA,250,0.625,H2O,0.6669075234745827,3.1063470003708833,-2.113541558003951e-06
binary,CPA,250,0.625,Heavy_squalane,0.5155214923280491,0.3069434848313048,7.730697594396074e-07
binary,CPA,251,0.6275,H2O,0.6707840483549236,3.1244032240751416,-2.115529401781972e-06
binary,CPA,251,0.6275,Heavy_squalane,0.5163715336533011,0.3074496027148584,7.747211019140666e-07
binary,CPA,252,0.63,H2O,0.674663708471313,3.142474051200042,-2.117395724880259e-06
binary,CPA,252,0.63,Heavy_squalane,0.5172184324799693,0.307953849542635,7.763535826601565e-07
binary,CPA,253,0.6325,H2O,0.6785464793626141,3.1605593678095802,-2.11914571108823e-06
binary,CPA,253,0.6325,Heavy_squalane,0.5180622133307072,0.30845623991551707,7.779674686022234e-07
binary,CPA,254,0.635,H2O,0.682432336862291,3.178659061339953,-2.120775054135225e-06
binary,CPA,254,0.635,Heavy_squalane,0.5189029004328597,0.3089567882585592,7.79563034861399e-07
binary,CPA,255,0.6375,H2O,0.6863212570945924,3.196773020581787,-2.12228884743821e-06
binary,CPA,255,0.6375,Heavy_squalane,0.5197405177234773,0.3094555088239736,7.811406764698515e-07
binary,CPA,256,0.64,H2O,0.6902132164666452,3.214901135643309,-2.123689116065559e-06
binary,CPA,256,0.64,Heavy_squalane,0.5205750888533307,0.3099524156935204,7.827004995891704e-07
binary,CPA,257,0.6425,H2O,0.6941081916688636,3.2330432979522503,-2.124984723304999e-06
binary,CPA,257,0.6425,Heavy_squalane,0.5214066371925953,0.310447522781892,7.842429691886114e-07
binary,CPA,258,0.645,H2O,0.6980061596650081,3.251199400209547,-2.126173692053732e-06
binary,CPA,258,0.645,Heavy_squalane,0.5222351858342066,0.3109408438387115,7.857682086165722e-07
binary,CPA,259,0.6475,H2O,0.701907097691481,3.2693693363860556,-2.127253899168336e-06
binary,CPA,259,0.6475,Heavy_squalane,0.523060757599075,0.3114323924516368,7.872764758073763e-07
binary,CPA,260,0.65,H2O,0.7058109832533669,3.287553001704112,-2.128235245803557e-06
binary,CPA,260,0.65,Heavy_squalane,0.5238833750404973,0.31192218204898786,7.887681987125394e-07
binary,CPA,261,0.6525,H2O,0.7097177941162768,3.30575029259954,-2.129114850254679e-06
binary,CPA,261,0.6525,Heavy_squalane,0.524703060447579,0.312410225901784,7.902434979041287e-07
binary,CPA,262,0.655,H2O,0.7136275083056889,3.3239611067185844,-2.129907168533955e-06
binary,CPA,262,0.655,Heavy_squalane,0.5255198358501335,0.31289653712666127,7.917026175670216e-07
binary,CPA,263,0.6575,H2O,0.7175401041029797,3.342185342899422,-2.130597968746756e-06
binary,CPA,263,0.6575,Heavy_squalane,0.5263337230227843,0.31338112868831425,7.931459317125982e-07
binary,CPA,264,0.66,H2O,0.7214555600381068,3.360422901138079,-2.131197218932043e-06
binary,CPA,264,0.66,Heavy_squalane,0.5271447434882723,0.313864013401466,7.945735400243439e-07
binary,CPA,265,0.6625,H2O,0.725373854888932,3.3786736825852812,-2.131704489675928e-06
binary,CPA,265,0.6625,Heavy_squalane,0.5279529185220495,0.3143452039336027,7.959856675172351e-07
binary,CPA,266,0.665,H2O,0.729294967677177,3.3969375895276133,-2.132121394287131e-06
binary,CPA,266,0.665,Heavy_squalane,0.5287582691560794,0.31482471280723645,7.973826339981041e-07
binary,CPA,267,0.6675,H2O,0.7332188776628162,3.4152145253614017,-2.132458218548727e-06
binary,CPA,267,0.6675,Heavy_squalane,0.5295608161822265,0.31530255240192373,7.987646294472805e-07
binary,CPA,268,0.67,H2O,0.7371455643414797,3.4335043945806194,-2.132707479009453e-06
binary,CPA,268,0.67,Heavy_squalane,0.5303605801561754,0.31577873495659825,8.001318496621676e-07
binary,CPA,269,0.6725,H2O,0.7410750074411905,3.451807102761688,-2.132881176357919e-06
binary,CPA,269,0.6725,Heavy_squalane,0.5311575814011283,0.31625327257177316,8.014845347292502e-07
binary,CPA,270,0.675,H2O,0.7450071869184384,3.4701225565451908,-2.132972599410095e-06
binary,CPA,270,0.675,Heavy_squalane,0.531951840011281,0.31672617721160995,8.028229318741489e-07
binary,CPA,271,0.6775,H2O,0.7489420829544912,3.4884506636186896,-2.132987381446326e-06
binary,CPA,271,0.6775,Heavy_squalane,0.5327433758552665,0.3171974607059695,8.041472526268063e-07
binary,CPA,272,0.68,H2O,0.7528796759510135,3.5067913326963187,-2.132924639962878e-06
binary,CPA,272,0.68,Heavy_squalane,0.533532208579381,0.3176671347523322,8.054575768397759e-07
binary,CPA,273,0.6825,H2O,0.756819946529661,3.525144473516896,-2.132787513914655e-06
binary,CPA,273,0.6825,Heavy_squalane,0.5343183576115261,0.3181352109181457,8.067541940446665e-07
binary,CPA,274,0.685,H2O,0.7607628755262931,3.5435099968169643,-2.132577670717172e-06
binary,CPA,274,0.685,Heavy_squalane,0.5351018421639996,0.3186017006424862,8.080373018897684e-07
binary,CPA,275,0.6875,H2O,0.764708443989168,3.5618878143223873,-2.132300294149474e-06
binary,CPA,275,0.6875,Heavy_squalane,0.5358826812370032,0.31906661523814706,8.09307180784462e-07
binary,CPA,276,0.69,H2O,0.7686566331735865,3.5802778387233976,-2.131952415560269e-06
binary,CPA,276,0.69,Heavy_squalane,0.5366608936213763,0.3195299658932665,8.105639302800263e-07
binary,CPA,277,0.6925,H2O,0.7726074245414718,3.5986799836726435,-2.131533484005511e-06
binary,CPA,277,0.6925,Heavy_squalane,0.5374364979022329,0.31999176367349313,8.118077891408843e-07
binary,CPA,278,0.695,H2O,0.7765607997554868,3.617094163757784,-2.131052265054963e-06
binary,CPA,278,0.695,Heavy_squalane,0.5382095124614543,0.3204520195234699,8.130387972933126e-07
binary,CPA,279,0.6975,H2O,0.7805167406800068,3.635520294506023,-2.130506275283023e-06
binary,CPA,279,0.6975,Heavy_squalane,0.5389799554814562,0.3209107442690773,8.142572589438099e-07
binary,CPA,280,0.7,H2O,0.7844752293746876,3.65395829235415,-2.129895229073985e-06
binary,CPA,280,0.7,Heavy_squalane,0.5397478449474428,0.32136794861877527,8.154633414654435e-07
binary,CPA,281,0.7025,H2O,0.7884362480920422,3.6724080746372496,-2.129226345348995e-06
binary,CPA,281,0.7025,Heavy_squalane,0.5405131986503782,0.3218236431653725,8.166571183648685e-07
binary,CPA,282,0.705,H2O,0.7923997792780954,3.6908695595917553,-2.128500244077259e-06
binary,CPA,282,0.705,Heavy_squalane,0.5412760341904889,0.3222778383881116,8.178389768740861e-07
binary,CPA,283,0.7075,H2O,0.7963658055636275,3.709342666314661,-2.127719404427109e-06
binary,CPA,283,0.7075,Heavy_squalane,0.5420363689788884,0.3227305446536368,8.190089265119436e-07
binary,CPA,284,0.71,H2O,0.8003343097652212,3.7278273147683985,-2.126880076646663e-06
binary,CPA,284,0.71,Heavy_squalane,0.5427942202410304,0.3231817722180497,8.201670391986218e-07
binary,CPA,285,0.7125,H2O,0.8043052748845866,3.7463234257776903,-2.12598285310588e-06
binary,CPA,285,0.7125,Heavy_squalane,0.5435496050197662,0.3236315312287296,8.213136601245457e-07
binary,CPA,286,0.715,H2O,0.8082786841012825,3.764830920995653,-2.125034363872292e-06
binary,CPA,286,0.715,Heavy_squalane,0.5443025401770876,0.32407983172537147,8.224489015327912e-07
binary,CPA,287,0.7175,H2O,0.812254520772407,3.783349722902351,-2.12403406566337e-06
binary,CPA,287,0.7175,Heavy_squalane,0.5450530423971379,0.32452668364177867,8.235728707748042e-07
binary,CPA,288,0.72,H2O,0.8162327684305165,3.801879754795104,-2.122979626441399e-06
binary,CPA,288,0.72,Heavy_squalane,0.5458011281888341,0.32497209680742395,8.246857520138409e-07
binary,CPA,289,0.7225,H2O,0.8202134107807473,3.8204209407750818,-2.121872585036781e-06
binary,CPA,289,0.7225,Heavy_squalane,0.546546813888281,0.32541608094888713,8.257877368167059e-07
binary,CPA,290,0.725,H2O,0.8241964316971161,3.8389732057300723,-2.120724270193075e-06
binary,CPA,290,0.725,Heavy_squalane,0.5472901156609818,0.3258586456911713,8.268788959137236e-07
binary,CPA,291,0.7275,H2O,0.8281818152219406,3.85753647533178,-2.119519941932195e-06
binary,CPA,291,0.7275,Heavy_squalane,0.5480310495045793,0.3262998005593344,8.279593817386589e-07
binary,CPA,292,0.73,H2O,0.83216954556345,3.876110676024701,-2.118276267702015e-06
binary,CPA,292,0.73,Heavy_squalane,0.5487696312512081,0.32673955497989077,8.290294178522201e-07
binary,CPA,293,0.7325,H2O,0.8361596070915823,3.8946957350065428,-2.116984164746973e-06
binary,CPA,293,0.7325,Heavy_squalane,0.5495058765694625,0.32717791828198156,8.300890927003644e-07
binary,CPA,294,0.735,H2O,0.8401519843369011,3.913291580223181,-2.115648243360545e-06
binary,CPA,294,0.735,Heavy_squalane,0.5502398009668925,0.32761489969886215,8.311384979019983e-07
binary,CPA,295,0.7375,H2O,0.8441466619906722,3.931898140369017,-2.11426820281837e-06
binary,CPA,295,0.7375,Heavy_squalane,0.5509714197926653,0.3280505083694857,8.321779654269253e-07
binary,CPA,296,0.74,H2O,0.8481436248971173,3.950515344850895,-2.112846734463616e-06
binary,CPA,296,0.74,Heavy_squalane,0.5517007482387443,0.32848475333920585,8.332074807324623e-07
binary,CPA,297,0.7425,H2O,0.8521428580557926,3.9691431237991837,-2.11138715083089e-06
binary,CPA,297,0.7425,Heavy_squalane,0.5524278013428777,0.3289176435615559,8.342271555328599e-07
binary,CPA,298,0.745,H2O,0.8561443466171096,3.9877814080469083,-2.109888517887239e-06
binary,CPA,298,0.745,Heavy_squalane,0.553152593990292,0.32934918789925716,8.352369895637057e-07
binary,CPA,299,0.7475,H2O,0.8601480758850405,4.006430129142358,-2.108348916775828e-06
binary,CPA,299,0.7475,Heavy_squalane,0.5538751409166417,0.32977939512597504,8.3623737917923e-07
binary,CPA,300,0.75,H2O,0.8641540313068704,4.025089219301347,-2.106774341346288e-06
binary,CPA,300,0.75,Heavy_squalane,0.5545954567085765,0.3302082739266571,8.37228231967289e-07
binary,CPA,301,0.7525,H2O,0.8681621984792272,4.043758611435308,-2.105152585242608e-06
binary,CPA,301,0.7525,Heavy_squalane,0.555313555807202,0.3306358328995933,8.382098329644804e-07
binary,CPA,302,0.755,H2O,0.8721725631411061,4.062438239118794,-2.103499665159984e-06
binary,CPA,302,0.755,Heavy_squalane,0.5560294525091611,0.33106208055706005,8.391823108074506e-07
binary,CPA,303,0.7575,H2O,0.876185111172078,4.081128036581139,-2.101809436370487e-06
binary,CPA,303,0.7575,Heavy_squalane,0.5567431609686081,0.33148702532649527,8.401456477805669e-07
binary,CPA,304,0.76,H2O,0.8801998285936943,4.0998279387129966,-2.100085209355683e-06
binary,CPA,304,0.76,Heavy_squalane,0.5574546951997102,0.3319106755519882,8.411000403422635e-07
binary,CPA,305,0.7625,H2O,0.8842167015649027,4.118537881044993,-2.098329550599953e-06
binary,CPA,305,0.7625,Heavy_squalane,0.5581640690780464,0.3323330394951121,8.420456068171022e-07
binary,CPA,306,0.765,H2O,0.8882357163806496,4.137257799741213,-2.096543854576534e-06
binary,CPA,306,0.765,Heavy_squalane,0.5588712963425345,0.33275412533607174,8.429824332713284e-07
binary,CPA,307,0.7675,H2O,0.8922568594695758,4.155987631588467,-2.094722893705495e-06
binary,CPA,307,0.7675,Heavy_squalane,0.5595763905971632,0.33317394117473426,8.439105256542217e-07
binary,CPA,308,0.77,H2O,0.8962801173959599,4.174727314005348,-2.092869333293494e-06
binary,CPA,308,0.77,Heavy_squalane,0.5602793653134307,0.3335924950320817,8.448301995420153e-07
binary,CPA,309,0.7725,H2O,0.9003054768514642,4.193476785003776,-2.090985326169321e-06
binary,CPA,309,0.7725,Heavy_squalane,0.5609802338309654,0.3340097948505804,8.457413999369242e-07
binary,CPA,310,0.775,H2O,0.9043329246593935,4.212235983208846,-2.089080501527888e-06
binary,CPA,310,0.775,Heavy_squalane,0.5616790093602962,0.33442584849583007,8.466443238262074e-07
binary,CPA,311,0.7775,H2O,0.9083624477697513,4.23100484783579,-2.087140861063301e-06
binary,CPA,311,0.7775,Heavy_squalane,0.562375704983988,0.33484066375724036,8.4753908173426e-07
binary,CPA,312,0.78,H2O,0.9123940332575212,4.24978331868198,-2.085176980980347e-06
binary,CPA,312,0.78,Heavy_squalane,0.5630703336583033,0.3352542483490199,8.484256986480565e-07
binary,CPA,313,0.7825,H2O,0.9164276683241819,4.2685713361339825,-2.083184840463263e-06
binary,CPA,313,0.7825,Heavy_squalane,0.5637629082153899,0.33566660991147906,8.493044290645591e-07
binary,CPA,314,0.785,H2O,0.9204633402899345,4.287368841131352,-2.081164312472897e-06
binary,CPA,314,0.785,Heavy_squalane,0.5644534413638408,0.336077756011363,8.50175134167243e-07
binary,CPA,315,0.7875,H2O,0.9245010366006877,4.306175775199168,-2.079115322651811e-06
binary,CPA,315,0.7875,Heavy_squalane,0.5651419456917514,0.3364876941436724,8.510381582210898e-07
binary,CPA,316,0.79,H2O,0.9285407448173183,4.3249920803980135,-2.077046690994581e-06
binary,CPA,316,0.79,Heavy_squalane,0.5658284336667181,0.3368964317316622,8.518933819760945e-07
binary,CPA,317,0.7925,H2O,0.9325824526229083,4.343817699357684,-2.074951195743824e-06
binary,CPA,317,0.7925,Heavy_squalane,0.5665129176388691,0.3373039761286464,8.527411241814393e-07
binary,CPA,318,0.795,H2O,0.9366261478121592,4.36265257522788,-2.072835482496916e-06
binary,CPA,318,0.795,Heavy_squalane,0.5671954098408419,0.33771033461798444,8.535812232811305e-07
binary,CPA,319,0.7975,H2O,0.9406718182999341,4.381496651717995,-2.070694707675033e-06
binary,CPA,319,0.7975,Heavy_squalane,0.5678759223909657,0.33811551441497634,8.544140437677006e-07
binary,CPA,320,0.8,H2O,0.9447194521097658,4.400349873043591,-2.06853218797152e-06
binary,CPA,320,0.8,Heavy_squalane,0.5685544672930404,0.3385195226667308,8.55239468506444e-07
binary,CPA,321,0.8025,H2O,0.9487690373794466,4.419212183952426,-2.066351042700065e-06
binary,CPA,321,0.8025,Heavy_squalane,0.5692310564389584,0.33892236645372653,8.560576076251368e-07
binary,CPA,322,0.805,H2O,0.9528205623582057,4.438083529711319,-2.06414427663676e-06
binary,CPA,322,0.805,Heavy_squalane,0.5699057016098901,0.3393240527905177,8.568686537482332e-07
binary,CPA,323,0.8075,H2O,0.9568740154029163,4.456963856088475,-2.061916266701722e-06
binary,CPA,323,0.8075,Heavy_squalane,0.5705784144772785,0.3397245886263266,8.57672644951123e-07
binary,CPA,324,0.81,H2O,0.9609293849786573,4.475853109356104,-2.059666265753112e-06
binary,CPA,324,0.81,Heavy_squalane,0.5712492066045377,0.3401239808460545,8.584696542116361e-07
binary,CPA,325,0.8125,H2O,0.9649866596561545,4.494751236278501,-2.057398987965695e-06
binary,CPA,325,0.8125,Heavy_squalane,0.5719180894482057,0.34052223627096834,8.592596763737304e-07
binary,CPA,326,0.815,H2O,0.9690458281136138,4.513658184120587,-2.055112916327531e-06
binary,CPA,326,0.815,Heavy_squalane,0.5725850743597979,0.3409193616598042,8.600429303708967e-07
binary,CPA,327,0.8175,H2O,0.9731068791311017,4.532573900621733,-2.052812082100843e-06
binary,CPA,327,0.8175,Heavy_squalane,0.5732501725864089,0.3413153637091255,8.608194438342333e-07
binary,CPA,328,0.82,H2O,0.9771698015914816,4.551498334000121,-2.050489768361062e-06
binary,CPA,328,0.82,Heavy_squalane,0.5739133952723672,0.3417102490543085,8.615892666054834e-07
binary,CPA,329,0.8225,H2O,0.9812345844803604,4.570431432952496,-2.048153216561866e-06
binary,CPA,329,0.8225,Heavy_squalane,0.5745747534607039,0.3421040242704165,8.623525909124822e-07
binary,CPA,330,0.825,H2O,0.9853012168817753,4.589373146634075,-2.045799343533382e-06
binary,CPA,330,0.825,Heavy_squalane,0.5752342580939036,0.34249669587264703,8.631094502034017e-07
binary,CPA,331,0.8275,H2O,0.9893696879783036,4.608323424659058,-2.043429236712633e-06
binary,CPA,331,0.8275,Heavy_squalane,0.5758919200153545,0.34288827031719515,8.638598543937084e-07
binary,CPA,332,0.83,H2O,0.9934399870512587,4.627282217101543,-2.041037406194029e-06
binary,CPA,332,0.83,Heavy_squalane,0.5765477499707874,0.34327875400211055,8.646039150654467e-07
binary,CPA,333,0.8325,H2O,0.9975121034776926,4.646249474481563,-2.038632312058329e-06
binary,CPA,333,0.8325,Heavy_squalane,0.5772017586091774,0.343668153267834,8.653416913147945e-07
binary,CPA,334,0.835,H2O,1.001586026729658,4.665225147761647,-2.036216010133522e-06
binary,CPA,334,0.835,Heavy_squalane,0.5778539564839897,0.34405647439793946,8.660732089219636e-07
binary,CPA,335,0.8375,H2O,1.005661746374651,4.684209188348887,-2.03378348731238e-06
binary,CPA,335,0.8375,Heavy_squalane,0.5785043540545916,0.3444437236199744,8.667986277242667e-07
binary,CPA,336,0.84,H2O,1.009739252071727,4.703201548076839,-2.031338448191753e-06
binary,CPA,336,0.84,Heavy_squalane,0.5791529616869532,0.3448299071058776,8.675179723120599e-07
binary,CPA,337,0.8425,H2O,1.013818533573197,4.722202179213433,-2.028877234046782e-06
binary,CPA,337,0.8425,Heavy_squalane,0.5797997896552185,0.3452150309729139,8.682314051667802e-07
binary,CPA,338,0.845,H2O,1.017899580719777,4.741211034438372,-2.026400014019873e-06
binary,CPA,338,0.845,Heavy_squalane,0.5804448481422145,0.3455991012839778,8.689388667956313e-07
binary,CPA,339,0.8475,H2O,1.021982383444652,4.760228066862066,-2.02391348869765e-06
binary,CPA,339,0.8475,Heavy_squalane,0.581088147241356,0.3459821240487274,8.696405617216266e-07
binary,CPA,340,0.85,H2O,1.026066931765414,4.779253229988078,-2.021413878346477e-06
binary,CPA,340,0.85,Heavy_squalane,0.5817296969566147,0.34636410522356603,8.703363119952018e-07
binary,CPA,341,0.8525,H2O,1.030153215792752,4.798286477753604,-2.018902630296124e-06
binary,CPA,341,0.8525,Heavy_squalane,0.5823695072051064,0.3467450507131827,8.710264511726352e-07
binary,CPA,342,0.855,H2O,1.034241225720268,4.817327764482032,-2.016380007721024e-06
binary,CPA,342,0.855,Heavy_squalane,0.5830075878166964,0.3471249663703171,8.71710984938794e-07
binary,CPA,343,0.8575,H2O,1.038330951825504,4.836377044887732,-2.013844198800044e-06
binary,CPA,343,0.8575,Heavy_squalane,0.5836439485353468,0.3475038579965619,8.723897783111336e-07
binary,CPA,344,0.86,H2O,1.042422384474422,4.855434274096919,-2.011298763773192e-06
binary,CPA,344,0.86,Heavy_squalane,0.5842785990209791,0.34788173134347156,8.730630604030231e-07
binary,CPA,345,0.8625,H2O,1.046515514115846,4.874499407621764,-2.00874456310355e-06
binary,CPA,345,0.8625,Heavy_squalane,0.5849115488497587,0.3482585921127319,8.737310095606454e-07
binary,CPA,346,0.865,H2O,1.050610331278209,4.893572401345245,-2.006175759530129e-06
binary,CPA,346,0.865,Heavy_squalane,0.5855428075147221,0.3486344459565335,8.743935345617129e-07
binary,CPA,347,0.8675,H2O,1.054706826573116,4.912653211537744,-2.003597127017504e-06
binary,CPA,347,0.8675,Heavy_squalane,0.5861723844274422,0.3490092984785631,8.750506964854963e-07
binary,CPA,348,0.87,H2O,1.058804990692203,4.931741794842411,-2.001010361296482e-06
binary,CPA,348,0.87,Heavy_squalane,0.5868002889186428,0.3493831552343697,8.757025119899787e-07
binary,CPA,349,0.8725,H2O,1.062904814408594,4.950838108281954,-1.998417856739617e-06
binary,CPA,349,0.8725,Heavy_squalane,0.5874265302394999,0.3497560217321391,8.763491573060435e-07
binary,CPA,350,0.875,H2O,1.0670062885716,4.969942109233952,-1.995814770919712e-06
binary,CPA,350,0.875,Heavy_squalane,0.5880511175618962,0.3501279034328458,8.769905861615158e-07
binary,CPA,351,0.8775,H2O,1.071109404109426,4.989053755443453,-1.993206469156844e-06
binary,CPA,351,0.8775,Heavy_squalane,0.5886740599798835,0.3504988057511231,8.776268501168192e-07
binary,CPA,352,0.88,H2O,1.075214152028544,5.0081730050200655,-1.990589444473828e-06
binary,CPA,352,0.88,Heavy_squalane,0.5892953665106181,0.35086873405582075,8.782581185281141e-07
binary,CPA,353,0.8825,H2O,1.079320523409674,5.027299816419229,-1.987957151161834e-06
binary,CPA,353,0.8825,Heavy_squalane,0.5899150460947696,0.35123769367024793,8.788844031617534e-07
binary,CPA,354,0.885,H2O,1.083428509409555,5.046434148450471,-1.985322228730367e-06
binary,CPA,354,0.885,Heavy_squalane,0.590533107597791,0.3516056898729295,8.795057900839825e-07
binary,CPA,355,0.8875,H2O,1.087538101257024,5.065575960259137,-1.982680132427554e-06
binary,CPA,355,0.8875,Heavy_squalane,0.591149559810316,0.35197272789784273,8.801221719433556e-07
binary,CPA,356,0.89,H2O,1.091649290258358,5.084725211351277,-1.980030162075577e-06
binary,CPA,356,0.89,Heavy_squalane,0.5917644114499344,0.3523388129354741,8.807337893551825e-07
binary,CPA,357,0.8925,H2O,1.095762067788844,5.103881861554376,-1.977373424195339e-06
binary,CPA,357,0.8925,Heavy_squalane,0.592377671160888,0.3527039501326386,8.813405676229521e-07
binary,CPA,358,0.895,H2O,1.099876425298253,5.123045871042856,-1.974710450555755e-06
binary,CPA,358,0.895,Heavy_squalane,0.5929893475158322,0.35306814459352837,8.819426649975029e-07
binary,CPA,359,0.8975,H2O,1.103992354304797,5.1422172003099265,-1.972038395157521e-06
binary,CPA,359,0.8975,Heavy_squalane,0.5935994490158679,0.35343140137973156,8.825400139214593e-07
binary,CPA,360,0.9,H2O,1.108109846399566,5.161395810188248,-1.969362818280977e-06
binary,CPA,360,0.9,Heavy_squalane,0.594207984092118,0.3537937255111713,8.831327842798066e-07
binary,CPA,361,0.9025,H2O,1.112228893240575,5.180581661822209,-1.966681092555581e-06
binary,CPA,361,0.9025,Heavy_squalane,0.5948149611057489,0.35415512196611837,8.837209231900591e-07
binary,CPA,362,0.905,H2O,1.116349486556152,5.199774716683703,-1.963994568878673e-06
binary,CPA,362,0.905,Heavy_squalane,0.5954203883493637,0.35451559568202057,8.843045279559905e-07
binary,CPA,363,0.9075,H2O,1.120471618142568,5.218974936561093,-1.961304471595313e-06
binary,CPA,363,0.9075,Heavy_squalane,0.5960242740475292,0.3548751515558167,8.848836979966737e-07
binary,CPA,364,0.91,H2O,1.124595279861692,5.2381822835482845,-1.958607847662984e-06
binary,CPA,364,0.91,Heavy_squalane,0.596626626357299,0.35523379444424796,8.854583997317305e-07
binary,CPA,365,0.9125,H2O,1.128720463642218,5.257396720050445,-1.955905851114652e-06
binary,CPA,365,0.9125,Heavy_squalane,0.5972274533692464,0.3555915291644729,8.860286399036777e-07
binary,CPA,366,0.915,H2O,1.132847161479763,5.276618208784458,-1.953203296570941e-06
binary,CPA,366,0.915,Heavy_squalane,0.5978267631083194,0.3559483604945765,8.865945355150149e-07
binary,CPA,367,0.9175,H2O,1.136975365434673,5.295846712768703,-1.950495620212482e-06
binary,CPA,367,0.9175,Heavy_squalane,0.5984245635343487,0.35630429317387263,8.871561830762783e-07
binary,CPA,368,0.92,H2O,1.141105067629851,5.315082195312941,-1.947778354915957e-06
binary,CPA,368,0.92,Heavy_squalane,0.599020862542552,0.3566593319032044,8.877135390916236e-07
binary,CPA,369,0.9225,H2O,1.145236260254556,5.334324620036008,-1.945058814685118e-06
binary,CPA,369,0.9225,Heavy_squalane,0.5996156679648866,0.35701348134574945,8.882668001516912e-07
binary,CPA,370,0.925,H2O,1.149368935557581,5.353573950834039,-1.94233580161546e-06
binary,CPA,370,0.925,Heavy_squalane,0.6002089875698613,0.3573667461269077,8.888158834953911e-07
binary,CPA,371,0.9275,H2O,1.153503085851146,5.372830151898604,-1.939606907161323e-06
binary,CPA,371,0.9275,Heavy_squalane,0.6008008290638793,0.35771913083510154,8.893608179436779e-07
binary,CPA,372,0.93,H2O,1.157638703508902,5.392093187707408,-1.936877711354937e-06
binary,CPA,372,0.93,Heavy_squalane,0.6013912000917239,0.35807064002206423,8.899016247817521e-07
binary,CPA,373,0.9325,H2O,1.161775780965165,5.411363023020721,-1.934144055033551e-06
binary,CPA,373,0.9325,Heavy_squalane,0.6019801082372097,0.35842127820322844,8.904383192133284e-07
binary,CPA,374,0.935,H2O,1.165914310716584,5.430639622889152,-1.931413207907343e-06
binary,CPA,374,0.935,Heavy_squalane,0.6025675610241699,0.3587710498583133,8.909710970358098e-07
binary,CPA,375,0.9375,H2O,1.170054285316677,5.4499229526281985,-1.928674690342479e-06
binary,CPA,375,0.9375,Heavy_squalane,0.6031535659164186,0.35911995943130265,8.914999331300159e-07
binary,CPA,376,0.94,H2O,1.174195697378777,5.469212977831962,-1.925934080817229e-06
binary,CPA,376,0.94,Heavy_squalane,0.6037381303188993,0.35946801133112843,8.920248817004943e-07
binary,CPA,377,0.9425,H2O,1.178338539573027,5.488509664359158,-1.923191797156497e-06
binary,CPA,377,0.9425,Heavy_squalane,0.6043212615779802,0.3598152099318464,8.925458787594373e-07
binary,CPA,378,0.945,H2O,1.182482804630632,5.507812978352922,-1.920450119181283e-06
binary,CPA,378,0.945,Heavy_squalane,0.6049029669827612,0.36016155957341495,8.93063149586234e-07
binary,CPA,379,0.9475,H2O,1.186628485336105,5.527122886204685,-1.917706847806617e-06
binary,CPA,379,0.9475,Heavy_squalane,0.6054832537646848,0.3605070645614627,8.935766062637519e-07
binary,CPA,380,0.95,H2O,1.190775574531605,5.546439354574385,-1.914957950933354e-06
binary,CPA,380,0.95,Heavy_squalane,0.6060621290988343,0.36085172916806196,8.940862731179344e-07
binary,CPA,381,0.9525,H2O,1.194924065114066,5.565762350377095,-1.91221115712542e-06
binary,CPA,381,0.9525,Heavy_squalane,0.6066396001042142,0.3611955576318956,8.94592080608313e-07
binary,CPA,382,0.955,H2O,1.199073950039648,5.585091840803749,-1.909462636461315e-06
binary,CPA,382,0.955,Heavy_squalane,0.60721567384504,0.3615385541590246,8.950942968490897e-07
binary,CPA,383,0.9575,H2O,1.203225222314856,5.604427793279785,-1.906708389911649e-06
binary,CPA,383,0.9575,Heavy_squalane,0.6077903573301661,0.3618807229225479,8.955928337909262e-07
binary,CPA,384,0.96,H2O,1.207377875002287,5.623770175491904,-1.903954862754903e-06
binary,CPA,384,0.96,Heavy_squalane,0.6083636575145362,0.36222206806346596,8.960877700965197e-07
binary,CPA,385,0.9625,H2O,1.211531901217891,5.64311895537532,-1.901198222280117e-06
binary,CPA,385,0.9625,Heavy_squalane,0.6089355812994491,0.3625625936908386,8.965791750419266e-07
binary,CPA,386,0.965,H2O,1.215687294129481,5.662474101106813,-1.898441676510849e-06
binary,CPA,386,0.965,Heavy_squalane,0.6095061355329893,0.36290230388204164,8.970670285318022e-07
binary,CPA,387,0.9675,H2O,1.219844046957725,5.681835581109357,-1.89569058653745e-06
binary,CPA,387,0.9675,Heavy_squalane,0.6100753270107906,0.3632412026832219,8.975513465630985e-07
binary,CPA,388,0.97,H2O,1.224002152975954,5.701203364051218,-1.892935415734482e-06
binary,CPA,388,0.97,Heavy_squalane,0.6106431624766284,0.3635792941096491,8.980322118969056e-07
binary,CPA,389,0.9725,H2O,1.228161605507538,5.720577418833737,-1.890177744899394e-06
binary,CPA,389,0.9725,Heavy_squalane,0.611209648622672,0.36391658214586664,8.985096088006839e-07
binary,CPA,390,0.975,H2O,1.23232239792699,5.739957714596472,-1.887421155516378e-06
binary,CPA,390,0.975,Heavy_squalane,0.6117747920902374,0.3642530707461398,8.989835473221058e-07
binary,CPA,391,0.9775,H2O,1.236484523661106,5.759344220722506,-1.88466224462529e-06
binary,CPA,391,0.9775,Heavy_squalane,0.6123385994705365,0.3645887638349014,8.994541993292497e-07
binary,CPA,392,0.98,H2O,1.240647976182726,5.778736906809386,-1.881905014123554e-06
binary,CPA,392,0.98,Heavy_squalane,0.6129010773044172,0.36492366530659764,8.9992144173813e-07
binary,CPA,393,0.9825,H2O,1.24481274901689,5.7981357426977995,-1.879150245651888e-06
binary,CPA,393,0.9825,Heavy_squalane,0.613462232083776,0.36525777902652873,9.003853902291845e-07
binary,CPA,394,0.985,H2O,1.248978835737126,5.817540698454282,-1.87639652525705e-06
binary,CPA,394,0.985,Heavy_squalane,0.6140220702516271,0.3655911088308901,9.008461366857316e-07
binary,CPA,395,0.9875,H2O,1.253146229964241,5.83695174436559,-1.873640441753096e-06
binary,CPA,395,0.9875,Heavy_squalane,0.6145805982025039,0.3659236585270116,9.013037012031162e-07
binary,CPA,396,0.99,H2O,1.257314925365133,5.85636885093316,-1.870885020946954e-06
binary,CPA,396,0.99,Heavy_squalane,0.6151378222828572,0.3662554318935946,9.017579696873753e-07
binary,CPA,397,0.9925,H2O,1.261484915656635,5.875791988891023,-1.868129984969021e-06
binary,CPA,397,0.9925,Heavy_squalane,0.6156937487921184,0.3665864326813448,9.022090389134577e-07
binary,CPA,398,0.995,H2O,1.265656194601895,5.895221129188931,-1.865376839923454e-06
binary,CPA,398,0.995,Heavy_squalane,0.6162483839827576,0.366916664613007,9.026569741912332e-07
binary,CPA,399,0.9975,H2O,1.269828756009281,5.91465624298727,-1.862624908013686e-06
binary,CPA,399,0.9975,Heavy_squalane,0.6168017340606732,0.367246131383597,9.031017463031285e-07
binary,CPA,400,1.0,H2O,1.27400259373634,5.934097301675489,-1.85987398471277e-06
binary,CPA,400,1.0,Heavy_squalane,0.6173538051862436,0.367574836661028,9.035435957322472e-07
