system,eos,pvi,mu_o_min_mPa_s,mu_o_avg_mPa_s,mu_o_max_mPa_s,mu_w_min_mPa_s,mu_w_avg_mPa_s,mu_w_max_mPa_s
binary,PR,0.0,0.9360943002336831,0.9360943002336969,0.9360943002336831,0.0661716674922874,0.06617166749228584,0.0661716674922874
binary,PR,0.0025,0.9360042160001444,0.93609453254224,0.9361827371560709,0.06617024065199585,0.06617184423507191,0.06617306809923204
binary,PR,0.005,0.9360046236957591,0.9360947676472778,0.9361814275019864,0.0661702471097972,0.06617197729915972,0.06617304735879898
binary,PR,0.0075,0.9360050891058268,0.9360950049283848,0.9361806654119529,0.06617025448177818,0.06617208156900067,0.06617303528989031
binary,PR,0.01,0.9360055565008438,0.9360952440050424,0.9361801371140858,0.06617026188519629,0.06617216540777937,0.06617302692344566
binary,PR,0.0125,0.9360060262571639,0.9360954849373337,0.936179724595264,0.06617026932601325,0.06617223407930081,0.06617302039054555
binary,PR,0.015,0.9360064985931252,0.9360957277927189,0.9361793783488196,0.0661702768076864,0.06617229115926179,0.06617301490717249
binary,PR,0.0175,0.9360069736284168,0.9360959726191925,0.936179073984748,0.0661702843321128,0.06617233917615024,0.06617301008707285
binary,PR,0.02,0.936007451431746,0.9360962194465888,0.9361787981322016,0.06617029190037954,0.0661723799727037,0.06617300571849868
binary,PR,0.0225,0.9360079320435819,0.9360964682913075,0.936178542872618,0.06617029951312786,0.0661724149250628,0.06617300167604578
binary,PR,0.025,0.9360084154875378,0.9360967191603848,0.9361783032299316,0.06617030717073316,0.06617244508218108,0.06617299788091047
binary,PR,0.0275,0.9360089017775434,0.9360969720545137,0.9361780759223186,0.066170314873413,0.06617247125778,0.06617299428112122
binary,PR,0.03,0.9360093909063412,0.9360972269664654,0.9361778587765957,0.06617032262105559,0.06617249409370578,0.06617299084226054
binary,PR,0.0325,0.9360098829110556,0.9360974838976405,0.9361776500156025,0.06617033041424646,0.06617251409992346,0.06617298753618542
binary,PR,0.035,0.9360103777700804,0.9360977428335586,0.9361774485952931,0.06617033825264494,0.06617253169120599,0.06617298434636192
binary,PR,0.0375,0.936010875481067,0.9360980037633504,0.936177253647307,0.06617034613621363,0.0661725472054877,0.06617298125903685
binary,PR,0.04,0.9360113760402757,0.9360982666749186,0.9361770645096763,0.06617035406489079,0.06617256092154518,0.06617297826372832
binary,PR,0.0425,0.9360118794426804,0.9360985315552521,0.9361768806683267,0.06617036203860063,0.06617257307138764,0.06617297535229431
binary,PR,0.045,0.9360123856826085,0.9360987983906338,0.9361767017172536,0.06617037005724985,0.06617258384966448,0.06617297251830596
binary,PR,0.0475,0.9360128947536167,0.9360990671668175,0.9361765273314401,0.0661703781207386,0.06617259342088874,0.066172969756615
binary,PR,0.05,0.9360134066489607,0.9360993378691265,0.9361763572467543,0.06617038622895892,0.06617260192504254,0.06617296706303946
binary,PR,0.0525,0.9360139213613915,0.9360996104825462,0.9361761912465221,0.06617039438179569,0.06617260948198479,0.06617296443414668
binary,PR,0.055,0.9360144388836071,0.9360998849918244,0.936176029150342,0.06617040257913298,0.0661726161949293,0.06617296186708108
binary,PR,0.0575,0.93601495920787,0.9361001613814492,0.9361758708073191,0.06617041082084978,0.06617262215324168,0.06617295935945323
binary,PR,0.06,0.9360154823266248,0.936100439635786,0.9361757160890559,0.06617041910682482,0.06617262743467066,0.06617295690922892
binary,PR,0.0625,0.9360160082319102,0.9361007197390016,0.9361755648864252,0.0661704274369321,0.06617263210718523,0.06617295451468007
binary,PR,0.065,0.9360165369160026,0.9361010016751845,0.9361754171049,0.06617043581104945,0.06617263623045008,0.06617295217430913
binary,PR,0.0675,0.9360170683709428,0.9361012854282985,0.9361752726628059,0.06617044422905105,0.06617263985706175,0.0661729498868242
binary,PR,0.07,0.9360176025888673,0.9361015709822278,0.9361751314884402,0.06617045269081107,0.0661726430335571,0.0661729476510886
binary,PR,0.0725,0.9360181395617991,0.9361018583207514,0.9361749935189757,0.06617046119620495,0.0661726458012625,0.06617294546610743
binary,PR,0.075,0.936018679281926,0.9361021474275992,0.9361748586985086,0.06617046974510787,0.06617264819699745,0.06617294333099571
binary,PR,0.0775,0.9360192217412333,0.9361024382864052,0.9361747269775268,0.06617047833739238,0.0661726502536748,0.06617294124496971
binary,PR,0.08,0.9360197669320093,0.936102730880781,0.9361745983112248,0.06617048697293704,0.06617265200079654,0.06617293920731909
binary,PR,0.0825,0.9360203148462489,0.9361030251942144,0.936174472659752,0.06617049565161434,0.06617265346489232,0.06617293721741287
binary,PR,0.085,0.9360208654763165,0.9361033212102126,0.9361743499864067,0.06617050437330319,0.0661726546698714,0.06617293527467122
binary,PR,0.0875,0.9360214188142679,0.9361036189121281,0.9361742302584166,0.06617051313787889,0.06617265563734899,0.06617293337857248
binary,PR,0.09,0.9360219748525691,0.9361039182833638,0.9361741134451188,0.06617052194521986,0.06617265638690026,0.0661729315286335
binary,PR,0.0925,0.9360225335832962,0.936104219307152,0.9361739995190274,0.06617053079520271,0.06617265693630855,0.0661729297244191
binary,PR,0.095,0.9360230949990342,0.9361045219667794,0.9361738884540773,0.0661705396877088,0.06617265730174822,0.06617292796551434
binary,PR,0.0975,0.9360236590919415,0.9361048262453591,0.9361737802268241,0.06617054862261466,0.06617265749797943,0.06617292625154964
binary,PR,0.1,0.93602422585478,0.9361051321260754,0.936173674814633,0.06617055759980367,0.06617265753847794,0.066172924582166
binary,PR,0.1025,0.9360247952796502,0.9361054395918986,0.9361735721972622,0.06617056661915277,0.06617265743559285,0.06617292295704268
binary,PR,0.105,0.9360253673593559,0.93610574862588,0.9361734723549464,0.06617057568054671,0.06617265720064014,0.06617292137586676
binary,PR,0.1075,0.9360259420861168,0.9361060592108559,0.9361733752698634,0.06617058478386335,0.066172656844026,0.06617291983835699
binary,PR,0.11,0.9360265194528203,0.9361063713297448,0.9361732809244464,0.0661705939289877,0.06617265637531769,0.06617291834423406
binary,PR,0.1125,0.9360270994517965,0.9361066849652722,0.93617318930272,0.06617060311580035,0.06617265580334246,0.06617291689324516
binary,PR,0.115,0.9360276820759962,0.936107000100196,0.9361731003889159,0.06617061234418863,0.0661726551362412,0.06617291548514168
binary,PR,0.1175,0.9360282673179159,0.9361073167171278,0.9361730141685355,0.0661706216140335,0.0661726543815464,0.0661729141196917
binary,PR,0.12,0.936028855170494,0.9361076347986594,0.9361729306273686,0.06617063092522317,0.06617265354622767,0.06617291279667213
binary,PR,0.1225,0.9360294456263486,0.9361079543272555,0.9361728497520746,0.06617064027764173,0.06617265263674904,0.06617291151587147
binary,PR,0.125,0.9360300386784324,0.9361082752853361,0.9361727715297138,0.06617064967117538,0.06617265165910909,0.06617291027708405
binary,PR,0.1275,0.9360306343195409,0.9361085976552381,0.9361726959478953,0.06617065910571172,0.06617265061888304,0.06617290908011447
binary,PR,0.13,0.9360312325425738,0.936108921419183,0.9361726229947259,0.06617066858113708,0.06617264952126031,0.06617290792477443
binary,PR,0.1325,0.936031833340678,0.9361092465593952,0.936172552658487,0.06617067809734392,0.06617264837107083,0.06617290681087742
binary,PR,0.135,0.936032436706467,0.9361095730578571,0.9361724849284011,0.06617068765421345,0.06617264717282748,0.06617290573825296
binary,PR,0.1375,0.9360330426332305,0.9361099008966273,0.9361724197933513,0.06617069725164097,0.06617264593073434,0.06617290470672567
binary,PR,0.14,0.9360336511136871,0.9361102300575143,0.9361723572432195,0.06617070688951128,0.06617264464872918,0.06617290371613475
binary,PR,0.1425,0.9360342621413611,0.9361105605224069,0.9361722972674531,0.06617071656771946,0.0661726433304858,0.06617290276631392
binary,PR,0.145,0.9360348757088753,0.9361108922729057,0.9361722398565412,0.06617072628615103,0.0661726419794556,0.06617290185711154
binary,PR,0.1475,0.9360354918099875,0.936111225290738,0.9361721850003969,0.06617073604470496,0.06617264059886059,0.0661729009883684
binary,PR,0.15,0.9360361104372441,0.936111559557271,0.9361721326900662,0.06617074584326453,0.06617263919173667,0.06617290015994304
binary,PR,0.1525,0.9360367315843436,0.9361118950539586,0.9361720829164256,0.06617075568173054,0.06617263776092466,0.0661728993716893
binary,PR,0.155,0.9360373552435942,0.9361122317618512,0.9361720356720851,0.06617076555997882,0.06617263630910923,0.06617289862349252
binary,PR,0.1575,0.9360379814089064,0.9361125696622327,0.9361719909478088,0.06617077547791478,0.0661726348387977,0.06617289791520592
binary,PR,0.16,0.9360386100728431,0.9361129087359964,0.9361719487360582,0.06617078543541968,0.06617263335236369,0.06617289724670831
binary,PR,0.1625,0.9360392412291237,0.9361132489641122,0.9361719090284389,0.06617079543239346,0.06617263185203323,0.06617289661786917
binary,PR,0.165,0.9360398748709727,0.9361135903274803,0.9361718718159557,0.06617080546872944,0.06617263033990332,0.06617289602854314
binary,PR,0.1675,0.9360405109914723,0.9361139328065954,0.9361718370921915,0.06617081554431875,0.06617262881796318,0.06617289547863145
binary,PR,0.17,0.9360411495843414,0.9361142763821604,0.9361718048484455,0.06617082565905935,0.06617262728807616,0.06617289496799562
binary,PR,0.1725,0.9360417906427204,0.9361146210346146,0.9361717750767082,0.06617083581284518,0.06617262575200818,0.06617289449650761
binary,PR,0.175,0.9360424341596237,0.9361149667440315,0.9361717477714846,0.06617084600556473,0.06617262421143834,0.06617289406408139
binary,PR,0.1775,0.9360430801280383,0.9361153134905086,0.9361717229255944,0.06617085623710602,0.06617262266794699,0.06617289367060336
binary,PR,0.18,0.9360437285427164,0.9361156612544761,0.9361717005293239,0.06617086650738625,0.06617262112301081,0.06617289331591877
binary,PR,0.1825,0.9360443793954861,0.9361160100153408,0.9361716805785695,0.06617087681627543,0.06617261957806328,0.06617289299996318
binary,PR,0.185,0.93604503268075,0.9361163597530164,0.9361716630656882,0.06617088716368613,0.06617261803443655,0.06617289272261559
binary,PR,0.1875,0.9360456883917516,0.9361167104472985,0.936171647981656,0.06617089754951087,0.06617261649339162,0.0661728924837337
binary,PR,0.19,0.9360463465226183,0.9361170620776501,0.9361716353203604,0.06617090797365478,0.06617261495613096,0.06617289228321974
binary,PR,0.1925,0.9360470070650808,0.9361174146229418,0.9361716250772492,0.06617091843598932,0.06617261342381274,0.06617289212100208
binary,PR,0.195,0.9360476700147601,0.9361177680629154,0.9361716172422082,0.06617092893644386,0.06617261189749717,0.06617289199692102
binary,PR,0.1975,0.9360483353647776,0.9361181223766092,0.9361716118082175,0.06617093947490915,0.06617261037821079,0.06617289191086352
binary,PR,0.2,0.9360490031078892,0.9361184775424248,0.936171608771555,0.06617095005127017,0.066172608866946,0.06617289186277311
binary,PR,0.2025,0.9360496732383091,0.9361188335393681,0.9361716081237245,0.06617096066543565,0.06617260736461893,0.06617289185251349
binary,PR,0.205,0.9360503457504871,0.9361191903462738,0.9361716098562549,0.06617097131731835,0.06617260587209985,0.06617289187995114
binary,PR,0.2075,0.9360510206378191,0.9361195479413232,0.9361716139643226,0.06617098200681251,0.06617260439023297,0.06617289194500928
binary,PR,0.21,0.936051697892306,0.9361199063022988,0.9361716204432957,0.06617099273379153,0.06617260291982957,0.06617289204761549
binary,PR,0.2125,0.9360523775102613,0.936120265407961,0.9361716292830422,0.06617100349819707,0.06617260146162288,0.06617289218760872
binary,PR,0.215,0.9360530594843524,0.9361206252360124,0.9361716404778009,0.06617101429991308,0.06617260001633864,0.0661728923648974
binary,PR,0.2175,0.9360537438081892,0.936120985763797,0.9361716540236474,0.06617102513883735,0.06617259858467558,0.06617289257941976
binary,PR,0.22,0.9360544304749019,0.936121346968919,0.9361716699130485,0.06617103601486249,0.06617259716728356,0.06617289283105575
binary,PR,0.2225,0.9360551194809306,0.9361217088293118,0.9361716881367557,0.06617104692793106,0.06617259576476507,0.06617289311966087
binary,PR,0.225,0.9360558108184118,0.936122071321786,0.9361717086902818,0.06617105787791812,0.06617259437772394,0.06617289344516147
binary,PR,0.2275,0.936056504480148,0.9361224344226986,0.9361717315704552,0.06617106886471137,0.06617259300674269,0.06617289380750946
binary,PR,0.23,0.9360572004618004,0.9361227981095251,0.9361717567671896,0.06617107988824002,0.06617259165233794,0.06617289420654476
binary,PR,0.2325,0.9360578987576942,0.9361231623589338,0.9361717842736887,0.06617109094841384,0.06617259031501892,0.0661728946421581
binary,PR,0.235,0.9360585993605715,0.9361235271468363,0.9361718140863907,0.06617110204512032,0.06617258899528772,0.0661728951142939
binary,PR,0.2375,0.9360593022631865,0.9361238924491879,0.9361718461996761,0.0661711131782419,0.06617258769361753,0.06617289562286459
binary,PR,0.24,0.9360600074627727,0.9361242582427997,0.9361718806034557,0.06617112434773616,0.0661725864104268,0.066172896167709
binary,PR,0.2425,0.9360607149502679,0.9361246245030191,0.93617191729315,0.06617113555345942,0.06617258514615032,0.06617289674875465
binary,PR,0.245,0.9360614247174377,0.9361249912047072,0.9361719562664038,0.06617114679528051,0.06617258390121263,0.06617289736596517
binary,PR,0.2475,0.9360621367565573,0.9361253583235031,0.9361719975150621,0.06617115807307751,0.0661725826759893,0.0661728980192096
binary,PR,0.25,0.936062851060674,0.9361257258351893,0.936172041030039,0.06617116938673973,0.06617258147082912,0.06617289870834557
binary,PR,0.2525,0.936063567615412,0.9361260937141319,0.9361720868083014,0.06617118073603927,0.06617258028609851,0.06617289943332479
binary,PR,0.255,0.9360642864001257,0.9361264619342597,0.936172134847791,0.06617119212065042,0.06617257912215332,0.0661729001941144
binary,PR,0.2575,0.9360650073880736,0.9361268304709289,0.9361721851391943,0.06617120354014865,0.06617257797929278,0.06617290099056654
binary,PR,0.26,0.9360657305368291,0.9361271992991269,0.9361722376756131,0.06617121499386139,0.06617257685781157,0.06617290182257292
binary,PR,0.2625,0.9360664557549261,0.9361275683925424,0.9361722924563494,0.06617122648034059,0.06617257575803202,0.06617290269012152
binary,PR,0.265,0.9360671828835844,0.936127937725497,0.9361723494791618,0.06617123799707049,0.06617257468027188,0.06617290359317717
binary,PR,0.2675,0.9360679116421629,0.9361283072741994,0.9361724087368313,0.06617124953960753,0.06617257362485515,0.06617290453162597
binary,PR,0.27,0.9360686414693191,0.9361286770118914,0.9361724702299675,0.06617126109905846,0.06617257259234051,0.06617290550547776
binary,PR,0.2725,0.9360693714976913,0.9361290469062953,0.9361725339659681,0.06617127266168786,0.0661725715838175,0.06617290651484828
binary,PR,0.275,0.9360701008391653,0.9361294169081948,0.9361725999482865,0.06617128421342866,0.06617257060167861,0.06617290755979346
binary,PR,0.2775,0.9360708296519341,0.9361297869172495,0.9361726681772915,0.06617129575678515,0.06617256965130638,0.06617290864031876
binary,PR,0.28,0.9360715602315413,0.9361301567294602,0.9361727386503158,0.06617130732811637,0.06617256874336448,0.06617290975638206
binary,PR,0.2825,0.9360722961944611,0.9361305259898649,0.9361728113662371,0.06617131898470184,0.06617256789535211,0.06617291090796512
binary,PR,0.285,0.9360730407213076,0.9361308941859432,0.9361728863237619,0.06617133077691796,0.06617256713099613,0.0661729120950472
binary,PR,0.2875,0.9360737958923536,0.9361312606697685,0.9361729635350764,0.06617134273771123,0.06617256647825197,0.06617291331782314
binary,PR,0.29,0.9360745623365783,0.9361316247163194,0.936173043027693,0.06617135487704592,0.06617256596599301,0.06617291457672694
binary,PR,0.2925,0.9360753386058039,0.9361319856263892,0.936173124828482,0.06617136717198231,0.06617256561929935,0.06617291587218432
binary,PR,0.295,0.9360761213729601,0.9361323428226918,0.9361732089441038,0.06617137956982647,0.06617256545576285,0.06617291720430085
binary,PR,0.2975,0.9360769064126123,0.9361326958917094,0.9361732953589744,0.06617139200365138,0.06617256548455377,0.06617291857282936
binary,PR,0.3,0.9360776894541387,0.9361330445794873,0.9361733840414223,0.06617140440581824,0.06617256570747586,0.06617291997726976
binary,PR,0.3025,0.9360784667655239,0.936133388769321,0.9361734749341689,0.06617141671721782,0.06617256612068088,0.06617292141671391
binary,PR,0.305,0.9360792353501589,0.9361337284504894,0.9361735679593246,0.06617142889038885,0.06617256671645165,0.06617292288992796
binary,PR,0.3075,0.9360799930709485,0.9361340636891187,0.9361736630256148,0.06617144089148191,0.0661725674846788,0.0661729243954665
binary,PR,0.31,0.9360807384417641,0.9361343946000212,0.9361737600451489,0.06617145269696244,0.06617256841406449,0.06617292593193787
binary,PR,0.3125,0.9360814705902685,0.9361347213322679,0.9361738589189581,0.0661714642930126,0.06617256949281498,0.0661729274977754
binary,PR,0.315,0.9360821890956726,0.9361350440528914,0.9361739595462415,0.06617147567296926,0.06617257070922843,0.0661729290913809
binary,PR,0.3175,0.9360828937835185,0.9361353629333649,0.936174061834116,0.06617148683406827,0.06617257205212934,0.06617293071128554
binary,PR,0.32,0.9360835847456297,0.936135678144083,0.936174165698933,0.06617149777776576,0.06617257351103749,0.06617293235616295
binary,PR,0.3225,0.9360842622482379,0.9361359898533814,0.9361742710533415,0.06617150850827862,0.06617257507616993,0.06617293402463068
binary,PR,0.325,0.9360849266680376,0.9361362982255541,0.9361743778114135,0.06617151903157392,0.06617257673842535,0.06617293571532748
binary,PR,0.3275,0.9360855784978314,0.9361366034200981,0.9361744858911896,0.06617152935545725,0.06617257848933777,0.06617293742695547
binary,PR,0.33,0.9360862182576865,0.9361369055871428,0.9361745952252181,0.0661715394881652,0.0661725803211285,0.06617293915844706
binary,PR,0.3325,0.9360868464931944,0.9361372048705233,0.9361747057404397,0.06617154943834026,0.06617258222662736,0.06617294090864431
binary,PR,0.335,0.9360874637306645,0.9361375014025715,0.9361748173714523,0.06617155921431815,0.06617258419936532,0.06617294267651185
binary,PR,0.3375,0.9360880704837446,0.9361377953024315,0.9361749300640421,0.06617156882423453,0.0661725862335884,0.06617294446119039
binary,PR,0.34,0.9360886672382398,0.9361380866777415,0.9361750437680397,0.06617157827578436,0.06617258832419302,0.06617294626188666
binary,PR,0.3425,0.9360892544493522,0.9361383756265084,0.936175158431739,0.06617158757617733,0.06617259046664119,0.06617294807778146
binary,PR,0.345,0.9360898325303552,0.936138662237455,0.9361752740071854,0.06617159673195977,0.06617259265689952,0.06617294990811481
binary,PR,0.3475,0.9360904018292133,0.9361389465907165,0.9361753904544141,0.06617160574864253,0.06617259489136915,0.06617295175225366
binary,PR,0.35,0.9360909626531632,0.9361392287608166,0.9361755077365482,0.06617161463109202,0.0661725971667753,0.06617295360961456
binary,PR,0.3525,0.9360915153238497,0.9361395088213353,0.9361756258103108,0.06617162338440256,0.06617259948003094,0.0661729554795125
binary,PR,0.355,0.9360920601499234,0.9361397868443356,0.9361757446321287,0.06617163201346354,0.06617260182820744,0.06617295736125611
binary,PR,0.3575,0.9360925973702443,0.936140062896282,0.9361758641744796,0.06617164052205782,0.06617260420859143,0.06617295925441077
binary,PR,0.36,0.9360931272693502,0.9361403370459129,0.9361759844004239,0.06617164891469185,0.06617260661851554,0.06617296115839165
binary,PR,0.3625,0.936093650143573,0.9361406093619917,0.9361761052710249,0.06617165719606018,0.06617260905539282,0.06617296307258054
binary,PR,0.365,0.9360941662745613,0.9361408799103706,0.9361762267527974,0.06617166537062295,0.06617261151677228,0.06617296499644844
binary,PR,0.3675,0.9360946759423099,0.9361411487524375,0.9361763488218675,0.0661716734428156,0.06617261400037647,0.06617296692961706
binary,PR,0.37,0.9360951794445802,0.9361414159481607,0.9361764714469825,0.06617168141735368,0.06617261650405933,0.06617296887159081
binary,PR,0.3725,0.9360956770687364,0.9361416815519209,0.9361765946010068,0.06617168929878921,0.06617261902589218,0.06617297082194128
binary,PR,0.375,0.9360961691077003,0.9361419456130775,0.9361767182565973,0.0661716970917611,0.06617262156416243,0.06617297278023461
binary,PR,0.3775,0.9360966558251254,0.9361422081722384,0.9361768423978445,0.0661717048004456,0.06617262411744329,0.0661729747462178
binary,PR,0.38,0.936097137471988,0.9361424692657986,0.9361769670021033,0.06617171242881716,0.06617262668450839,0.0661729767195341
binary,PR,0.3825,0.9360976142872522,0.9361427289252557,0.9361770920455691,0.06617171998066215,0.06617262926433287,0.0661729786998057
binary,PR,0.385,0.9360980864740844,0.9361429871763264,0.9361772175078755,0.06617172745919651,0.06617263185609201,0.0661729806867093
binary,PR,0.3875,0.9360985541843249,0.9361432440381243,0.9361773433787186,0.0661717348668272,0.06617263445916051,0.06617298268008326
binary,PR,0.39,0.93609901757013,0.9361434995301944,0.936177469635673,0.06617174220596314,0.06617263707296978,0.06617298467957136
binary,PR,0.3925,0.9360994767488745,0.936143753669448,0.9361775962588869,0.06617174947846355,0.06617263969704315,0.06617298668485962
binary,PR,0.395,0.93609993179243,0.9361440064698122,0.9361777232347865,0.06617175668546696,0.0661726423309887,0.06617298869573301
binary,PR,0.3975,0.9361003827645237,0.9361442579449719,0.9361778505506569,0.06617176382798279,0.0661726449744366,0.06617299071198919
binary,PR,0.4,0.936100829721477,0.9361445081106216,0.9361779781876665,0.06617177090690252,0.06617264762699059,0.06617299273333149
binary,PR,0.4025,0.9361012726942014,0.9361447569824605,0.9361781061302941,0.06617177792271647,0.06617265028825267,0.06617299475951385
binary,PR,0.405,0.9361017117145747,0.9361450045771915,0.9361782343652292,0.06617178487593031,0.06617265295779924,0.06617299679032507
binary,PR,0.4075,0.9361021468010302,0.9361452509126446,0.9361783628812712,0.0661717917668346,0.066172655635174,0.06617299882558707
binary,PR,0.41,0.9361025779691281,0.9361454960094214,0.9361784916634992,0.06617179859567615,0.0661726583198603,0.06617300086506478
binary,PR,0.4125,0.936103005255867,0.9361457398905468,0.9361786206959547,0.06617180536304244,0.06617266101128368,0.06617300290850472
binary,PR,0.415,0.9361034286734707,0.9361459825784051,0.9361787499708719,0.06617181206912517,0.06617266370886755,0.06617300495578561
binary,PR,0.4175,0.9361038482748607,0.9361462242374405,0.9361788795224295,0.06617181871476356,0.06617266641392364,0.06617300700744544
binary,PR,0.42,0.9361042641208196,0.9361464646030321,0.9361790093399226,0.06617182530092151,0.06617266912210443,0.06617300906331691
binary,PR,0.4225,0.9361046761279535,0.9361467038644037,0.9361791392766285,0.06617183182627644,0.06617267183432493,0.06617301112107628
binary,PR,0.425,0.9361050844344874,0.9361469420361446,0.936179269416506,0.06617183829301845,0.06617267455011953,0.06617301318205263
binary,PR,0.4275,0.936105489179997,0.936147179278788,0.9361793997861124,0.06617184470335813,0.06617267727062247,0.06617301524666674
binary,PR,0.43,0.9361058904856369,0.9361474153442342,0.9361795303821113,0.06617185105921425,0.06617267999172759,0.06617301731486583
binary,PR,0.4325,0.9361062883481076,0.9361476504144066,0.9361796610574618,0.06617185736053534,0.06617268271425852,0.06617301938432213
binary,PR,0.435,0.936106682954921,0.9361478845030176,0.9361797918922714,0.06617186361029005,0.06617268543780254,0.06617302145630255
binary,PR,0.4375,0.9361070744590607,0.9361481177612156,0.9361799229107567,0.06617186981090252,0.06617268816349053,0.06617302353119114
binary,PR,0.44,0.9361074629932395,0.9361483499490508,0.9361800541178844,0.06617187596447453,0.06617269088755767,0.06617302560906738
binary,PR,0.4425,0.936107848551621,0.9361485812372535,0.936180185370224,0.06617188207091243,0.06617269361087173,0.06617302768765933
binary,PR,0.445,0.9361082313174057,0.9361488116341751,0.9361803167468539,0.06617188813311986,0.06617269633317564,0.06617302976821997
binary,PR,0.4475,0.936108611400864,0.9361490411585679,0.9361804482397287,0.06617189415284137,0.06617269905407427,0.06617303185062016
binary,PR,0.45,0.9361089889119435,0.9361492698279235,0.9361805798394883,0.06617190013182049,0.06617270177321466,0.0661730339347128
binary,PR,0.4525,0.9361093639482274,0.9361494976570542,0.9361807115398872,0.06617190607160023,0.06617270449030879,0.06617303602039987
binary,PR,0.455,0.9361097365980859,0.9361497246584064,0.9361808433367211,0.06617191197358271,0.06617270720512909,0.0661730381076133
binary,PR,0.4575,0.9361101069527987,0.9361499508433827,0.936180975223026,0.06617191783921103,0.06617270991748729,0.06617304019624264
binary,PR,0.46,0.9361104750996916,0.9361501762219074,0.9361811071908706,0.06617192366987075,0.06617271262724117,0.06617304228616343
binary,PR,0.4625,0.936110841109473,0.9361504008011499,0.9361812392357344,0.06617192946668049,0.06617271533431245,0.06617304437730442
binary,PR,0.465,0.93611120504558,0.9361506245864623,0.9361813713537231,0.06617193523064621,0.06617271803867164,0.066173046469602
binary,PR,0.4675,0.936111566970538,0.9361508475824115,0.9361815035384122,0.06617194096275643,0.06617272074032014,0.06617304856295583
binary,PR,0.47,0.9361119269406535,0.9361510697924733,0.9361816357827464,0.066171946663903,0.06617272343929224,0.06617305065725483
binary,PR,0.4725,0.9361122849935762,0.9361512912178853,0.9361817680830519,0.06617195233468431,0.06617272613567082,0.06617305275243918
binary,PR,0.475,0.9361126411622378,0.936151511859112,0.9361819004353246,0.06617195797562077,0.0661727288295613,0.06617305484844573
binary,PR,0.4775,0.9361129954787205,0.9361517317165418,0.9361820328331829,0.06617196358721969,0.06617273152108034,0.06617305694517518
binary,PR,0.48,0.9361133479669598,0.936151950790066,0.9361821652704145,0.06617196916986139,0.06617273421035702,0.0661730590425267
binary,PR,0.4825,0.9361136987745052,0.9361521691866476,0.9361822977628694,0.0661719747258817,0.0661727368988852,0.06617306114075236
binary,PR,0.485,0.9361140475791988,0.9361523866758372,0.936182430344324,0.06617198025018024,0.0661727395843131,0.06617306324038826
binary,PR,0.4875,0.9361143947689541,0.9361526034973009,0.9361825628931145,0.06617198574889899,0.06617274226906666,0.06617306533950562
binary,PR,0.49,0.9361147399422428,0.9361528194129555,0.9361826955187966,0.06617199121567903,0.066172744951017,0.06617306743984054
binary,PR,0.4925,0.9361150835028123,0.9361530346580483,0.9361828281027638,0.0661719966569152,0.06617274763252745,0.06617306953951504
binary,PR,0.495,0.9361154250073895,0.9361532489997588,0.9361829607553634,0.06617200206558764,0.0661727503115001,0.06617307164027565
binary,PR,0.4975,0.9361157648833468,0.9361534626704461,0.9361830933577361,0.06617200744846319,0.06617275299020543,0.06617307374024103
binary,PR,0.5,0.9361161026670975,0.9361536754442329,0.9361832260176801,0.06617201279820176,0.06617275566654725,0.06617307584111709
binary,PR,0.5025,0.936116438790701,0.9361538875497675,0.9361833586195649,0.0661720181216444,0.06617275834271012,0.066173077941073
binary,PR,0.505,0.9361167727763063,0.9361540987677138,0.9361834912712369,0.06617202341122516,0.06617276101660405,0.06617308004181827
binary,PR,0.5075,0.9361171050707239,0.9361543093239684,0.9361836238577553,0.06617202867401764,0.066172763690313,0.06617308214153109
binary,PR,0.51,0.9361174351987419,0.9361545190064877,0.9361837564845163,0.0661720339024985,0.06617276636174071,0.06617308424188041
binary,PR,0.5125,0.936117763608605,0.9361547280375497,0.9361838890396955,0.06617203910376568,0.06617276903288744,0.06617308634109657
binary,PR,0.515,0.9361180898342378,0.9361549362114802,0.9361840216281053,0.06617204427043773,0.06617277170166586,0.06617308844083783
binary,PR,0.5175,0.93611841433199,0.9361551437473463,0.9361841541391664,0.06617204940974061,0.06617277436999147,0.06617309053935372
binary,PR,0.52,0.9361187366510276,0.9361553504457989,0.9361842866754904,0.06617205451453788,0.06617277703578979,0.06617309263827069
binary,PR,0.5225,0.9361190572433585,0.9361555565217952,0.9361844191293213,0.06617205959198452,0.06617277970091276,0.06617309473587998
binary,PR,0.525,0.9361193756800378,0.9361557617813367,0.936184551602353,0.0661720646352908,0.06617278236331339,0.06617309683379283
binary,PR,0.5275,0.9361196922706146,0.936155966347363,0.936184683973913,0.06617206964935551,0.06617278502368674,0.06617309893009934
binary,PR,0.53,0.9361200069562833,0.9361561702182437,0.936184816307869,0.06617207463324987,0.06617278768206793,0.06617310102580906
binary,PR,0.5325,0.9361203199003837,0.9361563734905193,0.9361849486143855,0.06617207958955944,0.06617279033940446,0.06617310312108363
binary,PR,0.535,0.936120630786244,0.9361565759904137,0.9361850809278437,0.06617208451326984,0.06617279299357547,0.06617310521646923
binary,PR,0.5375,0.9361209399104102,0.9361567778360236,0.9361852131322779,0.06617208940907766,0.06617279564524332,0.06617310731012688
binary,PR,0.54,0.9361212472290619,0.9361569790260181,0.9361853452892178,0.06617209427628809,0.06617279829443985,0.0661731094030322
binary,PR,0.5425,0.9361215527745703,0.9361571795700843,0.9361854773958576,0.06617209911541437,0.06617280094105119,0.06617311149514164
binary,PR,0.545,0.9361218565747631,0.9361573794774823,0.9361856094504987,0.06617210392689758,0.06617280358497153,0.06617311358642604
binary,PR,0.5475,0.9361221586660654,0.9361575787576867,0.936185741450012,0.06617210871131445,0.06617280622609392,0.06617311567683717
binary,PR,0.55,0.9361224590695271,0.9361577774193441,0.9361858733931794,0.06617211346899825,0.06617280886432443,0.06617311776635672
binary,PR,0.5525,0.9361227578179054,0.9361579754712362,0.9361860052777374,0.06617211820046819,0.06617281149956901,0.06617311985494671
binary,PR,0.555,0.9361230550495183,0.9361581730006009,0.9361861371139388,0.06617212290791338,0.06617281413271955,0.06617312194277092
binary,PR,0.5575,0.9361233505406763,0.9361583698485442,0.9361862689329085,0.06617212758779314,0.06617281676185885,0.0661731240303226
binary,PR,0.56,0.9361236445045441,0.9361585661214099,0.9361864006297314,0.06617213224348291,0.06617281938763338,0.06617312611593876
binary,PR,0.5625,0.9361239369276042,0.9361587618170626,0.9361865322606512,0.06617213687476801,0.06617282201009893,0.06617312820051083
binary,PR,0.565,0.9361242279306571,0.9361589570191055,0.93618666383545,0.0661721414835622,0.06617282463012755,0.0661731302841939
binary,PR,0.5675,0.9361245173119265,0.9361591515733099,0.9361867953861083,0.06617214606666925,0.06617282724589243,0.06617313236749514
binary,PR,0.57,0.9361248052563635,0.9361593455820977,0.93618692681038,0.06617215062701895,0.06617282985802828,0.06617313444879398
binary,PR,0.5725,0.9361250918465905,0.9361595391170465,0.9361870581735192,0.06617215516592012,0.0661728324675147,0.06617313652912402
binary,PR,0.575,0.9361253770023736,0.9361597321011997,0.9361871895174747,0.06617215968210124,0.06617283507348654,0.06617313860915003
binary,PR,0.5775,0.9361256606898537,0.9361599244778261,0.9361873207753286,0.06617216417502686,0.06617283767486888,0.06617314068781338
binary,PR,0.58,0.9361259431105298,0.9361601164085477,0.9361874519130444,0.06617216864788719,0.06617284027329583,0.06617314276457245
binary,PR,0.5825,0.9361262241082994,0.9361603077369911,0.9361875830159528,0.0661721730982126,0.06617284286716005,0.0661731448407806
binary,PR,0.585,0.9361265038141887,0.9361604985604208,0.9361877139857566,0.06617217752807494,0.06617284545707065,0.06617314691488023
binary,PR,0.5875,0.9361267823066528,0.9361606889467857,0.9361878448842256,0.06617218193871707,0.06617284804396266,0.06617314898785084
binary,PR,0.59,0.936127059537547,0.9361608788222379,0.9361879757524474,0.06617218632937914,0.06617285062701919,0.06617315106034101
binary,PR,0.5925,0.9361273355380624,0.9361610682023237,0.9361881065361347,0.06617219070055409,0.06617285320607263,0.06617315313149254
binary,PR,0.595,0.9361276103330797,0.9361612570934392,0.9361882372339819,0.06617219505263418,0.06617285578106823,0.0661731552012838
binary,PR,0.5975,0.9361278838862402,0.9361614454332496,0.9361883678358275,0.06617219938504634,0.0661728583511083,0.06617315726955489
binary,PR,0.6,0.9361281563316906,0.9361616333746747,0.9361884983071541,0.06617220369991228,0.06617286091770531,0.06617315933575962
binary,PR,0.6025,0.9361284276354869,0.9361618208373886,0.9361886287409549,0.06617220799669674,0.06617286348017963,0.06617316140136881
binary,PR,0.605,0.9361286978146757,0.9361620078370878,0.9361887590846333,0.06617221227566931,0.06617286603835303,0.06617316346555038
binary,PR,0.6075,0.9361289668878998,0.936162194380438,0.9361888893373707,0.06617221653712427,0.06617286859215633,0.06617316552829161
binary,PR,0.61,0.9361292348722784,0.9361623804742311,0.9361890194984711,0.06617222078133346,0.06617287114151596,0.06617316758958124
binary,PR,0.6125,0.9361295017859945,0.9361625661252817,0.9361891495672845,0.06617222500858365,0.0661728736863567,0.06617316964940885
binary,PR,0.615,0.9361297676468077,0.9361627513405268,0.9361892795432285,0.06617222921915844,0.0661728762265987,0.066173171707766
binary,PR,0.6175,0.9361300324728421,0.936162936126905,0.9361894094258324,0.06617223341334347,0.06617287876216091,0.06617317376464517
binary,PR,0.62,0.9361302962829428,0.9361631204913258,0.9361895392147348,0.06617223759143664,0.06617288129296074,0.06617317582003929
binary,PR,0.6225,0.9361305590969445,0.9361633044406343,0.9361896689096664,0.0661722417537541,0.0661728838189165,0.06617317787394493
binary,PR,0.625,0.9361308209359793,0.9361634879815064,0.9361897985104232,0.06617224590062794,0.06617288633994761,0.06617317992635881
binary,PR,0.6275,0.9361310818227092,0.9361636711204142,0.9361899280168273,0.06617225003241985,0.06617288885597747,0.06617318197727848
binary,PR,0.63,0.9361313417810613,0.9361638538635497,0.9361900574288174,0.06617225414950662,0.06617289136693377,0.06617318402670261
binary,PR,0.6325,0.9361316008368615,0.9361640362167237,0.9361901867462986,0.06617225825229801,0.06617289387275142,0.06617318607462984
binary,PR,0.635,0.9361318590171419,0.936164218185309,0.9361903159692319,0.06617226234122216,0.0661728963733735,0.06617318812105934
binary,PR,0.6375,0.9361321163499521,0.9361643997741838,0.9361904450975576,0.06617226641672308,0.06617289886875294,0.06617319016598995
binary,PR,0.64,0.9361323728638682,0.9361645809876411,0.9361905741312198,0.06617227047925402,0.06617290135885391,0.06617319220942151
binary,PR,0.6425,0.9361326285876178,0.9361647618293711,0.936190703070126,0.06617227452926965,0.06617290384365242,0.06617319425135228
binary,PR,0.645,0.9361328835495588,0.9361649423024233,0.9361908319141902,0.06617227856721872,0.0661729063231372,0.06617319629178071
binary,PR,0.6475,0.9361331377772072,0.9361651224092099,0.9361909606632597,0.06617228259353772,0.06617290879731029,0.06617319833070426
binary,PR,0.65,0.9361333912969217,0.936165302151458,0.9361910893171402,0.06617228660864365,0.06617291126618682,0.06617320036812042
binary,PR,0.6525,0.9361336441335366,0.9361654815302768,0.9361912178756311,0.06617229061292895,0.06617291372979439,0.06617320240402547
binary,PR,0.655,0.9361338963101598,0.9361656605461377,0.9361913463384076,0.06617229460676156,0.06617291618817339,0.06617320443841435
binary,PR,0.6575,0.936134147848016,0.9361658391989465,0.9361914747051734,0.06617229859047558,0.06617291864137584,0.06617320647128253
binary,PR,0.66,0.9361343987664357,0.9361660174880418,0.9361916029755475,0.06617230256437945,0.06617292108946461,0.06617320850262409
binary,PR,0.6625,0.9361346490828424,0.9361661954122656,0.9361917311490808,0.06617230652874649,0.06617292353251225,0.06617321053243155
binary,PR,0.665,0.9361348988126589,0.9361663729699962,0.9361918592253048,0.06617231048382399,0.06617292597060109,0.06617321256069776
binary,PR,0.6675,0.9361351479694275,0.9361665501592157,0.936191987203669,0.06617231442982319,0.06617292840382022,0.06617321458741407
binary,PR,0.67,0.9361353965646564,0.9361667269775223,0.9361921150835958,0.06617231836692829,0.06617293083226697,0.06617321661257101
binary,PR,0.6725,0.9361356446077836,0.9361669034222156,0.9361922428644488,0.06617232229528965,0.06617293325604423,0.06617321863615887
binary,PR,0.675,0.9361358921060688,0.9361670794903313,0.9361923705455563,0.06617232621501984,0.06617293567525995,0.06617322065816686
binary,PR,0.6775,0.9361361390644619,0.9361672551786923,0.9361924981261975,0.0661723301261984,0.06617293809002593,0.06617322267858333
binary,PR,0.68,0.936136385485383,0.9361674304839697,0.9361926256056541,0.06617233402886406,0.06617294050045715,0.06617322469739725
binary,PR,0.6825,0.9361366313686831,0.9361676054027505,0.9361927529831331,0.06617233792301407,0.06617294290667028,0.06617322671459591
binary,PR,0.685,0.9361368767115414,0.9361677799315736,0.9361928802578727,0.0661723418086035,0.06617294530878239,0.06617322873016755
binary,PR,0.6875,0.9361371215083767,0.9361679540670105,0.9361930074290981,0.06617234568554467,0.06617294770691041,0.06617323074409914
binary,PR,0.69,0.9361373657509826,0.936168127805721,0.9361931344960323,0.06617234955370721,0.06617295010116951,0.06617323275637917
binary,PR,0.6925,0.9361376094286833,0.936168301144523,0.9361932614579161,0.06617235341292228,0.06617295249167135,0.06617323476699391
binary,PR,0.695,0.9361378525285159,0.9361684740804305,0.9361933883139955,0.06617235726298402,0.06617295487852458,0.06617323677593404
binary,PR,0.6975,0.9361380950355593,0.9361686466107283,0.9361935150635879,0.06617236110365696,0.06617295726183255,0.06617323878318773
binary,PR,0.7,0.9361383369333381,0.9361688187329982,0.9361936417059935,0.06617236493467837,0.06617295964169255,0.06617324078874366
binary,PR,0.7025,0.9361385782042146,0.9361689904451848,0.9361937682406003,0.06617236875577134,0.06617296201819532,0.06617324279259187
binary,PR,0.705,0.9361388188296609,0.9361691617456032,0.9361938946668295,0.06617237256664164,0.06617296439142503,0.0661732447947235
binary,PR,0.7075,0.9361390587911442,0.9361693326329732,0.9361940209841437,0.06617237636699476,0.06617296676145747,0.0661732467951303
binary,PR,0.71,0.9361392980702017,0.936169503106414,0.9361941471920656,0.06617238015653971,0.0661729691283618,0.06617324879380351
binary,PR,0.7125,0.9361395366488637,0.9361696731654684,0.9361942732901662,0.06617238393499043,0.06617297149219892,0.06617325079073791
binary,PR,0.715,0.9361397745100367,0.9361698428100897,0.9361943992780672,0.06617238770207788,0.06617297385302182,0.06617325278592692
binary,PR,0.7175,0.9361400116377059,0.9361700120406283,0.936194525155443,0.06617239145754693,0.0661729762108763,0.06617325477936553
binary,PR,0.72,0.9361402480172364,0.936170180857808,0.9361946509220028,0.0661723952011668,0.06617297856580179,0.06617325677104823
binary,PR,0.7225,0.9361404836354749,0.9361703492627231,0.9361947765775381,0.06617239893272824,0.06617298091783007,0.0661732587609728
binary,PR,0.725,0.9361407184808352,0.9361705172567909,0.9361949021218322,0.06617240265204877,0.06617298326698748,0.06617326074913596
binary,PR,0.7275,0.9361409525434109,0.9361706848417274,0.9361950275547459,0.06617240635897197,0.06617298561329472,0.06617326273553462
binary,PR,0.73,0.9361411858149026,0.9361708520195287,0.9361951528761506,0.06617241005336498,0.06617298795676746,0.06617326472016662
binary,PR,0.7325,0.9361414182886881,0.9361710187924221,0.9361952780859791,0.06617241373512212,0.06617299029741677,0.06617326670303188
binary,PR,0.735,0.936141649959651,0.9361711851628651,0.9361954031841608,0.06617241740416546,0.06617299263525017,0.06617326868412902
binary,PR,0.7375,0.9361418808241913,0.9361713511334834,0.9361955281706567,0.06617242106043557,0.06617299497027147,0.06617327066345725
binary,PR,0.74,0.9361421108800599,0.9361715167070622,0.9361956530454815,0.06617242470389796,0.0661729973024821,0.06617327264101541
binary,PR,0.7425,0.9361423401263091,0.9361716818865088,0.9361957778086305,0.06617242833453633,0.06617299963188052,0.06617327461680589
binary,PR,0.745,0.9361425685631294,0.9361718466748524,0.9361959024601206,0.06617243195235575,0.06617300195846375,0.06617327659082808
binary,PR,0.7475,0.9361427961917912,0.9361720110751861,0.9361960270000065,0.0661724355573743,0.06617300428222667,0.06617327856308156
binary,PR,0.75,0.9361430230144735,0.9361721750906828,0.9361961514283507,0.06617243914962845,0.06617300660316396,0.06617328053356893
binary,PR,0.7525,0.9361432490342019,0.9361723387245523,0.9361962757452001,0.06617244272916381,0.06617300892126819,0.0661732825022908
binary,PR,0.755,0.9361434742547264,0.9361725019800371,0.9361963999506339,0.06617244629604228,0.06617301123653177,0.06617328446924696
binary,PR,0.7575,0.9361436986804016,0.9361726648604067,0.936196524044746,0.06617244985033101,0.06617301354894667,0.06617328643444098
binary,PR,0.76,0.936143922316178,0.9361728273689169,0.9361966480276219,0.06617245339210867,0.06617301585850444,0.06617328839787286
binary,PR,0.7625,0.9361441451674296,0.936172989508833,0.9361967718993417,0.06617245692146091,0.06617301816519702,0.06617329035954332
binary,PR,0.765,0.9361443672399339,0.9361731512834026,0.9361968956600172,0.06617246043847927,0.0661730204690159,0.066173292319456
binary,PR,0.7675,0.9361445885397949,0.9361733126958612,0.9361970193097324,0.06617246394325986,0.06617302276995327,0.06617329427761022
binary,PR,0.77,0.9361448090733441,0.936173473749403,0.9361971428486242,0.0661724674359039,0.066173025068001,0.06617329623400987
binary,PR,0.7725,0.9361450288471967,0.936173634447197,0.9361972662767799,0.06617247091651511,0.06617302736315152,0.06617329818865526
binary,PR,0.775,0.9361452478680674,0.9361737947923822,0.9361973895943312,0.06617247438520092,0.06617302965539806,0.06617330014154912
binary,PR,0.7775,0.936145466142822,0.9361739547880498,0.9361975128013605,0.06617247784206812,0.06617303194473384,0.0661733020926933
binary,PR,0.78,0.9361456836784415,0.9361741144372453,0.9361976358980177,0.06617248128722956,0.0661730342311531,0.0661733040420873
binary,PR,0.7825,0.936145900481908,0.9361742737429866,0.9361977588843978,0.06617248472079433,0.0661730365146497,0.06617330598973611
binary,PR,0.785,0.9361461165602928,0.9361744327082275,0.9361978817606231,0.0661724881428759,0.06617303879521845,0.06617330793563941
binary,PR,0.7875,0.9361463319206413,0.9361745913358904,0.9361980045267985,0.06617249155358394,0.06617304107285586,0.06617330987980047
binary,PR,0.79,0.9361465465699944,0.9361747496288348,0.9361981271830905,0.06617249495303233,0.06617304334755708,0.06617331182222032
binary,PR,0.7925,0.9361467605154012,0.9361749075898879,0.9361982497295792,0.06617249834133003,0.06617304561931926,0.06617331376290177
binary,PR,0.795,0.9361469737638145,0.9361750652218221,0.9361983721664,0.06617250171858856,0.0661730478881395,0.06617331570184523
binary,PR,0.7975,0.9361471863221712,0.9361752225273637,0.9361984944936622,0.06617250508491884,0.0661730501540152,0.06617331763905492
binary,PR,0.8,0.9361473981973444,0.9361753795091886,0.9361986167115209,0.06617250844042792,0.06617305241694471,0.06617331957453014
binary,PR,0.8025,0.9361476093961361,0.9361755361699375,0.9361987388200788,0.06617251178522382,0.06617305467692683,0.06617332150827569
binary,PR,0.805,0.9361478199252369,0.9361756925121889,0.9361988608194791,0.06617251511941341,0.06617305693396111,0.0661733234402911
binary,PR,0.8075,0.9361480297913094,0.9361758485384906,0.936198982709839,0.06617251844310143,0.06617305918804692,0.06617332537057957
binary,PR,0.81,0.936148239000903,0.9361760042513284,0.9361991044912809,0.06617252175639161,0.06617306143918432,0.06617332729914355
binary,PR,0.8125,0.9361484475604601,0.9361761596531688,0.936199226163945,0.06617252505938748,0.0661730636873742,0.06617332922598426
binary,PR,0.815,0.9361486554763877,0.9361763147464126,0.9361993477279634,0.06617252835218716,0.06617306593261772,0.06617333115110438
binary,PR,0.8175,0.9361488627549079,0.9361764695334367,0.9361994691834583,0.06617253163489306,0.06617306817491625,0.06617333307450553
binary,PR,0.82,0.9361490694022473,0.9361766240165664,0.9361995905305666,0.06617253490760189,0.06617307041427155,0.06617333499619053
binary,PR,0.8225,0.9361492754244851,0.9361767781980931,0.9361997117694294,0.06617253817040993,0.06617307265068625,0.06617333691615995
binary,PR,0.825,0.9361494808275782,0.9361769320802662,0.9361998329001744,0.0661725414234115,0.06617307488416263,0.06617333883441717
binary,PR,0.8275,0.9361496856174684,0.9361770856653014,0.9361999539229323,0.06617254466670133,0.0661730771147036,0.06617334075096487
binary,PR,0.83,0.9361498897999272,0.9361772389553714,0.9362000748378603,0.06617254790036958,0.06617307934231284,0.06617334266580366
binary,PR,0.8325,0.9361500933806858,0.9361773919526171,0.9362001956450674,0.06617255112450864,0.06617308156699382,0.06617334457893645
binary,PR,0.835,0.9361502963653351,0.9361775446591464,0.9362003163447267,0.06617255433920585,0.06617308378874982,0.06617334649036662
binary,PR,0.8375,0.9361504987593987,0.9361776970770271,0.9362004369369431,0.06617255754454919,0.066173086007586,0.06617334840009459
binary,PR,0.84,0.9361507005683174,0.9361778492083037,0.9362005574218909,0.06617256074062525,0.06617308822350643,0.06617335030812292
binary,PR,0.8425,0.9361509017974309,0.9361780010549816,0.9362006777996985,0.06617256392751786,0.0661730904365154,0.06617335221445556
binary,PR,0.845,0.936151102451998,0.9361781526190323,0.9362007980705105,0.06617256710531066,0.06617309264661858,0.0661733541190929
binary,PR,0.8475,0.936151302537195,0.9361783039024032,0.9362009182344786,0.06617257027408516,0.06617309485382064,0.0661733560220374
binary,PR,0.85,0.9361515020580929,0.9361784549070122,0.93620103829174,0.06617257343392235,0.06617309705812686,0.066173357923292
binary,PR,0.8525,0.9361517010196966,0.9361786056347408,0.9362011582424437,0.06617257658490092,0.06617309925954316,0.06617335982285989
binary,PR,0.855,0.9361518994269391,0.9361787560874502,0.9362012780867432,0.06617257972709974,0.06617310145807528,0.06617336172074184
binary,PR,0.8575,0.9361520972846686,0.9361789062669783,0.9362013978247973,0.06617258286059492,0.06617310365372914,0.0661733636169405
binary,PR,0.86,0.9361522945976213,0.9361790561751133,0.9362015174567502,0.06617258598546201,0.0661731058465107,0.06617336551145969
binary,PR,0.8625,0.9361524913705004,0.9361792058136507,0.9362016369827496,0.06617258910177529,0.06617310803642638,0.06617336740429995
binary,PR,0.865,0.9361526876079408,0.9361793551843346,0.9362017564029517,0.06617259220960785,0.0661731102234823,0.06617336929546448
binary,PR,0.8675,0.9361528833144677,0.936179504288896,0.9362018757175032,0.06617259530903158,0.06617311240768559,0.06617337118495578
binary,PR,0.87,0.9361530784945308,0.9361796531290403,0.9362019949265867,0.06617259840011641,0.06617311458904288,0.06617337307277668
binary,PR,0.8725,0.936153273152574,0.9361798017064484,0.9362021140303332,0.0661726014829337,0.06617311676756044,0.06617337495893
binary,PR,0.875,0.9361534672929007,0.9361799500227792,0.9362022330289155,0.06617260455755197,0.0661731189432457,0.0661733768434167
binary,PR,0.8775,0.9361536609197794,0.9361800980796715,0.9362023519224906,0.06617260762403662,0.06617312111610552,0.06617337872624046
binary,PR,0.88,0.9361538540374206,0.9361802458787345,0.9362024707112212,0.06617261068245682,0.06617312328614726,0.06617338060740309
binary,PR,0.8825,0.9361540466499604,0.9361803934215642,0.9362025893952636,0.06617261373287618,0.06617312545337782,0.06617338248690809
binary,PR,0.885,0.9361542387614724,0.9361805407097307,0.9362027079747772,0.06617261677536079,0.06617312761780512,0.06617338436475764
binary,PR,0.8875,0.936154430375951,0.9361806877447947,0.9362028264499378,0.06617261980997292,0.06617312977943622,0.066173386240955
binary,PR,0.89,0.9361546214974081,0.9361808345282829,0.9362029448208993,0.06617262283677713,0.0661731319382785,0.06617338811550114
binary,PR,0.8925,0.936154812129691,0.9361809810617139,0.936203063087841,0.06617262585583286,0.06617313409433971,0.06617338998839956
binary,PR,0.895,0.9361550022766676,0.9361811273465737,0.9362031812509211,0.06617262886720132,0.06617313624762768,0.06617339185965317
binary,PR,0.8975,0.9361551919421139,0.9361812733843415,0.9362032993102992,0.06617263187094377,0.06617313839814966,0.06617339372926434
binary,PR,0.9,0.9361553811297547,0.9361814191764771,0.9362034172661667,0.06617263486711987,0.0661731405459139,0.0661733955972357
binary,PR,0.9025,0.9361555698432906,0.9361815647244227,0.936203535118659,0.06617263785578517,0.06617314269092828,0.06617339746357008
binary,PR,0.905,0.9361557580863425,0.9361817100296015,0.9362036528679716,0.06617264083699946,0.06617314483320035,0.06617339932827078
binary,PR,0.9075,0.9361559458624765,0.9361818550934234,0.93620377051428,0.06617264381081804,0.06617314697273785,0.06617340119133928
binary,PR,0.91,0.9361561331752245,0.9361819999172781,0.936203888057765,0.06617264677729764,0.06617314910954927,0.06617340305278008
binary,PR,0.9125,0.9361563200280709,0.9361821445025295,0.9362040054985581,0.06617264973649321,0.06617315124364213,0.06617340491259334
binary,PR,0.915,0.9361565064244334,0.9361822888505442,0.9362041228368694,0.06617265268845873,0.06617315337502477,0.06617340677078418
binary,PR,0.9175,0.9361566923677086,0.9361824329626638,0.9362042400728606,0.0661726556332483,0.06617315550370541,0.06617340862735384
binary,PR,0.92,0.9361568778612409,0.9361825768402173,0.9362043572066989,0.06617265857091469,0.06617315762969178,0.06617341048230642
binary,PR,0.9225,0.9361570629083235,0.9361827204845199,0.9362044742385867,0.06617266150150974,0.06617315975299216,0.06617341233564321
binary,PR,0.925,0.9361572475122061,0.9361828638968634,0.9362045911686779,0.06617266442508508,0.06617316187361465,0.06617341418736815
binary,PR,0.9275,0.9361574316760776,0.9361830070785356,0.9362047079971622,0.06617266734169125,0.06617316399156756,0.06617341603748339
binary,PR,0.93,0.9361576154031487,0.9361831500308057,0.9362048247242151,0.06617267025137942,0.06617316610685894,0.06617341788599275
binary,PR,0.9325,0.9361577986965137,0.9361832927549331,0.9362049413500079,0.06617267315419882,0.06617316821949702,0.06617341973289803
binary,PR,0.935,0.9361579815592634,0.9361834352521559,0.9362050578747367,0.06617267605019657,0.0661731703294899,0.06617342157820229
binary,PR,0.9375,0.9361581639944483,0.9361835775237072,0.9362051742985639,0.06617267893942413,0.06617317243684581,0.06617342342190878
binary,PR,0.94,0.9361583460050844,0.9361837195708063,0.9362052906216799,0.06617268182192751,0.06617317454157318,0.06617342526402012
binary,PR,0.9425,0.936158527594146,0.9361838613946492,0.9362054068442731,0.0661726846977521,0.06617317664368025,0.06617342710453947
binary,PR,0.945,0.936158708764543,0.936184002996434,0.9362055229665163,0.06617268756694712,0.06617317874317498,0.066173428943469
binary,PR,0.9475,0.936158889519196,0.9361841443773383,0.9362056389885994,0.06617269042955674,0.06617318084006597,0.06617343078081225
binary,PR,0.95,0.9361590698609472,0.9361842855385286,0.9362057549106869,0.06617269328562721,0.06617318293436128,0.0661734326165713
binary,PR,0.9525,0.9361592497926418,0.9361844264811606,0.9362058707329831,0.06617269613520241,0.06617318502606898,0.06617343445075016
binary,PR,0.955,0.936159429317067,0.9361845672063831,0.9362059864556677,0.06617269897832685,0.0661731871151973,0.06617343628335182
binary,PR,0.9575,0.9361596084369639,0.9361847077153195,0.9362061020789201,0.06617270181504545,0.06617318920175506,0.06617343811437813
binary,PR,0.96,0.9361597871550956,0.9361848480090975,0.9362062176029278,0.06617270464539973,0.06617319128574985,0.06617343994383292
binary,PR,0.9625,0.9361599654741387,0.93618498808883,0.936206333027873,0.06617270746943317,0.06617319336719012,0.0661734417717186
binary,PR,0.965,0.9361601433967263,0.9361851279556074,0.9362064483539642,0.06617271028718869,0.06617319544608426,0.06617344359803835
binary,PR,0.9675,0.9361603209255278,0.9361852676105249,0.9362065635813582,0.0661727130987056,0.06617319752244029,0.06617344542279523
binary,PR,0.97,0.9361604980631324,0.9361854070546609,0.936206678710255,0.06617271590402725,0.06617319959626608,0.06617344724599172
binary,PR,0.9725,0.9361606748121182,0.9361855462890775,0.9362067937408419,0.06617271870319316,0.06617320166757065,0.06617344906763048
binary,PR,0.975,0.9361608511750096,0.9361856853148456,0.9362069086733007,0.06617272149624454,0.06617320373636135,0.06617345088771583
binary,PR,0.9775,0.9361610271543168,0.936185824133002,0.9362070235078368,0.06617272428322074,0.06617320580264668,0.06617345270625026
binary,PR,0.98,0.936161202752561,0.9361859627445854,0.9362071382446057,0.06617272706416107,0.06617320786643507,0.06617345452323628
binary,PR,0.9825,0.9361613779721379,0.9361861011506308,0.9362072528838272,0.06617272983910409,0.06617320992773405,0.06617345633867737
binary,PR,0.985,0.9361615528155174,0.9361862393521501,0.9362073674256709,0.06617273260808883,0.0661732119865521,0.06617345815257582
binary,PR,0.9875,0.9361617272850874,0.9361863773501579,0.9362074818703437,0.06617273537115312,0.06617321404289749,0.06617345996493428
binary,PR,0.99,0.9361619013832301,0.9361865151456551,0.9362075962180125,0.06617273812833423,0.06617321609677816,0.06617346177575785
binary,PR,0.9925,0.9361620751122941,0.9361866527396293,0.9362077104688878,0.06617274087967015,0.06617321814820167,0.06617346358504814
binary,PR,0.995,0.9361622484745707,0.9361867901330675,0.9362078246231538,0.06617274362519705,0.06617322019717654,0.06617346539280806
binary,PR,0.9975,0.9361624214723984,0.9361869273269356,0.9362079386809863,0.06617274636495114,0.06617322224371093,0.06617346719903976
binary,PR,1.0,0.9361625941080479,0.9361870643222047,0.9362080526425948,0.06617274909896911,0.0661732242878128,0.06617346900374821
binary,SW,0.0,0.0,0.0,0.0,0.7608301926178616,0.7608301926178371,0.7608301926178616
binary,SW,0.0025,0.9329667998150238,0.9329705687742956,0.9329734914884341,0.06598777413393157,0.7574007770691905,0.7613670172455619
binary,SW,0.005,0.9294208023841477,0.929425240354419,0.9294285755827524,0.0659311189972195,0.7546022895456888,0.7605747432085297
binary,SW,0.0075,0.9317851070439795,0.9317888893071992,0.9317920444622478,0.06596891957788183,0.7521456524143788,0.7611025244162563
binary,SW,0.01,0.9303309374938042,0.9303360933100052,0.9303395510106083,0.06594568242233952,0.7495792968932854,0.7607777369977102
binary,SW,0.0125,0.9271036090699202,0.9271100615325714,0.9271137324585957,0.06589397170833049,0.7469743575999901,0.7600563232786787
binary,SW,0.015,0.9261133366923249,0.9261192352950188,0.9261231723401357,0.06587806616319357,0.7444617792308378,0.7598344625057857
binary,SW,0.0175,0.9236161258841251,0.9236233947582427,0.9236276568568675,0.06583787539030742,0.7419114074842366,0.7592758959159497
binary,SW,0.02,0.9235186005213851,0.9235252595183497,0.9235296026905796,0.06583630342734821,0.7394392753151553,0.7592536566324789
binary,SW,0.0225,0.9248463471501951,0.9248547630349205,0.9248592139039149,0.06585768944400236,0.7370108890171395,0.7595510287467313
binary,SW,0.025,0.9230867245869423,0.9230945333978143,0.9230994074500966,0.06582934008828725,0.7345074589571899,0.7591569807240325
binary,SW,0.0275,0.9196990678771864,0.9197080093889581,0.9197129127904011,0.06577459758994442,0.7319829834568956,0.7583985537725461
binary,SW,0.03,0.9202580556450746,0.920266884647392,0.9202721429031044,0.06578364541690483,0.7295179361454137,0.7585234899633353
binary,SW,0.0325,0.9166400012836987,0.9166498909709138,0.9166552220575548,0.06572497818505388,0.7269888991821288,0.757712944388343
binary,SW,0.035,0.9196275908135847,0.9196374775986423,0.919643046364371,0.06577344023024788,0.7245178623686706,0.7583821853209848
binary,SW,0.0375,0.9134493819073451,0.9134600958474502,0.9134659568117904,0.06567303437605891,0.7219647410133799,0.7569973662889494
binary,SW,0.04,0.9148564659472467,0.9148672144922803,0.9148733045649746,0.06569596603130114,0.7194507708238829,0.7573127207075603
binary,SW,0.0425,0.9134991945609672,0.9135090777028961,0.9135152658470695,0.06567384683838155,0.7168921816458231,0.7570080006295685
binary,SW,0.045,0.9112035567995673,0.9112152247783207,0.9112218994800766,0.06563635433387012,0.7143454529541702,0.7564931606502954
binary,SW,0.0475,0.9087677622582301,0.9087784765973661,0.9087852247700804,0.0655964608915564,0.7117964174108424,0.755945952750829
binary,SW,0.05,0.9087533642623761,0.9087661871315437,0.9087733346117469,0.06559622473712833,0.7092091232061943,0.7559429608830807
binary,SW,0.0525,0.9051384118718911,0.9051501077633124,0.9051574463642539,0.06553680393692005,0.7066483623778239,0.7551304912773977
binary,SW,0.055,0.9062144955851594,0.9062280579830676,0.9062355878828972,0.06555451893990831,0.7040171385649762,0.7553725377056547
binary,SW,0.0575,0.9060772485083268,0.9060902789041879,0.9060980785774435,0.06555226078436004,0.7013967152574321,0.755341452535119
binary,SW,0.06,0.9032672625169496,0.9032793253912783,0.903287310493835,0.06550594565011249,0.6988023803945068,0.7547095760995747
binary,SW,0.0625,0.9033437922583384,0.903357838895205,0.903366108886357,0.06550720911199562,0.6961329735102293,0.7547269515875384
binary,SW,0.065,0.90053639573082,0.9005494646149661,0.9005579637950007,0.0654607842588496,0.6935249848852394,0.7540952303374572
binary,SW,0.0675,0.9025065193390753,0.902521349309127,0.902529886667795,0.06549337989103803,0.6907608885518891,0.7545386286998912
binary,SW,0.07,0.8999426331353668,0.8999568184031957,0.8999657388802415,0.06545094524898779,0.6881195492157329,0.7539616196596632
binary,SW,0.0725,0.900717516973207,0.9007312572625473,0.9007402942525891,0.06546378414297412,0.6853509442600917,0.7541357185615001
binary,SW,0.075,0.8972160983743673,0.8972312597754966,0.897240722070103,0.06540567387179824,0.6827056686719163,0.753347790816248
binary,SW,0.0775,0.8977127338066387,0.897727480850244,0.8977370189399383,0.06541393117176651,0.679899690205759,0.7534593464232726
binary,SW,0.08,0.8965551229364419,0.8965710599586867,0.8965808244101827,0.06539467643456146,0.677131364980526,0.7531988599887033
binary,SW,0.0825,0.8949276515740499,0.8949434088894539,0.8949535593859529,0.06536756046635162,0.6743760418345142,0.7528320283238364
binary,SW,0.085,0.8956693414974904,0.8956841923195553,0.8956943029124539,0.06537992474298313,0.6714913302704595,0.7529988228474457
binary,SW,0.0875,0.8931460266743698,0.8931628139929049,0.8931734551122434,0.06533781422048446,0.6687288520913279,0.7524305271627937
binary,SW,0.09,0.8946569268279327,0.8946726002523073,0.8946830792224868,0.06536304458639643,0.6657790943562701,0.7527706816014659
binary,SW,0.0925,0.8912484544915547,0.8912660642056348,0.8912771969461694,0.0653060606086334,0.663021883044105,0.7520026886424211
binary,SW,0.095,0.8918453711602646,0.8918623635672462,0.8918734438175203,0.06531605727397861,0.6600555988344656,0.75213694897095
binary,SW,0.0975,0.8902393700297286,0.8902554717994368,0.8902668371673311,0.06528914460717701,0.6571788177842133,0.7517746017683558
binary,SW,0.1,0.8900034404508504,0.890021654931105,0.890033262895377,0.06528518651988327,0.6541925605723139,0.7517215716674703
binary,SW,0.1025,0.8873838562605199,0.887401151008221,0.8874131597863795,0.0652411614021493,0.6513309199869096,0.7511302094580449
binary,SW,0.105,0.888884010958263,0.8889026781454469,0.8889144900873531,0.06526639064542421,0.6481968350968881,0.7514690067107894
binary,SW,0.1075,0.8863783592420983,0.8863967310706613,0.8864091618899843,0.06522422495963928,0.6452897620168486,0.7509032219295366
binary,SW,0.11,0.8869524912280724,0.8869700765187055,0.8869824056818858,0.06523389813740947,0.6421546703851096,0.7510326147206111
binary,SW,0.1125,0.884713259776664,0.8847327016688452,0.8847455819181025,0.06519613177341295,0.6391797947012021,0.7505271726298305
binary,SW,0.115,0.8840755218740972,0.8840943792160824,0.8841073545615724,0.06518535659408224,0.636062896103275,0.7503828860101583
binary,SW,0.1175,0.8846509067863814,0.8846708974062487,0.8846838790891919,0.06519507863826975,0.6328500193143438,0.750513032633446
binary,SW,0.12,0.8838339379191361,0.8838534965004659,0.8838668227519962,0.06518127257237052,0.6297122380525657,0.7503283472750913
binary,SW,0.1225,0.8851839805045979,0.8852026572983197,0.8852158504198385,0.06520407956030264,0.6264026485849987,0.7506330603500657
binary,SW,0.125,0.8812418223274081,0.8812630876370094,0.8812773453884972,0.06513737484228177,0.6234017071427843,0.7497425770619299
binary,SW,0.1275,0.8815142892251736,0.8815341795237948,0.8815480656620617,0.06514199578453428,0.6200940078661676,0.7498038605954187
binary,SW,0.13,0.8818095768811921,0.8818306245756493,0.8818446041108271,0.06514700198079264,0.616763513546779,0.7498708778739718
binary,SW,0.1325,0.8812828832493808,0.8813040381903341,0.8813184103149941,0.06513807132181872,0.6134443432810356,0.7497516248732757
binary,SW,0.135,0.8799046951247254,0.87992503872657,0.8799397330316822,0.06511467476808643,0.6101627816784482,0.7494397530866228
binary,SW,0.1375,0.8795030820346605,0.8795250785075839,0.879539875317679,0.06510784924784432,0.6067695331973275,0.7493491940553693
binary,SW,0.14,0.8780142179859148,0.8780356712032497,0.8780508647794657,0.06508251554856578,0.6034314486068488,0.7490121004662967
binary,SW,0.1425,0.8784310139420064,0.878453518461429,0.8784685719386618,0.06508961230233457,0.5999114667030663,0.749106691298188
binary,SW,0.145,0.8755218850255286,0.8755448855407088,0.8755608583355726,0.06504000089535,0.5966013459105972,0.7484480597552682
binary,SW,0.1475,0.8781378279938488,0.8781585654562274,0.8781735836948376,0.06508462063451935,0.5928593721849742,0.7490398885717882
binary,SW,0.15,0.8761846395014063,0.8762084217248327,0.8762245936196511,0.06505131933287978,0.5894106250140511,0.7485981561293816
binary,SW,0.1525,0.8747229081411501,0.8747457334167966,0.874762043527857,0.06502634345180618,0.5858989585685952,0.7482669691878163
binary,SW,0.155,0.8758263047068868,0.875849787825823,0.8758657198654898,0.0650452009134735,0.5821655250042966,0.7485170308433309
binary,SW,0.1575,0.872924920159416,0.8729493096933659,0.8729663898928143,0.0649955586345014,0.5786836674822494,0.7478597761545948
binary,SW,0.16,0.8739822504804543,0.8740046470680387,0.8740210191932546,0.06501367055045736,0.5748766220107612,0.7480990509803028
binary,SW,0.1625,0.8706914304610315,0.8707170832146575,0.8707347923080965,0.06495721915009649,0.5712924293421981,0.7473536480663471
binary,SW,0.165,0.8730032953392413,0.8730262013351187,0.8730427042150344,0.06499690202442727,0.5673439301235085,0.7478772957609329
binary,SW,0.1675,0.8723676286095784,0.8723909602358728,0.8724082983931746,0.06498600251800536,0.5635750322915257,0.7477330666460542
binary,SW,0.17,0.8705248764981842,0.8705506024949304,0.8705685690402291,0.0649543557560415,0.5597653154107782,0.7473157515107561
binary,SW,0.1725,0.8713678834102695,0.8713915721431419,0.8714089905107563,0.06496884247315747,0.555818756817249,0.7475065259262494
binary,SW,0.175,0.8708375018251127,0.8708631397458878,0.8708810725787127,0.06495972990678014,0.551898428675643,0.7473866372045557
binary,SW,0.1775,0.8711156965928203,0.8711408632772867,0.8711587947508282,0.06496451038145301,0.5478686045816701,0.7474494617805277
binary,SW,0.18,0.8690110700704697,0.8690364879739378,0.8690553033876061,0.06492830246859949,0.5439698222766043,0.7469721335989027
binary,SW,0.1825,0.869312964228819,0.8693390276701657,0.8693573980816702,0.06493350222728617,0.539824685360498,0.7470408205999852
binary,SW,0.185,0.8680138049711346,0.868039883598987,0.8680589248706875,0.06491111150373986,0.53577501698172,0.7467459417646346
binary,SW,0.1875,0.8689120685751831,0.8689364662112583,0.8689549996071422,0.06492659685124441,0.5315537310194787,0.7469495203782817
binary,SW,0.19,0.8665050545952911,0.8665329779497802,0.8665528246740539,0.06488506167626229,0.5273858089193555,0.7464036944426503
binary,SW,0.1925,0.86591228718502,0.8659384537402273,0.8659579677221529,0.06487481323086718,0.5231353103468912,0.7462689865140193
binary,SW,0.195,0.8662180037762263,0.8662452642360118,0.8662646799718964,0.06488009978692617,0.5187558913438148,0.746338554294528
binary,SW,0.1975,0.8655811473908909,0.8656082568619821,0.8656281622576144,0.06486908470113169,0.5144427815886413,0.7461938586574209
binary,SW,0.2,0.8663393846797349,0.8663650667004851,0.8663846347020874,0.06488219817062661,0.5100285218426517,0.7463657378996608
binary,SW,0.2025,0.8640805427886067,0.8641097886673174,0.8641306941125458,0.06484309443839162,0.5055399246864088,0.7458532698228193
binary,SW,0.205,0.8652972292575472,0.8653235422538409,0.865343355534877,0.06486417113396871,0.5010819796470664,0.7461292588534387
binary,SW,0.2075,0.8642258205386694,0.8642551204987633,0.8642759522866662,0.06484561282879434,0.4964930181769228,0.7458862680441892
binary,SW,0.21,0.8619358288965051,0.8619656097218289,0.8619872349178855,0.06480586072819051,0.4918263930994085,0.7453660178323485
binary,SW,0.2125,0.8638120093987844,0.863838279516255,0.8638584439880338,0.06483843816705463,0.48718846976987623,0.7457918209680185
binary,SW,0.215,0.8634218967958748,0.8634511616086886,0.863472339548615,0.06483167087770361,0.4824262398563279,0.7457036051004057
binary,SW,0.2175,0.8628327688448868,0.8628617257067597,0.8628831914026006,0.06482144479437825,0.4776736715804476,0.7455695656054924
binary,SW,0.22,0.8623248324295819,0.8623530715321212,0.8623746989056769,0.06481262177293538,0.4728227967989028,0.7454540250480273
binary,SW,0.2225,0.860730681312656,0.8607614905603129,0.8607838518563105,0.0647848930902715,0.4678149771032284,0.7450920955741323
binary,SW,0.225,0.8601471199662868,0.8601764066136938,0.8601985648855073,0.06477472825840026,0.4628481861816187,0.7449592175523441
binary,SW,0.2275,0.8615908308542588,0.8616201160501034,0.8616415459446629,0.06479986166404848,0.457832375866129,0.7452875725312921
binary,SW,0.23,0.8604188808795826,0.8604496803328556,0.8604724286904971,0.06477946291713263,0.45272590089622805,0.745021021169641
binary,SW,0.2325,0.8599176116479862,0.8599471506377374,0.859969811697476,0.06477072842694687,0.4475465232741646,0.7449069603398475
binary,SW,0.235,0.8589622036876177,0.8589938386276593,0.8590169556815982,0.06475406489398136,0.44220433628278,0.7446900037602059
binary,SW,0.2375,0.8578096678846086,0.8578408490254518,0.857864299832811,0.06473393556040566,0.4368456434936013,0.7444277481128444
binary,SW,0.24,0.8597190286634454,0.8597490151418193,0.8597711440827213,0.0647672665929369,0.431641957528349,0.7448621138700423
binary,SW,0.2425,0.8586345840571327,0.8586667843317296,0.858690510878881,0.06474834601188802,0.4261391121637028,0.74461538934558
binary,SW,0.245,0.8586120149012956,0.8586425658787419,0.8586659522597674,0.06474795195791629,0.4207308857207457,0.7446101160191545
binary,SW,0.2475,0.857164667822248,0.8571981203153742,0.8572224792039357,0.06472265724002027,0.4148842507916998,0.7442811472070788
binary,SW,0.25,0.8566379136805362,0.8566699295498473,0.8566940508220677,0.06471343948049164,0.40921331701771735,0.7441611929578131
binary,SW,0.2525,0.8577819760842095,0.8578119942939524,0.8578353819424003,0.06473345154334781,0.4037161632690075,0.7444212170343183
binary,SW,0.255,0.8568631456670713,0.8568966326699168,0.8569212898045246,0.0647173816305674,0.39772220136740155,0.7442124979425564
binary,SW,0.2575,0.8562403355452826,0.8562727720281782,0.856297475218941,0.06470647798327445,0.391859669270271,0.7440706356698863
binary,SW,0.26,0.8559675129080878,0.8560011098571569,0.8560258415059907,0.06470169882657345,0.3857338131789084,0.7440087697737658
binary,SW,0.2625,0.8543723944310289,0.8544070023917507,0.8544327266463376,0.06467372215747086,0.3793950011406511,0.743645641782639
binary,SW,0.265,0.8554388205751032,0.8554700743043421,0.8554944578387911,0.06469243261830065,0.3735841579382108,0.743888112813472
binary,SW,0.2675,0.8546162000171388,0.8546509241295641,0.8546765792925001,0.06467800204120858,0.3670509326318301,0.7437011922495869
binary,SW,0.27,0.8539886588345323,0.8540224155080984,0.8540481578250759,0.0646669830934725,0.3607538554795883,0.7435581581542846
binary,SW,0.2725,0.8551881787167964,0.8552195343699819,0.8552443299466086,0.06468803745871933,0.3547069995399832,0.743830995396786
binary,SW,0.275,0.8526744143833123,0.8527115943803446,0.8527388897628223,0.0646438768644577,0.34742950133722417,0.7432590540047181
binary,SW,0.2775,0.8531890429687314,0.853222000980288,0.8532476554146322,0.06465292951024745,0.34110957830281335,0.7433759732261132
binary,SW,0.28,0.853358777871872,0.8533937745770913,0.8534197990115006,0.06465591390946772,0.3344305125570553,0.7434149545604648
binary,SW,0.2825,0.8518019071195422,0.8518382035033693,0.8518655473496244,0.06462851485458444,0.32718101096825053,0.7430602123338511
binary,SW,0.285,0.8529162550537444,0.8529488763724205,0.852974668684787,0.06464813176141503,0.3207708059321992,0.7433138578351388
binary,SW,0.2875,0.8514819144449669,0.8515192589865104,0.8515469142895796,0.06462287638844522,0.3132037586060723,0.7429875035005766
binary,SW,0.29,0.8519500175623828,0.8519844142006868,0.8520110005476057,0.0646311238423983,0.3064732753489911,0.7430939440470896
binary,SW,0.2925,0.8511697404141239,0.8512069724653821,0.8512345846358095,0.06461737339254271,0.2987894345371629,0.742916587959844
binary,SW,0.295,0.8506288934773223,0.8506656681889482,0.8506933492702268,0.06460783397663124,0.2913682719808364,0.7427932922138992
binary,SW,0.2975,0.8506686583960277,0.8507039491181335,0.85073139833846,0.0646085355797147,0.2840286943661808,0.7428023400582479
binary,SW,0.3,0.8498592969453419,0.8498972112026294,0.8499254772994085,0.06459424811016927,0.2759416495140144,0.7426182915794793
binary,SW,0.3025,0.8497710297460492,0.8498074695229548,0.8498354129555789,0.06459268902279888,0.2684595526182607,0.7425980371949226
binary,SW,0.305,0.8504213017375392,0.8504561774771656,0.8504837240924258,0.06460417067551084,0.2610122084675551,0.7427460335677577
binary,SW,0.3075,0.8485186430361301,0.8485586022729086,0.8485882692711695,0.0645705480882066,0.251941963986976,0.7423124157868844
binary,SW,0.31,0.8494685207092191,0.8495038159494145,0.8495315403479758,0.06458734433860465,0.2447042754284081,0.7425282068354292
binary,SW,0.3125,0.8486546074834658,0.8486937186497874,0.8487229388886198,0.06457295358498413,0.2359076302511272,0.7423419229774199
binary,SW,0.315,0.848170629766175,0.8482089884842723,0.848238187576787,0.06456438902104465,0.22738967603030322,0.7422294809821396
binary,SW,0.3175,0.8487021448169263,0.8487384558084281,0.8487670133729607,0.06457379451762232,0.2194503938525161,0.7423470990264375
binary,SW,0.32,0.8478072900446397,0.847847188123634,0.8478770598110597,0.0645579556665832,0.2102232482263657,0.7421373956544721
binary,SW,0.3225,0.847354729830182,0.8473933542895079,0.8474230973736487,0.06454993820641867,0.2012304004667167,0.7420237622977406
binary,SW,0.325,0.8474812024549119,0.8475203016862127,0.8475497494703083,0.06455217925495588,0.1924624738381113,0.7420355081420136
binary,SW,0.3275,0.8469832513734529,0.8470231271089916,0.8470532790272313,0.06454335356037422,0.1832200951309848,0.7418916724620684
binary,SW,0.33,0.8470377398262244,0.8470760248103858,0.8471058906136583,0.06454431960013943,0.174243899948048,0.7418533251463959
binary,SW,0.3325,0.8462400856686774,0.8462812319996138,0.8463120302505338,0.06453017077374443,0.16411679461897338,0.7415870602115859
binary,SW,0.335,0.8462166042901637,0.8462559674856175,0.846286302136357,0.06452975403173836,0.1549986022900835,0.7414343798950044
binary,SW,0.3375,0.8468001989087122,0.8468379013799217,0.8468678394032855,0.06454010766222151,0.14631899528921072,0.7413352408690718
binary,SW,0.34,0.8454810643425817,0.8455238674500999,0.8455556976031361,0.0645166932216926,0.1354789596243961,0.740600521363655
binary,SW,0.3425,0.8464866378622022,0.8465246163150959,0.8465545529303524,0.06453454573487155,0.1275548660413395,0.7401392995924315
binary,SW,0.345,0.8452444380656869,0.8452882227778523,0.8453203701566165,0.064512488774081,0.11680204391242069,0.7385420002152246
binary,SW,0.3475,0.8458900130562582,0.8459300051130555,0.8459606461576914,0.06452395641021447,0.10870004513347589,0.7362306437250462
binary,SW,0.35,0.8462400420066777,0.8462797578667843,0.8463108093458791,0.06453016999885507,0.10041445148167351,0.7328635554755191
binary,SW,0.3525,0.8450514946140774,0.8450988575115845,0.8451314346710935,0.06450905951124068,0.09224160239351364,0.725757635289502
binary,SW,0.355,0.8443261838389544,0.8443725404877928,0.8444047698543067,0.06449616034135339,0.08613986805808388,0.7141686357242141
binary,SW,0.3575,0.8436909271760576,0.8437365855363778,0.8437687352808177,0.06448485242237305,0.08136374052716594,0.6963384580670572
binary,SW,0.36,0.8427212465680469,0.8427670395000354,0.8427994913847834,0.0644675729768595,0.07715639796319995,0.6774169072691014
binary,SW,0.3625,0.8419873268192436,0.8420322634617169,0.8420644617907262,0.06445447974822087,0.07400763626466245,0.6532310285794091
binary,SW,0.365,0.842012923423814,0.8420561194923181,0.842087510383638,0.06445493661274143,0.07249097688819726,0.6256879035217567
binary,SW,0.3675,0.8414791406649803,0.8415228773004345,0.8415547018637707,0.06444540605809644,0.07050837955689405,0.595877146114623
binary,SW,0.37,0.8408376364654764,0.84088108756113,0.8409129354228906,0.06443394309296815,0.06872496563842047,0.5647828246127818
binary,SW,0.3725,0.8405391087078804,0.8405816213720194,0.8406130494776586,0.06442860535269462,0.06778679019383735,0.536791535114944
binary,SW,0.375,0.8401948286089855,0.8402370258102434,0.8402683870081614,0.0644224468799472,0.06693166058336306,0.5148831087170288
binary,SW,0.3775,0.8398084715100613,0.8398504181550677,0.8398817158522648,0.06441553232447766,0.06613993015615659,0.486268844078102
binary,SW,0.38,0.8398711467443173,0.8399120600457514,0.8399428186580193,0.06441665425585062,0.06603596903599225,0.4635858516415412
binary,SW,0.3825,0.8399336745353241,0.839974329081937,0.8400049588674433,0.06441777345320254,0.06593835099636944,0.4419333168152459
binary,SW,0.385,0.8399966698883818,0.8400370772829386,0.8400675818911868,0.0644189009239285,0.06584698924897758,0.4213599279589512
binary,SW,0.3875,0.8395721802088019,0.8396131085878065,0.8396439599146728,0.06441130168704572,0.06514099587483406,0.4015491192727821
binary,SW,0.39,0.8396027732276119,0.8396427040692288,0.8396730288318562,0.06441184951070952,0.06509973136959644,0.3832288331306246
binary,SW,0.3925,0.8396325404520633,0.8396722502077797,0.8397024570889244,0.06441238252527336,0.06506116616798238,0.3660220222237064
binary,SW,0.395,0.8391785425070931,0.8392187662051228,0.8392493183886587,0.06440425086540628,0.06440514798315232,0.06440551887680758
binary,SW,0.3975,0.8391798028451447,0.8392190743537955,0.8392491095310588,0.06440427344651953,0.06440514940798515,0.06440551513512108
binary,SW,0.4,0.8391802321165905,0.8392193014978728,0.8392492242785279,0.06440428113764203,0.06440515221940042,0.06440551719082376
binary,SW,0.4025,0.8391806534713124,0.8392195269612476,0.8392493397067593,0.06440428868692043,0.06440515505056853,0.06440551925872232
binary,SW,0.405,0.8391810681182358,0.8392197509090931,0.8392494554561948,0.0644042961160129,0.06440515789741061,0.06440552133237412
binary,SW,0.4075,0.8391814765820887,0.8392199734199489,0.8392495715107243,0.06440430343432017,0.06440516075756147,0.06440552341149137
binary,SW,0.41,0.8391818793172597,0.8392201945618188,0.8392496878539154,0.06440431064998624,0.06440516362902896,0.0644055254957805
binary,SW,0.4125,0.8391822767132564,0.8392204143938089,0.8392498044703547,0.06440431776998708,0.06440516651012608,0.06440552758496355
binary,SW,0.415,0.8391826691043436,0.8392206329678419,0.8392499213455233,0.06440432480031393,0.06440516939941267,0.06440552967878242
binary,SW,0.4175,0.8391830567795506,0.8392208503300923,0.8392500384654712,0.06440433174614373,0.06440517229564288,0.06440553177698617
binary,SW,0.42,0.8391834399903074,0.8392210665220129,0.8392501558172248,0.06440433861198201,0.06440517519772934,0.06440553387934136
binary,SW,0.4225,0.8391838189566966,0.8392212815811766,0.8392502733885352,0.06440434540177316,0.06440517810471326,0.0644055359856305
binary,SW,0.425,0.839184193876104,0.8392214955420467,0.8392503911675306,0.06440435211905196,0.06440518101573908,0.0644055380956393
binary,SW,0.4275,0.8391845649255277,0.8392217084363931,0.8392505091430432,0.0644043587669901,0.06440518393004045,0.06440554020916832
binary,SW,0.43,0.8391849322648798,0.8392219202935902,0.8392506273047684,0.06440436534845342,0.06440518684692632,0.06440554232603343
binary,SW,0.4325,0.8391852960403132,0.8392221311410946,0.839250745642518,0.06440437186606049,0.06440518976576934,0.06440554444605114
binary,SW,0.435,0.8391856563872633,0.8392223410045749,0.8392508641466299,0.06440437832223771,0.06440519268599817,0.06440554656904969
binary,SW,0.4375,0.8391860134299521,0.8392225499080054,0.8392509828082363,0.06440438471921131,0.06440519560709407,0.06440554869486904
binary,SW,0.44,0.8391863672848305,0.8392227578740443,0.8392511016184082,0.0644043910590667,0.06440519852858072,0.06440555082334962
binary,SW,0.4425,0.8391867180600087,0.8392229649239777,0.8392512205687983,0.06440439734374169,0.0644052014500228,0.06440555295434192
binary,SW,0.445,0.839187065855777,0.839223171077826,0.8392513396516413,0.06440440357503273,0.06440520437102386,0.06440555508770716
binary,SW,0.4475,0.8391874107671368,0.8392233763546032,0.8392514588591458,0.06440440975464293,0.06440520729121788,0.06440555722330477
binary,SW,0.45,0.8391877528828748,0.83922358077226,0.8392515781839073,0.06440441588416214,0.06440521021027008,0.06440555936100278
binary,SW,0.4525,0.8391880922856516,0.8392237843477398,0.8392516976191431,0.06440442196507085,0.06440521312787569,0.0644055615006788
binary,SW,0.455,0.83918842905442,0.8392239870972098,0.8392518171579127,0.06440442799878633,0.06440521604375202,0.06440556364221076
binary,SW,0.4575,0.8391887632632081,0.83922418903599,0.839251936793694,0.06440443398663209,0.06440521895764162,0.06440556578547962
binary,SW,0.46,0.8391890949811477,0.8392243901785914,0.8392520565204371,0.06440443992984848,0.06440522186930843,0.06440556793037752
binary,SW,0.4625,0.8391894242747168,0.8392245905389111,0.8392521763319679,0.06440444582962528,0.06440522477853496,0.0644055700767943
binary,SW,0.465,0.8391897512063689,0.8392247901301815,0.8392522962224536,0.06440445168708252,0.064405227685122,0.06440557222462577
binary,SW,0.4675,0.8391900758345947,0.8392249889649535,0.8392524161865001,0.06440445750326841,0.06440523058888799,0.06440557437377317
binary,SW,0.47,0.8391903982159884,0.8392251870553153,0.8392525362185442,0.06440446327919555,0.06440523348966451,0.06440557652413989
binary,SW,0.4725,0.839190718403877,0.8392253844128075,0.8392526563133755,0.06440446901582189,0.06440523638729799,0.06440557867563054
binary,SW,0.475,0.8391910364482613,0.8392255810484146,0.8392527764661092,0.06440447471404054,0.0644052392816484,0.06440558082815873
binary,SW,0.4775,0.8391913523977335,0.8392257769727631,0.8392528966717975,0.06440448037472503,0.06440524217258622,0.06440558298163412
binary,SW,0.48,0.83919166629827,0.8392259721960097,0.8392530169257074,0.06440448599869637,0.06440524505999291,0.06440558513597364
binary,SW,0.4825,0.8391919781925263,0.839226166727887,0.839253137223469,0.06440449158671992,0.0644052479437608,0.06440558729109841
binary,SW,0.485,0.8391922881228135,0.839226360577811,0.839253257560625,0.06440449713955408,0.06440525082379006,0.06440558944692872
binary,SW,0.4875,0.8391925961291318,0.8392265537548538,0.8392533779328641,0.06440450265791528,0.06440525369999008,0.06440559160338699
binary,SW,0.49,0.8391929022494795,0.8392267462677319,0.8392534983361367,0.0644045081424841,0.0644052565722772,0.06440559376040127
binary,SW,0.4925,0.8391932065201106,0.8392269381248633,0.8392536187665136,0.06440451359391071,0.06440525944057572,0.06440559591790003
binary,SW,0.495,0.839193508976414,0.8392271293344233,0.8392537392200599,0.06440451901282852,0.06440526230481537,0.0644055980758143
binary,SW,0.4975,0.8391938096518298,0.8392273199042817,0.839253859693086,0.06440452439983822,0.06440526516493324,0.06440560023407627
binary,SW,0.5,0.839194108578547,0.8392275098420698,0.839253980181988,0.06440452975551433,0.06440526802087047,0.06440560239262347
binary,SW,0.5025,0.839194405787741,0.8392276991552016,0.8392541006832502,0.06440453508041775,0.06440527087257447,0.06440560455139108
binary,SW,0.505,0.8391947013090466,0.8392278878508423,0.8392542211935053,0.06440454037507665,0.0644052737199966,0.06440560671031893
binary,SW,0.5075,0.8391949951714536,0.8392280759359777,0.8392543417094498,0.0644045456400134,0.0644052765630931,0.06440560886934883
binary,SW,0.51,0.8391952874021569,0.8392282634173699,0.8392544622278936,0.06440455087571344,0.06440527940182426,0.06440561102842361
binary,SW,0.5125,0.8391955780277354,0.8392284503015978,0.8392545827458436,0.06440455608265332,0.0644052822361541,0.06440561318748843
binary,SW,0.515,0.8391958670740588,0.8392286365950857,0.8392547032602705,0.06440456126129694,0.06440528506604956,0.06440561534649039
binary,SW,0.5175,0.8391961545658054,0.8392288223040754,0.8392548237683082,0.06440456641208547,0.06440528789148134,0.06440561750537759
binary,SW,0.52,0.8391964405268885,0.8392290074346644,0.839254944267127,0.06440457153544947,0.0644052907124231,0.06440561966409848
binary,SW,0.5225,0.8391967249808143,0.8392291919928008,0.8392550647539995,0.06440457663180801,0.06440529352885065,0.06440562182260569
binary,SW,0.525,0.8391970079503878,0.8392293759842959,0.8392551852262381,0.06440458170157115,0.06440529634074266,0.06440562398084985
binary,SW,0.5275,0.8391972894577371,0.8392295594148279,0.8392553056812732,0.06440458674513429,0.06440529914808056,0.0644056261387862
binary,SW,0.53,0.8391975695242704,0.839229742289941,0.839255426116572,0.06440459176288184,0.0644053019508471,0.06440562829636876
binary,SW,0.5325,0.839197848170418,0.8392299246150432,0.8392555465297643,0.06440459675517853,0.06440530474902777,0.06440563045355373
binary,SW,0.535,0.839198125416577,0.8392301063954478,0.8392556669184398,0.06440460172239174,0.06440530754261001,0.06440563261029962
binary,SW,0.5375,0.8391984012824383,0.8392302876363417,0.8392557872803281,0.06440460666487306,0.06440531033158234,0.06440563476656566
binary,SW,0.54,0.8391986757870787,0.839230468342812,0.8392559076131693,0.06440461158296416,0.06440531311593588,0.06440563692231079
binary,SW,0.5425,0.8391989489491128,0.8392306485198323,0.8392560279148362,0.06440461647699959,0.0644053158956624,0.06440563907749684
binary,SW,0.545,0.8391992207866196,0.8392308281722931,0.8392561481832347,0.06440462134730271,0.06440531867075565,0.06440564123208761
binary,SW,0.5475,0.8391994913171963,0.8392310073049726,0.8392562684163446,0.06440462619418835,0.0644053214412105,0.06440564338604463
binary,SW,0.55,0.8391997605579796,0.839231185922568,0.8392563886121542,0.06440463101796476,0.06440532420702318,0.06440564553933344
binary,SW,0.5525,0.839200028525688,0.8392313640296886,0.8392565087687928,0.06440463581892997,0.06440532696819126,0.06440564769192021
binary,SW,0.555,0.8392002952365579,0.8392315416308546,0.8392566288843968,0.06440464059737552,0.06440532972471291,0.06440564984377177
binary,SW,0.5575,0.839200560706471,0.8392317187305072,0.8392567489571716,0.06440464535358639,0.06440533247658779,0.06440565199485467
binary,SW,0.56,0.8392008249508792,0.8392318953330065,0.8392568689853828,0.06440465008783972,0.06440533522381615,0.06440565414513968
binary,SW,0.5625,0.8392010879849455,0.8392320714426464,0.8392569889673268,0.06440465480040634,0.0644053379663996,0.0644056562945957
binary,SW,0.565,0.8392013498233739,0.8392322470636423,0.839257108901371,0.06440465949155026,0.06440534070434015,0.06440565844319264
binary,SW,0.5675,0.8392016104805936,0.8392324222001265,0.8392572287859249,0.0644046641615289,0.06440534343764096,0.06440566059090262
binary,SW,0.57,0.8392018699707211,0.8392325968561819,0.8392573486194556,0.06440466881059705,0.06440534616630582,0.06440566273769893
binary,SW,0.5725,0.8392021283075978,0.8392327710358066,0.8392574684004367,0.06440467343900072,0.06440534889033932,0.0644056648835529
binary,SW,0.575,0.8392023855047104,0.8392329447429445,0.8392575881274236,0.06440467804698391,0.06440535160974684,0.06440566702843942
binary,SW,0.5775,0.8392026415753255,0.8392331179814737,0.839257707799014,0.06440468263478238,0.06440535432453383,0.06440566917233305
binary,SW,0.58,0.8392028965323947,0.8392332907552034,0.8392578274138179,0.06440468720262782,0.06440535703470743,0.06440567131520966
binary,SW,0.5825,0.83920315038862,0.8392334630678825,0.8392579469705175,0.06440469175075025,0.06440535974027466,0.06440567345704415
binary,SW,0.585,0.8392034031564474,0.8392336349232074,0.8392580664677992,0.06440469627937047,0.06440536244124342,0.06440567559781385
binary,SW,0.5875,0.8392036548480564,0.8392338063248052,0.8392581859044429,0.06440470078870769,0.06440536513762204,0.06440567773749739
binary,SW,0.59,0.8392039054754077,0.8392339772762486,0.8392583052792095,0.06440470527897602,0.06440536782941952,0.06440567987607153
binary,SW,0.5925,0.8392041550502118,0.8392341477810574,0.8392584245909169,0.0644047097503857,0.06440537051664526,0.0644056820135156
binary,SW,0.595,0.8392044035839444,0.8392343178426964,0.83925854383841,0.06440471420314142,0.06440537319930963,0.06440568414980913
binary,SW,0.5975,0.8392046510878387,0.8392344874645721,0.8392586630205832,0.06440471863744553,0.06440537587742293,0.06440568628493236
binary,SW,0.6,0.8392048975729626,0.8392346566500424,0.8392587821363504,0.06440472305349487,0.06440537855099615,0.06440568841886553
binary,SW,0.6025,0.8392051430500982,0.8392348254024141,0.8392589011846591,0.0644047274514845,0.06440538122004053,0.0644056905515902
binary,SW,0.605,0.8392053875298617,0.8392349937249423,0.839259020164477,0.06440473183160259,0.06440538388456826,0.06440569268308773
binary,SW,0.6075,0.8392056310226548,0.8392351616208362,0.8392591390748272,0.06440473619403776,0.06440538654459123,0.06440569481333912
binary,SW,0.61,0.8392058735386881,0.8392353290932555,0.8392592579147409,0.06440474053897069,0.0644053892001218,0.06440569694232884
binary,SW,0.6125,0.8392061150879373,0.8392354961453187,0.8392593766832869,0.06440474486658229,0.06440539185117351,0.06440569907003953
binary,SW,0.615,0.8392063556802495,0.8392356627800964,0.8392594953795388,0.06440474917704762,0.06440539449775921,0.06440570119645514
binary,SW,0.6175,0.8392065953252196,0.8392358290006144,0.839259614002636,0.06440475347053795,0.06440539713989234,0.06440570332156016
binary,SW,0.62,0.8392068340322898,0.8392359948098678,0.8392597325517187,0.0644047577472246,0.06440539977758672,0.06440570544533883
binary,SW,0.6225,0.8392070718107438,0.8392361602107957,0.8392598510259621,0.06440476200727234,0.06440540241085654,0.06440570756777658
binary,SW,0.625,0.8392073086696445,0.839236325206309,0.839259969424549,0.06440476625084413,0.06440540503971584,0.06440570968885773
binary,SW,0.6275,0.8392075446179614,0.8392364897992844,0.8392600877467078,0.06440477047810002,0.06440540766417907,0.06440571180856954
binary,SW,0.63,0.8392077796644426,0.8392366539925477,0.8392602059916663,0.06440477468919788,0.0644054102842613,0.06440571392689808
binary,SW,0.6325,0.8392080138177034,0.8392368177889017,0.8392603241586944,0.06440477888429183,0.06440541289997634,0.06440571604383033
binary,SW,0.635,0.8392082470862223,0.839236981191111,0.839260442247077,0.06440478306353165,0.06440541551134009,0.06440571815935371
binary,SW,0.6375,0.8392084794782773,0.8392371442019025,0.8392605602561322,0.0644047872270685,0.06440541811836727,0.06440572027345536
binary,SW,0.64,0.8392087110020549,0.8392373068239768,0.8392606781851748,0.06440479137504891,0.06440542072107246,0.064405722386123
binary,SW,0.6425,0.8392089416656202,0.8392374690600009,0.8392607960335823,0.06440479550761519,0.06440542331947167,0.06440572449734534
binary,SW,0.645,0.8392091714768493,0.8392376309126082,0.8392609138006872,0.06440479962491034,0.06440542591357985,0.06440572660711134
binary,SW,0.6475,0.8392094004435364,0.8392377923844121,0.8392610314858944,0.06440480372707307,0.06440542850341263,0.06440572871541016
binary,SW,0.65,0.8392096285733321,0.8392379534779828,0.8392611490886298,0.06440480781424114,0.06440543108898517,0.06440573082223101
binary,SW,0.6525,0.8392098558737345,0.839238114195873,0.839261266608319,0.06440481188654891,0.06440543367031303,0.0644057329275638
binary,SW,0.655,0.8392100823521965,0.8392382745406076,0.8392613840443741,0.06440481594412922,0.06440543624741188,0.06440573503139725
binary,SW,0.6575,0.8392103080160209,0.8392384345146763,0.8392615013962941,0.0644048199871123,0.06440543882029724,0.06440573713372377
binary,SW,0.66,0.8392105328723938,0.8392385941205518,0.8392616186635409,0.06440482401562879,0.06440544138898471,0.06440573923453413
binary,SW,0.6625,0.8392107569283985,0.8392387533606754,0.8392617358456265,0.06440482802980445,0.0644054439534898,0.0644057413338163
binary,SW,0.665,0.8392109801910193,0.8392389122374664,0.8392618529420626,0.06440483202976541,0.06440544651382785,0.06440574343156491
binary,SW,0.6675,0.8392112026671544,0.8392390707533206,0.8392619699523662,0.0644048360156339,0.06440544907001478,0.06440574552777059
binary,SW,0.67,0.8392114243635913,0.8392392289106105,0.8392620868761158,0.0644048399875317,0.06440545162206586,0.06440574762242411
binary,SW,0.6725,0.8392116452870155,0.8392393867116773,0.8392622037128222,0.06440484394557966,0.06440545416999675,0.06440574971551878
binary,SW,0.675,0.8392118654440446,0.8392395441588494,0.8392623204621154,0.06440484788989531,0.06440545671382289,0.06440575180704708
binary,SW,0.6775,0.8392120848411772,0.8392397012544235,0.8392624371235813,0.06440485182059642,0.06440545925356002,0.06440575389700134
binary,SW,0.68,0.8392123034848673,0.8392398580006883,0.8392625536967815,0.06440485573779668,0.0644054617892231,0.06440575598537476
binary,SW,0.6825,0.8392125213814361,0.8392400143998914,0.8392626701813901,0.06440485964161152,0.06440546432082793,0.06440575807216053
binary,SW,0.685,0.8392127385371472,0.8392401704542745,0.8392627865770208,0.06440486353215127,0.06440546684838995,0.06440576015735135
binary,SW,0.6875,0.8392129549581986,0.83924032616605,0.8392629028833078,0.06440486740952836,0.06440546937192423,0.06440576224094154
binary,SW,0.69,0.8392131706506859,0.8392404815374112,0.8392630190999274,0.06440487127385104,0.06440547189144626,0.06440576432292529
binary,SW,0.6925,0.8392133856206411,0.8392406365705375,0.8392631352265706,0.06440487512522806,0.06440547440697106,0.0644057664032967
binary,SW,0.695,0.83921359987401,0.8392407912675772,0.8392632512628894,0.06440487896376537,0.06440547691851405,0.06440576848204933
binary,SW,0.6975,0.8392138134166877,0.8392409456306643,0.8392633672085998,0.06440488278956875,0.06440547942609028,0.0644057705591792
binary,SW,0.7,0.8392140262544746,0.8392410996619138,0.8392634830634097,0.06440488660274338,0.0644054819297147,0.06440577263467973
binary,SW,0.7025,0.8392142383931139,0.8392412533634206,0.8392635988270473,0.06440489040339023,0.06440548442940267,0.0644057747085462
binary,SW,0.705,0.8392144498382773,0.8392414067372646,0.8392637144992494,0.06440489419161217,0.064405486925169,0.0644057767807751
binary,SW,0.7075,0.8392146605955776,0.8392415597854991,0.8392638300797544,0.06440489796750878,0.06440548941702888,0.06440577885136065
binary,SW,0.71,0.8392148706705397,0.8392417125101584,0.8392639455683005,0.06440490173118031,0.06440549190499678,0.0644057809202981
binary,SW,0.7125,0.8392150800686692,0.8392418649132675,0.8392640609646861,0.06440490548272368,0.06440549438908788,0.06440578298758488
binary,SW,0.715,0.8392152887953551,0.8392420169968271,0.8392641762686539,0.06440490922223846,0.06440549686931694,0.06440578505321556
binary,SW,0.7175,0.8392154968559652,0.8392421687628194,0.8392642914800255,0.0644049129498164,0.0644054993456986,0.06440578711718688
binary,SW,0.72,0.8392157042557827,0.8392423202132073,0.8392644065985689,0.0644049166655568,0.0644055018182476,0.06440578917949423
binary,SW,0.7225,0.8392159110000416,0.8392424713499431,0.8392645216241071,0.0644049203695497,0.06440550428697835,0.06440579124013608
binary,SW,0.725,0.8392161170938991,0.8392426221749577,0.8392646365564391,0.06440492406189043,0.0644055067519058,0.06440579329910753
binary,SW,0.7275,0.8392163225425062,0.8392427726901593,0.8392647513954175,0.06440492774266851,0.06440550921304415,0.06440579535640563
binary,SW,0.73,0.8392165273509039,0.8392429228974496,0.8392648661408347,0.06440493141197698,0.0644055116704079,0.0644057974120285
binary,SW,0.7325,0.8392167315240797,0.8392430727987041,0.8392649807925633,0.06440493506990377,0.06440551412401152,0.06440579946597182
binary,SW,0.735,0.839216935066998,0.8392432223957845,0.8392650953504391,0.06440493871653682,0.06440551657386952,0.06440580151823459
binary,SW,0.7375,0.8392171379845422,0.8392433716905382,0.8392652098143399,0.0644049423519663,0.06440551901999579,0.06440580356881208
binary,SW,0.74,0.8392173402815608,0.8392435206847914,0.8392653241841075,0.06440494597627697,0.06440552146240497,0.06440580561770426
binary,SW,0.7425,0.8392175419628594,0.8392436693803619,0.8392654384596451,0.06440494958955505,0.0644055239011111,0.06440580766490693
binary,SW,0.745,0.839217743033139,0.8392438177790409,0.8392655526408068,0.06440495319188504,0.06440552633612821,0.06440580971041845
binary,SW,0.7475,0.8392179434970863,0.839243965882613,0.8392656667274891,0.06440495678335262,0.06440552876747038,0.06440581175423772
binary,SW,0.75,0.8392181433593663,0.8392441136928426,0.8392657807196046,0.06440496036403884,0.06440553119515179,0.06440581379636282
binary,SW,0.7525,0.839218342624535,0.8392442612114751,0.8392658946170334,0.06440496393402642,0.0644055336191863,0.06440581583679063
binary,SW,0.755,0.8392185412971422,0.8392444084402488,0.8392660084197137,0.06440496749339748,0.06440553603958786,0.06440581787552109
binary,SW,0.7575,0.8392187393816714,0.8392445553808798,0.8392661221275498,0.0644049710422316,0.06440553845637026,0.06440581991255198
binary,SW,0.76,0.8392189368825679,0.8392447020350714,0.8392662357404477,0.06440497458060733,0.06440554086954747,0.06440582194788232
binary,SW,0.7625,0.8392191338041946,0.839244848404512,0.8392663492583754,0.06440497810860504,0.06440554327913299,0.0644058239815099
binary,SW,0.765,0.8392193301509202,0.8392449944908733,0.8392664626812582,0.06440498162630272,0.06440554568514052,0.06440582601343471
binary,SW,0.7675,0.839219525927058,0.839245140295816,0.8392665760090195,0.06440498513377611,0.06440554808758372,0.0644058280436564
binary,SW,0.77,0.8392197211368275,0.8392452858209795,0.8392666892416232,0.06440498863110117,0.06440555048647653,0.06440583007217174
binary,SW,0.7725,0.8392199157844569,0.8392454310679969,0.8392668023790504,0.06440499211835497,0.06440555288183208,0.06440583209898232
binary,SW,0.775,0.8392201098741046,0.8392455760384803,0.8392669154212236,0.06440499559561155,0.064405555273664,0.0644058341240862
binary,SW,0.7775,0.83922030340989,0.8392457207340318,0.8392670283681103,0.06440499906294331,0.06440555766198579,0.06440583614748228
binary,SW,0.78,0.8392204963959128,0.8392458651562376,0.8392671412197187,0.06440500252042487,0.06440556004681053,0.06440583816917143
binary,SW,0.7825,0.839220688836169,0.839246009306668,0.8392672539760009,0.06440500596812891,0.06440556242815187,0.06440584018915246
binary,SW,0.785,0.8392208807346765,0.8392461531868847,0.8392673666369315,0.0644050094061254,0.06440556480602296,0.06440584220742569
binary,SW,0.7875,0.8392210720953712,0.8392462967984277,0.8392674792025282,0.06440501283448573,0.06440556718043705,0.06440584422399036
binary,SW,0.79,0.8392212629221887,0.8392464401428352,0.8392675916727538,0.06440501625328045,0.06440556955140712,0.06440584623884552
binary,SW,0.7925,0.8392214532189612,0.8392465832216204,0.8392677040476277,0.06440501966257864,0.06440557191894641,0.0644058482519928
binary,SW,0.795,0.8392216429895523,0.8392467260362899,0.839267816327141,0.06440502306244769,0.06440557428306824,0.06440585026343118
binary,SW,0.7975,0.839221832237722,0.8392468685883356,0.8392679285113143,0.06440502645295723,0.06440557664378505,0.06440585227316178
binary,SW,0.8,0.8392220209672329,0.8392470108792361,0.8392680406001436,0.06440502983417395,0.06440557900111005,0.06440585428118398
binary,SW,0.8025,0.8392222091818027,0.8392471529104581,0.8392681525936504,0.06440503320616378,0.06440558135505643,0.06440585628749752
binary,SW,0.805,0.8392223968850957,0.8392472946834538,0.8392682644918615,0.0644050365689935,0.06440558370563643,0.0644058582921036
binary,SW,0.8075,0.8392225840807449,0.8392474361996645,0.8392683762947852,0.06440503992272766,0.0644055860528635,0.06440586029500293
binary,SW,0.81,0.839222770772357,0.8392475774605137,0.8392684880024763,0.06440504326743013,0.06440558839674963,0.06440586229619559
binary,SW,0.8125,0.8392229569634793,0.8392477184674244,0.839268599614943,0.06440504660316587,0.06440559073730848,0.06440586429568268
binary,SW,0.815,0.839223142657642,0.8392478592217939,0.8392687111322371,0.0644050499299968,0.0644055930745519,0.06440586629346323
binary,SW,0.8175,0.8392233278583574,0.8392479997250176,0.8392688225543834,0.06440505324798661,0.06440559540849286,0.06440586828954051
binary,SW,0.82,0.8392235125690306,0.8392481399784748,0.839268933881455,0.06440505655719687,0.06440559773914327,0.06440587028391315
binary,SW,0.8225,0.8392236967931246,0.8392482799835329,0.8392690451134739,0.06440505985768767,0.06440560006651637,0.06440587227658306
binary,SW,0.825,0.8392238805339906,0.8392484197415437,0.8392691562504826,0.06440506314952163,0.06440560239062425,0.06440587426755016
binary,SW,0.8275,0.8392240637949928,0.8392485592538592,0.839269267292578,0.06440506643275627,0.0644056047114794,0.0644058762568171
binary,SW,0.83,0.839224246579429,0.839248698521807,0.8392693782397769,0.06440506970745354,0.06440560702909359,0.0644058782443832
binary,SW,0.8325,0.8392244288906199,0.8392488375467099,0.8392694890921394,0.06440507297367071,0.06440560934348027,0.06440588023025055
binary,SW,0.835,0.8392246107317698,0.8392489763298807,0.8392695998497662,0.06440507623146678,0.0644056116546503,0.06440588221442035
binary,SW,0.8375,0.839224792106114,0.8392491148726168,0.8392697105126897,0.06440507948089741,0.06440561396261685,0.0644058841968936
binary,SW,0.84,0.8392249730168433,0.8392492531762078,0.8392698210809972,0.06440508272202256,0.06440561626739127,0.06440588617767065
binary,SW,0.8425,0.8392251534670995,0.8392493912419278,0.8392699315547568,0.06440508595489679,0.06440561856898627,0.06440588815675521
binary,SW,0.845,0.8392253334599894,0.8392495290710488,0.8392700419340502,0.06440508917957691,0.06440562086741324,0.06440589013414595
binary,SW,0.8475,0.8392255129986328,0.8392496666648246,0.8392701522189582,0.06440509239611693,0.06440562316268462,0.0644058921098456
binary,SW,0.85,0.8392256920860599,0.839249804024498,0.8392702624095549,0.06440509560457405,0.06440562545481206,0.0644058940838555
binary,SW,0.8525,0.8392258707253185,0.8392499411513086,0.8392703725059133,0.0644050988049998,0.06440562774380751,0.06440589605617679
binary,SW,0.855,0.8392260489193888,0.8392500780464798,0.8392704825081533,0.06440510199744927,0.06440563002968268,0.06440589802681222
binary,SW,0.8575,0.8392262266712508,0.8392502147112273,0.8392705924163332,0.06440510518197592,0.06440563231244929,0.06440589999576171
binary,SW,0.86,0.8392264039838362,0.8392503511467538,0.8392707022305582,0.0644051083586313,0.06440563459211915,0.0644059019630282
binary,SW,0.8625,0.8392265808600571,0.8392504873542532,0.8392708119509225,0.0644051115274687,0.06440563686870367,0.06440590392861248
binary,SW,0.865,0.8392267573028079,0.8392506233349147,0.839270921577512,0.06440511468853964,0.06440563914221471,0.06440590589251659
binary,SW,0.8675,0.8392269333149198,0.839250759089908,0.8392710311104388,0.06440511784189452,0.06440564141266389,0.06440590785474311
binary,SW,0.87,0.8392271088992437,0.8392508946204056,0.8392711405498063,0.06440512098758398,0.06440564368006213,0.06440590981529253
binary,SW,0.8725,0.839227284058538,0.8392510299275608,0.8392712498957077,0.06440512412565878,0.06440564594442129,0.06440591177416774
binary,SW,0.875,0.8392274587956233,0.8392511650125143,0.8392713591482486,0.06440512725616908,0.06440564820575272,0.06440591373136997
binary,SW,0.8775,0.8392276331132074,0.839251299876409,0.8392714683075481,0.0644051303791617,0.06440565046406763,0.06440591568690185
binary,SW,0.88,0.8392278070140132,0.8392514345203731,0.8392715773737025,0.06440513349468789,0.0644056527193774,0.06440591764076387
binary,SW,0.8825,0.8392279805007477,0.8392515689455224,0.8392716863468246,0.06440513660279489,0.06440565497169337,0.06440591959295931
binary,SW,0.885,0.8392281535760531,0.8392517031529675,0.8392717952270384,0.06440513970353007,0.06440565722102609,0.0644059215434912
binary,SW,0.8875,0.83922832624259,0.8392518371438118,0.8392719040144476,0.06440514279694096,0.06440565946738724,0.0644059234923594
binary,SW,0.89,0.8392284985029482,0.8392519709191435,0.8392720127091647,0.06440514588307422,0.06440566171078803,0.0644059254395664
binary,SW,0.8925,0.8392286703597426,0.8392521044800454,0.8392721213113219,0.06440514896197733,0.06440566395123892,0.06440592738511546
binary,SW,0.895,0.8392288418155248,0.8392522378275938,0.8392722298210274,0.06440515203369504,0.06440566618875124,0.06440592932900759
binary,SW,0.8975,0.8392290128728214,0.8392523709628557,0.8392723382384176,0.0644051550982732,0.06440566842333552,0.06440593127124584
binary,SW,0.9,0.8392291835341761,0.839252503886891,0.8392724465636068,0.06440515815575673,0.06440567065500354,0.06440593321183231
binary,SW,0.9025,0.839229353802068,0.8392526366007397,0.839272554796713,0.06440516120618996,0.06440567288376521,0.06440593515076891
binary,SW,0.905,0.8392295236789505,0.8392527691054491,0.8392726629378858,0.06440516424961869,0.06440567510963155,0.0644059370880584
binary,SW,0.9075,0.8392296931672995,0.8392529014020517,0.839272770987228,0.06440516728608546,0.06440567733261324,0.06440593902370195
binary,SW,0.91,0.8392298622695133,0.8392530334915692,0.8392728789448777,0.06440517031563361,0.06440567955272115,0.06440594095770334
binary,SW,0.9125,0.8392300309880061,0.8392531653750198,0.8392729868109632,0.06440517333830592,0.06440568176996556,0.06440594289006389
binary,SW,0.915,0.8392301993251411,0.8392532970534075,0.8392730945856328,0.06440517635414589,0.06440568398435731,0.06440594482078643
binary,SW,0.9175,0.8392303672832804,0.8392534285277413,0.839273202268987,0.06440517936319545,0.06440568619590695,0.06440594674987234
binary,SW,0.92,0.8392305348647723,0.8392535597990052,0.8392733098611944,0.06440518236549636,0.06440568840462439,0.06440594867732571
binary,SW,0.9225,0.8392307020718983,0.8392536908681881,0.8392734173623728,0.06440518536108958,0.06440569061052077,0.06440595060314759
binary,SW,0.925,0.8392308689069705,0.8392538217362658,0.8392735247726667,0.06440518835001632,0.0644056928136061,0.06440595252734117
binary,SW,0.9275,0.8392310353722588,0.8392539524042092,0.8392736320922041,0.06440519133231826,0.06440569501389082,0.06440595444990885
binary,SW,0.93,0.839231201469995,0.8392540828729775,0.8392737393211401,0.06440519430803439,0.06440569721138481,0.06440595637085302
binary,SW,0.9325,0.8392313672024297,0.8392542131435287,0.8392738464595975,0.0644051972772049,0.06440569940609867,0.06440595829017669
binary,SW,0.935,0.8392315325717438,0.8392543432168124,0.8392739535077368,0.06440520023987,0.06440570159804258,0.06440596020788115
binary,SW,0.9375,0.8392316975801432,0.8392544730937623,0.8392740604656893,0.06440520319606745,0.0644057037872264,0.0644059621239696
binary,SW,0.94,0.8392318622297863,0.8392546027753147,0.8392741673335904,0.06440520614583778,0.06440570597366042,0.06440596403844513
binary,SW,0.9425,0.8392320265228217,0.8392547322623964,0.8392742741116036,0.06440520908921832,0.0644057081573545,0.0644059659513098
binary,SW,0.945,0.8392321904613758,0.8392548615559252,0.8392743807998538,0.06440521202624833,0.06440571033831904,0.06440596786256689
binary,SW,0.9475,0.8392323540475766,0.8392549906568132,0.839274487398498,0.06440521495696412,0.06440571251656313,0.0644059697722171
binary,SW,0.95,0.8392325172834886,0.8392551195659645,0.8392745939076921,0.06440521788140419,0.0644057146920974,0.06440597168026599
binary,SW,0.9525,0.8392326801711772,0.8392552482842814,0.8392747003275663,0.06440522079960456,0.06440571686493116,0.0644059735867142
binary,SW,0.955,0.8392328427127342,0.839255376812648,0.8392748066582916,0.06440522371160368,0.06440571903507479,0.0644059754915644
binary,SW,0.9575,0.839233004910154,0.8392555051519556,0.8392749129000026,0.06440522661743678,0.06440572120253724,0.06440597739482007
binary,SW,0.96,0.8392331667654614,0.8392556333030746,0.8392750190528346,0.06440522951713964,0.06440572336732892,0.064405979296483
binary,SW,0.9625,0.8392333282806727,0.8392557612668855,0.8392751251169683,0.06440523241074982,0.06440572552945903,0.06440598119655716
binary,SW,0.965,0.8392334894577501,0.839255889044249,0.8392752310925476,0.06440523529830088,0.06440572768893751,0.0644059830950442
binary,SW,0.9675,0.8392336502986599,0.8392560166360257,0.8392753369796959,0.06440523817982895,0.06440572984577349,0.06440598499194711
binary,SW,0.97,0.839233810805348,0.8392561440430679,0.8392754427786081,0.06440524105536895,0.06440573199997675,0.06440598688726921
binary,SW,0.9725,0.8392339709797427,0.8392562712662206,0.8392755484894342,0.06440524392495493,0.06440573415155663,0.06440598878101268
binary,SW,0.975,0.8392341308237636,0.8392563983063206,0.8392756541122963,0.0644052467886214,0.06440573630052258,0.06440599067317987
binary,SW,0.9775,0.8392342903393057,0.8392565251642056,0.8392757596473716,0.06440524964640258,0.06440573844688376,0.064405992563774
binary,SW,0.98,0.8392344495282362,0.8392566518407029,0.8392758650948207,0.06440525249833176,0.0644057405906498,0.06440599445279914
binary,SW,0.9825,0.8392346083924072,0.8392567783366329,0.8392759704547811,0.06440525534444162,0.06440574273183007,0.06440599634025611
binary,SW,0.985,0.8392347669336889,0.8392569046528118,0.8392760757274247,0.06440525818476649,0.06440574487043349,0.0644059982261488
binary,SW,0.9875,0.8392349251539141,0.8392570307900464,0.8392761809129071,0.06440526101933897,0.0644057470064691,0.06440600011047866
binary,SW,0.99,0.8392350830548678,0.839257156749146,0.8392762860113616,0.06440526384819178,0.06440574913994616,0.06440600199325106
binary,SW,0.9925,0.8392352406383657,0.8392572825309036,0.8392763910230016,0.06440526667135502,0.06440575127087443,0.06440600387446606
binary,SW,0.995,0.8392353979061797,0.8392574081361152,0.8392764959479309,0.0644052694888643,0.06440575339926184,0.06440600575412846
binary,SW,0.9975,0.8392355548600979,0.8392575335655649,0.8392766007863295,0.06440527230074766,0.06440575552511808,0.0644060076322405
binary,SW,1.0,0.8392357115018594,0.8392576588200356,0.839276705538363,0.06440527510703871,0.06440575764845206,0.0644060095088052
binary,CPA,0.0,3.563168103726604,3.563168103726503,3.563168103726604,0.09359800846899222,0.093598008468993,0.09359800846899222
binary,CPA,0.0025,3.562571243205258,3.5631714833816197,3.563741693380638,0.09358150508797378,0.09359852387289223,0.09361386192806809
binary,CPA,0.005,3.562575526949833,3.56317490455113,3.563731979774411,0.09358162355953008,0.09359900089134496,0.09361359350656902
binary,CPA,0.0075,3.562580654867387,3.5631783803959687,3.5637253131723488,0.09358176537712438,0.09359944558810693,0.09361340928358201
binary,CPA,0.01,3.5625858772023298,3.563181900795792,3.563720143491642,0.0935819098054035,0.09359986198532722,0.09361326642550025
binary,CPA,0.0125,3.562591191728113,3.563185464104724,3.563715783020812,0.09358205678275586,0.09360025278150129,0.09361314592858884
binary,CPA,0.015,3.562596596621479,3.563189068668861,3.56371194261457,0.09358220625873387,0.09360062020052688,0.09361303980279465
binary,CPA,0.0175,3.562602089951783,3.563192712804014,3.5637084748158308,0.09358235817991495,0.09360096615613676,0.09361294397339612
binary,CPA,0.02,3.562607669724689,3.563196394777817,3.563705295615089,0.09358251249111456,0.09360129233297605,0.09361285611892729
binary,CPA,0.0225,3.562613334046669,3.5632001128847737,3.563702351908643,0.09358266913994212,0.09360160023142874,0.09361277477196975
binary,CPA,0.025,3.562619081113183,3.563203865450176,3.5636996080233003,0.09358282807646406,0.0936018911992716,0.09361269894675407
binary,CPA,0.0275,3.562624909209743,3.5632076508368327,3.563697038700778,0.09358298925323694,0.09360216645439291,0.09361262794531953
binary,CPA,0.03,3.56263081670662,3.56321146744706,3.563694625286632,0.09358315262516313,0.09360242710231484,0.09361256125218688
binary,CPA,0.0325,3.562636802052427,3.563215313722502,3.563692353518206,0.09358331814931434,0.09360267415023885,0.0936124984732428
binary,CPA,0.035,3.562642863767109,3.5632191881427553,3.563690212170934,0.0935834857847296,0.09360290851860338,0.09361243929831528
binary,CPA,0.0375,3.562649000435378,3.563223089223538,3.563688192192075,0.09358365549224584,0.09360313105077868,0.09361238347725184
binary,CPA,0.04,3.562655210701331,3.563227015514727,3.563686286125596,0.09358382723433958,0.09360334252132231,0.09361233080402871
binary,CPA,0.0425,3.562661493263045,3.5632309655983203,3.563684487718302,0.09358400097497668,0.09360354364307848,0.09361228110584977
binary,CPA,0.045,3.5626678468681363,3.56323493808658,3.563682791641838,0.09358417667949849,0.09360373507334255,0.09361223423547839
binary,CPA,0.0475,3.562674270310025,3.5632389316202193,3.563681193292807,0.09358435431451531,0.0936039174192497,0.09361219006571629
binary,CPA,0.05,3.562680762424334,3.563242944866753,3.563679688645053,0.09358453384779997,0.09360409124251041,0.09361214848530433
binary,CPA,0.0525,3.5626873220858872,3.563246976518885,3.563678274139022,0.09358471524820718,0.09360425706359526,0.09361210939589164
binary,CPA,0.055,3.562693948206046,3.563251025293195,3.56367694659732,0.09358489848561316,0.09360441536544696,0.09361207270967081
binary,CPA,0.0575,3.562700639730434,3.563255089928774,3.563675703159281,0.09358508353082716,0.09360456659678698,0.09361203834759946
binary,CPA,0.06,3.56270739563658,3.5632591691859723,3.563674541229609,0.09358527035555493,0.09360471117506826,0.09361200623796631
binary,CPA,0.0625,3.562714214932373,3.5632632618453313,3.563673458437578,0.09358545893233021,0.09360484948912151,0.09361197631525432
binary,CPA,0.065,3.562721096654013,3.563267366706508,3.563672452604138,0.09358564923448211,0.09360498190153502,0.09361194851925642
binary,CPA,0.0675,3.562728039864747,3.563271482587325,3.563671521715549,0.09358584123608213,0.09360510875079593,0.09361192279432529
binary,CPA,0.07,3.562735043653453,3.563275608322855,3.563670663901264,0.09358603491190182,0.09360523035322657,0.09361189908877629
binary,CPA,0.0725,3.562742107133355,3.563279742764497,3.563669877416015,0.09358623023740247,0.09360534700474014,0.09361187735437934
binary,CPA,0.075,3.562749229440965,3.5632838847792327,3.5636691606248103,0.09358642718867954,0.09360545898243046,0.09361185754595698
binary,CPA,0.0775,3.5627564097351434,3.563288033248781,3.5636685119902523,0.09358662574244733,0.09360556654602709,0.09361183962102433
binary,CPA,0.08,3.5627636471960322,3.563292187068794,3.56366793006183,0.0935868258760121,0.09360566993922537,0.09361182353949828
binary,CPA,0.0825,3.562770941024339,3.5632963451480792,3.563667413466761,0.09358702756724643,0.0936057693909078,0.09361180926344863
binary,CPA,0.085,3.5627782904402108,3.563300506407794,3.56366696090238,0.09358723079456581,0.09360586511627814,0.0936117967568782
binary,CPA,0.0875,3.562785694682403,3.563304669780562,3.563666571129151,0.09358743553689294,0.09360595731791697,0.09361178598552883
binary,CPA,0.09,3.562793153006912,3.563308834209459,3.563666242964916,0.09358764177362872,0.09360604618677543,0.09361177691673549
binary,CPA,0.0925,3.562800664685164,3.563312998646977,3.56366597527967,0.09358784948460838,0.09360613190312714,0.09361176951927624
binary,CPA,0.095,3.562808229001682,3.56331716205375,3.563665766991072,0.0935880586500247,0.09360621463748038,0.09361176376323456
binary,CPA,0.0975,3.562815845250719,3.563321323397084,3.563665617060348,0.09358826925033853,0.09360629455147969,0.09361175961990904
binary,CPA,0.1,3.562823512731338,3.563325481649204,3.563665524488525,0.09358848126613928,0.0936063717987954,0.0936117570616918
binary,CPA,0.1025,3.562831230740354,3.5633296357851467,3.563665488313034,0.09358869467797275,0.09360644652602883,0.09361175606198566
binary,CPA,0.105,3.562838998562975,3.563333784780363,3.563665507604551,0.0935889094660392,0.0936065188736318,0.0936117565951033
binary,CPA,0.1075,3.562846815459538,3.563337927607763,3.5636655814638414,0.09358912560987188,0.09360658897685918,0.09361175863620119
binary,CPA,0.11,3.562854680647879,3.563342063234355,3.563665709018826,0.09358934308781854,0.09360665696675496,0.09361176216117528
binary,CPA,0.1125,3.562862593280014,3.563346190617436,3.563665889421346,0.09358956187640823,0.09360672297117488,0.09361176714658645
binary,CPA,0.115,3.562870552411757,3.563350308700159,3.563666121844075,0.09358978194951567,0.09360678711584011,0.0936117735695707
binary,CPA,0.1175,3.56287855696397,3.5633544164069333,3.563666405477023,0.09359000327727965,0.09360684952540395,0.09361178140774465
binary,CPA,0.12,3.562886605673682,3.5633585126382727,3.563666739523816,0.09359022582475425,0.09360691032451354,0.09361179063910129
binary,CPA,0.1225,3.562894697033502,3.563362596265844,3.563667123197607,0.09359044955024666,0.09360696963881433,0.09361180124188906
binary,CPA,0.125,3.562902829217991,3.56336666612766,3.563667555716292,0.0935906744032582,0.09360702759585773,0.09361181319449893
binary,CPA,0.1275,3.562910999996627,3.563370721024004,3.563668036297383,0.09359090032210107,0.09360708432582664,0.09361182647530658
binary,CPA,0.13,3.562919206633509,3.563374759714689,3.5636685641519468,0.09359112723110674,0.09360713996200284,0.09361184106250639
binary,CPA,0.1325,3.562927445776317,3.563378780918338,3.563669138478099,0.09359135503757043,0.09360719464088656,0.09361185693393563
binary,CPA,0.135,3.562935713340102,3.563382783314344,3.5636697584533183,0.09359158362853608,0.09360724850186948,0.09361187406686376
binary,CPA,0.1375,3.5629440043948026,3.563386765548291,3.563670423226901,0.093591812867676,0.09360730168640481,0.0936118924377796
binary,CPA,0.14,3.56295231306845,3.563390726241448,3.5636711319112617,0.09359204259262359,0.0936073543366343,0.0936119120221526
binary,CPA,0.1425,3.562960632485648,3.563394664004522,3.563671883573805,0.09359227261327789,0.09360740659350678,0.09361193279421101
binary,CPA,0.145,3.562968954755281,3.563398577455427,3.563672677229015,0.09359250271145719,0.09360745859447646,0.09361195472672063
binary,CPA,0.1475,3.562977271023948,3.563402465240555,3.563673511831929,0.09359273264238062,0.09360751047094462,0.09361197779079451
binary,CPA,0.15,3.562985571604587,3.563406326058023,3.563674386273089,0.0935929621382203,0.09360756234565974,0.0936120019557766
binary,CPA,0.1525,3.562993846177267,3.563410158681498,3.563675299376235,0.09359319091365996,0.09360761433030641,0.09361202718916013
binary,CPA,0.155,3.563002084050479,3.563413961982528,3.5636762498987933,0.09359341867311502,0.09360766652350457,0.09361205345660197
binary,CPA,0.1575,3.563010274460344,3.563417734949875,3.563677236535289,0.09359364511900971,0.09360771900938664,0.09361208072202483
binary,CPA,0.16,3.563018406880225,3.563421476704434,3.563678257923834,0.0935938699603273,0.09360777185683532,0.09361210894779054
binary,CPA,0.1625,3.563026471310824,3.563425186508875,3.563679312655237,0.09359409292064723,0.09360782511939614,0.09361213809495365
binary,CPA,0.165,3.563034458527936,3.563428863771869,3.563680399283654,0.09359431374497504,0.09360787883580192,0.09361216812355783
binary,CPA,0.1675,3.563042360272177,3.563432508047222,3.563681516339101,0.09359453220499983,0.09360793303099504,0.09361219899297915
binary,CPA,0.17,3.56305016937261,3.5634361190286077,3.5636826623396898,0.09359474810251016,0.09360798771750811,0.09361223066226416
binary,CPA,0.1725,3.563057879805842,3.563439696540765,3.563683835804322,0.0935949612710167,0.09360804289705801,0.09361226309048373
binary,CPA,0.175,3.5630654867010714,3.563443240528374,3.563685035263883,0.09359517157590584,0.09360809856223026,0.0936122962370333
binary,CPA,0.1775,3.563072986298356,3.563446751043484,3.563686259271683,0.09359537891327434,0.09360815469813819,0.09361233006193141
binary,CPA,0.18,3.56308037587334,3.563450228232235,3.563687506412401,0.09359558320784904,0.09360821128399753,0.09361236452607055
binary,CPA,0.1825,3.5630876536408387,3.563453672321761,3.563688775309234,0.09359578441032441,0.09360826829454812,0.09361239959139919
binary,CPA,0.185,3.5630948186457796,3.563457083607508,3.563690064629755,0.09359598249434561,0.09360832570130903,0.09361243522109225
binary,CPA,0.1875,3.563101870656078,3.563460462441662,3.563691373090153,0.0935961774535425,0.09360838347365116,0.09361247137967449
binary,CPA,0.19,3.563108810051455,3.5634638092224478,3.563692699458183,0.09359636929845577,0.09360844157969277,0.09361250803309053
binary,CPA,0.1925,3.56311566131614,3.563467139153077,3.563694048672766,0.09359655870594273,0.09360850030975461,0.09361254531781996
binary,CPA,0.195,3.563122390900781,3.563470435485808,3.563695420131434,0.09359674474869824,0.09360855933003864,0.0936125832172176
binary,CPA,0.1975,3.563129011357614,3.563473700819239,3.5636968057193923,0.09359692777370572,0.09360861857800658,0.09361262150703391
binary,CPA,0.2,3.5631355245246312,3.563476935648998,3.563698204484601,0.09359710783181616,0.09360867802315752,0.09361266016095268
binary,CPA,0.2025,3.563141932529227,3.56348014049712,3.563699615474117,0.09359728498188508,0.0936087376358648,0.09361269915264848
binary,CPA,0.205,3.563148237640191,3.563483315891035,3.563701037786676,0.0935974592866723,0.09360879738778806,0.09361273845720693
binary,CPA,0.2075,3.5631544422255192,3.56348646235999,3.5637024705704063,0.09359763081167884,0.09360885725198173,0.09361277805109089
binary,CPA,0.21,3.563160527528714,3.563489568289876,3.563703907931281,0.09359779903847691,0.09360891693472013,0.09361281777142465
binary,CPA,0.2125,3.563166528427368,3.563492648309451,3.563705348812975,0.09359796493117196,0.09360897666414388,0.09361285758900752
binary,CPA,0.215,3.563172436456805,3.5634957012408868,3.563706798153648,0.09359812825584633,0.09360903644106348,0.0936128976403075
binary,CPA,0.2175,3.5631782540492547,3.563498727584305,3.563708255273763,0.09359828907977759,0.09360909624416713,0.09361293790654673
binary,CPA,0.22,3.5631839836259567,3.563501727834145,3.5637097195265857,0.09359844746992363,0.09360915605353526,0.09361297836984757
binary,CPA,0.2225,3.563189627571862,3.563504702476304,3.563711190302427,0.09359860349224534,0.09360921585061735,0.09361301901336797
binary,CPA,0.225,3.5631951882259383,3.563507651987409,3.563712667026503,0.09359875721142852,0.09360927561817486,0.09361305982121733
binary,CPA,0.2275,3.563200667872982,3.563510576834364,3.5637141491571462,0.0935989086906618,0.09360933534021855,0.09361310077843218
binary,CPA,0.23,3.5632060687413047,3.563513477474104,3.563715636183717,0.09359905799156785,0.09360939500194142,0.09361314187089896
binary,CPA,0.2325,3.563211392997793,3.5635163543533213,3.563717127624944,0.09359920517407216,0.09360945458965259,0.09361318308531298
binary,CPA,0.235,3.5632166427459353,3.5635192079083278,3.563718623027182,0.09359935029635112,0.09360951409070963,0.09361322440914474
binary,CPA,0.2375,3.563221820024754,3.563522038565154,3.563720121962906,0.09359949341479162,0.09360957349345576,0.09361326583057805
binary,CPA,0.24,3.563226926808493,3.563524846739444,3.563721624028955,0.09359963458398628,0.09360963278715626,0.09361330733847098
binary,CPA,0.2425,3.563231965006612,3.563527632836651,3.563723128845412,0.0935997738567405,0.0936096919619401,0.0936133489223227
binary,CPA,0.245,3.563236936464889,3.563530397252118,3.563724636054001,0.09359991128410403,0.09360975100874291,0.09361339057223508
binary,CPA,0.2475,3.563241842966358,3.563533140371286,3.563726145316822,0.09360004691537745,0.09360980991925046,0.093613432278871
binary,CPA,0.25,3.563246686231863,3.563535862569816,3.563727656315201,0.09360018079815076,0.09360986868585029,0.09361347403342453
binary,CPA,0.2525,3.5632514679217566,3.563538564213823,3.563729168748778,0.09360031297834025,0.0936099273015813,0.09361351582759042
binary,CPA,0.255,3.563256189639108,3.563541245660197,3.5637306823339507,0.09360044350027515,0.0936099857600879,0.09361355765353396
binary,CPA,0.2575,3.563260852929647,3.563543907256743,3.5637321968033433,0.09360057240670233,0.0936100440555774,0.09361359950387112
binary,CPA,0.26,3.563265459285142,3.563546549342415,3.563733711904643,0.09360069973887201,0.09361010218278104,0.09361364137162309
binary,CPA,0.2625,3.563270010145129,3.563549172247625,3.56373522739968,0.09360082553658897,0.09361016013691287,0.093613683250213
binary,CPA,0.265,3.563274506898225,3.563551776294418,3.563736743063805,0.0936009498382585,0.09361021791363976,0.09361372513343057
binary,CPA,0.2675,3.563278950883866,3.563554361796787,3.563738258684951,0.09360107268091795,0.09361027550904459,0.09361376701541592
binary,CPA,0.27,3.563283343394856,3.563556929060822,3.563739774063001,0.0936011941003125,0.09361033291959815,0.09361380889063742
binary,CPA,0.2725,3.563287685679128,3.563559478385,3.5637412890090756,0.09360131413095873,0.09361039014213013,0.09361385075387946
binary,CPA,0.275,3.56329197894135,3.563562010060415,3.563742803344962,0.09360143280616441,0.09361044717380511,0.09361389260021653
binary,CPA,0.2775,3.563296224344882,3.5635645243709813,3.563744316902308,0.09360155015809828,0.09361050401209632,0.0936139344249932
binary,CPA,0.28,3.563300423013372,3.563567021593632,3.563745829522349,0.09360166621783807,0.09361056065476522,0.09361397622382699
binary,CPA,0.2825,3.563304576032454,3.5635695019985683,3.563747341055325,0.09360178101539457,0.0936106170998402,0.09361401799257432
binary,CPA,0.285,3.5633086844511173,3.563571965849426,3.56374885135966,0.09360189457978262,0.09361067334559779,0.0936140597273294
binary,CPA,0.2875,3.563312749283364,3.563574413403543,3.5637503603019383,0.09360200693904125,0.09361072939054471,0.0936141014244017
binary,CPA,0.29,3.563316771509552,3.563576844912025,3.563751867756228,0.09360211812027312,0.09361078523340156,0.09361414308031153
binary,CPA,0.2925,3.563320752077602,3.563579260620078,3.563753373603706,0.09360222814969639,0.09361084087308646,0.09361418469177533
binary,CPA,0.295,3.5633246919045214,3.563581660767126,3.563754877732327,0.09360233705266632,0.09361089630870242,0.09361422625570089
binary,CPA,0.2975,3.5633285918775113,3.5635840455869596,3.563756380036429,0.09360244485371484,0.09361095153952081,0.09361426776916162
binary,CPA,0.3,3.563332452854972,3.563586415307981,3.563757880416251,0.09360255157658331,0.09361100656497308,0.09361430922940428
binary,CPA,0.3025,3.5633362756679907,3.563588770153258,3.563759378777948,0.09360265724424459,0.09361106138463468,0.09361435063384002
binary,CPA,0.305,3.563340061121485,3.56359111034085,3.5637608750329273,0.09360276187896029,0.09361111599821752,0.09361439198001555
binary,CPA,0.3075,3.5633438099950943,3.563593436083856,3.563762369097789,0.09360286550229044,0.09361117040555816,0.09361443326562775
binary,CPA,0.31,3.563347523044346,3.5635957475905222,3.563763860893966,0.09360296813512385,0.09361122460660905,0.09361447448850764
binary,CPA,0.3125,3.563351201001353,3.563598045064511,3.5637653503475177,0.09360306979770426,0.09361127860142905,0.09361451564660911
binary,CPA,0.315,3.563354844576031,3.563600328704927,3.563766837388802,0.09360317050966445,0.09361133239017685,0.0936145567380105
binary,CPA,0.3175,3.563358454456795,3.563602598706558,3.563768321952399,0.09360327029003851,0.09361138597310226,0.09361459776090231
binary,CPA,0.32,3.5633620313114958,3.563604855259879,3.563769803976766,0.09360336915729686,0.0936114393505391,0.0936146387135853
binary,CPA,0.3225,3.5633655757882,3.563607098551295,3.563771283404064,0.09360346712935266,0.09361149252290002,0.09361467959446268
binary,CPA,0.325,3.5633690885160068,3.563609328763184,3.56377276018008,0.09360356422360315,0.09361154549066934,0.09361472040203388
binary,CPA,0.3275,3.563372570105678,3.563611546074047,3.563774234253827,0.09360366045694067,0.09361159825439748,0.09361476113489316
binary,CPA,0.33,3.563376021150521,3.563613750658604,3.5637757055776462,0.09360375584576865,0.09361165081469705,0.09361480179171966
binary,CPA,0.3325,3.563379442226778,3.563615942687927,3.563777174106756,0.09360385040602258,0.09361170317223584,0.09361484237128208
binary,CPA,0.335,3.563382833894606,3.563618122329486,3.563778639799294,0.09360394415318661,0.09361175532773448,0.09361488287241988
binary,CPA,0.3375,3.563386196698311,3.563620289747323,3.5637801026161817,0.0936040371023149,0.09361180728196128,0.09361492329405227
binary,CPA,0.34,3.563389531167152,3.563622445102108,3.563781562520918,0.09360412926804036,0.09361185903572879,0.09361496363517352
binary,CPA,0.3425,3.5633928378158988,3.5636245885512077,3.563783019479409,0.09360422066459981,0.0936119105898886,0.09361500389484204
binary,CPA,0.345,3.563396117145204,3.563626720248846,3.563784473459951,0.0936043113058345,0.0936119619453303,0.09361504407218023
binary,CPA,0.3475,3.563399369641953,3.5636288403461216,3.563785924433037,0.09360440120520583,0.0936120131029769,0.09361508416637189
binary,CPA,0.35,3.563402595780109,3.563630948991131,3.563787372371327,0.09360449037581817,0.09361206406378196,0.0936151241766656
binary,CPA,0.3525,3.563405796021264,3.563633046329037,3.563788817249447,0.09360457883044271,0.09361211482872647,0.09361516410235925
binary,CPA,0.355,3.5634089708148853,3.563635132502155,3.563790259043866,0.09360466658149813,0.09361216539881813,0.0936152039428029
binary,CPA,0.3575,3.563412120598588,3.563637207650027,3.5637916977329938,0.09360475364109165,0.09361221577508626,0.0936152436973976
binary,CPA,0.36,3.563415245798876,3.563639271909503,3.563793133296927,0.09360484002101098,0.09361226595858164,0.09361528336559413
binary,CPA,0.3625,3.5634183468310763,3.5636413254147508,3.563794565717377,0.09360492573274228,0.09361231595037295,0.09361532294689118
binary,CPA,0.365,3.563421424100125,3.563643368297494,3.563795994977634,0.09360501078748514,0.09361236575154588,0.09361536244082344
binary,CPA,0.3675,3.563424478000633,3.56364540068681,3.563797421062455,0.09360509519614593,0.09361241536320146,0.09361540184697167
binary,CPA,0.37,3.563427508917424,3.5636474227094492,3.5637988439581108,0.09360517896936499,0.09361246478645278,0.09361544116495524
binary,CPA,0.3725,3.563430517225791,3.563649434489741,3.5638002636520953,0.09360526211752634,0.0936125140224251,0.09361548039443254
binary,CPA,0.375,3.563433503291753,3.563651436149754,3.5638016801332517,0.09360534465074354,0.09361256307225412,0.09361551953509288
binary,CPA,0.3775,3.5634364674725263,3.563653427809267,3.563803093391663,0.0936054265788941,0.09361261193708326,0.0936155585866612
binary,CPA,0.38,3.563439410116584,3.563655409585838,3.563804503418535,0.09360550791161346,0.09361266061806353,0.09361559754889816
binary,CPA,0.3825,3.5634423315641772,3.563657381594958,3.563805910206189,0.09360558865831466,0.09361270911635239,0.09361563642158671
binary,CPA,0.385,3.563445232147387,3.563659343949996,3.563807313747999,0.09360566882817418,0.09361275743311373,0.09361567520454991
binary,CPA,0.3875,3.5634481121905868,3.563661296762236,3.5638087140383012,0.09360574843016371,0.09361280556951318,0.09361571389762953
binary,CPA,0.39,3.5634509720104868,3.563663240141058,3.5638101110725,0.09360582747304201,0.09361285352672084,0.09361575250069644
binary,CPA,0.3925,3.563453811916484,3.56366517419384,3.5638115048467722,0.09360590596535692,0.09361290130590917,0.09361579101364641
binary,CPA,0.395,3.563456632210944,3.563667099026102,3.563812895358219,0.09360598391547516,0.09361294890825199,0.09361582943640058
binary,CPA,0.3975,3.563459433189143,3.563669014741498,3.56381428260482,0.09360606133156057,0.09361299633492383,0.093615867768905
binary,CPA,0.4,3.563462215139914,3.563670921441879,3.5638156665851852,0.09360613822159314,0.0936130435870988,0.0936159060111156
binary,CPA,0.4025,3.563464978345355,3.5636728192273424,3.563817047298828,0.09360621459338392,0.09361309066595055,0.09361594416302527
binary,CPA,0.405,3.563467723081442,3.5636747081962508,3.563818424745846,0.09360629045455143,0.09361313757265172,0.09361598222463605
binary,CPA,0.4075,3.563470449617928,3.5636765884452983,3.563819798927098,0.09360636581256225,0.09361318430837214,0.09361602019596953
binary,CPA,0.41,3.5634731630437977,3.5636784629539227,3.563821171502041,0.09360644080805888,0.09361323094396042,0.09361605812288018
binary,CPA,0.4125,3.563475856488261,3.563680328622162,3.5638225417643774,0.09360651525116538,0.09361327741268408,0.09361609598585219
binary,CPA,0.415,3.563478532486671,3.563682185821885,3.563823908733773,0.09360658921194887,0.09361332371308151,0.0936161337578008
binary,CPA,0.4175,3.563481191278979,3.563684034643137,3.563825272416752,0.09360666269704165,0.09361336984633281,0.09361617143890198
binary,CPA,0.42,3.563483833107461,3.5636858751753357,3.5638266328175257,0.09360673571314457,0.09361341581360627,0.09361620902927233
binary,CPA,0.4225,3.563486458209312,3.563687707506378,3.563827989940914,0.09360680826681636,0.0936134616160656,0.093616246529049
binary,CPA,0.425,3.5634890668166497,3.563689531722715,3.563829343792064,0.09360688036447304,0.09361350725486851,0.09361628393837487
binary,CPA,0.4275,3.563491659156771,3.563691347909401,3.5638306943766898,0.09360695201240021,0.09361355273116709,0.09361632125740123
binary,CPA,0.43,3.5634942354522923,3.563693156150102,3.563832041700775,0.09360702321675239,0.09361359804610772,0.0936163584863016
binary,CPA,0.4325,3.563496795921202,3.56369495652717,3.563833385770811,0.09360709398356011,0.09361364320083096,0.09361639562524747
binary,CPA,0.435,3.56349934077706,3.5636967491215628,3.563834726593594,0.09360716431872225,0.09361368819646992,0.09361643267443473
binary,CPA,0.4375,3.563501870229053,3.563698534013034,3.5638360641763307,0.09360723422802754,0.09361373303415191,0.09361646963405838
binary,CPA,0.44,3.563504384482232,3.563700311279996,3.563837398526481,0.09360730371714192,0.09361377771499739,0.09361650650432589
binary,CPA,0.4425,3.563506883737418,3.563702080999699,3.563838729651921,0.09360737279161871,0.09361382224011836,0.09361654328545653
binary,CPA,0.445,3.563509368191566,3.563703843248141,3.5638400575606903,0.09360744145690524,0.09361386661062203,0.09361657997766937
binary,CPA,0.4475,3.5635118380375936,3.563705598100118,3.5638413822612582,0.09360750971833645,0.09361391082760671,0.09361661658120186
binary,CPA,0.45,3.5635142934647788,3.563707345629304,3.56384270376229,0.09360757758114027,0.09361395489216338,0.09361665309629134
binary,CPA,0.4525,3.563516734658676,3.563709085908246,3.56384402207269,0.0936076450504529,0.09361399880537562,0.09361668952318833
binary,CPA,0.455,3.563519161801228,3.5637108190083326,3.563845337201589,0.09360771213130417,0.0936140425683202,0.09361672586213801
binary,CPA,0.4575,3.563521575070889,3.563712544999899,3.5638466491584238,0.09360777882862475,0.09361408618206439,0.09361676211340755
binary,CPA,0.46,3.563523974642683,3.563714263952228,3.563847957952761,0.0936078451472525,0.09361412964766883,0.09361679827725947
binary,CPA,0.4625,3.5635263606883076,3.56371597593351,3.5638492635944257,0.09360791109194157,0.09361417296618633,0.09361683435396675
binary,CPA,0.465,3.563528733376274,3.563717681010968,3.563850566093345,0.09360797666734921,0.09361421613866092,0.093616870343804
binary,CPA,0.4675,3.563531092871953,3.56371937925077,3.563851865459754,0.09360804187804084,0.09361425916612898,0.09361690624704966
binary,CPA,0.47,3.563533439337501,3.56372107071814,3.5638531617039573,0.09360810672850943,0.09361430204961942,0.09361694206399124
binary,CPA,0.4725,3.563535772932223,3.5637227554773316,3.5638544548364113,0.09360817122315254,0.0936143447901522,0.09361697779492191
binary,CPA,0.475,3.563538093812428,3.563724433591666,3.563855744867778,0.09360823536629298,0.09361438738873938,0.09361701344013196
binary,CPA,0.4775,3.563540402131538,3.5637261051235067,3.563857031808788,0.09360829916217643,0.09361442984638542,0.09361704899991827
binary,CPA,0.48,3.563542698040253,3.563727770134347,3.563858315670388,0.09360836261496382,0.0936144721640856,0.09361708447458693
binary,CPA,0.4825,3.563544981686451,3.563729428684749,3.5638595964635607,0.09360842572875126,0.09361451434282804,0.09361711986443806
binary,CPA,0.485,3.5635472532154586,3.5637310808344758,3.563860874199487,0.09360848850754999,0.09361455638359183,0.09361715516978354
binary,CPA,0.4875,3.5635495127699803,3.563732726642359,3.563862148889299,0.0936085509553089,0.09361459828734908,0.09361719039092947
binary,CPA,0.49,3.563551760490241,3.563734366166429,3.563863420544437,0.09360861307590228,0.09361464005506213,0.09361722552819429
binary,CPA,0.4925,3.5635539965139347,3.563735999463916,3.563864689176211,0.09360867487313829,0.09361468168768647,0.0936172605818846
binary,CPA,0.495,3.5635562209763267,3.563737626591202,3.5638659547961797,0.09360873635076059,0.09361472318616898,0.09361729555232882
binary,CPA,0.4975,3.5635584340104103,3.5637392476038943,3.56386721741591,0.09360879751244083,0.09361476455144835,0.0936173304398418
binary,CPA,0.5,3.563560635746835,3.563740862556847,3.563868477047036,0.09360885836179476,0.09361480578445557,0.09361736524474336
binary,CPA,0.5025,3.5635628263139862,3.563742471504125,3.563869733701209,0.09360891890236846,0.09361484688611281,0.09361739996736065
binary,CPA,0.505,3.5635650058380492,3.563744074499057,3.5638709873902807,0.0936089791376549,0.09361488785733518,0.0936174346080162
binary,CPA,0.5075,3.563567174443154,3.563745671594227,3.563872238126002,0.09360903907108342,0.09361492869902971,0.09361746916703877
binary,CPA,0.51,3.563569332251158,3.563747262841521,3.563873485920233,0.09360909870602394,0.0936149694120939,0.0936175036447549
binary,CPA,0.5125,3.563571479382018,3.5637488482921063,3.563874730784892,0.09360915804579398,0.09361500999741973,0.0936175380414948
binary,CPA,0.515,3.5635736159536178,3.563750427996484,3.56387597273195,0.09360921709365151,0.09361505045588978,0.0936175723575894
binary,CPA,0.5175,3.5635757420818917,3.563752002004413,3.563877211773319,0.09360927585280175,0.09361509078837832,0.09361760659336685
binary,CPA,0.52,3.563577857880868,3.563753570365055,3.563878447920986,0.093609334326395,0.09361513099575401,0.09361764074915785
binary,CPA,0.5225,3.563579963462701,3.563755133126865,3.5638796811870472,0.09360939251753794,0.09361517107887603,0.0936176748253006
binary,CPA,0.525,3.563582058937675,3.563756690337682,3.5638809115834666,0.09360945042927671,0.0936152110385956,0.09361770882212428
binary,CPA,0.5275,3.5635841444143157,3.5637582420447047,3.5638821391223177,0.09360950806461042,0.0936152508757577,0.09361774273995906
binary,CPA,0.53,3.563586219999369,3.5637597882944987,3.56388336381573,0.09360956542649115,0.09361529059119832,0.09361777657914248
binary,CPA,0.5325,3.563588285797892,3.5637613291330488,3.5638845856757078,0.09360962251782513,0.09361533018574744,0.09361781034001011
binary,CPA,0.535,3.563590341913279,3.563762864605711,3.563885804714363,0.09360967934146687,0.09361536966022607,0.09361784402289437
binary,CPA,0.5375,3.5635923884471787,3.563764394757269,3.563887020943793,0.09360973590023194,0.09361540901544906,0.09361787762812644
binary,CPA,0.54,3.563594425499759,3.5637659196319147,3.563888234376041,0.0936097921968875,0.09361544825222277,0.09361791115604384
binary,CPA,0.5425,3.563596453169541,3.563767439273289,3.563889445023182,0.0936098482341574,0.09361548737134645,0.09361794460697989
binary,CPA,0.545,3.563598471553505,3.563768953724462,3.563890652897383,0.09360990401472241,0.09361552637361366,0.09361797798126617
binary,CPA,0.5475,3.5636004807471378,3.563770463027959,3.563891858010617,0.09360995954122181,0.0936155652598085,0.09361801127923873
binary,CPA,0.55,3.563602480844433,3.563771967225769,3.563893060374968,0.09361001481625536,0.09361560403070938,0.09361804450123007
binary,CPA,0.5525,3.563604471937909,3.563773466359344,3.563894260002483,0.09361006984238308,0.09361564268708714,0.09361807764757425
binary,CPA,0.555,3.563606454118769,3.563774960469611,3.563895456905164,0.09361012462212222,0.09361568122970569,0.09361811071860039
binary,CPA,0.5575,3.563608427476664,3.563776449597011,3.563896651095025,0.09361017915795582,0.09361571965932189,0.09361814371464543
binary,CPA,0.56,3.5636103921000477,3.5637779337814393,3.563897842584054,0.0936102334523283,0.0936157579766863,0.09361817663603611
binary,CPA,0.5625,3.56361234807594,3.563779413062333,3.563899031384217,0.09361028750764065,0.0936157961825422,0.09361820948310488
binary,CPA,0.565,3.56361429549007,3.563780887478636,3.563900217507454,0.09361034132626668,0.09361583427762571,0.0936182422561807
binary,CPA,0.5675,3.5636162344268443,3.563782357068779,3.563901400965669,0.09361039491054474,0.09361587226266702,0.09361827495559231
binary,CPA,0.57,3.563618164969513,3.563783821870781,3.56390258177071,0.09361044826276778,0.09361591013838887,0.09361830758167339
binary,CPA,0.5725,3.563620087200015,3.5637852819221347,3.563903759934491,0.09361050138520811,0.09361594790550805,0.09361834013474454
binary,CPA,0.575,3.563622001199078,3.563786737259927,3.563904935468829,0.09361055428009375,0.09361598556473467,0.09361837261513954
binary,CPA,0.5775,3.563623907046334,3.563788187920772,3.563906108385438,0.09361060694962556,0.09361602311677264,0.09361840502317782
binary,CPA,0.58,3.5636258048201257,3.563789633940845,3.563907278696174,0.09361065939597339,0.09361606056231868,0.09361843735918794
binary,CPA,0.5825,3.563627694597765,3.563791075355888,3.563908446412683,0.09361071162127435,0.09361609790206413,0.0936184696234936
binary,CPA,0.585,3.5636295764553862,3.563792512201237,3.563909611546711,0.09361076362762835,0.09361613513669316,0.09361850181642041
binary,CPA,0.5875,3.563631450468029,3.5637939445118,3.56391077410984,0.09361081541711486,0.09361617226688448,0.09361853393828452
binary,CPA,0.59,3.5636333167097303,3.5637953723220157,3.5639119341137473,0.0936108669917786,0.0936162092933105,0.09361856598941065
binary,CPA,0.5925,3.563635175253327,3.563796795666005,3.563913091569964,0.09361091835363276,0.093616246216637,0.09361859797011701
binary,CPA,0.595,3.56363702617078,3.563798214577446,3.563914246490015,0.0936109695046709,0.09361628303752421,0.09361862988072281
binary,CPA,0.5975,3.563638869532973,3.563799629089627,3.5639153988854297,0.0936110204468493,0.09361631975662642,0.09361866172154668
binary,CPA,0.6,3.563640705409789,3.563801039235428,3.563916548767602,0.09361107118209862,0.0936163563745917,0.09361869349290383
binary,CPA,0.6025,3.563642533870113,3.563802445047377,3.563917696147911,0.09361112171232483,0.09361639289206249,0.09361872519511344
binary,CPA,0.605,3.5636443549819017,3.563803846557626,3.56391884103778,0.09361117203941022,0.09361642930967554,0.09361875682848193
binary,CPA,0.6075,3.563646168812177,3.563805243797946,3.563919983448501,0.0936112221652032,0.09361646562806115,0.09361878839332537
binary,CPA,0.61,3.563647975427018,3.563806636799738,3.56392112339134,0.09361127209152974,0.09361650184784492,0.09361881988995925
binary,CPA,0.6125,3.563649774891603,3.563808025594055,3.563922260877473,0.09361132182019608,0.09361653796964649,0.09361885131868666
binary,CPA,0.615,3.563651567270255,3.563809410211614,3.56392339591812,0.0936113713529796,0.09361657399407984,0.09361888267982248
binary,CPA,0.6175,3.5636533526263148,3.5638107906827514,3.563924528524397,0.0936114206916311,0.0936166099217531,0.09361891397367088
binary,CPA,0.62,3.563655131022421,3.563812167037487,3.563925658707394,0.09361146983787905,0.09361664575326901,0.0936189452005397
binary,CPA,0.6225,3.56365690252029,3.5638135393054937,3.563926786478083,0.09361151879343231,0.09361668148922671,0.09361897636073183
binary,CPA,0.625,3.5636586671807158,3.5638149075161043,3.563927911847513,0.09361156755997395,0.09361671713021685,0.09361900745455541
binary,CPA,0.6275,3.5636604250638877,3.563816271698339,3.5639290348265447,0.09361161613916398,0.09361675267682687,0.09361903848230482
binary,CPA,0.63,3.563662176229024,3.563817631880913,3.563930155426122,0.093611664532645,0.09361678812963883,0.09361906944428777
binary,CPA,0.6325,3.5636639207346628,3.563818988092183,3.5639312736570408,0.09361171274202698,0.0936168234892293,0.0936191003408002
binary,CPA,0.635,3.563665658638446,3.56382034036021,3.563932389530091,0.0936117607689122,0.09361685875616994,0.09361913117214138
binary,CPA,0.6375,3.563667389997418,3.56382168871276,3.563933503055985,0.09361180861487245,0.09361689393102675,0.09361916193860573
binary,CPA,0.64,3.5636691148677624,3.563823033177298,3.563934614245395,0.0936118562814611,0.09361692901436114,0.09361919264049229
binary,CPA,0.6425,3.5636708333050087,3.563824373780959,3.563935723109009,0.09361190377021675,0.09361696400672988,0.09361922327809206
binary,CPA,0.645,3.563672545363879,3.563825710550624,3.563936829657337,0.09361195108264961,0.0936169989086844,0.09361925385169739
binary,CPA,0.6475,3.563674251098532,3.56382704351287,3.5639379339008967,0.09361199822025679,0.0936170337207712,0.09361928436160138
binary,CPA,0.65,3.563675950562257,3.563828372693955,3.5639390358501752,0.09361204518451194,0.09361706844353195,0.09361931480809091
binary,CPA,0.6525,3.563677643807783,3.563829698119922,3.563940135515572,0.0936120919768739,0.09361710307750457,0.09361934519145317
binary,CPA,0.655,3.563679330887153,3.5638310198164778,3.563941232907532,0.09361213859878112,0.09361713762322096,0.09361937551197622
binary,CPA,0.6575,3.563681011851691,3.563832337809068,3.563942328036254,0.09361218505165333,0.093617172081209,0.09361940576994664
binary,CPA,0.66,3.5636826867521543,3.5638336521229173,3.563943420912083,0.09361223133688953,0.09361720645199162,0.09361943596564526
binary,CPA,0.6625,3.563684355638567,3.563834962782897,3.563944511545174,0.09361227745587684,0.09361724073608749,0.09361946609935753
binary,CPA,0.665,3.563686018560452,3.5638362698137023,3.563945599945679,0.09361232340998583,0.09361727493401083,0.09361949617135706
binary,CPA,0.6675,3.5636876755665967,3.5638375732397036,3.5639466861237277,0.09361236920055964,0.09361730904627162,0.09361952618193382
binary,CPA,0.67,3.563689326705282,3.563838873085074,3.563947770089356,0.0936124148289391,0.09361734307337385,0.09361955613135554
binary,CPA,0.6725,3.56369097202408,3.563840169373704,3.5639488518525657,0.09361246029643439,0.09361737701581944,0.09361958601990411
binary,CPA,0.675,3.5636926115700938,3.563841462129218,3.563949931423305,0.09361250560435094,0.09361741087410468,0.09361961584785533
binary,CPA,0.6775,3.563694245389804,3.563842751375049,3.5639510088113964,0.0936125507539725,0.0936174446487219,0.09361964561547884
binary,CPA,0.68,3.563695873529074,3.563844037134329,3.56395208402674,0.09361259574656913,0.09361747834015854,0.09361967532304581
binary,CPA,0.6825,3.563697496033284,3.563845319430016,3.563953157079124,0.09361264058338939,0.09361751194889915,0.09361970497083041
binary,CPA,0.685,3.56369911294725,3.563846598284786,3.5639542279782472,0.09361268526568034,0.09361754547542281,0.09361973455909905
binary,CPA,0.6875,3.563700724315218,3.563847873721091,3.563955296733821,0.09361272979465701,0.09361757892020534,0.0936197640881213
binary,CPA,0.69,3.563702330180918,3.563849145761191,3.563956363355421,0.09361277417153427,0.09361761228371838,0.09361979355816043
binary,CPA,0.6925,3.5637039305875513,3.563850414427079,3.563957427852666,0.09361281839750626,0.09361764556642921,0.09361982296948432
binary,CPA,0.695,3.563705525577842,3.563851679740527,3.563958490235049,0.09361286247375325,0.09361767876880137,0.09361985232235283
binary,CPA,0.6975,3.5637071151939317,3.563852941723139,3.563959550512039,0.09361290640143917,0.0936177118912948,0.09361988161702973
binary,CPA,0.7,3.5637086994775227,3.563854200396241,3.563960608693046,0.09361295018171471,0.09361774493436478,0.09361991085377422
binary,CPA,0.7025,3.563710278469828,3.563855455780991,3.5639616647874233,0.09361299381572566,0.09361777789846348,0.09361994003284636
binary,CPA,0.705,3.563711852211575,3.563856707898324,3.5639627188044782,0.09361303730459121,0.09361781078403852,0.09361996915450452
binary,CPA,0.7075,3.563713420742968,3.563857956768946,3.5639637707535297,0.09361308064943073,0.09361784359153481,0.09361999821899968
binary,CPA,0.71,3.56371498410383,3.563859202413404,3.5639648206437298,0.09361312385133597,0.0936178763213927,0.09362002722658855
binary,CPA,0.7125,3.563716542333443,3.563860444852009,3.56396586848423,0.09361316691139736,0.09361790897404886,0.09362005617752883
binary,CPA,0.715,3.563718095470672,3.563861684104864,3.563966914284144,0.09361320983068998,0.09361794154993643,0.09362008507206372
binary,CPA,0.7175,3.563719643553941,3.5638629201919128,3.5639679580525017,0.09361325261027505,0.0936179740494858,0.09362011391045161
binary,CPA,0.72,3.5637211866211747,3.563864153132905,3.5639689997983397,0.09361329525120195,0.0936180064731218,0.09362014269293595
binary,CPA,0.7225,3.563722724709945,3.563865382947339,3.563970039530533,0.09361333775451144,0.09361803882126839,0.09362017141976366
binary,CPA,0.725,3.5637242578574013,3.563866609654596,3.563971077258091,0.09361338012122376,0.09361807109434343,0.09362020009118721
binary,CPA,0.7275,3.563725786100198,3.563867833273832,3.563972112989794,0.09361342235235935,0.09361810329276289,0.09362022870744137
binary,CPA,0.73,3.5637273094746162,3.563869053824035,3.563973146734408,0.09361346444891688,0.09361813541693902,0.09362025726877837
binary,CPA,0.7325,3.563728828016547,3.563870271324023,3.563974178500764,0.09361350641189244,0.09361816746728002,0.09362028577543424
binary,CPA,0.735,3.563730341761461,3.563871485792388,3.5639752082974647,0.09361354824225938,0.09361819944419165,0.09362031422765209
binary,CPA,0.7375,3.563731850744437,3.563872697247597,3.563976236133183,0.0936135899409944,0.09361823134807655,0.09362034262567102
binary,CPA,0.74,3.563733355000123,3.5638739057079203,3.5639772620165933,0.09361363150905534,0.09361826317933253,0.09362037096972606
binary,CPA,0.7425,3.5637348545628638,3.563875111191464,3.563978285956129,0.09361367294738804,0.09361829493835545,0.09362039926005555
binary,CPA,0.745,3.563736349466553,3.563876313716137,3.563979307960342,0.09361371425693353,0.09361832662553779,0.09362042749689446
binary,CPA,0.7475,3.5637378397447628,3.563877513299723,3.5639803280377373,0.09361375543861498,0.09361835824126807,0.09362045568047747
binary,CPA,0.75,3.563739325430729,3.563878709959816,3.563981346196586,0.09361379649335065,0.09361838978593308,0.09362048381103197
binary,CPA,0.7525,3.563740806557152,3.563879903713821,3.563982362445321,0.09361383742205422,0.0936184212599153,0.09362051188879217
binary,CPA,0.755,3.563742283156605,3.563881094579062,3.5639833767922107,0.09361387822561613,0.09361845266359416,0.09362053991398882
binary,CPA,0.7575,3.563743755261167,3.563882282572596,3.563984389245547,0.09361391890492719,0.09361848399734703,0.09362056788684596
binary,CPA,0.76,3.563745222902595,3.563883467711445,3.5639853998135163,0.09361395946086379,0.0936185152615473,0.09362059580759627
binary,CPA,0.7625,3.563746686112373,3.563884650012343,3.56398640850425,0.09361399989429718,0.09361854645656506,0.09362062367645914
binary,CPA,0.765,3.563748144921513,3.5638858294919733,3.5639874153258857,0.0936140402060861,0.09361857758276922,0.09362065149366292
binary,CPA,0.7675,3.563749599360822,3.5638870061668193,3.563988420286523,0.093614080397081,0.09361860864052343,0.09362067925942633
binary,CPA,0.77,3.5637510494607634,3.563888180053234,3.563989423394106,0.09361412046812406,0.09361863963019043,0.09362070697397748
binary,CPA,0.7725,3.563752495251385,3.563889351167411,3.563990424656688,0.09361416042004655,0.09361867055212839,0.09362073463753029
binary,CPA,0.775,3.563753936762525,3.563890519525391,3.56399142408209,0.09361420025367306,0.09361870140669407,0.09362076225030624
binary,CPA,0.7775,3.5637553740236427,3.563891685143088,3.563992421678258,0.09361423996981429,0.09361873219424079,0.09362078981252789
binary,CPA,0.78,3.5637568070639323,3.563892848036277,3.5639934174530072,0.09361427956928334,0.09361876291511906,0.09362081732440045
binary,CPA,0.7825,3.5637582359122333,3.563894008220564,3.563994411414114,0.09361431905287544,0.09361879356967628,0.09362084478614974
binary,CPA,0.785,3.563759660597121,3.563895165711433,3.563995403569339,0.09361435842138059,0.09361882415825834,0.09362087219798544
binary,CPA,0.7875,3.563761081146889,3.563896320524245,3.563996393926364,0.0936143976755783,0.0936188546812068,0.09362089956012258
binary,CPA,0.79,3.563762497589486,3.563897472674214,3.5639973824928317,0.09361443681624358,0.0936188851388621,0.09362092687276563
binary,CPA,0.7925,3.56376390995263,3.563898622176386,3.563998369276376,0.09361447584414156,0.09361891553156106,0.09362095413613176
binary,CPA,0.795,3.563765318263681,3.563899769045721,3.563999354284496,0.09361451476003267,0.09361894585963758,0.0936209813504306
binary,CPA,0.7975,3.563766722549844,3.5639009132970423,3.56400033752478,0.09361455356466383,0.09361897612342386,0.09362100851586415
binary,CPA,0.8,3.5637681228379408,3.5639020549450118,3.564001319004685,0.09361459225877801,0.09361900632324939,0.09362103563264212
binary,CPA,0.8025,3.563769519154489,3.56390319400421,3.56400229873159,0.09361463084311074,0.0936190364594406,0.09362106270097052
binary,CPA,0.805,3.563770911525843,3.563904330489049,3.564003276712929,0.09361466931838858,0.09361906653232195,0.09362108972105278
binary,CPA,0.8075,3.563772299978064,3.5639054644138413,3.564004252956007,0.0936147076853302,0.09361909654221486,0.09362111669309163
binary,CPA,0.81,3.563773684536913,3.563906595792754,3.564005227468164,0.09361474594464841,0.0936191264894386,0.09362114361728933
binary,CPA,0.8125,3.563775065227929,3.5639077246398503,3.5640062002566277,0.09361478409705445,0.09361915637431012,0.09362117049384601
binary,CPA,0.815,3.563776442076355,3.563908850969079,3.564007171328586,0.09361482214323981,0.09361918619714409,0.09362119732296197
binary,CPA,0.8175,3.563777815107254,3.563909974794245,3.5640081406912927,0.09361486008389915,0.09361921595825187,0.09362122410483342
binary,CPA,0.82,3.563779184345355,3.5639110961290568,3.564009108351807,0.09361489791971853,0.09361924565794351,0.09362125083965618
binary,CPA,0.8225,3.5637805498151973,3.5639122149870968,3.5640100743172693,0.09361493565137377,0.09361927529652567,0.09362127752763136
binary,CPA,0.825,3.563781911541059,3.563913331381822,3.5640110385946673,0.09361497327953677,0.09361930487430445,0.09362130416895201
binary,CPA,0.8275,3.563783269547002,3.563914445326596,3.5640120011910636,0.09361501080487102,0.09361933439158177,0.09362133076381053
binary,CPA,0.83,3.5637846238568467,3.563915556834682,3.5640129621133507,0.09361504822803758,0.0936193638486572,0.09362135731239912
binary,CPA,0.8325,3.563785974494148,3.563916665919182,3.564013921368543,0.09361508554968703,0.09361939324583052,0.09362138381490909
binary,CPA,0.835,3.563787321482222,3.563917772593125,3.564014878963448,0.09361512277046742,0.09361942258339641,0.09362141027153255
binary,CPA,0.8375,3.563788664844211,3.563918876869427,3.564015834904996,0.09361515989101117,0.09361945186164856,0.0936214366824576
binary,CPA,0.84,3.5637900046030606,3.563919978760891,3.564016789199857,0.09361519691195648,0.09361948108087889,0.09362146304787025
binary,CPA,0.8425,3.563791340781423,3.563921078280212,3.5640177418548893,0.09361523383392979,0.09361951024137656,0.09362148936796374
binary,CPA,0.845,3.5637926734017658,3.5639221754399877,3.564018692876815,0.09361527065754932,0.09361953934342872,0.09362151564291617
binary,CPA,0.8475,3.56379400248634,3.563923270252715,3.5640196422722923,0.09361530738343628,0.09361956838731997,0.09362154187291481
binary,CPA,0.85,3.563795328057139,3.563924362730759,3.564020590048008,0.09361534401219253,0.09361959737333363,0.09362156805814814
binary,CPA,0.8525,3.563796650136025,3.5639254528864317,3.5640215362105523,0.09361538054442553,0.09361962630175083,0.09362159419879086
binary,CPA,0.855,3.563797968744604,3.563926540731897,3.564022480766432,0.0936154169807318,0.09361965517284929,0.09362162029503149
binary,CPA,0.8575,3.563799283904312,3.5639276262792583,3.564023423722232,0.09361545332170444,0.09361968398690675,0.09362164634704818
binary,CPA,0.86,3.563800595636364,3.5639287095404852,3.5640243650844927,0.09361548956792956,0.09361971274419727,0.0936216723550188
binary,CPA,0.8625,3.563801903961749,3.563929790527478,3.564025304859617,0.09361552571998683,0.09361974144499369,0.0936216983191233
binary,CPA,0.865,3.563803208901315,3.56393086925201,3.5640262430539913,0.09361556177845307,0.09361977008956643,0.09362172423953874
binary,CPA,0.8675,3.563804510475639,3.563931945725814,3.564027179674073,0.09361559774389784,0.09361979867818465,0.09362175011643993
binary,CPA,0.87,3.5638058087051983,3.563933019960466,3.5640281147261508,0.09361563361688713,0.09361982721111496,0.0936217759500076
binary,CPA,0.8725,3.563807103610205,3.563934091967494,3.564029048216534,0.09361566939797798,0.09361985568862198,0.09362180174041233
binary,CPA,0.875,3.563808395210763,3.563935161758299,3.564029980151547,0.09361570508772651,0.0936198841109683,0.09362182748782628
binary,CPA,0.8775,3.5638096835266992,3.5639362293442423,3.56403091053737,0.09361574068668532,0.09361991247841596,0.09362185319242321
binary,CPA,0.88,3.563810968577699,3.563937294736529,3.564031839380218,0.09361577619539131,0.09361994079122302,0.0936218788543728
binary,CPA,0.8825,3.563812250383343,3.56393835794633,3.564032766686263,0.09361581161439098,0.09361996904964737,0.09362190447384706
binary,CPA,0.885,3.563813528962884,3.563939418984677,3.564033692461618,0.09361584694421499,0.09361999725394432,0.09362193005101863
binary,CPA,0.8875,3.563814804335485,3.563940477862571,3.564034616712393,0.09361588218539227,0.09362002540436709,0.09362195558605164
binary,CPA,0.89,3.563816076520203,3.563941534590899,3.564035539444641,0.09361591733845272,0.09362005350116805,0.09362198107911313
binary,CPA,0.8925,3.563817345535793,3.563942589180461,3.564036460664386,0.09361595240390817,0.09362008154459664,0.09362200653037066
binary,CPA,0.895,3.5638186114008628,3.56394364164196,3.564037380377607,0.09361598738228105,0.09362010953490107,0.09362203193998972
binary,CPA,0.8975,3.563819874133959,3.563944691986049,3.564038298590257,0.09361602227408151,0.09362013747232864,0.09362205730813694
binary,CPA,0.9,3.563821133753343,3.563945740223267,3.564039215308291,0.09361605707980923,0.09362016535712295,0.09362208263497483
binary,CPA,0.9025,3.563822390277169,3.563946786364081,3.564040130537513,0.09361609179997307,0.09362019318952791,0.09362210792066299
binary,CPA,0.905,3.563823643723472,3.563947830418896,3.56404104428388,0.09361612643506911,0.09362022096978422,0.09362213316536966
binary,CPA,0.9075,3.563824894110004,3.5639488723980133,3.5640419565531247,0.09361616098558459,0.09362024869813125,0.09362215836925057
binary,CPA,0.91,3.563826141454471,3.5639499123116587,3.5640428673511,0.09361619545201576,0.09362027637480755,0.09362218353246522
binary,CPA,0.9125,3.563827385774417,3.563950950170001,3.5640437766835027,0.09361622983483935,0.09362030400004914,0.09362220865517384
binary,CPA,0.915,3.563828627087106,3.563951985983087,3.564044684556098,0.09361626413454041,0.09362033157409035,0.0936222337375338
binary,CPA,0.9175,3.563829865409811,3.5639530197609144,3.564045590974571,0.09361629835159396,0.09362035909716449,0.09362225877970733
binary,CPA,0.92,3.5638311007595966,3.563954051513416,3.564046495944514,0.0936163324864688,0.09362038656950271,0.0936222837818441
binary,CPA,0.9225,3.563832333153345,3.563955081250458,3.564047399471645,0.09361636653963622,0.09362041399133486,0.09362230874410604
binary,CPA,0.925,3.563833562607823,3.563956108981775,3.564048301561479,0.09361640051155534,0.09362044136288894,0.09362233366664181
binary,CPA,0.9275,3.563834789139621,3.563957134717079,3.564049202219625,0.0936164344026853,0.09362046868439178,0.09362235854960664
binary,CPA,0.93,3.563836012765244,3.563958158465995,3.564050101451579,0.09361646821348787,0.09362049595606815,0.09362238339315393
binary,CPA,0.9325,3.56383723350105,3.563959180238089,3.564050999262892,0.09361650194440792,0.09362052317814155,0.09362240819743768
binary,CPA,0.935,3.5638384513631642,3.563960200042823,3.564051895658947,0.0936165355958948,0.09362055035083404,0.09362243296260497
binary,CPA,0.9375,3.563839666367644,3.563961217889594,3.564052790645218,0.09361656916839298,0.09362057747436596,0.09362245768880816
binary,CPA,0.94,3.56384087853045,3.563962233787785,3.564053684227136,0.0936166026623434,0.093620604548956,0.09362248237619829
binary,CPA,0.9425,3.5638420878673354,3.563963247746627,3.564054576410036,0.09361663607818109,0.093620631574822,0.09362250702492136
binary,CPA,0.945,3.563843294393939,3.563964259775336,3.564055467199298,0.09361666941633737,0.09362065855217942,0.0936225316351272
binary,CPA,0.9475,3.563844498125767,3.56396526988306,3.5640563566002204,0.09361670267724255,0.09362068548124323,0.09362255620696075
binary,CPA,0.95,3.563845699078248,3.563966278078833,3.564057244618097,0.09361673586131952,0.09362071236222645,0.09362258074056787
binary,CPA,0.9525,3.5638468972666,3.5639672843716887,3.564058131258146,0.09361676896899555,0.09362073919534034,0.09362260523609393
binary,CPA,0.955,3.563848092705916,3.563968288770549,3.5640590165256483,0.09361680200068213,0.09362076598079536,0.09362262969368575
binary,CPA,0.9575,3.563849285411238,3.563969291284275,3.5640599004257494,0.09361683495679793,0.0936207927188002,0.09362265411348764
binary,CPA,0.96,3.563850475397442,3.563970291921687,3.56406078296364,0.09361686783775063,0.09362081940956196,0.09362267849563918
binary,CPA,0.9625,3.5638516626792467,3.563971290691519,3.564061664144466,0.09361690064395417,0.09362084605328708,0.09362270284028176
binary,CPA,0.965,3.563852847271306,3.563972287602434,3.564062543973329,0.0936169333758058,0.09362087265017977,0.09362272714755697
binary,CPA,0.9675,3.563854029188125,3.563973282663069,3.5640634224553223,0.09361696603371056,0.09362089920044331,0.09362275141760923
binary,CPA,0.97,3.563855208444088,3.563974275881949,3.564064299595475,0.09361699861806556,0.09362092570427999,0.09362277565057714
binary,CPA,0.9725,3.563856385053464,3.563975267267606,3.564065175398856,0.09361703112926517,0.09362095216188983,0.09362279984659633
binary,CPA,0.975,3.563857559030385,3.5639762568284277,3.564066049870447,0.09361706356770132,0.09362097857347232,0.09362282400580621
binary,CPA,0.9775,3.563858730388881,3.563977244572795,3.564066923015159,0.09361709593376075,0.09362100493922546,0.09362284812834512
binary,CPA,0.98,3.563859899142927,3.563978230509037,3.564067794838018,0.09361712822783064,0.09362103125934543,0.09362287221434987
binary,CPA,0.9825,3.563861065306243,3.563979214645391,3.5640686653438998,0.09361716045028574,0.09362105753402787,0.09362289626395225
binary,CPA,0.985,3.563862228892625,3.563980196990041,3.564069534537658,0.09361719260151335,0.09362108376346695,0.09362292027729767
binary,CPA,0.9875,3.563863389915601,3.563981177551124,3.564070402424197,0.09361722468188564,0.09362110994785525,0.09362294425450794
binary,CPA,0.99,3.563864548388669,3.563982156336729,3.564071269008427,0.0936172566917719,0.09362113608738415,0.09362296819572441
binary,CPA,0.9925,3.563865704325181,3.563983133354871,3.564072134294998,0.0936172886315475,0.09362116218224388,0.09362299210107937
binary,CPA,0.995,3.56386685773839,3.563984108613511,3.564072998288833,0.0936173205015765,0.093621188232624,0.09362301597070323
binary,CPA,0.9975,3.563868008641448,3.563985082120546,3.564073860994587,0.09361735230221806,0.0936212142387117,0.09362303980472596
binary,CPA,1.0,3.563869157047439,3.56398605388384,3.56407472241703,0.09361738403384018,0.09362124020069332,0.09362306360328214
