experiment_id,step,pvi,injector_bhp_MPa,producer_bhp_MPa,delta_p_MPa
R04,0,0.0,23.0,23.0,0.0
R04,1,0.01,23.003293151320513,23.0,0.003293151320511356
R04,2,0.02,23.00339931205992,23.0,0.0033993120599205896
R04,3,0.03,23.00347030085322,23.0,0.0034703008532204647
R04,4,0.04,23.003539226353688,23.0,0.0035392263536891734
R04,5,0.05,23.00360790320699,23.0,0.003607903206989249
R04,6,0.06,23.00367624102886,23.0,0.00367624102885884
R04,7,0.07,23.00374414657655,23.0,0.0037441465765510884
R04,8,0.08,23.00381359528973,23.0,0.0038135952897306426
R04,9,0.09,23.0038835418953,23.0,0.0038835418952999135
R04,10,0.1,23.003952461599972,23.0,0.0039524615999710026
R04,11,0.11,23.00402056765153,23.0,0.004020567651531337
R04,12,0.12,23.00408849467638,23.0,0.00408849467638106
R04,13,0.13,23.00415605724059,23.0,0.004156057240589916
R04,14,0.14,23.004223064182362,23.0,0.004223064182360759
R04,15,0.15,23.0042896490313,23.0,0.004289649031301223
R04,16,0.16,23.00435633748788,23.0,0.004356337487880069
R04,17,0.17,23.00442261439751,23.0,0.004422614397509505
R04,18,0.18,23.00448853540587,23.0,0.004488535405869243
R04,19,0.19,23.004554454074,23.0,0.004554454073999637
R04,20,0.2,23.004620204056998,23.0,0.004620204056999455
R04,21,0.21,23.00468566928683,23.0,0.004685669286828897
R04,22,0.22,23.00475102943188,23.0,0.004751029431881193
R04,23,0.23,23.004816379146767,23.0,0.0048163791467686675
R04,24,0.24,23.0048814937503,23.0,0.004881493750301047
R04,25,0.25,23.004946445448848,23.0,0.004946445448848635
R04,26,0.26,23.00501147951237,23.0,0.005011479512370442
R04,27,0.27,23.00507631564451,23.0,0.005076315644510032
R04,28,0.28,23.00514097161501,23.0,0.005140971615008994
R04,29,0.29,23.00520573343256,23.0,0.005205733432561033
R04,30,0.3,23.00527034263698,23.0,0.005270342636978853
R04,31,0.31,23.00533479410344,23.0,0.005334794103438867
R04,32,0.32,23.0053993026642,23.0,0.0053993026641990126
R04,33,0.33,23.00546372252599,23.0,0.0054637225259909885
R04,34,0.34,23.00552800342124,23.0,0.005528003421238737
R04,35,0.35000000000000003,23.00559230584595,23.0,0.005592305845951273
R04,36,0.36,23.00565656451365,23.0,0.005656564513648732
R04,37,0.37,23.00572070099313,23.0,0.005720700993128958
R04,38,0.38,23.00578483315874,23.0,0.0057848331587393885
R04,39,0.39,23.005848952399422,23.0,0.005848952399421137
R04,40,0.4,23.00591296433005,23.0,0.0059129643300508405
R04,41,0.41000000000000003,23.00597695431375,23.0,0.005976954313749161
R04,42,0.42,23.00604095205992,23.0,0.006040952059919391
R04,43,0.43,23.00610485449374,23.0,0.006104854493739253
R04,44,0.44,23.00616872409458,23.0,0.0061687240945786925
R04,45,0.45,23.00623261594792,23.0,0.006232615947919839
R04,46,0.46,23.0062964209123,23.0,0.006296420912300959
R04,47,0.47000000000000003,23.0063601865452,23.0,0.006360186545200009
R04,48,0.48,23.00642398603764,23.0,0.006423986037640361
R04,49,0.49,23.006487704199632,23.0,0.006487704199631139
R04,50,0.5,23.00655137815247,23.0,0.006551378152468601
R04,51,0.51,23.00661509624497,23.0,0.0066150962449711415
R04,52,0.52,23.0066787376848,23.0,0.006678737684799785
R04,53,0.53,23.00674232989387,23.0,0.006742329893870647
R04,54,0.54,23.00680597470696,23.0,0.006805974706961137
R04,55,0.55,23.0068695485222,23.0,0.00686954852220083
R04,56,0.56,23.00693306814615,23.0,0.006933068146150845
R04,57,0.5700000000000001,23.00699664565625,23.0,0.006996645656249712
R04,58,0.58,23.00706015903458,23.0,0.007060159034580238
R04,59,0.59,23.00712361494174,23.0,0.007123614941738765
R04,60,0.6,23.00718713042555,23.0,0.007187130425549526
R04,61,0.61,23.00725058830159,23.0,0.00725058830159071
R04,62,0.62,23.007313988353722,23.0,0.007313988353720902
R04,63,0.63,23.00737744753211,23.0,0.007377447532110182
R04,64,0.64,23.007440853424022,23.0,0.0074408534240205885
R04,65,0.65,23.00750420466118,23.0,0.00750420466117987
R04,66,0.66,23.00756761246108,23.0,0.007567612461079421
R04,67,0.67,23.00763096992161,23.0,0.007630969921609676
R04,68,0.68,23.00769427779778,23.0,0.007694277797779136
R04,69,0.6900000000000001,23.00775763833094,23.0,0.007757638330940608
R04,70,0.7000000000000001,23.00782096462893,23.0,0.007820964628930938
R04,71,0.71,23.00788457733379,23.0,0.007884577333788912
R04,72,0.72,23.00795317524166,23.0,0.00795317524166137
R04,73,0.73,23.008032019469102,23.0,0.008032019469101214
R04,74,0.74,23.00808187820312,23.0,0.008081878203120141
R04,75,0.75,23.00808655089828,23.0,0.008086550898281076
R04,76,0.76,23.00807279970531,23.0,0.008072799705308853
R04,77,0.77,23.00805522080715,23.0,0.008055220807150931
R04,78,0.78,23.0080379100213,23.0,0.008037910021300831
R04,79,0.79,23.0080216105276,23.0,0.008021610527600842
R04,80,0.8,23.00800635341259,23.0,0.008006353412591238
R04,81,0.81,23.00799209627434,23.0,0.007992096274338677
R04,82,0.8200000000000001,23.00797863221652,23.0,0.00797863221652051
R04,83,0.8300000000000001,23.00796583343297,23.0,0.007965833432970726
R04,84,0.84,23.007953681687308,23.0,0.007953681687308745
R04,85,0.85,23.007942036057738,23.0,0.007942036057738733
R04,86,0.86,23.0079308259032,23.0,0.00793082590319898
R04,87,0.87,23.00792007595089,23.0,0.007920075950889328
R04,88,0.88,23.00790968497999,23.0,0.007909684979989607
R04,89,0.89,23.00789960981249,23.0,0.007899609812488962
R04,90,0.9,23.00788989329384,23.0,0.007889893293838667
R04,91,0.91,23.00788045366281,23.0,0.007880453662809827
R04,92,0.92,23.007871260660117,23.0,0.00787126066011865
R04,93,0.93,23.00786236459874,23.0,0.00786236459873919
R04,94,0.9400000000000001,23.00785369432413,23.0,0.007853694324128923
R04,95,0.9500000000000001,23.0078452263878,23.0,0.007845226387800608
R04,96,0.96,23.007837014115882,23.0,0.007837014115881401
R04,97,0.97,23.00782899278516,23.0,0.007828992785161405
R04,98,0.98,23.00782114301407,23.0,0.007821143014069776
R04,99,0.99,23.00781351916933,23.0,0.007813519169329198
R04,100,1.0,23.00780606074828,23.0,0.0078060607482797195
R04,101,1.01,23.00779875110405,23.0,0.007798751104050439
R04,102,1.02,23.007791644732798,23.0,0.007791644732799341
R04,103,1.03,23.007784684048367,23.0,0.007784684048368717
R04,104,1.04,23.007777854446708,23.0,0.007777854446709398
R04,105,1.05,23.0077712101298,23.0,0.007771210129800465
R04,106,1.06,23.00776469558502,23.0,0.007764695585021286
R04,107,1.07,23.00775829787079,23.0,0.007758297870790898
R04,108,1.08,23.00775207070847,23.0,0.0077520707084687505
R04,109,1.09,23.0077459600725,23.0,0.00774596007250068
R04,110,1.1,23.00773995446398,23.0,0.007739954463980325
R04,111,1.11,23.007734107057267,23.0,0.007734107057268602
R04,112,1.12,23.007728364882002,23.0,0.007728364882001415
R04,113,1.1300000000000001,23.007722717748898,23.0,0.007722717748899299
R04,114,1.1400000000000001,23.00771721828096,23.0,0.0077172182809590595
R04,115,1.1500000000000001,23.00771181423124,23.0,0.007711814231240055
R04,116,1.16,23.00770649663552,23.0,0.007706496635520921
R04,117,1.17,23.00770131759296,23.0,0.007701317592960777
R04,118,1.18,23.00769622531726,23.0,0.007696225317260996
R04,119,1.19,23.00769121201245,23.0,0.007691212012449
R04,120,1.2,23.00768632929735,23.0,0.007686329297351335
R04,121,1.21,23.00768152563312,23.0,0.0076815256331201455
R04,122,1.22,23.00767679435176,23.0,0.007676794351760918
R04,123,1.23,23.00767218664198,23.0,0.007672186641980261
R04,124,1.24,23.00766765103701,23.0,0.007667651037010614
R04,125,1.25,23.00766318196605,23.0,0.007663181966049137
R04,126,1.26,23.00765883024011,23.0,0.007658830240109183
R04,127,1.27,23.00765454431816,23.0,0.007654544318160106
R04,128,1.28,23.00765031970169,23.0,0.0076503197016904775
R04,129,1.29,23.00764620687548,23.0,0.0076462068754807435
R04,130,1.3,23.00764215410154,23.0,0.007642154101540654
R04,131,1.31,23.00763815802747,23.0,0.007638158027469899
R04,132,1.32,23.00763426857874,23.0,0.007634268578740944
R04,133,1.33,23.00763043399342,23.0,0.007630433993421093
R04,134,1.34,23.007626652798812,23.0,0.007626652798811051
R04,135,1.35,23.00762297191158,23.0,0.007622971911578702
R04,136,1.36,23.00761934190312,23.0,0.007619341903119903
R04,137,1.37,23.00761576238732,23.0,0.007615762387320047
R04,138,1.3800000000000001,23.00761227730269,23.0,0.007612277302689563
R04,139,1.3900000000000001,23.00760883947181,23.0,0.007608839471811279
R04,140,1.4000000000000001,23.00760544957731,23.0,0.0076054495773092866
R04,141,1.41,23.007602148629893,23.0,0.007602148629891304
R04,142,1.42,23.00759889162735,23.0,0.0075988916273502126
R04,143,1.43,23.00759568030364,23.0,0.0075956803036405065
R04,144,1.44,23.007592552794172,23.0,0.007592552794170615
R04,145,1.45,23.00758946620036,23.0,0.007589466200360562
R04,146,1.46,23.007586423290288,23.0,0.007586423290288735
R04,147,1.47,23.007583459378118,23.0,0.007583459378119528
R04,148,1.48,23.007580533601008,23.0,0.007580533601009165
R04,149,1.49,23.00757764974421,23.0,0.007577649744209225
R04,150,1.5,23.007574840355552,23.0,0.007574840355550805
R04,151,1.51,23.00757206654346,23.0,0.00757206654346021
R04,152,1.52,23.007569333093432,23.0,0.0075693330934313964
R04,153,1.53,23.00756666984245,23.0,0.007566669842449869
R04,154,1.54,23.007564039808738,23.0,0.007564039808738698
R04,155,1.55,23.00756144876122,23.0,0.007561448761219935
R04,156,1.56,23.00755892388162,23.0,0.007558923881620672
R04,157,1.57,23.00755643003929,23.0,0.007556430039289808
R04,158,1.58,23.007553973969852,23.0,0.007553973969851313
R04,159,1.59,23.00755158025518,23.0,0.0075515802551791465
R04,160,1.6,23.007549215559727,23.0,0.00754921555972885
R04,161,1.61,23.00754688756912,23.0,0.007546887569120031
R04,162,1.62,23.00754461832042,23.0,0.007544618320420682
R04,163,1.6300000000000001,23.00754237621955,23.0,0.007542376219549851
R04,164,1.6400000000000001,23.0075401698856,23.0,0.0075401698856012445
R04,165,1.6500000000000001,23.00753801886524,23.0,0.007538018865238883
R04,166,1.6600000000000001,23.00753589325454,23.0,0.007535893254541293
R04,167,1.67,23.00753380258955,23.0,0.007533802589549055
R04,168,1.68,23.00753176398035,23.0,0.007531763980350092
R04,169,1.69,23.007529749163872,23.0,0.007529749163870747
R04,170,1.7,23.00752776857686,23.0,0.007527768576861149
R04,171,1.71,23.00752583694565,23.0,0.007525836945649189
R04,172,1.72,23.00752392760091,23.0,0.007523927600911406
R04,173,1.73,23.00752205186382,23.0,0.007522051863819002
R04,174,1.74,23.00752022212906,23.0,0.007520222129059562
R04,175,1.75,23.00751841327564,23.0,0.007518413275639091
R04,176,1.76,23.007516637493232,23.0,0.00751663749323086
R04,177,1.77,23.00751490489586,23.0,0.007514904895859331
R04,178,1.78,23.00751319186736,23.0,0.007513191867360547
R04,179,1.79,23.00751151145008,23.0,0.007511511450078956
R04,180,1.8,23.007509871527382,23.0,0.007509871527381052
R04,181,1.81,23.00750824994616,23.0,0.007508249946158685
R04,182,1.82,23.00750666058574,23.0,0.007506660585738701
R04,183,1.83,23.00750510914785,23.0,0.007505109147851385
R04,184,1.84,23.00750357490217,23.0,0.00750357490217084
R04,185,1.85,23.007502072549638,23.0,0.007502072549638683
R04,186,1.86,23.007500605658212,23.0,0.007500605658211157
R04,187,1.87,23.00749915488168,23.0,0.0074991548816797145
R04,188,1.8800000000000001,23.00749773572744,23.0,0.007497735727440613
R04,189,1.8900000000000001,23.00749634967638,23.0,0.0074963496763786
R04,190,1.9000000000000001,23.007494978729262,23.0,0.007494978729260993
R04,191,1.9100000000000001,23.00749363918493,23.0,0.0074936391849291795
R04,192,1.92,23.00749233048294,23.0,0.007492330482941156
R04,193,1.93,23.007491035935168,23.0,0.0074910359351690655
R04,194,1.94,23.007489772617213,23.0,0.007489772617211088
R04,195,1.95,23.00748853797185,23.0,0.007488537971849496
R04,196,1.96,23.00748731658755,23.0,0.007487316587548776
R04,197,1.97,23.00748612630222,23.0,0.007486126302219986
R04,198,1.98,23.00748496260534,23.0,0.007484962605340683
R04,199,1.99,23.00748381132876,23.0,0.007483811328759771
R04,200,2.0,23.00748269105846,23.0,0.007482691058459068
R04,201,2.0100000000000002,23.007481595373,23.0,0.00748159537299955
R04,202,2.02,23.00748051131557,23.0,0.007480511315569061
R04,203,2.0300000000000002,23.00747945820627,23.0,0.007479458206270806
R04,204,2.04,23.007478427754048,23.0,0.007478427754048766
R04,205,2.05,23.00747740818257,23.0,0.007477408182569434
R04,206,2.06,23.00747641953233,23.0,0.007476419532329715
R04,207,2.07,23.00747545168294,23.0,0.007475451682938683
R04,208,2.08,23.00747449400871,23.0,0.0074744940087100534
R04,209,2.09,23.00747356725713,23.0,0.007473567257130753
R04,210,2.1,23.00747265951762,23.0,0.007472659517620173
R04,211,2.11,23.00747176128646,23.0,0.0074717612864589
R04,212,2.12,23.0074708940049,23.0,0.007470894004899265
R04,213,2.13,23.00747004401036,23.0,0.007470044010361221
R04,214,2.14,23.00746920289336,23.0,0.007469202893361171
R04,215,2.15,23.00746839277598,23.0,0.0074683927759792825
R04,216,2.16,23.00746759828082,23.0,0.007467598280820198
R04,217,2.17,23.00746681206583,23.0,0.007466812065828776
R04,218,2.18,23.00746605692129,23.0,0.007466056921290942
R04,219,2.19,23.007465315791087,23.0,0.007465315791088755
R04,220,2.2,23.00746458237485,23.0,0.0074645823748511475
R04,221,2.21,23.00746388011854,23.0,0.0074638801185386685
R04,222,2.22,23.007463190322632,23.0,0.007463190322630453
R04,223,2.23,23.00746250770337,23.0,0.007462507703368715
R04,224,2.24,23.00746185635031,23.0,0.007461856350309404
R04,225,2.25,23.00746121595473,23.0,0.007461215954731415
R04,226,2.2600000000000002,23.007460582225388,23.0,0.007460582225388634
R04,227,2.27,23.00745997988349,23.0,0.007459979883489609
R04,228,2.2800000000000002,23.00745938704448,23.0,0.0074593870444800816
R04,229,2.29,23.00745880038632,23.0,0.007458800386319808
R04,230,2.3000000000000003,23.00745824525018,23.0,0.007458245250180085
R04,231,2.31,23.00745769820811,23.0,0.007457698208111196
R04,232,2.32,23.0074571568847,23.0,0.007457156884700567
R04,233,2.33,23.00745664722967,23.0,0.007456647229670921
R04,234,2.34,23.00745614430323,23.0,0.0074561443032308715
R04,235,2.35,23.00745564713467,23.0,0.007455647134671039
R04,236,2.36,23.00745518085172,23.0,0.007455180851721366
R04,237,2.37,23.00745472041697,23.0,0.007454720416970417
R04,238,2.38,23.007454266273832,23.0,0.007454266273830968
R04,239,2.39,23.00745384134267,23.0,0.007453841342669421
R04,240,2.4,23.00745342184366,23.0,0.00745342184366109
R04,241,2.41,23.00745300918209,23.0,0.007453009182088977
R04,242,2.42,23.00745262410782,23.0,0.007452624107818906
R04,243,2.43,23.007452244067117,23.0,0.00745224406711884
R04,244,2.44,23.00745187140662,23.0,0.007451871406618693
R04,245,2.45,23.00745152475427,23.0,0.007451524754270622
R04,246,2.46,23.00745118275296,23.0,0.007451182752959085
R04,247,2.47,23.00745084867078,23.0,0.007450848670779919
R04,248,2.48,23.0074505390606,23.0,0.007450539060599226
R04,249,2.49,23.0074502337337,23.0,0.007450233733700884
R04,250,2.5,23.00744993686021,23.0,0.00744993686020905
R04,251,2.5100000000000002,23.007449662963317,23.0,0.007449662963318815
R04,252,2.52,23.00744939299537,23.0,0.007449392995368953
R04,253,2.5300000000000002,23.00744913200974,23.0,0.007449132009739401
R04,254,2.54,23.00744889254379,23.0,0.007448892543789043
R04,255,2.5500000000000003,23.0074486566646,23.0,0.00744865666459873
R04,256,2.56,23.007448430290502,23.0,0.0074484302905005965
R04,257,2.57,23.00744822401552,23.0,0.007448224015519145
R04,258,2.58,23.00744802099601,23.0,0.0074480209960086086
R04,259,2.59,23.007447827997417,23.0,0.007447827997418699
R04,260,2.6,23.00744765371163,23.0,0.007447653711631119
R04,261,2.61,23.00744748235966,23.0,0.007447482359660284
R04,262,2.62,23.00744732153671,23.0,0.00744732153671066
R04,263,2.63,23.007447178072418,23.0,0.0074471780724195465
R04,264,2.64,23.007447037228623,23.0,0.007447037228621412
R04,265,2.65,23.0074469074134,23.0,0.0074469074133986625
R04,266,2.66,23.00744679363282,23.0,0.0074467936328204585
R04,267,2.67,23.00744668216642,23.0,0.00744668216642026
R04,268,2.68,23.007446582218712,23.0,0.007446582218710774
R04,269,2.69,23.00744649700969,23.0,0.007446497009689778
R04,270,2.7,23.0074464138142,23.0,0.007446413814199105
R04,271,2.71,23.00744634261717,23.0,0.007446342617168966
R04,272,2.72,23.00744628488883,23.0,0.0074462848888288136
R04,273,2.73,23.00744622887769,23.0,0.007446228877691396
R04,274,2.74,23.0074461853334,23.0,0.007446185333398603
R04,275,2.75,23.0074461540117,23.0,0.007446154011699946
R04,276,2.7600000000000002,23.00744612411365,23.0,0.007446124113650398
R04,277,2.77,23.007446107138442,23.0,0.007446107138440539
R04,278,2.7800000000000002,23.00744610116146,23.0,0.0074461011614602056
R04,279,2.79,23.00744609631591,23.0,0.007446096315911177
R04,280,2.8000000000000003,23.007446104835612,23.0,0.007446104835611323
R04,281,2.81,23.0074461231488,23.0,0.0074461231487987336
R04,282,2.82,23.00744614230078,23.0,0.007446142300779002
R04,283,2.83,23.00744617524571,23.0,0.007446175245709697
R04,284,2.84,23.00744621679696,23.0,0.00744621679696138
R04,285,2.85,23.007446258891658,23.0,0.0074462588916588855
R04,286,2.86,23.00744631519177,23.0,0.007446315191771191
R04,287,2.87,23.00744637892659,23.0,0.007446378926590569
R04,288,2.88,23.00744644290208,23.0,0.007446442902079298
R04,289,2.89,23.007446521484038,23.0,0.007446521484038726
R04,290,2.9,23.007446606340782,23.0,0.007446606340781159
R04,291,2.91,23.007446691113298,23.0,0.007446691113298698
R04,292,2.92,23.007446790911622,23.0,0.007446790911620838
R04,293,2.93,23.00744689580952,23.0,0.00744689580951956
R04,294,2.94,23.00744700022928,23.0,0.0074470002292798656
R04,295,2.95,23.00744713733865,23.0,0.007447137338650123
R04,296,2.96,23.00744728330784,23.0,0.00744728330784028
R04,297,2.97,23.00744742858445,23.0,0.007447428584450222
R04,298,2.98,23.00744757285411,23.0,0.007447572854110263
R04,299,2.99,23.007447716103847,23.0,0.0074477161038487335
R04,300,3.0,23.00744785832967,23.0,0.007447858329669543
R04,301,3.0100000000000002,23.00744799952853,23.0,0.007447999528528726
R04,302,3.02,23.00744813969809,23.0,0.0074481396980900175
R04,303,3.0300000000000002,23.007448278836712,23.0,0.007448278836710643
R04,304,3.04,23.007448416943358,23.0,0.007448416943358893
R04,305,3.0500000000000003,23.00744855401764,23.0,0.007448554017639708
R04,306,3.06,23.00744869005969,23.0,0.007448690059689511
R04,307,3.0700000000000003,23.00744882507021,23.0,0.0074488250702103185
R04,308,3.08,23.007448959050418,23.0,0.00744895905041858
R04,309,3.09,23.00744909200199,23.0,0.0074490920019911755
R04,310,3.1,23.00744922392705,23.0,0.007449223927051207
R04,311,3.11,23.00744935482817,23.0,0.00744935482817084
R04,312,3.12,23.00744948470831,23.0,0.007449484708308774
R04,313,3.13,23.00744961357079,23.0,0.007449613570790348
R04,314,3.14,23.0074497414193,23.0,0.007449741419299017
R04,315,3.15,23.00744986825784,23.0,0.007449868257839398
R04,316,3.16,23.007449994090727,23.0,0.007449994090728751
R04,317,3.17,23.00745011892256,23.0,0.007450118922560023
R04,318,3.18,23.00745024275819,23.0,0.007450242758190484
R04,319,3.19,23.00745036560273,23.0,0.007450365602730357
R04,320,3.2,23.007450487461508,23.0,0.0074504874615087145
R04,321,3.21,23.00745060834008,23.0,0.007450608340079157
R04,322,3.22,23.00745072824416,23.0,0.0074507282441601316
R04,323,3.23,23.00745084717969,23.0,0.007450847179688936
R04,324,3.24,23.00745096515273,23.0,0.00745096515273076
R04,325,3.25,23.00745108216952,23.0,0.007451082169521328
R04,326,3.2600000000000002,23.00745119823643,23.0,0.007451198236429946
R04,327,3.27,23.00745131335995,23.0,0.007451313359950973
R04,328,3.2800000000000002,23.00745142754669,23.0,0.0074514275466896155
R04,329,3.29,23.007451540803352,23.0,0.007451540803350554
R04,330,3.3000000000000003,23.007451653136748,23.0,0.007451653136749314
R04,331,3.31,23.007451764553743,23.0,0.007451764553741214
R04,332,3.3200000000000003,23.00745187506129,23.0,0.00745187506128957
R04,333,3.33,23.00745198466642,23.0,0.007451984666420231
R04,334,3.34,23.007452093376198,23.0,0.0074520933761988315
R04,335,3.35,23.00745220119774,23.0,0.007452201197739328
R04,336,3.36,23.00745230813821,23.0,0.007452308138209673
R04,337,3.37,23.00745241420479,23.0,0.007452414204789193
R04,338,3.38,23.007452519404712,23.0,0.007452519404711211
R04,339,3.39,23.00745262374521,23.0,0.007452623745209053
R04,340,3.4,23.00745272723352,23.0,0.007452727233518886
R04,341,3.41,23.007452829876932,23.0,0.007452829876930878
R04,342,3.42,23.00745293168269,23.0,0.007452931682689723
R04,343,3.43,23.00745303265806,23.0,0.00745303265806001
R04,344,3.44,23.00745313281032,23.0,0.007453132810320539
R04,345,3.45,23.0074532321467,23.0,0.007453232146698951
R04,346,3.46,23.00745333067444,23.0,0.00745333067443994
R04,347,3.47,23.007453428400773,23.0,0.007453428400771145
R04,348,3.48,23.00745352533289,23.0,0.007453525332888944
R04,349,3.49,23.00745362147796,23.0,0.007453621477961292
R04,350,3.5,23.007453716843152,23.0,0.00745371684315046
R04,351,3.5100000000000002,23.00745381143557,23.0,0.007453811435570401
R04,352,3.52,23.00745390526231,23.0,0.00745390526230949
R04,353,3.5300000000000002,23.00745399833042,23.0,0.007453998330419154
R04,354,3.54,23.00745409064693,23.0,0.007454090646930922
R04,355,3.5500000000000003,23.00745418221882,23.0,0.007454182218819483
R04,356,3.56,23.00745427305302,23.0,0.0074542730530197335
R04,357,3.5700000000000003,23.00745436315643,23.0,0.007454363156429622
R04,358,3.58,23.00745445253591,23.0,0.00745445253591015
R04,359,3.59,23.00745454119827,23.0,0.0074545411982711585
R04,360,3.6,23.00745462915028,23.0,0.007454629150279857
R04,361,3.61,23.00745471639864,23.0,0.007454716398640926
R04,362,3.62,23.00745480295003,23.0,0.007454802950030625
R04,363,3.63,23.007454888811072,23.0,0.007454888811071214
R04,364,3.64,23.00745497398833,23.0,0.0074549739883309485
R04,365,3.65,23.00745505848831,23.0,0.007455058488309874
R04,366,3.66,23.00745514231749,23.0,0.007455142317490981
R04,367,3.67,23.00745522548229,23.0,0.007455225482289052
R04,368,3.68,23.00745530798904,23.0,0.007455307989039284
R04,369,3.69,23.00745538984408,23.0,0.007455389844079718
R04,370,3.7,23.00745547105365,23.0,0.007455471053648921
R04,371,3.71,23.007455551623927,23.0,0.007455551623928613
R04,372,3.72,23.00745563156109,23.0,0.007455631561089149
R04,373,3.73,23.00745571087119,23.0,0.007455710871190036
R04,374,3.74,23.00745578956029,23.0,0.007455789560290782
R04,375,3.75,23.00745586763434,23.0,0.007455867634340052
R04,376,3.7600000000000002,23.00745594509928,23.0,0.007455945099280825
R04,377,3.77,23.00745602196098,23.0,0.007456021960979342
R04,378,3.7800000000000002,23.00745609822523,23.0,0.007456098225230789
R04,379,3.79,23.0074561738978,23.0,0.00745617389779909
R04,380,3.8000000000000003,23.00745624898439,23.0,0.007456248984391322
R04,381,3.81,23.00745632349065,23.0,0.007456323490649197
R04,382,3.8200000000000003,23.00745639742215,23.0,0.007456397422149053
R04,383,3.83,23.00745647078444,23.0,0.007456470784438807
R04,384,3.84,23.00745654358299,23.0,0.007456543582989639
R04,385,3.85,23.007456615913778,23.0,0.007456615913778819
R04,386,3.86,23.007456687512768,23.0,0.007456687512768667
R04,387,3.87,23.00745675864983,23.0,0.007456758649828999
R04,388,3.88,23.00745682924708,23.0,0.007456829247078645
R04,389,3.89,23.00745689930725,23.0,0.007456899307248932
R04,390,3.9,23.00745696883541,23.0,0.0074569688354102935
R04,391,3.91,23.00745703783669,23.0,0.007457037836690006
R04,392,3.92,23.00745710631611,23.0,0.007457106316110185
R04,393,3.93,23.007457174278677,23.0,0.007457174278678735
R04,394,3.94,23.007457241729348,23.0,0.0074572417293495615
R04,395,3.95,23.00745730867301,23.0,0.007457308673011198
R04,396,3.96,23.0074573751145,23.0,0.007457375114501019
R04,397,3.97,23.007457441058612,23.0,0.0074574410586109256
R04,398,3.98,23.00745750651008,23.0,0.007457506510078815
R04,399,3.99,23.0074575714736,23.0,0.007457571473599956
R04,400,4.0,23.00745763603181,23.0,0.007457636031810466
R06,0,0.0,24.0,24.0,0.0
R06,1,0.01,24.00333534979768,24.0,0.0033353497976804647
R06,2,0.02,24.00344151847787,24.0,0.0034415184778708863
R06,3,0.03,24.00351245926877,24.0,0.00351245926877084
R06,4,0.04,24.003581367916603,24.0,0.0035813679166011524
R06,5,0.05,24.00365003192647,24.0,0.003650031926468955
R06,6,0.06,24.00371835486106,24.0,0.003718354861061357
R06,7,0.07,24.00378624071921,24.0,0.0037862407192108096
R06,8,0.08,24.00385546125952,24.0,0.0038554612595191884
R06,9,0.09,24.00392540727041,24.0,0.003925407270409664
R06,10,0.1,24.00399431677858,24.0,0.0039943167785793324
R06,11,0.11,24.00406240560005,24.0,0.004062405600049601
R06,12,0.12,24.00413023841049,24.0,0.00413023841049096
R06,13,0.13,24.00419777780434,24.0,0.004197777804338898
R06,14,0.14,24.00426475684652,24.0,0.004264756846521322
R06,15,0.15,24.00433126634668,24.0,0.004331266346679285
R06,16,0.16,24.0043978899824,24.0,0.004397889982399761
R06,17,0.17,24.004464131440532,24.0,0.004464131440531105
R06,18,0.18,24.00453001442155,24.0,0.004530014421550277
R06,19,0.19,24.00459581650434,24.0,0.004595816504340178
R06,20,0.2,24.00466152525496,24.0,0.004661525254959997
R06,21,0.21,24.00472694762152,24.0,0.004726947621520594
R06,22,0.22,24.004792185330622,24.0,0.004792185330620669
R06,23,0.23,24.004857489539837,24.0,0.004857489539838866
R06,24,0.24,24.0049225573213,24.0,0.004922557321299337
R06,25,0.25,24.00498741410646,24.0,0.004987414106460619
R06,26,0.26,24.00505236820531,24.0,0.005052368205309676
R06,27,0.27,24.005117154030337,24.0,0.005117154030338611
R06,28,0.28,24.00518175913394,24.0,0.005181759133938613
R06,29,0.29,24.00524639187782,24.0,0.0052463918778187235
R06,30,0.3,24.005310947824007,24.0,0.005310947824008849
R06,31,0.31,24.00537534580452,24.0,0.005375345804520748
R06,32,0.32,24.00543972301112,24.0,0.005439723011119213
R06,33,0.33,24.0055040876492,24.0,0.005504087649200073
R06,34,0.34,24.00556831266884,24.0,0.005568312668839326
R06,35,0.35000000000000003,24.00563248168512,24.0,0.005632481685120183
R06,36,0.36,24.00569668382634,24.0,0.0056966838263406315
R06,37,0.37,24.00576076250567,24.0,0.0057607625056704135
R06,38,0.38,24.005824759150972,24.0,0.005824759150971204
R06,39,0.39,24.00588882081822,24.0,0.0058888208182196426
R06,40,0.4,24.005952773731412,24.0,0.0059527737314112985
R06,41,0.41000000000000003,24.0060166261523,24.0,0.006016626152299409
R06,42,0.42,24.00608056505265,24.0,0.006080565052650399
R06,43,0.43,24.00614440786859,24.0,0.0061444078685894965
R06,44,0.44,24.00620815480788,24.0,0.006208154807879396
R06,45,0.45,24.00627196994926,24.0,0.00627196994925896
R06,46,0.46,24.00633571468106,24.0,0.006335714681060267
R06,47,0.47000000000000003,24.00639937361165,24.0,0.006399373611648685
R06,48,0.48,24.00646307813826,24.0,0.006463078138258993
R06,49,0.49,24.00652673499687,24.0,0.006526734996870687
R06,50,0.5,24.006590315070078,24.0,0.0065903150700791
R06,51,0.51,24.00665392413754,24.0,0.006653924137540912
R06,52,0.52,24.00671750264267,24.0,0.006717502642669615
R06,53,0.53,24.00678101093644,24.0,0.006781010936438747
R06,54,0.54,24.00684453635131,24.0,0.006844536351309216
R06,55,0.55,24.00690804549479,24.0,0.006908045494790826
R06,56,0.56,24.00697148834903,24.0,0.006971488349029187
R06,57,0.5700000000000001,24.00703493886494,24.0,0.0070349388649390224
R06,58,0.58,24.00709838643747,24.0,0.007098386437471049
R06,59,0.59,24.0071617703487,24.0,0.007161770348699292
R06,60,0.6,24.00722515278307,24.0,0.007225152783070144
R06,61,0.61,24.007288544627848,24.0,0.007288544627849091
R06,62,0.62,24.007351876094,24.0,0.007351876094000431
R06,63,0.63,24.007415196752312,24.0,0.007415196752310749
R06,64,0.64,24.00747853683191,24.0,0.007478536831911242
R06,65,0.65,24.007541821393282,24.0,0.007541821393280657
R06,66,0.66,24.00760508683699,24.0,0.007605086836989017
R06,67,0.67,24.00766837827903,24.0,0.007668378279029752
R06,68,0.68,24.007731619753137,24.0,0.007731619753138829
R06,69,0.6900000000000001,24.00779483703929,24.0,0.007794837039290315
R06,70,0.7000000000000001,24.00785810127693,24.0,0.00785810127692912
R06,71,0.71,24.00792177233499,24.0,0.007921772334989896
R06,72,0.72,24.00799130107039,24.0,0.007991301070390477
R06,73,0.73,24.00806964763551,24.0,0.008069647635508659
R06,74,0.74,24.008114597065138,24.0,0.00811459706513915
R06,75,0.75,24.00811623858829,24.0,0.008116238588289092
R06,76,0.76,24.00810153598946,24.0,0.008101535989459308
R06,77,0.77,24.0080836308187,24.0,0.008083630818700272
R06,78,0.78,24.00806607344023,24.0,0.008066073440230071
R06,79,0.79,24.00804963773227,24.0,0.008049637732270298
R06,80,0.8,24.00803425286091,24.0,0.008034252860909419
R06,81,0.81,24.00801979344252,24.0,0.00801979344252004
R06,82,0.8200000000000001,24.00800620097095,24.0,0.008006200970950773
R06,83,0.8300000000000001,24.007993275374968,24.0,0.00799327537496879
R06,84,0.84,24.00798092268412,24.0,0.007980922684120628
R06,85,0.85,24.00796915130634,24.0,0.007969151306340905
R06,86,0.86,24.0079578185276,24.0,0.00795781852760058
R06,87,0.87,24.00794687523154,24.0,0.007946875231539252
R06,88,0.88,24.00793636244508,24.0,0.007936362445079226
R06,89,0.89,24.00792617111938,24.0,0.007926171119379433
R06,90,0.9,24.00791627109442,24.0,0.007916271094418902
R06,91,0.91,24.007906713702887,24.0,0.007906713702888623
R06,92,0.92,24.00789741140321,24.0,0.007897411403209275
R06,93,0.93,24.007888341388657,24.0,0.00788834138865866
R06,94,0.9400000000000001,24.00787955767952,24.0,0.007879557679518711
R06,95,0.9500000000000001,24.00787098705964,24.0,0.007870987059641265
R06,96,0.96,24.00786260970622,24.0,0.007862609706219815
R06,97,0.97,24.00785447918698,24.0,0.007854479186980257
R06,98,0.98,24.007846532903,24.0,0.00784653290299957
R06,99,0.99,24.0078387520889,24.0,0.007838752088900947
R06,100,1.0,24.00783118853248,24.0,0.007831188532480837
R06,101,1.01,24.00782378806915,24.0,0.007823788069148917
R06,102,1.02,24.00781653210985,24.0,0.007816532109850982
R06,103,1.03,24.00780947012282,24.0,0.007809470122819562
R06,104,1.04,24.00780255493985,24.0,0.0078025549398489605
R06,105,1.05,24.00779576774617,24.0,0.007795767746171123
R06,106,1.06,24.00778915551441,24.0,0.007789155514410595
R06,107,1.07,24.00778267703824,24.0,0.007782677038238717
R06,108,1.08,24.00777631310719,24.0,0.007776313107189026
R06,109,1.09,24.00777010819631,24.0,0.007770108196311298
R06,110,1.1,24.00776402626716,24.0,0.007764026267159352
R06,111,1.11,24.007758047660122,24.0,0.007758047660121292
R06,112,1.12,24.00775221443479,24.0,0.007752214434790972
R06,113,1.1300000000000001,24.00774649508253,24.0,0.0077464950825287815
R06,114,1.1400000000000001,24.00774086950053,24.0,0.007740869500528902
R06,115,1.1500000000000001,24.00773537745438,24.0,0.0077353774543809095
R06,116,1.16,24.00772999143573,24.0,0.007729991435729744
R06,117,1.17,24.007724690934317,24.0,0.0077246909343188005
R06,118,1.18,24.00771951355936,24.0,0.007719513559359825
R06,119,1.19,24.00771443535328,24.0,0.007714435353278759
R06,120,1.2,24.00770943544824,24.0,0.007709435448239788
R06,121,1.21,24.00770454943874,24.0,0.00770454943873915
R06,122,1.22,24.00769975653016,24.0,0.0076997565301610395
R06,123,1.23,24.00769503555254,24.0,0.007695035552541185
R06,124,1.24,24.00769042022477,24.0,0.0076904202247703776
R06,125,1.25,24.00768589257681,24.0,0.007685892576810715
R06,126,1.26,24.00768143119281,24.0,0.007681431192810351
R06,127,1.27,24.0076770680494,24.0,0.007677068049400759
R06,128,1.28,24.00767278770321,24.0,0.00767278770321127
R06,129,1.29,24.007668568547,24.0,0.0076685685470010865
R06,130,1.3,24.007664440941163,24.0,0.007664440941161388
R06,131,1.31,24.007660391704952,24.0,0.007660391704951053
R06,132,1.32,24.0076563990912,24.0,0.007656399091200683
R06,133,1.33,24.00765249196209,24.0,0.007652491962090835
R06,134,1.34,24.00764865916426,24.0,0.007648659164260607
R06,135,1.35,24.00764487885847,24.0,0.007644878858471316
R06,136,1.36,24.00764117851855,24.0,0.007641178518551328
R06,137,1.37,24.00763754880816,24.0,0.007637548808159522
R06,138,1.3800000000000001,24.007633967839812,24.0,0.007633967839811362
R06,139,1.3900000000000001,24.00763046180106,24.0,0.007630461801059596
R06,140,1.4000000000000001,24.00762702298378,24.0,0.007627022983780307
R06,141,1.41,24.00762362949228,24.0,0.00762362949228077
R06,142,1.42,24.00762030632236,24.0,0.007620306322360193
R06,143,1.43,24.007617047224052,24.0,0.007617047224050566
R06,144,1.44,24.00761383032976,24.0,0.007613830329759708
R06,145,1.45,24.0076106795311,24.0,0.007610679531100573
R06,146,1.46,24.00760758988278,24.0,0.007607589882780985
R06,147,1.47,24.007604539578118,24.0,0.007604539578119329
R06,148,1.48,24.00760155148548,24.0,0.007601551485478808
R06,149,1.49,24.00759862182552,24.0,0.007598621825519558
R06,150,1.5,24.00759572888193,24.0,0.007595728881929631
R06,151,1.51,24.00759289457477,24.0,0.007592894574770526
R06,152,1.52,24.00759011616486,24.0,0.007590116164860205
R06,153,1.53,24.00758737205276,24.0,0.007587372052759634
R06,154,1.54,24.00758468327952,24.0,0.007584683279520732
R06,155,1.55,24.00758204803201,24.0,0.00758204803200897
R06,156,1.56,24.007579444851398,24.0,0.007579444851398875
R06,157,1.57,24.00757689396386,24.0,0.007576893963860698
R06,158,1.58,24.007574394378572,24.0,0.007574394378571015
R06,159,1.59,24.00757192479844,24.0,0.007571924798440932
R06,160,1.6,24.00756950469421,24.0,0.007569504694208718
R06,161,1.61,24.00756713380291,24.0,0.00756713380291103
R06,162,1.62,24.007564791008118,24.0,0.007564791008118732
R06,163,1.6300000000000001,24.007562495080172,24.0,0.0075624950801710614
R06,164,1.6400000000000001,24.00756024639785,24.0,0.007560246397849824
R06,165,1.6500000000000001,24.00755802404222,24.0,0.007558024042219813
R06,166,1.6600000000000001,24.00755584613426,24.0,0.007555846134260946
R06,167,1.67,24.00755371361597,24.0,0.007553713615970991
R06,168,1.68,24.007551605780797,24.0,0.007551605780798809
R06,169,1.69,24.00754954014769,24.0,0.007549540147689981
R06,170,1.7,24.007547518150158,24.0,0.007547518150158794
R06,171,1.71,24.00754551930723,24.0,0.0075455193072286875
R06,172,1.72,24.007543560579798,24.0,0.007543560579799191
R06,173,1.73,24.00754164382728,24.0,0.007541643827281064
R06,174,1.74,24.00753974880591,24.0,0.007539748805911017
R06,175,1.75,24.00753789195939,24.0,0.0075378919593902085
R06,176,1.76,24.007536075513038,24.0,0.0075360755130390086
R06,177,1.77,24.00753427947054,24.0,0.007534279470539218
R06,178,1.78,24.00753251979635,24.0,0.007532519796350811
R06,179,1.79,24.007530799026778,24.0,0.0075307990267788226
R06,180,1.8,24.007529097421887,24.0,0.007529097421888764
R06,181,1.81,24.007527430502257,24.0,0.00752743050225888
R06,182,1.82,24.00752580106481,24.0,0.007525801064809911
R06,183,1.83,24.007524189633802,24.0,0.0075241896338013705
R06,184,1.84,24.007522611318798,24.0,0.007522611318799477
R06,185,1.85,24.007521069131208,24.0,0.007521069131209401
R06,186,1.86,24.00751954386624,24.0,0.007519543866240497
R06,187,1.87,24.00751805025311,24.0,0.0075180502531111415
R06,188,1.8800000000000001,24.00751659147533,24.0,0.007516591475331324
R06,189,1.8900000000000001,24.00751514860492,24.0,0.007515148604920796
R06,190,1.9000000000000001,24.007513736019252,24.0,0.007513736019251383
R06,191,1.9100000000000001,24.007512357035132,24.0,0.00751235703513089
R06,192,1.92,24.0075109930063,24.0,0.0075109930063007365
R06,193,1.93,24.00750965798501,24.0,0.007509657985011131
R06,194,1.94,24.00750835538563,24.0,0.007508355385630239
R06,195,1.95,24.00750706684782,24.0,0.007507066847819033
R06,196,1.96,24.007505806123568,24.0,0.007505806123569414
R06,197,1.97,24.00750457669205,24.0,0.007504576692051046
R06,198,1.98,24.00750336048233,24.0,0.007503360482328958
R06,199,1.99,24.007502170969367,24.0,0.0075021709693686486
R06,200,2.0,24.007501011667,24.0,0.007501011667000057
R06,201,2.0100000000000002,24.00749986479661,24.0,0.007499864796611177
R06,202,2.02,24.00749874357779,24.0,0.007498743577789924
R06,203,2.0300000000000002,24.007497651531388,24.0,0.0074976515313892374
R06,204,2.04,24.00749657117337,24.0,0.00749657117337108
R06,205,2.05,24.00749551548828,24.0,0.0074955154882786704
R06,206,2.06,24.00749448797853,24.0,0.007494487978530628
R06,207,2.07,24.00749347145643,24.0,0.007493471456430712
R06,208,2.08,24.00749247869048,24.0,0.007492478690480198
R06,209,2.09,24.00749151314125,24.0,0.007491513141249584
R06,210,2.1,24.007490557918707,24.0,0.007490557918708873
R06,211,2.11,24.00748962559308,24.0,0.007489625593080973
R06,212,2.12,24.00748871956158,24.0,0.007488719561578705
R06,213,2.13,24.00748782323275,24.0,0.007487823232750657
R06,214,2.14,24.007486948995158,24.0,0.007486948995159537
R06,215,2.15,24.00748610016291,24.0,0.007486100162910248
R06,216,2.16,24.00748526044359,24.0,0.0074852604435903915
R06,217,2.17,24.00748444205972,24.0,0.007484442059720209
R06,218,2.18,24.007483648224103,24.0,0.007483648224101103
R06,219,2.19,24.00748286294357,24.0,0.007482862943570012
R06,220,2.2,24.00748209828917,24.0,0.007482098289170835
R06,221,2.21,24.007481357355722,24.0,0.007481357355720775
R06,222,2.22,24.007480624449123,24.0,0.007480624449121365
R06,223,2.23,24.00747991150267,24.0,0.007479911502670689
R06,224,2.24,24.007479221477812,24.0,0.007479221477811393
R06,225,2.25,24.007478538979107,24.0,0.0074785389791088615
R06,226,2.2600000000000002,24.00747787581495,24.0,0.007477875814950607
R06,227,2.27,24.007477234799318,24.0,0.007477234799318921
R06,228,2.2800000000000002,24.007476600834742,24.0,0.007476600834741021
R06,229,2.29,24.00747598561674,24.0,0.007475985616738967
R06,230,2.3000000000000003,24.00747539179887,24.0,0.007475391798868714
R06,231,2.31,24.00747480458073,24.0,0.007474804580729711
R06,232,2.32,24.00747423555628,24.0,0.007474235556279041
R06,233,2.33,24.00747368720677,24.0,0.007473687206768886
R06,234,2.34,24.00747314502774,24.0,0.007473145027739747
R06,235,2.35,24.0074726205222,24.0,0.007472620522199236
R06,236,2.36,24.007472115988158,24.0,0.007472115988159089
R06,237,2.37,24.007471617215838,24.0,0.0074716172158389325
R06,238,2.38,24.007471135627238,24.0,0.007471135627238823
R06,239,2.39,24.00747067332713,24.0,0.007470673327131294
R06,240,2.4,24.007470216398907,24.0,0.007470216398908746
R06,241,2.41,24.00746977619296,24.0,0.007469776192959898
R06,242,2.42,24.007469354611608,24.0,0.007469354611609446
R06,243,2.43,24.00746893802986,24.0,0.007468938029859373
R06,244,2.44,24.00746853773522,24.0,0.007468537735221048
R06,245,2.45,24.00746815541919,24.0,0.00746815541918977
R06,246,2.46,24.00746777774661,24.0,0.007467777746609272
R06,247,2.47,24.00746741595036,24.0,0.007467415950358713
R06,248,2.48,24.007467071503438,24.0,0.00746707150343866
R06,249,2.49,24.00746673135863,24.0,0.007466731358630341
R06,250,2.5,24.00746640670196,24.0,0.0074664067019597265
R06,251,2.5100000000000002,24.00746609878083,24.0,0.007466098780830066
R06,252,2.52,24.00746579483402,24.0,0.0074657948340188796
R06,253,2.5300000000000002,24.007465506007968,24.0,0.0074655060079692245
R06,254,2.54,24.00746523331807,24.0,0.007465233318069408
R06,255,2.5500000000000003,24.007464964287003,24.0,0.007464964287001408
R06,256,2.56,24.007464710028422,24.0,0.007464710028420996
R06,257,2.57,24.00746447131985,24.0,0.007464471319849508
R06,258,2.58,24.0074642359657,24.0,0.0074642359656991175
R06,259,2.59,24.00746401505322,24.0,0.007464015053218987
R06,260,2.6,24.00746380911673,24.0,0.007463809116728726
R06,261,2.61,24.00746360624012,24.0,0.007463606240119702
R06,262,2.62,24.00746341749026,24.0,0.007463417490259872
R06,263,2.63,24.00746324315333,24.0,0.007463243153330268
R06,264,2.64,24.00746307159038,24.0,0.0074630715903794
R06,265,2.65,24.00746291385352,24.0,0.007462913853518671
R06,266,2.66,24.00746276997637,24.0,0.007462769976370964
R06,267,2.67,24.007462628594748,24.0,0.007462628594748821
R06,268,2.68,24.00746250075123,24.0,0.007462500751231005
R06,269,2.69,24.007462386222848,24.0,0.007462386222849204
R06,270,2.7,24.007462273917717,24.0,0.0074622739177186755
R06,271,2.71,24.00746217487383,24.0,0.007462174873830918
R06,272,2.72,24.007462088607948,24.0,0.007462088607948658
R06,273,2.73,24.00746200429795,24.0,0.007462004297948965
R06,274,2.74,24.00746193298182,24.0,0.007461932981820496
R06,275,2.75,24.00746187391272,24.0,0.007461873912720307
R06,276,2.7600000000000002,24.00746181653574,24.0,0.007461816535740695
R06,277,2.77,24.00746177189315,24.0,0.007461771893150626
R06,278,2.7800000000000002,24.00746173897145,24.0,0.007461738971448995
R06,279,2.79,24.00746170748032,24.0,0.007461707480320001
R06,280,2.8000000000000003,24.00746168847029,24.0,0.007461688470289119
R06,281,2.81,24.00746168065849,24.0,0.007461680658491332
R06,282,2.82,24.007461674016472,24.0,0.00746167401647142
R06,283,2.83,24.007461679606728,24.0,0.007461679606728921
R06,284,2.84,24.007461695874618,24.0,0.007461695874619067
R06,285,2.85,24.007461713050652,24.0,0.007461713050651042
R06,286,2.86,24.0074617422129,24.0,0.0074617422128994805
R06,287,2.87,24.007461781532832,24.0,0.007461781532830969
R06,288,2.88,24.00746182149635,24.0,0.00746182149634933
R06,289,2.89,24.00746187320135,24.0,0.0074618732013505
R06,290,2.9,24.00746193454365,24.0,0.007461934543650272
R06,291,2.91,24.00746199625807,24.0,0.007461996258069803
R06,292,2.92,24.00746206947174,24.0,0.007462069471739596
R06,293,2.93,24.00746215180089,24.0,0.007462151800891092
R06,294,2.94,24.00746223421136,24.0,0.007462234211359942
R06,295,2.95,24.00746232789854,24.0,0.007462327898539911
R06,296,2.96,24.007462430169348,24.0,0.007462430169348977
R06,297,2.97,24.00746253216608,24.0,0.007462532166078973
R06,298,2.98,24.007462657716083,24.0,0.007462657716081367
R06,299,2.99,24.00746280063477,24.0,0.007462800634769451
R06,300,3.0,24.00746294321695,24.0,0.00746294321695018
R06,301,3.0100000000000002,24.007463084835642,24.0,0.0074630848356406435
R06,302,3.02,24.00746322546804,24.0,0.007463225468040946
R06,303,3.0300000000000002,24.00746336510978,24.0,0.007463365109779829
R06,304,3.04,24.00746350375768,24.0,0.007463503757679746
R06,305,3.0500000000000003,24.00746364140928,24.0,0.007463641409279376
R06,306,3.06,24.007463778062778,24.0,0.007463778062779624
R06,307,3.0700000000000003,24.00746391371697,24.0,0.0074639137169697275
R06,308,3.08,24.00746404837124,24.0,0.007464048371238619
R06,309,3.09,24.00746418202554,24.0,0.007464182025540822
R06,310,3.1,24.00746431468035,24.0,0.007464314680350981
R06,311,3.11,24.007464446336602,24.0,0.007464446336601327
R06,312,3.12,24.00746457699573,24.0,0.007464576995729999
R06,313,3.13,24.00746470665961,24.0,0.007464706659609988
R06,314,3.14,24.00746483533052,24.0,0.007464835330520714
R06,315,3.15,24.00746496301112,24.0,0.007464963011119608
R06,316,3.16,24.00746508970445,24.0,0.0074650897044506335
R06,317,3.17,24.00746521541388,24.0,0.007465215413878923
R06,318,3.18,24.0074653401431,24.0,0.007465340143099297
R06,319,3.19,24.0074654638961,24.0,0.007465463896099323
R06,320,3.2,24.00746558667716,24.0,0.007465586677159308
R06,321,3.21,24.007465708490802,24.0,0.007465708490801149
R06,322,3.22,24.0074658293418,24.0,0.00746582934179969
R06,323,3.23,24.007465949235147,24.0,0.0074659492351486275
R06,324,3.24,24.00746606817606,24.0,0.007466068176060503
R06,325,3.25,24.00746618616993,24.0,0.007466186169929756
R06,326,3.2600000000000002,24.00746630322233,24.0,0.007466303222329884
R06,327,3.27,24.00746641933899,24.0,0.007466419338990704
R06,328,3.2800000000000002,24.0074665345258,24.0,0.007466534525801194
R06,329,3.29,24.00746664878879,24.0,0.007466648788789598
R06,330,3.3000000000000003,24.007466762134108,24.0,0.007466762134109217
R06,331,3.31,24.00746687456802,24.0,0.007466874568021353
R06,332,3.3200000000000003,24.00746698609688,24.0,0.0074669860968811005
R06,333,3.33,24.00746709672716,24.0,0.007467096727160083
R06,334,3.34,24.0074672064654,24.0,0.007467206465400977
R06,335,3.35,24.00746731531821,24.0,0.007467315318208989
R06,336,3.36,24.00746742329228,24.0,0.007467423292280273
R06,337,3.37,24.00746753039435,24.0,0.007467530394350774
R06,338,3.38,24.007467636631198,24.0,0.00746763663119907
R06,339,3.39,24.00746774200967,24.0,0.00746774200966911
R06,340,3.4,24.00746784653662,24.0,0.00746784653661905
R06,341,3.41,24.00746795021896,24.0,0.00746795021896105
R06,342,3.42,24.00746805306359,24.0,0.007468053063590219
R06,343,3.43,24.00746815507747,24.0,0.007468155077469873
R06,344,3.44,24.00746825626754,24.0,0.007468256267540596
R06,345,3.45,24.00746835664075,24.0,0.007468356640748653
R06,346,3.46,24.00746845620407,24.0,0.00746845620406873
R06,347,3.47,24.00746855496446,24.0,0.007468554964461305
R06,348,3.48,24.00746865292886,24.0,0.0074686529288612745
R06,349,3.49,24.00746875010423,24.0,0.007468750104229116
R06,350,3.5,24.007468846497492,24.0,0.0074688464974912
R06,351,3.5100000000000002,24.00746894211556,24.0,0.007468942115559684
R06,352,3.52,24.00746903696533,24.0,0.007469036965329678
R06,353,3.5300000000000002,24.00746913105367,24.0,0.007469131053670708
R06,354,3.54,24.00746922438742,24.0,0.007469224387421036
R06,355,3.5500000000000003,24.0074693169734,24.0,0.007469316973399032
R06,356,3.56,24.00746940881841,24.0,0.007469408818408851
R06,357,3.5700000000000003,24.00746949992919,24.0,0.007469499929189283
R06,358,3.58,24.00746959031246,24.0,0.007469590312459218
R06,359,3.59,24.00746967997492,24.0,0.007469679974920496
R06,360,3.6,24.0074697689232,24.0,0.007469768923201059
R06,361,3.61,24.00746985716391,24.0,0.007469857163908955
R06,362,3.62,24.007469944703608,24.0,0.007469944703609599
R06,363,3.63,24.007470031548827,24.0,0.007470031548828615
R06,364,3.64,24.00747011770605,24.0,0.007470117706048995
R06,365,3.65,24.0074702031817,24.0,0.007470203181699731
R06,366,3.66,24.00747028798217,24.0,0.007470287982170021
R06,367,3.67,24.00747037211379,24.0,0.007470372113789381
R06,368,3.68,24.007470455582858,24.0,0.0074704555828589035
R06,369,3.69,24.00747053839563,24.0,0.007470538395631365
R06,370,3.7,24.00747062055828,24.0,0.007470620558279961
R06,371,3.71,24.00747070207697,24.0,0.00747070207696936
R06,372,3.72,24.00747078295779,24.0,0.007470782957790334
R06,373,3.73,24.00747086320679,24.0,0.007470863206791023
R06,374,3.74,24.00747094282995,24.0,0.0074709428299513546
R06,375,3.75,24.00747102183322,24.0,0.007471021833219993
R06,376,3.7600000000000002,24.00747110022248,24.0,0.007471100222480232
R06,377,3.77,24.00747117800359,24.0,0.007471178003589785
R06,378,3.7800000000000002,24.00747125518232,24.0,0.007471255182321101
R06,379,3.79,24.00747133176439,24.0,0.007471331764389788
R06,380,3.8000000000000003,24.00747140775551,24.0,0.007471407755508608
R06,381,3.81,24.00747148316128,24.0,0.0074714831612794795
R06,382,3.8200000000000003,24.007471557987298,24.0,0.007471557987298638
R06,383,3.83,24.00747163223907,24.0,0.007471632239071368
R06,384,3.84,24.00747170592208,24.0,0.007471705922080218
R06,385,3.85,24.00747177904174,24.0,0.007471779041739524
R06,386,3.86,24.00747185160341,24.0,0.007471851603409618
R06,387,3.87,24.00747192361241,24.0,0.0074719236124110465
R06,388,3.88,24.007471995074,24.0,0.007471995073998983
R06,389,3.89,24.00747206599338,24.0,0.007472065993380283
R06,390,3.9,24.007472136375732,24.0,0.007472136375730543
R06,391,3.91,24.00747220622614,24.0,0.007472206226140088
R06,392,3.92,24.00747227554967,24.0,0.007472275549670826
R06,393,3.93,24.00747234435132,24.0,0.007472344351319294
R06,394,3.94,24.007472412719558,24.0,0.007472412719559429
R06,395,3.95,24.00747248041099,24.0,0.007472480410990556
R06,396,3.96,24.00747254767396,24.0,0.0074725476739587295
R06,397,3.97,24.00747261443706,24.0,0.007472614437060088
R06,398,3.98,24.00747268070263,24.0,0.007472680702630896
R06,399,3.99,24.00747274655481,24.0,0.007472746554810783
R06,400,4.0,24.00747281176186,24.0,0.0074728117618604985
R10,0,0.0,23.0,23.0,0.0
R10,1,0.01,23.0039513423238,23.0,0.003951342323799167
R10,2,0.02,23.00407970673444,23.0,0.004079706734441402
R10,3,0.03,23.00416500245943,23.0,0.004165002459430411
R10,4,0.04,23.004247800296632,23.0,0.004247800296630544
R10,5,0.05,23.00433029004291,23.0,0.004330290042909723
R10,6,0.06,23.00441236765208,23.0,0.004412367652079752
R10,7,0.07,23.00449392339234,23.0,0.004493923392340093
R10,8,0.08,23.00457683607267,23.0,0.004576836072669721
R10,9,0.09,23.00466079531648,23.0,0.004660795316479493
R10,10,0.1,23.004743523741542,23.0,0.004743523741541367
R10,11,0.11,23.00482527693411,23.0,0.004825276934110434
R10,12,0.12,23.00490674145563,23.0,0.004906741455630481
R10,13,0.13,23.00498783852573,23.0,0.004987838525730126
R10,14,0.14,23.005068269937688,23.0,0.005068269937689251
R10,15,0.15,23.00514814898775,23.0,0.005148148987748869
R10,16,0.16,23.0052281960607,23.0,0.00522819606069902
R10,17,0.17,23.00530775022511,23.0,0.005307750225111363
R10,18,0.18,23.00538687798766,23.0,0.00538687798766091
R10,19,0.19,23.00546596658803,23.0,0.005465966588030824
R10,20,0.2,23.00554488752349,23.0,0.005544887523490161
R10,21,0.21,23.00562346745864,23.0,0.005623467458639198
R10,22,0.22,23.00570189208297,23.0,0.005701892082970517
R10,23,0.23,23.0057803321776,23.0,0.005780332177599235
R10,24,0.24,23.00585849080087,23.0,0.005858490800869731
R10,25,0.25,23.00593642932455,23.0,0.005936429324549408
R10,26,0.26,23.00601449029942,23.0,0.006014490299421027
R10,27,0.27,23.00609231437977,23.0,0.006092314379770869
R10,28,0.28,23.00616992267342,23.0,0.006169922673419137
R10,29,0.29,23.00624763530395,23.0,0.0062476353039500054
R10,30,0.3,23.00632518668166,23.0,0.006325186681661421
R10,31,0.31,23.00640254923502,23.0,0.0064025492350197055
R10,32,0.32,23.00647996032084,23.0,0.00647996032083995
R10,33,0.33,23.00655728431085,23.0,0.0065572843108498095
R10,34,0.34,23.00663444196511,23.0,0.0066344419651102274
R10,35,0.35000000000000003,23.00671160757558,23.0,0.006711607575579137
R10,36,0.36,23.00678873805235,23.0,0.006788738052350141
R10,37,0.37,23.00686572228729,23.0,0.006865722287290055
R10,38,0.38,23.00694268513293,23.0,0.0069426851329296825
R10,39,0.39,23.007019648271218,23.0,0.007019648271219125
R10,40,0.4,23.00709648301792,23.0,0.0070964830179207185
R10,41,0.41000000000000003,23.00717327655292,23.0,0.007173276552919106
R10,42,0.42,23.00725009388593,23.0,0.007250093885929232
R10,43,0.43,23.00732679727923,23.0,0.007326797279230845
R10,44,0.44,23.00740344751367,23.0,0.007403447513669903
R10,45,0.45,23.00748013776036,23.0,0.007480137760359185
R10,46,0.46,23.00755672426412,23.0,0.007556724264119907
R10,47,0.47000000000000003,23.00763325080889,23.0,0.007633250808891034
R10,48,0.48,23.0077098302229,23.0,0.007709830222898973
R10,49,0.49,23.00778631262598,23.0,0.007786312625981395
R10,50,0.5,23.00786273015472,23.0,0.007862730154718634
R10,51,0.51,23.007939211942638,23.0,0.007939211942638736
R10,52,0.52,23.00801560231902,23.0,0.008015602319019877
R10,53,0.53,23.008091922658473,23.0,0.008091922658471163
R10,54,0.54,23.008168316637388,23.0,0.008168316637389239
R10,55,0.55,23.00824462591497,23.0,0.008244625914969106
R10,56,0.56,23.00832085993218,23.0,0.008320859932180725
R10,57,0.5700000000000001,23.00839717331775,23.0,0.008397173317749206
R10,58,0.58,23.00847341018045,23.0,0.008473410180448582
R10,59,0.59,23.00854956939926,23.0,0.00854956939926126
R10,60,0.6,23.00862580753786,23.0,0.008625807537859487
R10,61,0.61,23.00870197796464,23.0,0.008701977964639696
R10,62,0.62,23.008778076045992,23.0,0.008778076045990702
R10,63,0.63,23.00885424156881,23.0,0.008854241568809585
R10,64,0.64,23.00893034974021,23.0,0.00893034974021134
R10,65,0.65,23.00900639245466,23.0,0.009006392454659817
R10,66,0.66,23.00908249386442,23.0,0.00908249386442037
R10,67,0.67,23.00915854402477,23.0,0.009158544024771231
R10,68,0.68,23.00923453490235,23.0,0.009234534902350332
R10,69,0.6900000000000001,23.00931058015057,23.0,0.009310580150568626
R10,70,0.7000000000000001,23.009386593244738,23.0,0.009386593244738606
R10,71,0.71,23.00946295660232,23.0,0.009462956602320105
R10,72,0.72,23.00954533671498,23.0,0.009545336714978703
R10,73,0.73,23.00963987211602,23.0,0.009639872116019887
R10,74,0.74,23.00969953374115,23.0,0.009699533741149935
R10,75,0.75,23.00970525246581,23.0,0.009705252465809621
R10,76,0.76,23.00968883921355,23.0,0.009688839213549728
R10,77,0.77,23.009667767288143,23.0,0.00966776728814125
R10,78,0.78,23.00964698780934,23.0,0.009646987809338725
R10,79,0.79,23.00962742437971,23.0,0.009627424379709737
R10,80,0.8,23.00960911148868,23.0,0.009609111488680355
R10,81,0.81,23.00959199169244,23.0,0.00959199169244016
R10,82,0.8200000000000001,23.009575831110872,23.0,0.009575831110871036
R10,83,0.8300000000000001,23.00956046955401,23.0,0.009560469554008933
R10,84,0.84,23.00954587788753,23.0,0.009545877887529742
R10,85,0.85,23.009531900577578,23.0,0.009531900577579222
R10,86,0.86,23.00951844633625,23.0,0.009518446336250009
R10,87,0.87,23.00950553791602,23.0,0.009505537916018625
R10,88,0.88,23.00949306687695,23.0,0.009493066876950706
R10,89,0.89,23.00948097519515,23.0,0.009480975195148744
R10,90,0.9,23.00946930767503,23.0,0.009469307675030337
R10,91,0.91,23.00945797869101,23.0,0.009457978691008862
R10,92,0.92,23.00944694600478,23.0,0.009446946004780443
R10,93,0.93,23.009436263637742,23.0,0.009436263637741148
R10,94,0.9400000000000001,23.00942585820653,23.0,0.009425858206529369
R10,95,0.9500000000000001,23.0094156958881,23.0,0.009415695888100118
R10,96,0.96,23.00940583457831,23.0,0.0094058345783111
R10,97,0.97,23.00939620813196,23.0,0.009396208131960293
R10,98,0.98,23.00938678784427,23.0,0.009386787844269407
R10,99,0.99,23.009377633078902,23.0,0.009377633078901226
R10,100,1.0,23.009368682323462,23.0,0.009368682323460576
R10,101,1.01,23.009359910376382,23.0,0.009359910376380754
R10,102,1.02,23.009351376961998,23.0,0.009351376961998881
R10,103,1.03,23.009343023662108,23.0,0.009343023662108863
R10,104,1.04,23.009334827914632,23.0,0.009334827914631205
R10,105,1.05,23.00932684930608,23.0,0.009326849306080475
R10,106,1.06,23.00931903151454,23.0,0.009319031514539233
R10,107,1.07,23.00931135415902,23.0,0.009311354159021335
R10,108,1.08,23.009303876442168,23.0,0.009303876442169212
R10,109,1.09,23.00929654346049,23.0,0.009296543460490626
R10,110,1.1,23.009289336738668,23.0,0.009289336738669362
R10,111,1.11,23.00928231500559,23.0,0.009282315005589226
R10,112,1.12,23.00927542427856,23.0,0.00927542427855883
R10,113,1.1300000000000001,23.0092686478175,23.0,0.009268647817501119
R10,114,1.1400000000000001,23.0092620438629,23.0,0.009262043862901238
R10,115,1.1500000000000001,23.00925555897383,23.0,0.009255558973831058
R10,116,1.16,23.00924917803399,23.0,0.009249178033991256
R10,117,1.17,23.00924295882004,23.0,0.009242958820038893
R10,118,1.18,23.00923684813484,23.0,0.009236848134838738
R10,119,1.19,23.00923083240875,23.0,0.009230832408749733
R10,120,1.2,23.00922496899875,23.0,0.009224968998751137
R10,121,1.21,23.00921920471195,23.0,0.00921920471195108
R10,122,1.22,23.0092135274686,23.0,0.009213527468600092
R10,123,1.23,23.00920799425904,23.0,0.00920799425904022
R10,124,1.24,23.00920255169903,23.0,0.009202551699030437
R10,125,1.25,23.00919718915412,23.0,0.009197189154119201
R10,126,1.26,23.00919196330402,23.0,0.009191963304019168
R10,127,1.27,23.009186820408292,23.0,0.009186820408291396
R10,128,1.28,23.00918175125037,23.0,0.009181751250369529
R10,129,1.29,23.009176812245492,23.0,0.009176812245490851
R10,130,1.3,23.009171949171822,23.0,0.00917194917182087
R10,131,1.31,23.00916715417936,23.0,0.009167154179360181
R10,132,1.32,23.00916248349091,23.0,0.0091624834909112
R10,133,1.33,23.0091578822816,23.0,0.009157882281598972
R10,134,1.34,23.009153344047952,23.0,0.009153344047950896
R10,135,1.35,23.00914892486103,23.0,0.009148924861028718
R10,136,1.36,23.009144569201478,23.0,0.009144569201478703
R10,137,1.37,23.009140271884892,23.0,0.009140271884891148
R10,138,1.3800000000000001,23.00913608887707,23.0,0.009136088877070847
R10,139,1.3900000000000001,23.009131963881963,23.0,0.00913196388196127
R10,140,1.4000000000000001,23.00912789322414,23.0,0.009127893224140848
R10,141,1.41,23.00912393218383,23.0,0.009123932183828742
R10,142,1.42,23.009120024227908,23.0,0.00912002422790863
R10,143,1.43,23.009116167971378,23.0,0.00911616797137924
R10,144,1.44,23.00911241507953,23.0,0.009112415079530933
R10,145,1.45,23.009108711629217,23.0,0.009108711629218646
R10,146,1.46,23.00910505756934,23.0,0.009105057569340148
R10,147,1.47,23.00910150101319,23.0,0.009101501013191182
R10,148,1.48,23.00909799055134,23.0,0.009097990551339308
R10,149,1.49,23.0090945274594,23.0,0.00909452745939916
R10,150,1.5,23.00909115634746,23.0,0.009091156347460582
R10,151,1.51,23.00908782824884,23.0,0.009087828248840423
R10,152,1.52,23.0090845457339,23.0,0.009084545733898608
R10,153,1.53,23.00908135000012,23.0,0.009081350000118959
R10,154,1.54,23.00907819443801,23.0,0.009078194438009746
R10,155,1.55,23.009075082891663,23.0,0.009075082891661168
R10,156,1.56,23.009072053211362,23.0,0.009072053211360754
R10,157,1.57,23.00906906108148,23.0,0.009069061081478934
R10,158,1.58,23.00906611158889,23.0,0.009066111588890636
R10,159,1.59,23.00906323931737,23.0,0.00906323931737063
R10,160,1.6,23.00906040215893,23.0,0.009060402158928582
R10,161,1.61,23.0090576064357,23.0,0.009057606435700905
R10,162,1.62,23.00905488352948,23.0,0.009054883529481117
R10,163,1.6300000000000001,23.00905219348035,23.0,0.009052193480349047
R10,164,1.6400000000000001,23.00904954381517,23.0,0.009049543815169158
R10,165,1.6500000000000001,23.00904696278723,23.0,0.009046962787229518
R10,166,1.6600000000000001,23.00904441252029,23.0,0.009044412520290734
R10,167,1.67,23.00904190172351,23.0,0.009041901723509226
R10,168,1.68,23.0090394555915,23.0,0.009039455591499745
R10,169,1.69,23.00903703827,23.0,0.009037038270000153
R10,170,1.7,23.00903465962831,23.0,0.009034659628309783
R10,171,1.71,23.0090323418709,23.0,0.009032341870900495
R10,172,1.72,23.00903005110637,23.0,0.009030051106370252
R10,173,1.73,23.00902779834227,23.0,0.0090277983422709
R10,174,1.74,23.00902560286016,23.0,0.00902560286016012
R10,175,1.75,23.00902343267475,23.0,0.009023432674749188
R10,176,1.76,23.00902129991037,23.0,0.009021299910369863
R10,177,1.77,23.00901922099135,23.0,0.009019220991351062
R10,178,1.78,23.00901716578416,23.0,0.009017165784160851
R10,179,1.79,23.00901514750867,23.0,0.009015147508671361
R10,180,1.8,23.00901317979629,23.0,0.009013179796289706
R10,181,1.81,23.00901123431298,23.0,0.0090112343129789
R10,182,1.82,23.00900932535334,23.0,0.009009325353341069
R10,183,1.83,23.00900746381862,23.0,0.009007463818619499
R10,184,1.84,23.00900562312408,23.0,0.009005623124079421
R10,185,1.85,23.00900381861857,23.0,0.009003818618569425
R10,186,1.86,23.00900205853445,23.0,0.00900205853444902
R10,187,1.87,23.00900031798807,23.0,0.00900031798807106
R10,188,1.8800000000000001,23.008998613362373,23.0,0.008998613362371089
R10,189,1.8900000000000001,23.00899695028058,23.0,0.00899695028057863
R10,190,1.9000000000000001,23.00899530551377,23.0,0.008995305513769836
R10,191,1.9100000000000001,23.00899369645924,23.0,0.008993696459239687
R10,192,1.92,23.00899212618931,23.0,0.008992126189309602
R10,193,1.93,23.00899057308517,23.0,0.00899057308517115
R10,194,1.94,23.0089890555391,23.0,0.008989055539100833
R10,195,1.95,23.00898757412924,23.0,0.00898757412923885
R10,196,1.96,23.00898610880398,23.0,0.008986108803981097
R10,197,1.97,23.00898467893157,23.0,0.008984678931568624
R10,198,1.98,23.00898328265123,23.0,0.008983282651229274
R10,199,1.99,23.00898190143724,23.0,0.008981901437240935
R10,200,2.0,23.00898055561517,23.0,0.00898055561517026
R10,201,2.0100000000000002,23.00897924093912,23.0,0.008979240939120814
R10,202,2.02,23.00897794036946,23.0,0.008977940369459248
R10,203,2.0300000000000002,23.00897667517084,23.0,0.0089766751708396
R10,204,2.04,23.008975438764573,23.0,0.008975438764571209
R10,205,2.05,23.008974215558812,23.0,0.008974215558811238
R10,206,2.06,23.008973027739362,23.0,0.008973027739361327
R10,207,2.07,23.00897186644572,23.0,0.008971866445719456
R10,208,2.08,23.00897071749684,23.0,0.008970717496839597
R10,209,2.09,23.00896960398223,23.0,0.008969603982228591
R10,210,2.1,23.008968514809062,23.0,0.008968514809060935
R10,211,2.11,23.008967437171528,23.0,0.008967437171529013
R10,212,2.12,23.00896639504563,23.0,0.008966395045629839
R10,213,2.13,23.008965375154467,23.0,0.008965375154468802
R10,214,2.14,23.00896436603311,23.0,0.008964366033109173
R10,215,2.15,23.00896339252548,23.0,0.008963392525478753
R10,216,2.16,23.00896243922283,23.0,0.008962439222830198
R10,217,2.17,23.008961495960882,23.0,0.008961495960880939
R10,218,2.18,23.00896058844388,23.0,0.00896058844388108
R10,219,2.19,23.00895969916618,23.0,0.008959699166180713
R10,220,2.2,23.0089588192428,23.0,0.008958819242801041
R10,221,2.21,23.00895797521169,23.0,0.008957975211689017
R10,222,2.22,23.00895714751985,23.0,0.008957147519851105
R10,223,2.23,23.00895632853074,23.0,0.008956328530740621
R10,224,2.24,23.00895554560211,23.0,0.008955545602108827
R10,225,2.25,23.00895477717669,23.0,0.008954777176688822
R10,226,2.2600000000000002,23.00895401683306,23.0,0.008954016833058631
R10,227,2.27,23.008953292735068,23.0,0.008953292735068886
R10,228,2.2800000000000002,23.00895258136314,23.0,0.00895258136314112
R10,229,2.29,23.00895187748217,23.0,0.008951877482169834
R10,230,2.3000000000000003,23.008951210047062,23.0,0.008951210047061408
R10,231,2.31,23.00895055361662,23.0,0.008950553616620028
R10,232,2.32,23.00894990411431,23.0,0.00894990411431138
R10,233,2.33,23.00894929127132,23.0,0.008949291271321158
R10,234,2.34,23.00894868776448,23.0,0.008948687764478791
R10,235,2.35,23.00894809064889,23.0,0.00894809064888875
R10,236,2.36,23.00894753041765,23.0,0.008947530417648864
R10,237,2.37,23.008946977904092,23.0,0.008946977904091113
R10,238,2.38,23.008946431906217,23.0,0.008946431906218777
R10,239,2.39,23.00894592178394,23.0,0.00894592178393907
R10,240,2.4,23.00894541839029,23.0,0.008945418390288751
R10,241,2.41,23.008944922181833,23.0,0.008944922181831317
R10,242,2.42,23.008944459874122,23.0,0.00894445987412098
R10,243,2.43,23.00894400380723,23.0,0.008944003807229706
R10,244,2.44,23.0089435556091,23.0,0.008943555609099008
R10,245,2.45,23.00894313939346,23.0,0.008943139393460342
R10,246,2.46,23.0089427289502,23.0,0.008942728950199808
R10,247,2.47,23.008942327052488,23.0,0.008942327052488963
R10,248,2.48,23.00894195527427,23.0,0.00894195527426973
R10,249,2.49,23.00894158881642,23.0,0.00894158881642113
R10,250,2.5,23.00894123157757,23.0,0.008941231577568941
R10,251,2.5100000000000002,23.00894090263893,23.0,0.00894090263892906
R10,252,2.52,23.008940578587648,23.0,0.008940578587649383
R10,253,2.5300000000000002,23.00894026442032,23.0,0.008940264420320431
R10,254,2.54,23.00893997678359,23.0,0.00893997678359142
R10,255,2.5500000000000003,23.00893969361452,23.0,0.00893969361451923
R10,256,2.56,23.00893942098633,23.0,0.008939420986328628
R10,257,2.57,23.00893917316326,23.0,0.008939173163258828
R10,258,2.58,23.00893892940136,23.0,0.008938929401361406
R10,259,2.59,23.00893869682834,23.0,0.008938696828340652
R10,260,2.6,23.00893848737659,23.0,0.008938487376590842
R10,261,2.61,23.00893828158981,23.0,0.008938281589809093
R10,262,2.62,23.00893808763274,23.0,0.008938087632739667
R10,263,2.63,23.00893791515088,23.0,0.008937915150880826
R10,264,2.64,23.008937745950583,23.0,0.008937745950581189
R10,265,2.65,23.008937589204727,23.0,0.008937589204728624
R10,266,2.66,23.00893745232714,23.0,0.00893745232714025
R10,267,2.67,23.00893731835497,23.0,0.008937318354969647
R10,268,2.68,23.00893719745282,23.0,0.008937197452820556
R10,269,2.69,23.00893709484479,23.0,0.008937094844790749
R10,270,2.7,23.00893699477295,23.0,0.008936994772949448
R10,271,2.71,23.008936908373748,23.0,0.008936908373749474
R10,272,2.72,23.008936838726108,23.0,0.00893683872610893
R10,273,2.73,23.00893677125068,23.0,0.008936771250679954
R10,274,2.74,23.00893671803642,23.0,0.008936718036420644
R10,275,2.75,23.00893668006019,23.0,0.008936680060190837
R10,276,2.7600000000000002,23.008936643895687,23.0,0.00893664389568869
R10,277,2.77,23.008936622565532,23.0,0.008936622565531138
R10,278,2.7800000000000002,23.0089366149863,23.0,0.008936614986299673
R10,279,2.79,23.00893660886003,23.0,0.008936608860028627
R10,280,2.8000000000000003,23.00893661812452,23.0,0.00893661812451967
R10,281,2.81,23.008936639676712,23.0,0.008936639676710456
R10,282,2.82,23.008936662322718,23.0,0.008936662322719257
R10,283,2.83,23.00893670089784,23.0,0.008936700897839956
R10,284,2.84,23.0089367503188,23.0,0.008936750318798658
R10,285,2.85,23.00893680047135,23.0,0.008936800471349215
R10,286,2.86,23.00893686707258,23.0,0.008936867072580412
R10,287,2.87,23.00893694309567,23.0,0.008936943095670813
R10,288,2.88,23.00893701948167,23.0,0.008937019481669495
R10,289,2.89,23.00893711282039,23.0,0.00893711282039078
R10,290,2.9,23.00893721417383,23.0,0.008937214173829488
R10,291,2.91,23.00893731548999,23.0,0.008937315489990282
R10,292,2.92,23.0089374342868,23.0,0.008937434286801249
R10,293,2.93,23.0089375596736,23.0,0.008937559673600503
R10,294,2.94,23.008937684545153,23.0,0.008937684545151115
R10,295,2.95,23.00893784754447,23.0,0.008937847544470402
R10,296,2.96,23.00893802213286,23.0,0.008938022132861078
R10,297,2.97,23.0089381959931,23.0,0.008938195993098929
R10,298,2.98,23.008938368643168,23.0,0.008938368643168815
R10,299,2.99,23.008938540062122,23.0,0.008938540062121091
R10,300,3.0,23.00893871024489,23.0,0.008938710244891013
R10,301,3.0100000000000002,23.00893887918782,23.0,0.008938879187820704
R10,302,3.02,23.00893904688808,23.0,0.008939046888079361
R10,303,3.0300000000000002,23.00893921334266,23.0,0.008939213342659968
R10,304,3.04,23.00893937855334,23.0,0.008939378553338883
R10,305,3.0500000000000003,23.00893954251663,23.0,0.008939542516628762
R10,306,3.06,23.00893970523265,23.0,0.008939705232648976
R10,307,3.0700000000000003,23.00893986670519,23.0,0.00893986670519098
R10,308,3.08,23.00894002693279,23.0,0.008940026932791056
R10,309,3.09,23.00894018591738,23.0,0.00894018591737904
R10,310,3.1,23.00894034366445,23.0,0.008940343664448847
R10,311,3.11,23.00894050017419,23.0,0.008940500174190902
R10,312,3.12,23.00894065545106,23.0,0.008940655451058887
R10,313,3.13,23.00894080949904,23.0,0.008940809499040369
R10,314,3.14,23.00894096232162,23.0,0.008940962321619849
R10,315,3.15,23.00894111392638,23.0,0.00894111392638024
R10,316,3.16,23.00894126431574,23.0,0.008941264315740226
R10,317,3.17,23.008941413496068,23.0,0.008941413496069117
R10,318,3.18,23.00894156147323,23.0,0.008941561473230308
R10,319,3.19,23.00894170825332,23.0,0.008941708253320257
R10,320,3.2,23.00894185384185,23.0,0.008941853841849933
R10,321,3.21,23.00894199824724,23.0,0.00894199824724069
R10,322,3.22,23.0089421414764,23.0,0.008942141476399
R10,323,3.23,23.00894228353465,23.0,0.008942283534651096
R10,324,3.24,23.00894242443011,23.0,0.008942424430111373
R10,325,3.25,23.0089425641703,23.0,0.008942564170300215
R10,326,3.2600000000000002,23.008942702762848,23.0,0.008942702762848854
R10,327,3.27,23.00894284021554,23.0,0.00894284021553915
R10,328,3.2800000000000002,23.00894297653631,23.0,0.008942976536309289
R10,329,3.29,23.0089431117332,23.0,0.008943111733199772
R10,330,3.3000000000000003,23.00894324581438,23.0,0.008943245814378997
R10,331,3.31,23.0089433787881,23.0,0.008943378788100632
R10,332,3.3200000000000003,23.0089435106627,23.0,0.00894351066270076
R10,333,3.33,23.00894364144662,23.0,0.008943641446620632
R10,334,3.34,23.00894377114833,23.0,0.008943771148329916
R10,335,3.35,23.00894389977638,23.0,0.008943899776380704
R10,336,3.36,23.00894402733937,23.0,0.008944027339370563
R10,337,3.37,23.008944153845142,23.0,0.008944153845141046
R10,338,3.38,23.00894427930472,23.0,0.008944279304719771
R10,339,3.39,23.00894440372447,23.0,0.008944403724470362
R10,340,3.4,23.00894452711384,23.0,0.008944527113840195
R10,341,3.41,23.00894464948079,23.0,0.00894464948079019
R10,342,3.42,23.008944770836372,23.0,0.008944770836370708
R10,343,3.43,23.00894489118701,23.0,0.00894489118701074
R10,344,3.44,23.00894501054217,23.0,0.00894501054216903
R10,345,3.45,23.00894512891057,23.0,0.008945128910571042
R10,346,3.46,23.00894524630089,23.0,0.008945246300891085
R10,347,3.47,23.00894536272183,23.0,0.008945362721829043
R10,348,3.48,23.00894547818203,23.0,0.008945478182030796
R10,349,3.49,23.0089455926901,23.0,0.008945592690099601
R10,350,3.5,23.00894570625464,23.0,0.008945706254638707
R10,351,3.5100000000000002,23.008945818884207,23.0,0.008945818884208733
R10,352,3.52,23.00894593058733,23.0,0.008945930587330508
R10,353,3.5300000000000002,23.00894604137247,23.0,0.008946041372470858
R10,354,3.54,23.00894615124806,23.0,0.008946151248059664
R10,355,3.5500000000000003,23.00894626022251,23.0,0.00894626022250975
R10,356,3.56,23.008946368304148,23.0,0.008946368304148678
R10,357,3.5700000000000003,23.00894647550127,23.0,0.008946475501269901
R10,358,3.58,23.008946581822123,23.0,0.008946581822121403
R10,359,3.59,23.008946687274868,23.0,0.008946687274868737
R10,360,3.6,23.00894679186767,23.0,0.008946791867668936
R10,361,3.61,23.00894689560859,23.0,0.00894689560859092
R10,362,3.62,23.008946998505643,23.0,0.008946998505641091
R10,363,3.63,23.00894710056679,23.0,0.00894710056678889
R10,364,3.64,23.00894720179994,23.0,0.00894720179994124
R10,365,3.65,23.00894730221291,23.0,0.008947302212911267
R10,366,3.66,23.0089474018135,23.0,0.008947401813500733
R10,367,3.67,23.008947500609402,23.0,0.00894750060940055
R10,368,3.68,23.00894759860828,23.0,0.008947598608278895
R10,369,3.69,23.0089476958177,23.0,0.008947695817698786
R10,370,3.7,23.00894779224521,23.0,0.00894779224520903
R10,371,3.71,23.008947887898252,23.0,0.008947887898250429
R10,372,3.72,23.00894798278421,23.0,0.008947982784209784
R10,373,3.73,23.00894807691041,23.0,0.008948076910411374
R10,374,3.74,23.008948170284132,23.0,0.008948170284131151
R10,375,3.75,23.00894826291193,23.0,0.00894826291192885
R10,376,3.7600000000000002,23.00894835480277,23.0,0.008948354802768677
R10,377,3.77,23.0089484459619,23.0,0.00894844596190012
R10,378,3.7800000000000002,23.008948536396908,23.0,0.008948536396908935
R10,379,3.79,23.00894862611473,23.0,0.008948626114730018
R10,380,3.8000000000000003,23.00894871512221,23.0,0.00894871512221016
R10,381,3.81,23.008948803426158,23.0,0.008948803426159202
R10,382,3.8200000000000003,23.0089488910333,23.0,0.008948891033298878
R10,383,3.83,23.00894897795031,23.0,0.008948977950311132
R10,384,3.84,23.00894906418377,23.0,0.008949064183769905
R10,385,3.85,23.00894914974022,23.0,0.008949149740220718
R10,386,3.86,23.00894923462613,23.0,0.00894923462612951
R10,387,3.87,23.0089493188479,23.0,0.00894931884789969
R10,388,3.88,23.00894940241187,23.0,0.008949402411869301
R10,389,3.89,23.00894948532432,23.0,0.00894948532431954
R10,390,3.9,23.00894956759144,23.0,0.008949567591440655
R10,391,3.91,23.0089496492194,23.0,0.008949649219400158
R10,392,3.92,23.00894973021427,23.0,0.008949730214268925
R10,393,3.93,23.008949810582088,23.0,0.008949810582089412
R10,394,3.94,23.0089498903288,23.0,0.008949890328798915
R10,395,3.95,23.00894996946029,23.0,0.008949969460289253
R10,396,3.96,23.00895004798242,23.0,0.008950047982420984
R10,397,3.97,23.00895012590096,23.0,0.00895012590096087
R10,398,3.98,23.00895020322161,23.0,0.008950203221610309
R10,399,3.99,23.00895027995005,23.0,0.008950279950050799
R10,400,4.0,23.00895035609134,23.0,0.008950356091341405
R12,0,0.0,24.0,24.0,0.0
R12,1,0.01,24.004001970523312,24.0,0.004001970523310661
R12,2,0.02,24.00413040214158,24.0,0.004130402141581157
R12,3,0.03,24.004215651412572,24.0,0.004215651412570765
R12,4,0.04,24.00429843749955,24.0,0.004298437499551255
R12,5,0.05,24.00438091907492,24.0,0.0043809190749186655
R12,6,0.06,24.00446298536362,24.0,0.0044629853636195095
R12,7,0.07,24.00454452359599,24.0,0.004544523595990313
R12,8,0.08,24.00462711671429,24.0,0.004627116714289059
R12,9,0.09,24.004711076882298,24.0,0.0047110768822989256
R12,10,0.1,24.004793794877692,24.0,0.004793794877690516
R12,11,0.11,24.00487552933032,24.0,0.004875529330320205
R12,12,0.12,24.004956875294912,24.0,0.004956875294911356
R12,13,0.13,24.00503794609103,24.0,0.005037946091030676
R12,14,0.14,24.005118345699902,24.0,0.0051183456999012835
R12,15,0.15,24.00519818278856,24.0,0.005198182788561212
R12,16,0.16,24.005278103015602,24.0,0.005278103015601232
R12,17,0.17,24.00535761601147,24.0,0.005357616011468736
R12,18,0.18,24.00543669970207,24.0,0.005436699702070768
R12,19,0.19,24.00551564671936,24.0,0.005515646719359779
R12,20,0.2,24.005594519628907,24.0,0.005594519628908756
R12,21,0.21,24.005673049691858,24.0,0.0056730496918589775
R12,22,0.22,24.00575132638423,24.0,0.005751326384230993
R12,23,0.23,24.00582971329105,24.0,0.005829713291049643
R12,24,0.24,24.00590781727042,24.0,0.005907817270420423
R12,25,0.25,24.00598566852689,24.0,0.005985668526889754
R12,26,0.26,24.006063608122012,24.0,0.006063608122011033
R12,27,0.27,24.00614137317813,24.0,0.006141373178130039
R12,28,0.28,24.00621892193803,24.0,0.006218921938028643
R12,29,0.29,24.00629647929334,24.0,0.006296479293339985
R12,30,0.3,24.00637396816864,24.0,0.006373968168639976
R12,31,0.31,24.006451268068822,24.0,0.006451268068821037
R12,32,0.32,24.00652852138731,24.0,0.006528521387309638
R12,33,0.33,24.00660578049076,24.0,0.0066057804907586615
R12,34,0.34,24.006682872620978,24.0,0.006682872620979196
R12,35,0.35000000000000003,24.006759878202,24.0,0.006759878202001346
R12,36,0.36,24.00683694220808,24.0,0.006836942208079222
R12,37,0.37,24.00691385859529,24.0,0.006913858595291344
R12,38,0.38,24.006990659048448,24.0,0.006990659048449288
R12,39,0.39,24.007067554454387,24.0,0.007067554454388869
R12,40,0.4,24.0071443198744,24.0,0.00714431987439923
R12,41,0.41000000000000003,24.00722095864975,24.0,0.0072209586497507415
R12,42,0.42,24.00729769696353,24.0,0.0072976969635305975
R12,43,0.43,24.0073743302074,24.0,0.0073743302074007035
R12,44,0.44,24.00745084868595,24.0,0.007450848685948586
R12,45,0.45,24.00752743357033,24.0,0.0075274335703312545
R12,46,0.46,24.00760394911134,24.0,0.007603949111339148
R12,47,0.47000000000000003,24.00768036198742,24.0,0.0076803619874198144
R12,48,0.48,24.00775681527618,24.0,0.007756815276181328
R12,49,0.49,24.00783322542922,24.0,0.007833225429220648
R12,50,0.5,24.007909543773142,24.0,0.00790954377314108
R12,51,0.51,24.00798588354002,24.0,0.00798588354001879
R12,52,0.52,24.008062199707958,24.0,0.008062199707958939
R12,53,0.53,24.00813843205743,24.0,0.008138432057430122
R12,54,0.54,24.00821467241922,24.0,0.008214672419219938
R12,55,0.55,24.00829090537814,24.0,0.008290905378140678
R12,56,0.56,24.00836705932869,24.0,0.008367059328691084
R12,57,0.5700000000000001,24.00844321076024,24.0,0.008443210760239595
R12,58,0.58,24.00851936988915,24.0,0.00851936988914872
R12,59,0.59,24.00859545319167,24.0,0.008595453191671255
R12,60,0.6,24.00867152381374,24.0,0.008671523813740123
R12,61,0.61,24.00874761619496,24.0,0.008747616194960983
R12,62,0.62,24.008823636623152,24.0,0.008823636623151287
R12,63,0.63,24.00889963389207,24.0,0.008899633892070824
R12,64,0.64,24.008975664342632,24.0,0.008975664342631261
R12,65,0.65,24.00905162858063,24.0,0.009051628580630222
R12,66,0.66,24.00912756024704,24.0,0.009127560247040378
R12,67,0.67,24.00920353252137,24.0,0.00920353252136863
R12,68,0.68,24.00927944522988,24.0,0.009279445229879002
R12,69,0.6900000000000001,24.00935531970577,24.0,0.00935531970577017
R12,70,0.7000000000000001,24.00943125983814,24.0,0.009431259838140704
R12,71,0.71,24.00950769744472,24.0,0.009507697444720974
R12,72,0.72,24.00959120055734,24.0,0.009591200557341039
R12,73,0.73,24.00968510096471,24.0,0.009685100964711068
R12,74,0.74,24.00973889066517,24.0,0.009738890665170174
R12,75,0.75,24.00974099030401,24.0,0.00974099030401021
R12,76,0.76,24.00972343395118,24.0,0.009723433951180027
R12,77,0.77,24.00970196898423,24.0,0.009701968984231257
R12,78,0.78,24.00968089243052,24.0,0.009680892430520772
R12,79,0.79,24.00966116470491,24.0,0.009661164704908742
R12,80,0.8,24.00964269805676,24.0,0.009642698056759968
R12,81,0.81,24.009625336435327,24.0,0.00962533643532879
R12,82,0.8200000000000001,24.00960901959014,24.0,0.009609019590141089
R12,83,0.8300000000000001,24.00959350553137,24.0,0.009593505531370283
R12,84,0.84,24.00957867805183,24.0,0.00957867805182957
R12,85,0.85,24.00956454363418,24.0,0.009564543634181178
R12,86,0.86,24.00955094190007,24.0,0.009550941900070598
R12,87,0.87,24.00953780799086,24.0,0.009537807990861324
R12,88,0.88,24.00952518353771,24.0,0.009525183537709836
R12,89,0.89,24.00951295212861,24.0,0.009512952128611118
R12,90,0.9,24.0095010706826,24.0,0.009501070682600244
R12,91,0.91,24.00948959348684,24.0,0.009489593486838999
R12,92,0.92,24.00947842933384,24.0,0.009478429333839244
R12,93,0.93,24.00946754427112,24.0,0.009467544271120686
R12,94,0.9400000000000001,24.0094569961356,24.0,0.009456996135600092
R12,95,0.9500000000000001,24.0094467102996,24.0,0.009446710299599204
R12,96,0.96,24.00943665671401,24.0,0.009436656714009927
R12,97,0.97,24.00942689294488,24.0,0.009426892944878773
R12,98,0.98,24.00941735655025,24.0,0.009417356550250134
R12,99,0.99,24.00940801903606,24.0,0.00940801903605859
R12,100,1.0,24.00939893609074,24.0,0.00939893609073863
R12,101,1.01,24.0093900548724,24.0,0.00939005487240081
R12,102,1.02,24.00938134736573,24.0,0.009381347365729199
R12,103,1.03,24.009372866718248,24.0,0.00937286671824893
R12,104,1.04,24.00936456799327,24.0,0.009364567993270612
R12,105,1.05,24.00935642315514,24.0,0.009356423155139737
R12,106,1.06,24.00934848258506,24.0,0.009348482585059515
R12,107,1.07,24.00934070803842,24.0,0.009340708038419621
R12,108,1.08,24.00933307124013,24.0,0.009333071240129697
R12,109,1.09,24.00932561978995,24.0,0.009325619789950678
R12,110,1.1,24.009318321203928,24.0,0.009318321203929258
R12,111,1.11,24.009311146903208,24.0,0.009311146903209533
R12,112,1.12,24.00930414177982,24.0,0.00930414177981902
R12,113,1.1300000000000001,24.0092972783819,24.0,0.009297278381899332
R12,114,1.1400000000000001,24.0092905277943,24.0,0.009290527794300374
R12,115,1.1500000000000001,24.00928393236314,24.0,0.009283932363140934
R12,116,1.16,24.009277469042168,24.0,0.009277469042169173
R12,117,1.17,24.009271108624652,24.0,0.009271108624650993
R12,118,1.18,24.00926489105295,24.0,0.009264891052950475
R12,119,1.19,24.00925879717135,24.0,0.009258797171349897
R12,120,1.2,24.00925279753086,24.0,0.00925279753085988
R12,121,1.21,24.009246929831143,24.0,0.009246929831141415
R12,122,1.22,24.00924117836031,24.0,0.009241178360309733
R12,123,1.23,24.00923551348383,24.0,0.009235513483830005
R12,124,1.24,24.00922997081733,24.0,0.009229970817330013
R12,125,1.25,24.009224537699872,24.0,0.009224537699870439
R12,126,1.26,24.009219184381912,24.0,0.00921918438191085
R12,127,1.27,24.00921394453554,24.0,0.009213944535540008
R12,128,1.28,24.00920880822123,24.0,0.00920880822123138
R12,129,1.29,24.009203745607103,24.0,0.009203745607101155
R12,130,1.3,24.00919878858977,24.0,0.009198788589770857
R12,131,1.31,24.00919392963753,24.0,0.009193929637530119
R12,132,1.32,24.00918913890208,24.0,0.009189138902078753
R12,133,1.33,24.0091844466276,24.0,0.009184446627600096
R12,134,1.34,24.009179847425592,24.0,0.009179847425590993
R12,135,1.35,24.00917531147765,24.0,0.009175311477650893
R12,136,1.36,24.00917086751265,24.0,0.00917086751265117
R12,137,1.37,24.00916651203459,24.0,0.009166512034590823
R12,138,1.3800000000000001,24.009162215311992,24.0,0.009162215311991417
R12,139,1.3900000000000001,24.009158004652498,24.0,0.009158004652499585
R12,140,1.4000000000000001,24.0091538782604,24.0,0.00915387826040046
R12,141,1.41,24.00914980652194,24.0,0.009149806521941172
R12,142,1.42,24.00914581544285,24.0,0.009145815442849425
R12,143,1.43,24.00914190472376,24.0,0.009141904723759354
R12,144,1.44,24.0091380449098,24.0,0.009138044909801125
R12,145,1.45,24.00913426080486,24.0,0.009134260804859195
R12,146,1.46,24.00913055343241,24.0,0.009130553432410694
R12,147,1.47,24.00912689353018,24.0,0.009126893530179814
R12,148,1.48,24.00912330478923,24.0,0.009123304789230246
R12,149,1.49,24.00911978940964,24.0,0.009119789409641043
R12,150,1.5,24.00911631834168,24.0,0.00911631834167963
R12,151,1.51,24.00911291425588,24.0,0.0091129142558799
R12,152,1.52,24.009109580376823,24.0,0.009109580376821214
R12,153,1.53,24.00910628790463,24.0,0.009106287904629085
R12,154,1.54,24.00910305856834,24.0,0.009103058568339862
R12,155,1.55,24.00909989647881,24.0,0.00909989647880991
R12,156,1.56,24.00909677311966,24.0,0.009096773119659929
R12,157,1.57,24.00909370934171,24.0,0.009093709341709656
R12,158,1.58,24.00909071004569,24.0,0.009090710045688866
R12,159,1.59,24.00908774700017,24.0,0.009087747000168633
R12,160,1.6,24.009084840254932,24.0,0.009084840254931236
R12,161,1.61,24.00908199538521,24.0,0.009081995385210461
R12,162,1.62,24.00907918447293,24.0,0.00907918447292957
R12,163,1.6300000000000001,24.009076426829402,24.0,0.00907642682940093
R12,164,1.6400000000000001,24.009073728599052,24.0,0.009073728599051378
R12,165,1.6500000000000001,24.00907106219946,24.0,0.00907106219945888
R12,166,1.6600000000000001,24.00906844626461,24.0,0.00906844626460952
R12,167,1.67,24.00906588742119,24.0,0.0090658874211897
R12,168,1.68,24.00906335843638,24.0,0.009063358436378621
R12,169,1.69,24.00906087730509,24.0,0.009060877305088866
R12,170,1.7,24.00905845107498,24.0,0.009058451074980666
R12,171,1.71,24.00905605286637,24.0,0.009056052866370123
R12,172,1.72,24.00905370009403,24.0,0.009053700094028727
R12,173,1.73,24.009051400145008,24.0,0.00905140014500887
R12,174,1.74,24.009049126506348,24.0,0.009049126506349125
R12,175,1.75,24.00904689605892,24.0,0.009046896058919174
R12,176,1.76,24.0090447164631,24.0,0.009044716463100145
R12,177,1.77,24.00904256158182,24.0,0.009042561581819087
R12,178,1.78,24.00904044780498,24.0,0.009040447804980544
R12,179,1.79,24.00903838300594,24.0,0.009038383005940887
R12,180,1.8,24.00903634143132,24.0,0.009036341431320238
R12,181,1.81,24.00903433901993,24.0,0.009034339019930827
R12,182,1.82,24.009032383803,24.0,0.009032383803000244
R12,183,1.83,24.00903045041742,24.0,0.00903045041742132
R12,184,1.84,24.00902855438803,24.0,0.009028554388029875
R12,185,1.85,24.00902670385353,24.0,0.009026703853530193
R12,186,1.86,24.00902487384659,24.0,0.009024873846590254
R12,187,1.87,24.0090230795125,24.0,0.009023079512499522
R12,188,1.8800000000000001,24.009021329051482,24.0,0.009021329051481074
R12,189,1.8900000000000001,24.00901959789642,24.0,0.00901959789642035
R12,190,1.9000000000000001,24.0090179008452,24.0,0.009017900845199734
R12,191,1.9100000000000001,24.009016246117472,24.0,0.009016246117471382
R12,192,1.92,24.009014609549872,24.0,0.009014609549871011
R12,193,1.93,24.00901300562282,24.0,0.009013005622819037
R12,194,1.94,24.00901144253436,24.0,0.009011442534358594
R12,195,1.95,24.009009896535222,24.0,0.009009896535221173
R12,196,1.96,24.00900838180879,24.0,0.009008381808789068
R12,197,1.97,24.00900690650372,24.0,0.009006906503719847
R12,198,1.98,24.0090054472694,24.0,0.00900544726939927
R12,199,1.99,24.00900401804027,24.0,0.009004018040269558
R12,200,2.0,24.00900262686904,24.0,0.009002626869039432
R12,201,2.0100000000000002,24.0090012508197,24.0,0.00900125081969918
R12,202,2.02,24.00899990358008,24.0,0.008999903580078693
R12,203,2.0300000000000002,24.00899859309413,24.0,0.008998593094131025
R12,204,2.04,24.008997296832,24.0,0.008997296832001211
R12,205,2.05,24.00899602827167,24.0,0.008996028271670297
R12,206,2.06,24.008994795207393,24.0,0.008994795207391349
R12,207,2.07,24.008993575524848,24.0,0.008993575524849006
R12,208,2.08,24.00899238249947,24.0,0.008992382499471319
R12,209,2.09,24.00899122376488,24.0,0.008991223764880374
R12,210,2.1,24.00899007761541,24.0,0.008990077615410996
R12,211,2.11,24.008988957150528,24.0,0.008988957150529586
R12,212,2.12,24.00898786981388,24.0,0.008987869813879001
R12,213,2.13,24.00898679430996,24.0,0.008986794309959124
R12,214,2.14,24.008985743580812,24.0,0.008985743580811344
R12,215,2.15,24.00898472485947,24.0,0.008984724859470817
R12,216,2.16,24.00898371725743,24.0,0.008983717257430612
R12,217,2.17,24.008982733583018,24.0,0.008982733583019353
R12,218,2.18,24.00898178083353,24.0,0.00898178083353116
R12,219,2.19,24.00898083853243,24.0,0.008980838532428948
R12,220,2.2,24.008979919357593,24.0,0.00897991935759137
R12,221,2.21,24.0089790300661,24.0,0.00897903006610079
R12,222,2.22,24.00897815058554,24.0,0.00897815058553988
R12,223,2.23,24.008977293484822,24.0,0.008977293484821302
R12,224,2.24,24.008976465258748,24.0,0.008976465258749044
R12,225,2.25,24.008975646239158,24.0,0.008975646239159118
R12,226,2.2600000000000002,24.008974848898088,24.0,0.008974848898088795
R12,227,2.27,24.00897407945987,24.0,0.008974079459869699
R12,228,2.2800000000000002,24.00897331865044,24.0,0.008973318650438955
R12,229,2.29,24.00897257887008,24.0,0.008972578870080383
R12,230,2.3000000000000003,24.00897186604178,24.0,0.008971866041778753
R12,231,2.31,24.00897116130088,24.0,0.008971161300880225
R12,232,2.32,24.00897047697072,24.0,0.008970476970719687
R12,233,2.33,24.008969818678658,24.0,0.00896981867865918
R12,234,2.34,24.008969167955293,24.0,0.008969167955291369
R12,235,2.35,24.00896853706628,24.0,0.008968537066280646
R12,236,2.36,24.00896793132683,24.0,0.00896793132683058
R12,237,2.37,24.00896733266,24.0,0.008967332660000693
R12,238,2.38,24.00896675329025,24.0,0.008966753290249586
R12,239,2.39,24.008966198205393,24.0,0.008966198205391152
R12,240,2.4,24.00896564972169,24.0,0.008965649721690738
R12,241,2.41,24.00896512002692,24.0,0.008965120026920204
R12,242,2.42,24.00896461377824,24.0,0.00896461377824096
R12,243,2.43,24.008964113682108,24.0,0.008964113682108633
R12,244,2.44,24.00896363189377,24.0,0.008963631893769275
R12,245,2.45,24.00896317273693,24.0,0.008963172736929436
R12,246,2.46,24.00896271930162,24.0,0.008962719301621291
R12,247,2.47,24.00896228372487,24.0,0.008962283724869735
R12,248,2.48,24.00896186998431,24.0,0.008961869984310056
R12,249,2.49,24.00896146155202,24.0,0.008961461552019045
R12,250,2.5,24.00896107055518,24.0,0.008961070555179163
R12,251,2.5100000000000002,24.00896070061713,24.0,0.008960700617129192
R12,252,2.52,24.0089603355937,24.0,0.008960335593698687
R12,253,2.5300000000000002,24.00895998760506,24.0,0.008959987605061314
R12,254,2.54,24.008959659919363,24.0,0.00895965991936123
R12,255,2.5500000000000003,24.00895933676267,24.0,0.008959336762669069
R12,256,2.56,24.008959030265398,24.0,0.008959030265398838
R12,257,2.57,24.0089587433304,24.0,0.008958743330398988
R12,258,2.58,24.00895846055546,24.0,0.00895846055545917
R12,259,2.59,24.0089581940831,24.0,0.008958194083101034
R12,260,2.6,24.00895794644766,24.0,0.008957946447659992
R12,261,2.61,24.008957702615213,24.0,0.00895770261521136
R12,262,2.62,24.00895747474668,24.0,0.00895747474667985
R12,263,2.63,24.00895726500376,24.0,0.008957265003760994
R12,264,2.64,24.00895705871713,24.0,0.008957058717129485
R12,265,2.65,24.00895686807058,24.0,0.008956868070580982
R12,266,2.66,24.00895669485395,24.0,0.008956694853949898
R12,267,2.67,24.00895652475439,24.0,0.008956524754390216
R12,268,2.68,24.00895636998859,24.0,0.00895636998859004
R12,269,2.69,24.00895623196206,24.0,0.008956231962059746
R12,270,2.7,24.00895609672374,24.0,0.008956096723738937
R12,271,2.71,24.008955976522508,24.0,0.00895597652250899
R12,272,2.72,24.00895587238554,24.0,0.00895587238553901
R12,273,2.73,24.008955770710962,24.0,0.008955770710960565
R12,274,2.74,24.00895568378894,24.0,0.008955683788940405
R12,275,2.75,24.008955612261282,24.0,0.008955612261280521
R12,276,2.7600000000000002,24.00895554287596,24.0,0.008955542875960986
R12,277,2.77,24.00895548796888,24.0,0.008955487968879083
R12,278,2.7800000000000002,24.00895544778998,24.0,0.008955447789981008
R12,279,2.79,24.00895540943598,24.0,0.00895540943598121
R12,280,2.8000000000000003,24.00895538529405,24.0,0.008955385294049734
R12,281,2.81,24.00895537522046,24.0,0.008955375220460837
R12,282,2.82,24.00895536665667,24.0,0.008955366656670094
R12,283,2.83,24.00895537203794,24.0,0.008955372037939923
R12,284,2.84,24.008955390832092,24.0,0.00895539083209087
R12,285,2.85,24.0089554108213,24.0,0.008955410821300802
R12,286,2.86,24.00895544449137,24.0,0.00895544449136878
R12,287,2.87,24.008955490924272,24.0,0.008955490924270748
R12,288,2.88,24.008955538227433,24.0,0.008955538227431248
R12,289,2.89,24.008955598953342,24.0,0.008955598953340882
R12,290,2.9,24.008955671785568,24.0,0.008955671785568598
R12,291,2.91,24.00895574516032,24.0,0.008955745160321271
R12,292,2.92,24.00895583169919,24.0,0.008955831699191208
R12,293,2.93,24.00895592968968,24.0,0.008955929689679464
R12,294,2.94,24.00895602787103,24.0,0.008956027871030869
R12,295,2.95,24.008956138978768,24.0,0.00895613897876899
R12,296,2.96,24.008956260874648,24.0,0.008956260874649047
R12,297,2.97,24.00895638253298,24.0,0.008956382532980455
R12,298,2.98,24.00895653125956,24.0,0.008956531259559596
R12,299,2.99,24.00895670179655,24.0,0.008956701796549282
R12,300,3.0,24.00895687210982,24.0,0.008956872109820324
R12,301,3.0100000000000002,24.00895704126917,24.0,0.008957041269169963
R12,302,3.02,24.0089572092368,24.0,0.008957209236800167
R12,303,3.0300000000000002,24.008957376006983,24.0,0.008957376006981122
R12,304,3.04,24.008957541575878,24.0,0.008957541575878736
R12,305,3.0500000000000003,24.008957705940528,24.0,0.008957705940528627
R12,306,3.06,24.008957869098758,24.0,0.008957869098759374
R12,307,3.0700000000000003,24.00895803104911,24.0,0.008958031049110105
R12,308,3.08,24.00895819179084,24.0,0.00895819179083901
R12,309,3.09,24.00895835132389,24.0,0.008958351323889247
R12,310,3.1,24.00895850964768,24.0,0.008958509647681013
R12,311,3.11,24.0089586667667,24.0,0.008958666766699253
R12,312,3.12,24.008958822679382,24.0,0.008958822679380774
R12,313,3.13,24.00895897738897,24.0,0.008958977388971334
R12,314,3.14,24.00895913089826,24.0,0.008959130898259105
R12,315,3.15,24.008959283210437,24.0,0.008959283210438684
R12,316,3.16,24.00895943432913,24.0,0.008959434329130999
R12,317,3.17,24.0089595842584,24.0,0.008959584258400355
R12,318,3.18,24.00895973300161,24.0,0.008959733001609039
R12,319,3.19,24.0089598805667,24.0,0.008959880566700917
R12,320,3.2,24.00896002695572,24.0,0.008960026955719513
R12,321,3.21,24.008960172175073,24.0,0.00896017217507108
R12,322,3.22,24.00896031623051,24.0,0.008960316230511012
R12,323,3.23,24.00896045912804,24.0,0.008960459128039134
R12,324,3.24,24.008960600873912,24.0,0.008960600873911062
R12,325,3.25,24.00896074147461,24.0,0.00896074147460979
R12,326,3.2600000000000002,24.00896088093682,24.0,0.008960880936820103
R12,327,3.27,24.008961019267453,24.0,0.00896101926745132
R12,328,3.2800000000000002,24.008961156473568,24.0,0.008961156473569076
R12,329,3.29,24.00896129256241,24.0,0.00896129256240954
R12,330,3.3000000000000003,24.008961427541372,24.0,0.008961427541370881
R12,331,3.31,24.00896156141796,24.0,0.008961561417959275
R12,332,3.3200000000000003,24.008961694199847,24.0,0.00896169419984858
R12,333,3.33,24.0089618258948,24.0,0.008961825894800768
R12,334,3.34,24.008961956510667,24.0,0.008961956510668756
R12,335,3.35,24.008962086055412,24.0,0.008962086055410623
R12,336,3.36,24.00896221453613,24.0,0.008962214536128953
R12,337,3.37,24.008962341963702,24.0,0.008962341963700738
R12,338,3.38,24.00896246834356,24.0,0.008962468343560204
R12,339,3.39,24.008962593684792,24.0,0.008962593684790932
R12,340,3.4,24.00896271799566,24.0,0.008962717995660795
R12,341,3.41,24.00896284128447,24.0,0.008962841284468937
R12,342,3.42,24.00896296355954,24.0,0.008962963559540071
R12,343,3.43,24.00896308482923,24.0,0.008963084829230184
R12,344,3.44,24.00896320510187,24.0,0.008963205101869676
R12,345,3.45,24.00896332438586,24.0,0.008963324385860005
R12,346,3.46,24.00896344268956,24.0,0.008963442689559998
R12,347,3.47,24.00896356002134,24.0,0.008963560021339845
R12,348,3.48,24.00896367638957,24.0,0.008963676389569741
R12,349,3.49,24.0089637918026,24.0,0.008963791802599985
R12,350,3.5,24.00896390626876,24.0,0.00896390626876098
R12,351,3.5100000000000002,24.008964019796387,24.0,0.008964019796388811
R12,352,3.52,24.00896413239378,24.0,0.008964132393779778
R12,353,3.5300000000000002,24.00896424406837,24.0,0.008964244068368998
R12,354,3.54,24.008964354830848,24.0,0.00896435483084872
R12,355,3.5500000000000003,24.00896446468702,24.0,0.008964464687019813
R12,356,3.56,24.00896457364581,24.0,0.008964573645809538
R12,357,3.5700000000000003,24.00896468171537,24.0,0.008964681715369238
R12,358,3.58,24.0089647889038,24.0,0.008964788903799103
R12,359,3.59,24.00896489521914,24.0,0.008964895219139634
R12,360,3.6,24.00896500066862,24.0,0.008965000668621315
R12,361,3.61,24.00896510526173,24.0,0.00896510526173131
R12,362,3.62,24.008965209006398,24.0,0.008965209006399277
R12,363,3.63,24.00896531190896,24.0,0.008965311908960416
R12,364,3.64,24.008965413977922,24.0,0.008965413977921343
R12,365,3.65,24.00896551522108,24.0,0.008965515221080977
R12,366,3.66,24.008965615646098,24.0,0.008965615646098967
R12,367,3.67,24.00896571526065,24.0,0.008965715260649177
R12,368,3.68,24.00896581407229,24.0,0.008965814072288936
R12,369,3.69,24.008965912088563,24.0,0.008965912088561368
R12,370,3.7,24.008966009316918,24.0,0.008966009316918645
R12,371,3.71,24.00896610576477,24.0,0.008966105764770305
R12,372,3.72,24.00896620143946,24.0,0.00896620143946052
R12,373,3.73,24.00896629634828,24.0,0.008966296348279456
R12,374,3.74,24.00896639049844,24.0,0.008966390498440547
R12,375,3.75,24.00896648389712,24.0,0.00896648389712027
R12,376,3.7600000000000002,24.00896657655141,24.0,0.008966576551409844
R12,377,3.77,24.00896666846835,24.0,0.008966668468349325
R12,378,3.7800000000000002,24.008966759654918,24.0,0.008966759654919087
R12,379,3.79,24.00896685011802,24.0,0.00896685011801992
R12,380,3.8000000000000003,24.00896693986386,24.0,0.008966939863859125
R12,381,3.81,24.00896702890118,24.0,0.00896702890117922
R12,382,3.8200000000000003,24.008967117234782,24.0,0.00896711723478063
R12,383,3.83,24.008967204871272,24.0,0.008967204871271405
R12,384,3.84,24.00896729181922,24.0,0.00896729181922069
R12,385,3.85,24.00896737808325,24.0,0.008967378083249855
R12,386,3.86,24.008967463670437,24.0,0.008967463670438746
R12,387,3.87,24.00896754858722,24.0,0.0089675485872192
R12,388,3.88,24.00896763283994,24.0,0.00896763283994062
R12,389,3.89,24.00896771643488,24.0,0.008967716434881368
R12,390,3.9,24.00896779937827,24.0,0.008967799378268637
R12,391,3.91,24.00896788167628,24.0,0.00896788167628131
R12,392,3.92,24.00896796333501,24.0,0.008967963335010154
R12,393,3.93,24.00896804436049,24.0,0.008968044360489102
R12,394,3.94,24.00896812475872,24.0,0.00896812475872082
R12,395,3.95,24.00896820453562,24.0,0.008968204535619861
R12,396,3.96,24.00896828369704,24.0,0.008968283697041102
R12,397,3.97,24.00896836224878,24.0,0.008968362248779727
R12,398,3.98,24.00896844019659,24.0,0.008968440196591132
R12,399,3.99,24.00896851754616,24.0,0.00896851754615966
R12,400,4.0,24.0089685943031,24.0,0.008968594303098598
C23,0,0.0,23.0,23.0,0.0
C23,1,0.01,23.00395095898616,23.0,0.0039509589861609126
C23,2,0.02,23.00407917926416,23.0,0.004079179264161325
C23,3,0.03,23.00416437015923,23.0,0.004164370159230657
C23,4,0.04,23.00424708229802,23.0,0.004247082298019222
C23,5,0.05,23.00432949621566,23.0,0.004329496215660811
C23,6,0.06,23.00441150341829,23.0,0.004411503418290863
C23,7,0.07,23.00449299199799,23.0,0.004492991997989293
C23,8,0.08,23.00457633229086,23.0,0.004576332290861273
C23,9,0.09,23.00466027039896,23.0,0.00466027039896062
C23,10,0.1,23.00474297633167,23.0,0.004742976331669979
C23,11,0.11,23.0048247059421,23.0,0.004824705942098717
C23,12,0.12,23.00490622067492,23.0,0.004906220674919836
C23,13,0.13,23.00498729824998,23.0,0.004987298249980654
C23,14,0.14,23.005067709185,23.0,0.005067709184999103
C23,15,0.15,23.00514761358685,23.0,0.005147613586851207
C23,16,0.16,23.00522764236018,23.0,0.005227642360179629
C23,17,0.17,23.005307177485612,23.0,0.005307177485610737
C23,18,0.18,23.00538628557878,23.0,0.005386285578779848
C23,19,0.19,23.00546539076864,23.0,0.0054653907686400775
C23,20,0.2,23.005544293739128,23.0,0.005544293739129102
C23,21,0.21,23.00562285511527,23.0,0.005622855115271363
C23,22,0.22,23.00570129032367,23.0,0.00570129032367106
C23,23,0.23,23.00577971311311,23.0,0.005779713113111029
C23,24,0.24,23.00585785394609,23.0,0.00585785394609104
C23,25,0.25,23.0059357992646,23.0,0.00593579926459995
C23,26,0.26,23.006013843412568,23.0,0.006013843412569031
C23,27,0.27,23.00609165027998,23.0,0.006091650279981309
C23,28,0.28,23.006169241006738,23.0,0.006169241006739412
C23,29,0.29,23.006246958577652,23.0,0.006246958577651185
C23,30,0.3,23.006324493312892,23.0,0.006324493312891377
C23,31,0.31,23.006401838836812,23.0,0.00640183883681118
C23,32,0.32,23.00647925272268,23.0,0.006479252722681394
C23,33,0.33,23.00655656039979,23.0,0.006556560399789646
C23,34,0.34,23.00663370143281,23.0,0.006633701432809858
C23,35,0.35000000000000003,23.006710868179578,23.0,0.0067108681795787105
C23,36,0.36,23.00678798258065,23.0,0.0067879825806500095
C23,37,0.37,23.00686495050214,23.0,0.0068649505021397775
C23,38,0.38,23.00694191315863,23.0,0.006941913158630087
C23,39,0.39,23.00701886041105,23.0,0.007018860411051264
C23,40,0.4,23.00709567905842,23.0,0.007095679058420501
C23,41,0.41000000000000003,23.00717247130905,23.0,0.007172471309050366
C23,42,0.42,23.00724927293656,23.0,0.007249272936559237
C23,43,0.43,23.00732596037576,23.0,0.007325960375760587
C23,44,0.44,23.00740260837129,23.0,0.007402608371290853
C23,45,0.45,23.00747928309412,23.0,0.007479283094119183
C23,46,0.46,23.00755585376432,23.0,0.007555853764318954
C23,47,0.47000000000000003,23.00763237720076,23.0,0.007632377200761198
C23,48,0.48,23.0077089412503,23.0,0.007708941250299972
C23,49,0.49,23.00778540795383,23.0,0.007785407953829804
C23,50,0.5,23.00786182158219,23.0,0.007861821582190487
C23,51,0.51,23.00793828810681,23.0,0.007938288106811343
C23,52,0.52,23.00801466293334,23.0,0.008014662933339878
C23,53,0.53,23.00809097868371,23.0,0.008090978683711114
C23,54,0.54,23.00816735743213,23.0,0.008167357432128597
C23,55,0.55,23.00824365128807,23.0,0.008243651288069032
C23,56,0.56,23.00831988014944,23.0,0.008319880149440451
C23,57,0.5700000000000001,23.008396178304842,23.0,0.008396178304840874
C23,58,0.58,23.00847239981064,23.0,0.008472399810639786
C23,59,0.59,23.00854855241384,23.0,0.008548552413839162
C23,60,0.6,23.00862477631696,23.0,0.008624776316960948
C23,61,0.61,23.008700931401002,23.0,0.00870093140100039
C23,62,0.62,23.00877701716787,23.0,0.008777017167869872
C23,63,0.63,23.00885317368064,23.0,0.008853173680640225
C23,64,0.64,23.00892926657697,23.0,0.008929266576970463
C23,65,0.65,23.00900529394779,23.0,0.009005293947791416
C23,66,0.66,23.00908138897926,23.0,0.009081388979259941
C23,67,0.67,23.0091574239526,23.0,0.009157423952601107
C23,68,0.68,23.00923339947675,23.0,0.009233399476750037
C23,69,0.6900000000000001,23.00930943796294,23.0,0.009309437962940592
C23,70,0.7000000000000001,23.009385435686347,23.0,0.009385435686348842
C23,71,0.71,23.009461776201867,23.0,0.009461776201868588
C23,72,0.72,23.00954407584936,23.0,0.009544075849359502
C23,73,0.73,23.00963860509517,23.0,0.00963860509517076
C23,74,0.74,23.00969859948233,23.0,0.009698599482331361
C23,75,0.75,23.00970454114148,23.0,0.009704541141479695
C23,76,0.76,23.00968818650821,23.0,0.009688186508211061
C23,77,0.77,23.00966712121651,23.0,0.009667121216509145
C23,78,0.78,23.00964634341863,23.0,0.009646343418629045
C23,79,0.79,23.009626772522278,23.0,0.009626772522278771
C23,80,0.8,23.009608452347003,23.0,0.009608452347001162
C23,81,0.81,23.00959133310974,23.0,0.009591333109739253
C23,82,0.8200000000000001,23.00957516704575,23.0,0.009575167045750278
C23,83,0.8300000000000001,23.009559800450898,23.0,0.009559800450898593
C23,84,0.84,23.009545210984978,23.0,0.009545210984978781
C23,85,0.85,23.0095312297523,23.0,0.009531229752300873
C23,86,0.86,23.009517771719068,23.0,0.0095177717190694
C23,87,0.87,23.00950486621873,23.0,0.009504866218730968
C23,88,0.88,23.00949239205238,23.0,0.009492392052379728
C23,89,0.89,23.00948029723611,23.0,0.009480297236109436
C23,90,0.9,23.009468632916118,23.0,0.00946863291611919
C23,91,0.91,23.00945730125191,23.0,0.009457301251910622
C23,92,0.92,23.00944626581099,23.0,0.00944626581099044
C23,93,0.93,23.00943558673907,23.0,0.009435586739070346
C23,94,0.9400000000000001,23.00942517890957,23.0,0.009425178909569353
C23,95,0.9500000000000001,23.00941501409205,23.0,0.009415014092050455
C23,96,0.96,23.00940515607359,23.0,0.009405156073589183
C23,97,0.97,23.00939552742438,23.0,0.00939552742437968
C23,98,0.98,23.00938610481461,23.0,0.009386104814609553
C23,99,0.99,23.00937695329998,23.0,0.009376953299980072
C23,100,1.0,23.009368000492632,23.0,0.009368000492631267
C23,101,1.01,23.009359226359457,23.0,0.009359226359458716
C23,102,1.02,23.00935069612896,23.0,0.009350696128959158
C23,103,1.03,23.00934234089071,23.0,0.009342340890711398
C23,104,1.04,23.009334143075,23.0,0.009334143075000157
C23,105,1.05,23.009326167573242,23.0,0.009326167573240696
C23,106,1.06,23.009318347941708,23.0,0.009318347941709248
C23,107,1.07,23.00931066861521,23.0,0.009310668615211171
C23,108,1.08,23.00930319392373,23.0,0.009303193923730645
C23,109,1.09,23.009295859187528,23.0,0.009295859187528777
C23,110,1.1,23.009288650580253,23.0,0.009288650580251101
C23,111,1.11,23.009281631790138,23.0,0.0092816317901395
C23,112,1.12,23.00927473938471,23.0,0.009274739384710528
C23,113,1.1300000000000001,23.00926796111527,23.0,0.009267961115270396
C23,114,1.1400000000000001,23.0092613600226,23.0,0.009261360022600229
C23,115,1.1500000000000001,23.009254873524462,23.0,0.00925487352446055
C23,116,1.16,23.009248490846907,23.0,0.009248490846908907
C23,117,1.17,23.00924227441617,23.0,0.009242274416169493
C23,118,1.18,23.009236162185992,23.0,0.009236162185990793
C23,119,1.19,23.00923014478789,23.0,0.009230144787889572
C23,120,1.2,23.009224284085327,23.0,0.009224284085328804
C23,121,1.21,23.0092185183135,23.0,0.009218518313500113
C23,122,1.22,23.00921283945985,23.0,0.009212839459848965
C23,123,1.23,23.00920730888524,23.0,0.009207308885240195
C23,124,1.24,23.00920186489678,23.0,0.009201864896780876
C23,125,1.25,23.009196500799998,23.0,0.009196500799998831
C23,126,1.26,23.00919127751579,23.0,0.00919127751579083
C23,127,1.27,23.009186133248612,23.0,0.009186133248610418
C23,128,1.28,23.009181062591402,23.0,0.009181062591400746
C23,129,1.29,23.00917612608669,23.0,0.009176126086688895
C23,130,1.3,23.00917126168979,23.0,0.009171261689789389
C23,131,1.31,23.00916646561999,23.0,0.009166465619989595
C23,132,1.32,23.00916179701772,23.0,0.009161797017719664
C23,133,1.33,23.00915719452436,23.0,0.00915719452436008
C23,134,1.34,23.00915265639265,23.0,0.009152656392649306
C23,135,1.35,23.00914823814655,23.0,0.00914823814655108
C23,136,1.36,23.009143881218172,23.0,0.009143881218170691
C23,137,1.37,23.00913958517695,23.0,0.009139585176950505
C23,138,1.3800000000000001,23.00913540196996,23.0,0.009135401969959388
C23,139,1.3900000000000001,23.00913127572123,23.0,0.009131275721230736
C23,140,1.4000000000000001,23.00912720729531,23.0,0.009127207295310313
C23,141,1.41,23.0091232451233,23.0,0.009123245123299739
C23,142,1.42,23.00911933592961,23.0,0.009119335929611339
C23,143,1.43,23.00911548185283,23.0,0.009115481852830953
C23,144,1.44,23.00911172787163,23.0,0.009111727871629682
C23,145,1.45,23.009108023224478,23.0,0.009108023224479211
C23,146,1.46,23.00910437130331,23.0,0.009104371303308767
C23,147,1.47,23.00910081369963,23.0,0.009100813699629385
C23,148,1.48,23.0090973020842,23.0,0.00909730208420001
C23,149,1.49,23.00909384108173,23.0,0.009093841081730147
C23,150,1.5,23.009090468962988,23.0,0.009090468962989462
C23,151,1.51,23.00908713975328,23.0,0.009087139753279416
C23,152,1.52,23.00908385928972,23.0,0.009083859289719953
C23,153,1.53,23.009080662589263,23.0,0.009080662589261124
C23,154,1.54,23.00907750595775,23.0,0.009077505957750986
C23,155,1.55,23.00907439642438,23.0,0.009074396424381348
C23,156,1.56,23.00907136581935,23.0,0.009071365819349354
C23,157,1.57,23.009068372658398,23.0,0.00906837265839897
C23,158,1.58,23.009065425142673,23.0,0.009065425142671302
C23,159,1.59,23.009062551982332,23.0,0.009062551982330547
C23,160,1.6,23.00905971383563,23.0,0.009059713835628713
C23,161,1.61,23.00905692005546,23.0,0.009056920055459727
C23,162,1.62,23.009054196298372,23.0,0.009054196298370698
C23,163,1.6300000000000001,23.00905150530052,23.0,0.009051505300519125
C23,164,1.6400000000000001,23.00904885754663,23.0,0.009048857546630984
C23,165,1.6500000000000001,23.00904627570516,23.0,0.009046275705159701
C23,166,1.6600000000000001,23.00904372452845,23.0,0.009043724528450526
C23,167,1.67,23.00904121561318,23.0,0.009041215613180498
C23,168,1.68,23.00903876870444,23.0,0.009038768704439804
C23,169,1.69,23.00903635051155,23.0,0.009036350511550495
C23,170,1.7,23.00903397372347,23.0,0.009033973723470012
C23,171,1.71,23.00903165522561,23.0,0.009031655225609826
C23,172,1.72,23.00902936362753,23.0,0.00902936362753053
C23,173,1.73,23.00902711269098,23.0,0.009027112690981198
C23,174,1.74,23.00902491650423,23.0,0.009024916504230873
C23,175,1.75,23.00902274552265,23.0,0.00902274552265112
C23,176,1.76,23.009020614561457,23.0,0.009020614561458728
C23,177,1.77,23.00901853497321,23.0,0.00901853497321099
C23,178,1.78,23.00901647900675,23.0,0.009016479006749022
C23,179,1.79,23.009014462511768,23.0,0.009014462511768784
C23,180,1.8,23.00901249416515,23.0,0.009012494165150996
C23,181,1.81,23.00901054795909,23.0,0.009010547959090332
C23,182,1.82,23.00900864075885,23.0,0.009008640758850106
C23,183,1.83,23.00900677862451,23.0,0.009006778624510048
C23,184,1.84,23.00900493724335,23.0,0.009004937243349786
C23,185,1.85,23.00900313447765,23.0,0.009003134477649156
C23,186,1.86,23.00900137382822,23.0,0.009001373828220948
C23,187,1.87,23.008999632630967,23.0,0.00899963263096879
C23,188,1.8800000000000001,23.008997929726938,23.0,0.008997929726939446
C23,189,1.8900000000000001,23.00899626611383,23.0,0.00899626611382871
C23,190,1.9000000000000001,23.008994620731592,23.0,0.00899462073159043
C23,191,1.9100000000000001,23.00899301338199,23.0,0.008993013381990522
C23,192,1.92,23.008991442614438,23.0,0.008991442614438938
C23,193,1.93,23.00898988893001,23.0,0.00898988893000876
C23,194,1.94,23.00898837307347,23.0,0.008988373073469802
C23,195,1.95,23.00898689119942,23.0,0.008986891199418779
C23,196,1.96,23.00898542532872,23.0,0.008985425328719997
C23,197,1.97,23.00898399713172,23.0,0.00898399713171898
C23,198,1.98,23.008982600420403,23.0,0.008982600420401355
C23,199,1.99,23.008981218695542,23.0,0.008981218695541315
C23,200,2.0,23.008979874536003,23.0,0.008979874536001376
C23,201,2.0100000000000002,23.00897855946193,23.0,0.008978559461928626
C23,202,2.02,23.00897725841574,23.0,0.008977258415740152
C23,203,2.0300000000000002,23.00897599486796,23.0,0.00897599486796139
C23,204,2.04,23.008974758096432,23.0,0.0089747580964314
C23,205,2.05,23.00897353444823,23.0,0.00897353444823068
C23,206,2.06,23.00897234826907,23.0,0.008972348269068675
C23,207,2.07,23.008971186642718,23.0,0.00897118664271943
C23,208,2.08,23.008970037285287,23.0,0.008970037285288867
C23,209,2.09,23.00896892540149,23.0,0.008968925401489969
C23,210,2.1,23.00896783592798,23.0,0.00896783592797874
C23,211,2.11,23.00896675791558,23.0,0.008966757915578683
C23,212,2.12,23.008965717412078,23.0,0.00896571741207879
C23,213,2.13,23.00896469725278,23.0,0.00896469725277882
C23,214,2.14,23.008963687790008,23.0,0.008963687790009089
C23,215,2.15,23.00896271589916,23.0,0.00896271589915898
C23,216,2.16,23.00896176235861,23.0,0.008961762358609349
C23,217,2.17,23.00896081879028,23.0,0.008960818790279745
C23,218,2.18,23.00895991288185,23.0,0.008959912881849164
C23,219,2.19,23.00895902339809,23.0,0.008959023398091404
C23,220,2.2,23.00895814319965,23.0,0.008958143199649271
C23,221,2.21,23.00895730077158,23.0,0.008957300771581345
C23,222,2.22,23.00895647290715,23.0,0.00895647290714976
C23,223,2.23,23.00895565367594,23.0,0.008955653675940312
C23,224,2.24,23.00895487234567,23.0,0.008954872345668718
C23,225,2.25,23.008954103779168,23.0,0.008954103779169031
C23,226,2.2600000000000002,23.00895334322619,23.0,0.008953343226190213
C23,227,2.27,23.00895262072277,23.0,0.00895262072276921
C23,228,2.2800000000000002,23.00895190924112,23.0,0.008951909241119438
C23,229,2.29,23.008951205183358,23.0,0.008951205183359434
C23,230,2.3000000000000003,23.0089505393398,23.0,0.008950539339801366
C23,231,2.31,23.00894988283087,23.0,0.008949882830870592
C23,232,2.32,23.0089492331921,23.0,0.008949233192100791
C23,233,2.33,23.00894862193085,23.0,0.008948621930849754
C23,234,2.34,23.008948018376252,23.0,0.008948018376250389
C23,235,2.35,23.00894742231143,23.0,0.008947422311430841
C23,236,2.36,23.00894686256083,23.0,0.008946862560830483
C23,237,2.37,23.00894630998615,23.0,0.008946309986149004
C23,238,2.38,23.00894576556015,23.0,0.008945765560150675
C23,239,2.39,23.00894525544827,23.0,0.008945255448270472
C23,240,2.4,23.00894475200438,23.0,0.008944752004379098
C23,241,2.41,23.008944257365492,23.0,0.008944257365490671
C23,242,2.42,23.00894379509812,23.0,0.008943795098119267
C23,243,2.43,23.00894333901184,23.0,0.008943339011838702
C23,244,2.44,23.0089428923833,23.0,0.00894289238329975
C23,245,2.45,23.008942476237998,23.0,0.00894247623799913
C23,246,2.46,23.00894206580631,23.0,0.008942065806309074
C23,247,2.47,23.008941665480542,23.0,0.00894166548054045
C23,248,2.48,23.00894129380116,23.0,0.008941293801160554
C23,249,2.49,23.00894092738571,23.0,0.008940927385708619
C23,250,2.5,23.008940571718902,23.0,0.00894057171890097
C23,251,2.5100000000000002,23.00894024291027,23.0,0.008940242910270513
C23,252,2.52,23.00893991893215,23.0,0.008939918932151158
C23,253,2.5300000000000002,23.00893960633898,23.0,0.008939606338981321
C23,254,2.54,23.00893931886184,23.0,0.008939318861840207
C23,255,2.5500000000000003,23.008939035796452,23.0,0.008939035796450412
C23,256,2.56,23.00893876474504,23.0,0.008938764745039407
C23,257,2.57,23.00893851711092,23.0,0.008938517110919975
C23,258,2.58,23.00893827348299,23.0,0.008938273482991121
C23,259,2.59,23.00893804248981,23.0,0.008938042489810982
C23,260,2.6,23.00893783325611,23.0,0.008937833256109685
C23,261,2.61,23.008937627634673,23.0,0.00893762763467123
C23,262,2.62,23.00893743525958,23.0,0.00893743525957973
C23,263,2.63,23.00893726302455,23.0,0.008937263024549225
C23,264,2.64,23.00893709401797,23.0,0.008937094017969115
C23,265,2.65,23.00893693885913,23.0,0.008936938859130805
C23,266,2.66,23.0089368022569,23.0,0.008936802256900477
C23,267,2.67,23.00893666850783,23.0,0.008936668507828927
C23,268,2.68,23.00893654919664,23.0,0.008936549196639021
C23,269,2.69,23.00893644689208,23.0,0.008936446892079175
C23,270,2.7,23.00893634707227,23.0,0.008936347072270224
C23,271,2.71,23.00893626226814,23.0,0.008936262268139216
C23,272,2.72,23.00893619295162,23.0,0.008936192951620115
C23,273,2.73,23.008936125756712,23.0,0.008936125756710567
C23,274,2.74,23.0089360741417,23.0,0.008936074141701056
C23,275,2.75,23.00893603652373,23.0,0.00893603652372974
C23,276,2.7600000000000002,23.008936000667692,23.0,0.008936000667691246
C23,277,2.77,23.008935980940958,23.0,0.008935980940958644
C23,278,2.7800000000000002,23.008935973746592,23.0,0.00893597374659123
C23,279,2.79,23.00893596795612,23.0,0.008935967956119839
C23,280,2.8000000000000003,23.008935978828152,23.0,0.008935978828151291
C23,281,2.81,23.008936000791188,23.0,0.008936000791189258
C23,282,2.82,23.008936023799713,23.0,0.00893602379971128
C23,283,2.83,23.00893606398633,23.0,0.00893606398632869
C23,284,2.84,23.0089361138435,23.0,0.008936113843500949
C23,285,2.85,23.00893616438449,23.0,0.008936164384491008
C23,286,2.86,23.00893623260109,23.0,0.008936232601089954
C23,287,2.87,23.008936309086142,23.0,0.008936309086141136
C23,288,2.88,23.008936385884372,23.0,0.008936385884371133
C23,289,2.89,23.00893648084262,23.0,0.008936480842621108
C23,290,2.9,23.00893658268046,23.0,0.008936582680459538
C23,291,2.91,23.00893668443397,23.0,0.008936684433970754
C23,292,2.92,23.00893680485619,23.0,0.00893680485619086
C23,293,2.93,23.00893693074728,23.0,0.008936930747279349
C23,294,2.94,23.00893705607347,23.0,0.008937056073469308
C23,295,2.95,23.00893722196213,23.0,0.008937221962131047
C23,296,2.96,23.008937397131938,23.0,0.00893739713193895
C23,297,2.97,23.0089375714892,23.0,0.008937571489198604
C23,298,2.98,23.00893774464003,23.0,0.008937744640030587
C23,299,2.99,23.00893791656641,23.0,0.008937916566409854
C23,300,3.0,23.00893808726343,23.0,0.008938087263430816
C23,301,3.0100000000000002,23.00893825672745,23.0,0.00893825672744981
C23,302,3.02,23.008938424955723,23.0,0.008938424955721303
C23,303,3.0300000000000002,23.00893859194627,23.0,0.00893859194626998
C23,304,3.04,23.008938757697898,23.0,0.00893875769789929
C23,305,3.0500000000000003,23.00893892221016,23.0,0.008938922210160172
C23,306,3.06,23.008939085483227,23.0,0.008939085483228837
C23,307,3.0700000000000003,23.00893924751798,23.0,0.008939247517980675
C23,308,3.08,23.00893940831586,23.0,0.00893940831585951
C23,309,3.09,23.00893956787893,23.0,0.008939567878928755
C23,310,3.1,23.00893972620976,23.0,0.008939726209760579
C23,311,3.11,23.008939883311438,23.0,0.008939883311438735
C23,312,3.12,23.008940039187518,23.0,0.008940039187518779
C23,313,3.13,23.00894019384204,23.0,0.008940193842039434
C23,314,3.14,23.00894034727941,23.0,0.00894034727940891
C23,315,3.15,23.00894049950445,23.0,0.008940499504450371
C23,316,3.16,23.00894065052236,23.0,0.008940650522359306
C23,317,3.17,23.00894080033866,23.0,0.008940800338660893
C23,318,3.18,23.00894094895919,23.0,0.00894094895919011
C23,319,3.19,23.0089410963901,23.0,0.008941096390100257
C23,320,3.2,23.00894124263779,23.0,0.00894124263778906
C23,321,3.21,23.008941387708923,23.0,0.008941387708921411
C23,322,3.22,23.0089415316104,23.0,0.008941531610400944
C23,323,3.23,23.00894167434932,23.0,0.008941674349318873
C23,324,3.24,23.008941815932992,23.0,0.008941815932990949
C23,325,3.25,23.0089419563689,23.0,0.008941956368900605
C23,326,3.2600000000000002,23.00894209566469,23.0,0.008942095664690442
C23,327,3.27,23.00894223382818,23.0,0.008942233828179269
C23,328,3.2800000000000002,23.00894237086728,23.0,0.008942370867279692
C23,329,3.29,23.00894250679006,23.0,0.008942506790060634
C23,330,3.3000000000000003,23.00894264160469,23.0,0.008942641604690493
C23,331,3.31,23.00894277531942,23.0,0.008942775319420093
C23,332,3.3200000000000003,23.00894290794261,23.0,0.0089429079426111
C23,333,3.33,23.00894303948268,23.0,0.008943039482679183
C23,334,3.34,23.008943169948118,23.0,0.008943169948119589
C23,335,3.35,23.00894329934749,23.0,0.008943299347490098
C23,336,3.36,23.00894342768937,23.0,0.00894342768937122
C23,337,3.37,23.00894355498241,23.0,0.008943554982408841
C23,338,3.38,23.00894368123526,23.0,0.008943681235260214
C23,339,3.39,23.00894380645662,23.0,0.008943806456619541
C23,340,3.4,23.00894393065519,23.0,0.008943930655189548
C23,341,3.41,23.00894405383971,23.0,0.00894405383970991
C23,342,3.42,23.00894417601887,23.0,0.008944176018869144
C23,343,3.43,23.00894429720142,23.0,0.008944297201421137
C23,344,3.44,23.00894441739606,23.0,0.008944417396060089
C23,345,3.45,23.008944536611487,23.0,0.008944536611488729
C23,346,3.46,23.00894465485641,23.0,0.008944654856409783
C23,347,3.47,23.00894477213949,23.0,0.008944772139489032
C23,348,3.48,23.00894488846936,23.0,0.008944888469360989
C23,349,3.49,23.00894500385464,23.0,0.008945003854640277
C23,350,3.5,23.00894511830391,23.0,0.00894511830391025
C23,351,3.5100000000000002,23.008945231825727,23.0,0.008945231825728683
C23,352,3.52,23.0089453444286,23.0,0.008945344428599355
C23,353,3.5300000000000002,23.00894545612098,23.0,0.008945456120980567
C23,354,3.54,23.00894556691131,23.0,0.00894556691131072
C23,355,3.5500000000000003,23.00894567680796,23.0,0.008945676807960013
C23,356,3.56,23.00894578581927,23.0,0.008945785819270214
C23,357,3.5700000000000003,23.00894589395351,23.0,0.008945893953509199
C23,358,3.58,23.00894600121891,23.0,0.008946001218910737
C23,359,3.59,23.00894610762365,23.0,0.008946107623648914
C23,360,3.6,23.00894621317585,23.0,0.008946213175849493
C23,361,3.61,23.00894631788357,23.0,0.008946317883570032
C23,362,3.62,23.00894642175481,23.0,0.00894642175481124
C23,363,3.63,23.008946524797512,23.0,0.008946524797511301
C23,364,3.64,23.00894662701957,23.0,0.00894662701956861
C23,365,3.65,23.00894672842881,23.0,0.008946728428810502
C23,366,3.66,23.008946829032972,23.0,0.008946829032970527
C23,367,3.67,23.00894692883977,23.0,0.008946928839770862
C23,368,3.68,23.00894702785682,23.0,0.00894702785682
C23,369,3.69,23.00894712609171,23.0,0.00894712609170938
C23,370,3.7,23.00894722355194,23.0,0.008947223551939488
C23,371,3.71,23.008947320244932,23.0,0.008947320244931233
C23,372,3.72,23.00894741617808,23.0,0.008947416178079948
C23,373,3.73,23.008947511358677,23.0,0.008947511358678639
C23,374,3.74,23.00894760579397,23.0,0.00894760579396916
C23,375,3.75,23.00894769949113,23.0,0.008947699491130834
C23,376,3.7600000000000002,23.00894779245726,23.0,0.008947792457260562
C23,377,3.77,23.00894788469941,23.0,0.00894788469940977
C23,378,3.7800000000000002,23.00894797622454,23.0,0.008947976224538934
C23,379,3.79,23.00894806703958,23.0,0.00894806703958011
C23,380,3.8000000000000003,23.00894815715136,23.0,0.008948157151360192
C23,381,3.81,23.00894824656664,23.0,0.008948246566640705
C23,382,3.8200000000000003,23.00894833529215,23.0,0.008948335292149067
C23,383,3.83,23.00894842333452,23.0,0.008948423334518906
C23,384,3.84,23.00894851070033,23.0,0.008948510700329848
C23,385,3.85,23.0089485973961,23.0,0.00894859739609899
C23,386,3.86,23.00894868342826,23.0,0.008948683428261005
C23,387,3.87,23.00894876880319,23.0,0.008948768803190888
C23,388,3.88,23.00894885352723,23.0,0.008948853527229517
C23,389,3.89,23.0089489376066,23.0,0.008948937606601249
C23,390,3.9,23.0089490210475,23.0,0.008949021047499173
C23,391,3.91,23.00894910385606,23.0,0.008949103856059537
C23,392,3.92,23.00894918603833,23.0,0.00894918603833048
C23,393,3.93,23.00894926760032,23.0,0.008949267600320355
C23,394,3.94,23.00894934854795,23.0,0.008949348547949399
C23,395,3.95,23.0089494288871,23.0,0.008949428887100907
C23,396,3.96,23.00894950862358,23.0,0.008949508623578595
C23,397,3.97,23.008949587763148,23.0,0.008949587763149225
C23,398,3.98,23.00894966631148,23.0,0.008949666311480087
C23,399,3.99,23.00894974427421,23.0,0.008949744274210048
C23,400,4.0,23.00894982165692,23.0,0.00894982165692113
C24,0,0.0,24.0,24.0,0.0
C24,1,0.01,24.00400155348769,24.0,0.004001553487688625
C24,2,0.02,24.00412982517514,24.0,0.004129825175141377
C24,3,0.03,24.00421495894608,24.0,0.00421495894607915
C24,4,0.04,24.00429765105666,24.0,0.0042976510566603565
C24,5,0.05,24.00438004977066,24.0,0.004380049770659866
C24,6,0.06,24.00446203932833,24.0,0.004462039328331002
C24,7,0.07,24.00454350451071,24.0,0.004543504510709795
C24,8,0.08,24.004626571232627,24.0,0.004626571232628862
C24,9,0.09,24.00471050887181,24.0,0.004710508871809793
C24,10,0.1,24.004793202829852,24.0,0.00479320282985043
C24,11,0.11,24.00487491202986,24.0,0.0048749120298595015
C24,12,0.12,24.00495631397894,24.0,0.004956313978939875
C24,13,0.13,24.00503736401514,24.0,0.005037364015140611
C24,14,0.14,24.00511774175805,24.0,0.005117741758050442
C24,15,0.15,24.00519755610294,24.0,0.0051975561029394155
C24,16,0.16,24.00527750731292,24.0,0.005277507312919738
C24,17,0.17,24.005357000193378,24.0,0.005357000193379235
C24,18,0.18,24.0054360629633,24.0,0.0054360629633009696
C24,19,0.19,24.005515028582412,24.0,0.005515028582411219
C24,20,0.2,24.00559388236289,24.0,0.005593882362890668
C24,21,0.21,24.00567239262967,24.0,0.005672392629671208
C24,22,0.22,24.00575068127529,24.0,0.005750681275290504
C24,23,0.23,24.00582904974899,24.0,0.005829049748990655
C24,24,0.24,24.00590713473894,24.0,0.005907134738939135
C24,25,0.25,24.0059849665841,24.0,0.005984966584099994
C24,26,0.26,24.0060629150539,24.0,0.006062915053900042
C24,27,0.27,24.00614066189296,24.0,0.006140661892959543
C24,28,0.28,24.00621819194193,24.0,0.006218191941928808
C24,29,0.29,24.006295755033218,24.0,0.006295755033218597
C24,30,0.3,24.00637322617476,24.0,0.006373226174758884
C24,31,0.31,24.00645050789375,24.0,0.006450507893748636
C24,32,0.32,24.00652776459002,24.0,0.006527764590020979
C24,33,0.33,24.00660500631593,24.0,0.00660500631593095
C24,34,0.34,24.00668208069347,24.0,0.006682080693468606
C24,35,0.35000000000000003,24.006759087813528,24.0,0.006759087813529163
C24,36,0.36,24.00683613469889,24.0,0.006836134698889396
C24,37,0.37,24.006913033671772,24.0,0.0069130336717705635
C24,38,0.38,24.00698983419787,24.0,0.006989834197869982
C24,39,0.39,24.007066712676227,24.0,0.007066712676228803
C24,40,0.4,24.00714346092783,24.0,0.007143460927829892
C24,41,0.41000000000000003,24.00722008862951,24.0,0.007220088629509291
C24,42,0.42,24.0072968199559,24.0,0.0072968199558999915
C24,43,0.43,24.00737343628944,24.0,0.007373436289441315
C24,44,0.44,24.00744993764984,24.0,0.007449937649840877
C24,45,0.45,24.00752652065995,24.0,0.007526520659951075
C24,46,0.46,24.00760301947279,24.0,0.007603019472790606
C24,47,0.47000000000000003,24.00767941541771,24.0,0.007679415417709379
C24,48,0.48,24.00775586591962,24.0,0.007755865919619964
C24,49,0.49,24.007832259464912,24.0,0.007832259464910863
C24,50,0.5,24.00790856097886,24.0,0.007908560978859214
C24,51,0.51,24.00798489714969,24.0,0.007984897149688664
C24,52,0.52,24.008061196850242,24.0,0.008061196850241004
C24,53,0.53,24.00813741243525,24.0,0.008137412435249302
C24,54,0.54,24.00821364843944,24.0,0.00821364843943968
C24,55,0.55,24.00828986507669,24.0,0.008289865076690717
C24,56,0.56,24.00836600234578,24.0,0.008366002345780998
C24,57,0.5700000000000001,24.00844214869405,24.0,0.008442148694049934
C24,58,0.58,24.00851829160819,24.0,0.008518291608189088
C24,59,0.59,24.00859435835188,24.0,0.008594358351879805
C24,60,0.6,24.00867042323548,24.0,0.008670423235480484
C24,61,0.61,24.008746499439418,24.0,0.008746499439419608
C24,62,0.62,24.008822503442367,24.0,0.008822503442368656
C24,63,0.63,24.00889849443067,24.0,0.008898494430670211
C24,64,0.64,24.00897450869145,24.0,0.008974508691449046
C24,65,0.65,24.0090504565932,24.0,0.009050456593200806
C24,66,0.66,24.009126381549898,24.0,0.009126381549899065
C24,67,0.67,24.00920233763307,24.0,0.009202337633070101
C24,68,0.68,24.00927823401939,24.0,0.009278234019390652
C24,69,0.6900000000000001,24.00935410139573,24.0,0.00935410139572923
C24,70,0.7000000000000001,24.00943002497077,24.0,0.009430024970768613
C24,71,0.71,24.00950643559055,24.0,0.009506435590549246
C24,72,0.72,24.00958984495912,24.0,0.009589844959120342
C24,73,0.73,24.009683775058058,24.0,0.00968377505805904
C24,74,0.74,24.00973792703648,24.0,0.009737927036479733
C24,75,0.75,24.00974024375825,24.0,0.009740243758250245
C24,76,0.76,24.00972274171528,24.0,0.009722741715279426
C24,77,0.77,24.00970128166265,24.0,0.009701281662648853
C24,78,0.78,24.00968020649336,24.0,0.009680206493359832
C24,79,0.79,24.00966047069015,24.0,0.009660470690150191
C24,80,0.8,24.00964199624342,24.0,0.009641996243419725
C24,81,0.81,24.009624633724933,24.0,0.009624633724931187
C24,82,0.8200000000000001,24.00960831258496,24.0,0.009608312584958867
C24,83,0.8300000000000001,24.009592793171752,24.0,0.009592793171751168
C24,84,0.84,24.00957796227715,24.0,0.0095779622771488
C24,85,0.85,24.00956382934796,24.0,0.00956382934795954
C24,86,0.86,24.00955022367402,24.0,0.00955022367402023
C24,87,0.87,24.00953708590969,24.0,0.00953708590969029
C24,88,0.88,24.00952446496172,24.0,0.009524464961720014
C24,89,0.89,24.00951223034729,24.0,0.00951223034728912
C24,90,0.9,24.00950034562879,24.0,0.009500345628791252
C24,91,0.91,24.00948887214623,24.0,0.00948887214622971
C24,92,0.92,24.00947770518927,24.0,0.009477705189269159
C24,93,0.93,24.00946681721962,24.0,0.009466817219620793
C24,94,0.9400000000000001,24.009456272838552,24.0,0.009456272838551171
C24,95,0.9500000000000001,24.009445984474702,24.0,0.009445984474700709
C24,96,0.96,24.009435928228918,24.0,0.00943592822891901
C24,97,0.97,24.00942616818574,24.0,0.00942616818574038
C24,98,0.98,24.00941662945874,24.0,0.009416629458741
C24,99,0.99,24.009407289467962,24.0,0.009407289467961277
C24,100,1.0,24.00939821018359,24.0,0.00939821018359055
C24,101,1.01,24.009389326784422,24.0,0.00938932678442086
C24,102,1.02,24.009380616947162,24.0,0.009380616947160548
C24,103,1.03,24.00937213987804,24.0,0.009372139878038865
C24,104,1.04,24.00936383909652,24.0,0.009363839096519656
C24,105,1.05,24.009355692049787,24.0,0.0093556920497889
C24,106,1.06,24.00934775496761,24.0,0.009347754967609489
C24,107,1.07,24.00933997847053,24.0,0.009339978470529786
C24,108,1.08,24.009332339569518,24.0,0.009332339569519376
C24,109,1.09,24.00932489151457,24.0,0.009324891514569344
C24,110,1.1,24.00931759107634,24.0,0.009317591076339227
C24,111,1.11,24.00931041476291,24.0,0.009310414762910568
C24,112,1.12,24.00930341294267,24.0,0.00930341294267123
C24,113,1.1300000000000001,24.0092965477726,24.0,0.009296547772601116
C24,114,1.1400000000000001,24.00928979526271,24.0,0.009289795262711209
C24,115,1.1500000000000001,24.00928320304515,24.0,0.00928320304514898
C24,116,1.16,24.009276738029747,24.0,0.009276738029748799
C24,117,1.17,24.00927037576954,24.0,0.00927037576954035
C24,118,1.18,24.00926416132515,24.0,0.009264161325148734
C24,119,1.19,24.00925806582157,24.0,0.009258065821569517
C24,120,1.2,24.009252064412898,24.0,0.009252064412899585
C24,121,1.21,24.009246199758,24.0,0.009246199757998851
C24,122,1.22,24.009240446733408,24.0,0.009240446733409157
C24,123,1.23,24.00923478015911,24.0,0.009234780159110301
C24,124,1.24,24.00922924045897,24.0,0.009229240458969912
C24,125,1.25,24.00922380585659,24.0,0.009223805856589707
C24,126,1.26,24.00921845090381,24.0,0.009218450903810549
C24,127,1.27,24.0092132139493,24.0,0.009213213949300325
C24,128,1.28,24.00920807620776,24.0,0.009208076207758608
C24,129,1.29,24.00920301202692,24.0,0.0092030120269186
C24,130,1.3,24.00919805783122,24.0,0.009198057831218876
C24,131,1.31,24.00919319751112,24.0,0.009193197511120844
C24,132,1.32,24.00918840527061,24.0,0.009188405270609223
C24,133,1.33,24.00918371575137,24.0,0.009183715751370869
C24,134,1.34,24.00917911523871,24.0,0.009179115238708846
C24,135,1.35,24.00917457784904,24.0,0.009174577849040588
C24,136,1.36,24.00917013657298,24.0,0.009170136572979003
C24,137,1.37,24.00916577983951,24.0,0.009165779839509013
C24,138,1.3800000000000001,24.009161481729002,24.0,0.009161481729000798
C24,139,1.3900000000000001,24.00915727370325,24.0,0.009157273703249303
C24,140,1.4000000000000001,24.00915314610959,24.0,0.009153146109591148
C24,141,1.41,24.00914907303918,24.0,0.009149073039179712
C24,142,1.42,24.009145084538428,24.0,0.009145084538428706
C24,143,1.43,24.009141172670038,24.0,0.0091411726700386
C24,144,1.44,24.00913731157861,24.0,0.009137311578609798
C24,145,1.45,24.00913352999996,24.0,0.009133529999959932
C24,146,1.46,24.00912982152918,24.0,0.009129821529180049
C24,147,1.47,24.00912616040263,24.0,0.009126160402630035
C24,148,1.48,24.009122574142587,24.0,0.009122574142588746
C24,149,1.49,24.00911905771106,24.0,0.009119057711060918
C24,150,1.5,24.00911558547065,24.0,0.00911558547064999
C24,151,1.51,24.00911218381986,24.0,0.00911218381986032
C24,152,1.52,24.009108848937668,24.0,0.009108848937668768
C24,153,1.53,24.00910555534388,24.0,0.009105555343879246
C24,154,1.54,24.00910232839626,24.0,0.009102328396261327
C24,155,1.55,24.00909916535473,24.0,0.009099165354729166
C24,156,1.56,24.00909604092394,24.0,0.00909604092393863
C24,157,1.57,24.00909297949776,24.0,0.009092979497759756
C24,158,1.58,24.00908997929346,24.0,0.009089979293460716
C24,159,1.59,24.00908701522517,24.0,0.009087015225171058
C24,160,1.6,24.00908411079408,24.0,0.009084110794080402
C24,161,1.61,24.00908126506227,24.0,0.009081265062269495
C24,162,1.62,24.00907845317534,24.0,0.009078453175339974
C24,163,1.6300000000000001,24.00907569780771,24.0,0.00907569780771098
C24,164,1.6400000000000001,24.00907299876379,24.0,0.009072998763789997
C24,165,1.6500000000000001,24.00907033144011,24.0,0.00907033144011109
C24,166,1.6600000000000001,24.009067717745488,24.0,0.00906771774548929
C24,167,1.67,24.00906515813313,24.0,0.009065158133128647
C24,168,1.68,24.00906262826779,24.0,0.009062628267790274
C24,169,1.69,24.00906014934934,24.0,0.009060149349340917
C24,170,1.7,24.00905772239448,24.0,0.009057722394479129
C24,171,1.71,24.00905532335138,24.0,0.009055323351378774
C24,172,1.72,24.009052972763648,24.0,0.009052972763649336
C24,173,1.73,24.00905067213342,24.0,0.00905067213342079
C24,174,1.74,24.00904839770568,24.0,0.0090483977056806
C24,175,1.75,24.00904616941671,24.0,0.009046169416708948
C24,176,1.76,24.009043989182707,24.0,0.009043989182708856
C24,177,1.77,24.00904183355723,24.0,0.009041833557230917
C24,178,1.78,24.009039721914668,24.0,0.009039721914669485
C24,179,1.79,24.00903765651999,24.0,0.009037656519990379
C24,180,1.8,24.00903561424553,24.0,0.00903561424553061
C24,181,1.81,24.00903361394612,24.0,0.009033613946118634
C24,182,1.82,24.00903165817566,24.0,0.00903165817566105
C24,183,1.83,24.009029724134148,24.0,0.009029724134148865
C24,184,1.84,24.009027830196228,24.0,0.009027830196228593
C24,185,1.85,24.00902597914989,24.0,0.009025979149890872
C24,186,1.86,24.00902414853046,24.0,0.009024148530460251
C24,187,1.87,24.009022356269078,24.0,0.009022356269079523
C24,188,1.8800000000000001,24.009020605337533,24.0,0.009020605337531152
C24,189,1.8900000000000001,24.009018873613037,24.0,0.009018873613038636
C24,190,1.9000000000000001,24.00901717861741,24.0,0.009017178617409628
C24,191,1.9100000000000001,24.0090155234601,24.0,0.009015523460101349
C24,192,1.92,24.00901388636574,24.0,0.009013886365738698
C24,193,1.93,24.00901228447874,24.0,0.009012284478740185
C24,194,1.94,24.00901072100386,24.0,0.009010721003861022
C24,195,1.95,24.00900917451781,24.0,0.009009174517811403
C24,196,1.96,24.009007661817343,24.0,0.009007661817341273
C24,197,1.97,24.009006186163628,24.0,0.009006186163628627
C24,198,1.98,24.009004726489287,24.0,0.009004726489288828
C24,199,1.99,24.00900329927122,24.0,0.00900329927121959
C24,200,2.0,24.009001907791323,24.0,0.009001907791321173
C24,201,2.0100000000000002,24.00900053134117,24.0,0.00900053134116945
C24,202,2.02,24.00899918610381,24.0,0.008999186103810074
C24,203,2.0300000000000002,24.008997875349017,24.0,0.008997875349018613
C24,204,2.04,24.00899657872979,24.0,0.008996578729789918
C24,205,2.05,24.00899531215958,24.0,0.008995312159581204
C24,206,2.06,24.0089940788659,24.0,0.008994078865899268
C24,207,2.07,24.008992858865,24.0,0.008992858864999675
C24,208,2.08,24.00899166782344,24.0,0.008991667823440252
C24,209,2.09,24.00899050889876,24.0,0.008990508898759231
C24,210,2.1,24.00898936247175,24.0,0.008989362471749019
C24,211,2.11,24.00898824398333,24.0,0.008988243983330335
C24,212,2.12,24.008987156495643,24.0,0.008987156495641102
C24,213,2.13,24.00898608075473,24.0,0.008986080754729642
C24,214,2.14,24.00898503199584,24.0,0.008985031995840132
C24,215,2.15,24.00898401316226,24.0,0.00898401316225943
C24,216,2.16,24.008983005365728,24.0,0.008983005365729468
C24,217,2.17,24.00898202365438,24.0,0.008982023654380101
C24,218,2.18,24.00898107083118,24.0,0.008981070831180205
C24,219,2.19,24.008980128373487,24.0,0.008980128373488582
C24,220,2.2,24.008979211159808,24.0,0.008979211159808643
C24,221,2.21,24.00897832183304,24.0,0.008978321833041036
C24,222,2.22,24.00897744223574,24.0,0.008977442235740795
C24,223,2.23,24.00897658709317,24.0,0.008976587093169997
C24,224,2.24,24.00897575887,24.0,0.008975758869999595
C24,225,2.25,24.008974939773278,24.0,0.008974939773278835
C24,226,2.2600000000000002,24.008974144390358,24.0,0.008974144390359129
C24,227,2.27,24.00897337499103,24.0,0.008973374991029459
C24,228,2.2800000000000002,24.008972614145797,24.0,0.00897261414579873
C24,229,2.29,24.00897187631851,24.0,0.008971876318508976
C24,230,2.3000000000000003,24.00897116356878,24.0,0.008971163568779162
C24,231,2.31,24.0089704588293,24.0,0.008970458829298877
C24,232,2.32,24.00896977645392,24.0,0.008969776453920986
C24,233,2.33,24.00896911827804,24.0,0.0089691182780399
C24,234,2.34,24.00896846759501,24.0,0.00896846759501102
C24,235,2.35,24.00896783866138,24.0,0.0089678386613798
C24,236,2.36,24.00896723307545,24.0,0.0089672330754496
C24,237,2.37,24.00896663448951,24.0,0.008966634489510739
C24,238,2.38,24.00896605707471,24.0,0.008966057074709965
C24,239,2.39,24.008965502180438,24.0,0.008965502180438989
C24,240,2.4,24.00896495381603,24.0,0.008964953816030175
C24,241,2.41,24.008964426078357,24.0,0.008964426078358656
C24,242,2.42,24.008963920057163,24.0,0.00896392005716109
C24,243,2.43,24.008963420116668,24.0,0.008963420116668886
C24,244,2.44,24.00896294029004,24.0,0.008962940290041388
C24,245,2.45,24.008962481397358,24.0,0.008962481397358602
C24,246,2.46,24.00896202815563,24.0,0.008962028155630719
C24,247,2.47,24.00896159454404,24.0,0.008961594544041418
C24,248,2.48,24.00896118110404,24.0,0.008961181104041316
C24,249,2.49,24.00896077290298,24.0,0.008960772902980807
C24,250,2.5,24.00896038387535,24.0,0.00896038387535043
C24,251,2.5100000000000002,24.00896001427569,24.0,0.008960014275689331
C24,252,2.52,24.00895964951917,24.0,0.008959649519169943
C24,253,2.5300000000000002,24.0089593035043,24.0,0.008959303504300919
C24,254,2.54,24.00895897619111,24.0,0.008958976191109969
C24,255,2.5500000000000003,24.00895865334002,24.0,0.008958653340019395
C24,256,2.56,24.008958348821672,24.0,0.00895834882167037
C24,257,2.57,24.008958062294703,24.0,0.008958062294701108
C24,258,2.58,24.00895777986206,24.0,0.008957779862060988
C24,259,2.59,24.008957515374142,24.0,0.008957515374140712
C24,260,2.6,24.00895726818191,24.0,0.008957268181910649
C24,261,2.61,24.00895702472807,24.0,0.00895702472807045
C24,262,2.62,24.00895679884992,24.0,0.008956798849919779
C24,263,2.63,24.00895658958502,24.0,0.00895658958501997
C24,264,2.64,24.00895638371292,24.0,0.008956383712919092
C24,265,2.65,24.00895619506454,24.0,0.008956195064538975
C24,266,2.66,24.00895602235883,24.0,0.00895602235883075
C24,267,2.67,24.00895585270925,24.0,0.008955852709249257
C24,268,2.68,24.00895569994659,24.0,0.008955699946591266
C24,269,2.69,24.008955562466433,24.0,0.008955562466431389
C24,270,2.7,24.00895542771315,24.0,0.008955427713149788
C24,271,2.71,24.008955309523238,24.0,0.008955309523238952
C24,272,2.72,24.00895520596466,24.0,0.008955205964659286
C24,273,2.73,24.00895510480957,24.0,0.008955104809570003
C24,274,2.74,24.00895501990566,24.0,0.0089550199056589
C24,275,2.75,24.00895494898933,24.0,0.00895494898933009
C24,276,2.7600000000000002,24.0089548801574,24.0,0.008954880157401136
C24,277,2.77,24.00895482727386,24.0,0.008954827273859678
C24,278,2.7800000000000002,24.00895478774001,24.0,0.008954787740009351
C24,279,2.79,24.008954749974087,24.0,0.008954749974088827
C24,280,2.8000000000000003,24.00895472786117,24.0,0.008954727861168976
C24,281,2.81,24.00895471846422,24.0,0.008954718464221401
C24,282,2.82,24.00895471051964,24.0,0.00895471051964023
C24,283,2.83,24.00895471793796,24.0,0.008954717937959345
C24,284,2.84,24.00895473744103,24.0,0.008954737441030147
C24,285,2.85,24.00895475807986,24.0,0.00895475807986088
C24,286,2.86,24.00895479379474,24.0,0.008954793794740113
C24,287,2.87,24.00895484096395,24.0,0.008954840963949096
C24,288,2.88,24.00895488894874,24.0,0.008954888948738925
C24,289,2.89,24.00895495172439,24.0,0.00895495172439098
C24,290,2.9,24.00895502532333,24.0,0.008955025323331256
C24,291,2.91,24.00895509940918,24.0,0.008955099409180888
C24,292,2.92,24.00895518800415,24.0,0.008955188004151182
C24,293,2.93,24.00895528678909,24.0,0.008955286789088746
C24,294,2.94,24.00895538570852,24.0,0.00895538570852068
C24,295,2.95,24.00895549888162,24.0,0.00895549888161895
C24,296,2.96,24.00895562159539,24.0,0.00895562159539054
C24,297,2.97,24.00895574401344,24.0,0.008955744013439926
C24,298,2.98,24.008955896214662,24.0,0.008955896214661151
C24,299,2.99,24.00895606765938,24.0,0.008956067659380552
C24,300,3.0,24.00895623877997,24.0,0.00895623877997025
C24,301,3.0100000000000002,24.00895640875078,24.0,0.008956408750779587
C24,302,3.02,24.00895657753771,24.0,0.008956577537711041
C24,303,3.0300000000000002,24.00895674513516,24.0,0.008956745135159849
C24,304,3.04,24.00895691153935,24.0,0.008956911539348767
C24,305,3.0500000000000003,24.008957076747357,24.0,0.008957076747358883
C24,306,3.06,24.008957240757038,24.0,0.008957240757038677
C24,307,3.0700000000000003,24.00895740356696,24.0,0.008957403566961375
C24,308,3.08,24.00895756517643,24.0,0.008957565176430649
C24,309,3.09,24.0089577255854,24.0,0.008957725585401023
C24,310,3.1,24.008957884794448,24.0,0.008957884794449455
C24,311,3.11,24.008958042804743,24.0,0.00895804280474124
C24,312,3.12,24.00895819961801,24.0,0.008958199618010098
C24,313,3.13,24.00895835523651,24.0,0.008958355236509874
C24,314,3.14,24.00895850966301,24.0,0.00895850966300884
C24,315,3.15,24.0089586629007,24.0,0.008958662900698754
C24,316,3.16,24.00895881495326,24.0,0.00895881495326023
C24,317,3.17,24.00895896582473,24.0,0.008958965824729149
C24,318,3.18,24.00895911551958,24.0,0.008959115519579086
C24,319,3.19,24.00895926404258,24.0,0.008959264042579207
C24,320,3.2,24.008959411398898,24.0,0.00895941139889942
C24,321,3.21,24.008959557593972,24.0,0.008959557593971112
C24,322,3.22,24.00895970263354,24.0,0.008959702633541155
C24,323,3.23,24.00895984652361,24.0,0.008959846523609372
C24,324,3.24,24.00895998927043,24.0,0.008959989270431378
C24,325,3.25,24.00896013088049,24.0,0.008960130880490169
C24,326,3.2600000000000002,24.00896027136049,24.0,0.008960271360490425
C24,327,3.27,24.008960410717318,24.0,0.008960410717318724
C24,328,3.2800000000000002,24.00896054895806,24.0,0.008960548958060598
C24,329,3.29,24.008960686089942,24.0,0.00896068608994085
C24,330,3.3000000000000003,24.00896082212035,24.0,0.008960822120349122
C24,331,3.31,24.00896095705682,24.0,0.008960957056820007
C24,332,3.3200000000000003,24.00896109090699,24.0,0.008961090906990422
C24,333,3.33,24.008961223678618,24.0,0.00896122367861949
C24,334,3.34,24.00896135537956,24.0,0.008961355379560132
C24,335,3.35,24.00896148601777,24.0,0.008961486017770425
C24,336,3.36,24.008961615601258,24.0,0.008961615601259609
C24,337,3.37,24.00896174413814,24.0,0.008961744138139239
C24,338,3.38,24.00896187163654,24.0,0.008961871636540764
C24,339,3.39,24.008961998104688,24.0,0.008961998104689428
C24,340,3.4,24.00896212355082,24.0,0.008962123550819
C24,341,3.41,24.00896224798321,24.0,0.008962247983208726
C24,342,3.42,24.00896237141017,24.0,0.008962371410169112
C24,343,3.43,24.008962493840038,24.0,0.008962493840039087
C24,344,3.44,24.00896261528115,24.0,0.008962615281149056
C24,345,3.45,24.008962735741868,24.0,0.00896273574186921
C24,346,3.46,24.008962855230543,24.0,0.008962855230541323
C24,347,3.47,24.00896297375553,24.0,0.008962973755529902
C24,348,3.48,24.00896309132517,24.0,0.008963091325171035
C24,349,3.49,24.008963207947808,24.0,0.008963207947809337
C24,350,3.5,24.00896332363176,24.0,0.008963323631761
C24,351,3.5100000000000002,24.00896343838533,24.0,0.008963438385330846
C24,352,3.52,24.00896355221678,24.0,0.008963552216781068
C24,353,3.5300000000000002,24.00896366513437,24.0,0.008963665134371013
C24,354,3.54,24.00896377714632,24.0,0.00896377714632024
C24,355,3.5500000000000003,24.0089638882608,24.0,0.00896388826079999
C24,356,3.56,24.00896399848597,24.0,0.008963998485970136
C24,357,3.5700000000000003,24.008964107829932,24.0,0.008964107829930868
C24,358,3.58,24.00896421630076,24.0,0.008964216300759631
C24,359,3.59,24.008964323906472,24.0,0.008964323906471349
C24,360,3.6,24.00896443065504,24.0,0.008964430655041156
C24,361,3.61,24.008964536554398,24.0,0.008964536554398706
C24,362,3.62,24.00896464161244,24.0,0.00896464161243955
C24,363,3.63,24.00896474583697,24.0,0.008964745836971133
C24,364,3.64,24.00896484923578,24.0,0.008964849235781003
C24,365,3.65,24.0089649518166,24.0,0.008964951816599865
C24,366,3.66,24.00896505358707,24.0,0.008965053587070315
C24,367,3.67,24.008965154554822,24.0,0.008965154554820743
C24,368,3.68,24.00896525472741,24.0,0.008965254727411321
C24,369,3.69,24.008965354112313,24.0,0.008965354112311275
C24,370,3.7,24.008965452716982,24.0,0.008965452716981303
C24,371,3.71,24.00896555054878,24.0,0.008965550548779788
C24,372,3.72,24.00896564761504,24.0,0.00896564761503953
C24,373,3.73,24.008965743923,24.0,0.008965743922999536
C24,374,3.74,24.00896583947987,24.0,0.008965839479870397
C24,375,3.75,24.00896593429276,24.0,0.00896593429276038
C24,376,3.7600000000000002,24.00896602848813,24.0,0.008966028488129042
C24,377,3.77,24.008966121718792,24.0,0.008966121718790987
C24,378,3.7800000000000002,24.00896621433758,24.0,0.008966214337579003
C24,379,3.79,24.00896630624453,24.0,0.008966306244531097
C24,380,3.8000000000000003,24.00896639744237,24.0,0.008966397442370067
C24,381,3.81,24.00896648793772,24.0,0.008966487937721012
C24,382,3.8200000000000003,24.00896657773727,24.0,0.008966577737268722
C24,383,3.83,24.00896666684765,24.0,0.008966666847649662
C24,384,3.84,24.00896675527543,24.0,0.00896675527542925
C24,385,3.85,24.00896684302709,24.0,0.008966843027090476
C24,386,3.86,24.00896693010909,24.0,0.008966930109090753
C24,387,3.87,24.008967016527812,24.0,0.008967016527810756
C24,388,3.88,24.00896710228955,24.0,0.008967102289548733
C24,389,3.89,24.008967187400568,24.0,0.008967187400568833
C24,390,3.9,24.00896727186707,24.0,0.008967271867069826
C24,391,3.91,24.00896735569516,24.0,0.00896735569515954
C24,392,3.92,24.00896743889092,24.0,0.00896743889092022
C24,393,3.93,24.00896752146036,24.0,0.008967521460360218
C24,394,3.94,24.00896760340941,24.0,0.00896760340941114
C24,395,3.95,24.008967684743958,24.0,0.008967684743959125
C24,396,3.96,24.00896776546985,24.0,0.008967765469850519
C24,397,3.97,24.008967845592828,24.0,0.008967845592829348
C24,398,3.98,24.00896792511861,24.0,0.00896792511861122
C24,399,3.99,24.00896800405284,24.0,0.008968004052840683
C24,400,4.0,24.0089680824011,24.0,0.008968082401099763
