system,eos,pvi,mu_o_min_mPa_s,mu_o_avg_mPa_s,mu_o_max_mPa_s,mu_w_min_mPa_s,mu_w_avg_mPa_s,mu_w_max_mPa_s
lmh,PR,0.0,0.3252784949434257,0.3252784949434132,0.3252784949434257,0.06445453229527069,0.0644545322952693,0.06445453229527069
lmh,PR,0.0025,0.3252541410085026,0.325315163592771,0.370060294959428,0.06445332297385589,0.06448920951045817,0.0650351319123848
lmh,PR,0.005,0.3252624590829803,0.3253703347299514,0.4164351653820148,0.06445373603224284,0.06454149058361382,0.06550857208668275
lmh,PR,0.0075,0.3252833426681553,0.3254370210192525,0.4514346756760111,0.06445477300891482,0.0645875494516878,0.06577137850149939
lmh,PR,0.01,0.3253102519838118,0.3255093615578797,0.47767134389649213,0.06445610907636025,0.06462577747590793,0.06589907268821815
lmh,PR,0.0125,0.325339884917573,0.3255843197211399,0.49999891253146933,0.06445758022101351,0.064657609460345,0.06596012065677125
lmh,PR,0.015,0.3253708236372907,0.32566059200796,0.5215501196170211,0.0644591160218897,0.06468449136111509,0.06599229690547123
lmh,PR,0.0175,0.325402532402352,0.3257377125592692,0.5437816303770001,0.06446068986748109,0.0647075352634037,0.0660130074447335
lmh,PR,0.02,0.3254348368525278,0.3258155568985363,0.5671712289068701,0.06446229309182656,0.06472756519022028,0.06602945705290134
lmh,PR,0.0225,0.3254676924943775,0.3258941135982312,0.5917072087965064,0.06446392347676716,0.06474519434320389,0.0660443610487026
lmh,PR,0.025,0.32550109211634004,0.3259733943993893,0.6171444400900642,0.06446558065471861,0.06476088470362304,0.06605861464740645
lmh,PR,0.0275,0.3255350322924486,0.3260534045355856,0.6431281321948374,0.06446726444590264,0.0647749889034936,0.06607242450271215
lmh,PR,0.03,0.3255695029743867,0.3261341359804897,0.6692569279794864,0.06446897434199723,0.06478777957797359,0.06608575961391348
lmh,PR,0.0325,0.3256044855319095,0.32621556849037175,0.6951209234929442,0.06447070940915793,0.06479947013120875,0.06609852360222958
lmh,PR,0.035,0.3256399536409147,0.32629767278469146,0.7203290972885047,0.06447246833234682,0.06481022963716561,0.06611061838369268
lmh,PR,0.0375,0.3256758750018511,0.32638041376413385,0.744530305594313,0.06447424950079009,0.06482019360794126,0.06612196639921991
lmh,PR,0.04,0.32571221329955374,0.3264637540522434,0.7674304562111164,0.06447605110539135,0.06482947189478688,0.0661325173843112
lmh,PR,0.0425,0.3257489297734672,0.3265476557107178,0.7888011989200177,0.06447787121667578,0.06483815449256822,0.06614224815251797
lmh,PR,0.045,0.3257859848949649,0.32663208222477735,0.8084844919591283,0.06447970786806136,0.06484631580963643,0.06615115982702864
lmh,PR,0.0475,0.3258233395795897,0.3267169996189449,0.8263911791601121,0.06448155911597309,0.06485401793755304,0.06615927391955448
lmh,PR,0.05,0.3258609561761273,0.3268023770940045,0.8424950343669866,0.06448342308885825,0.0648613131225508,0.06616662788767412
lmh,PR,0.0525,0.32589879920140263,0.3268881872824989,0.8568236877504228,0.06448529802355935,0.06486824566353747,0.06617327073336021
lmh,PR,0.055,0.3259368358596755,0.32697440626923513,0.8694478756685063,0.06448718229098363,0.0648748533464183,0.06617925895819515
lmh,PR,0.0575,0.3259750362922853,0.32706101332789467,0.8804702969651974,0.06448907440838444,0.06488116868052633,0.06618465305919134
lmh,PR,0.06,0.3260133737297447,0.32714799068262224,0.8900150683256972,0.06449097304680813,0.06488721976591429,0.06618951465624132
lmh,PR,0.0625,0.3260518244628773,0.32723532313759174,0.8982184363250039,0.0644928770295569,0.06489303105826605,0.06619390425849073
lmh,PR,0.065,0.32609036773369293,0.3273229977547169,0.9052210922706719,0.06449478532669095,0.06489862395598232,0.0661978796323735
lmh,PR,0.0675,0.3261289855689131,0.3274110035683261,0.9111621838678511,0.06449669704668755,0.06490401726537302,0.06620149469585829
lmh,PR,0.07,0.3261676625609548,0.3274993313192016,0.9161749405721037,0.06449861142550646,0.06490922759347283,0.06620479885077711
lmh,PR,0.0725,0.3262063856284466,0.32758797324123573,0.9203837217585414,0.06450052781465015,0.06491426966242651,0.06620783666515309
lmh,PR,0.075,0.32624514375642977,0.3276769228539043,0.9239022462213914,0.06450244566823057,0.06491915658889844,0.0662106478186066
lmh,PR,0.0775,0.3262839277447786,0.3277661747958132,0.9268327522499455,0.06450436453045044,0.06492390011356915,0.06621326723782396
lmh,PR,0.08,0.3263227299771572,0.3278557247119196,0.9292658543074859,0.06450628402411394,0.06492851077698444,0.06621572536247118
lmh,PR,0.0825,0.32636154420091446,0.3279455691476099,0.9312808928756205,0.06450820383967876,0.06493299807586553,0.06621804849027157
lmh,PR,0.085,0.32640036533060707,0.3280357054620133,0.932946610283039,0.06451012372550217,0.06493737059400685,0.06622025916330528
lmh,PR,0.0875,0.3264391892687515,0.3281261317553284,0.9343220213473342,0.06451204347893119,0.06494163611254791,0.06622237656916727
lmh,PR,0.09,0.3264780127505785,0.32821684681137103,0.9354573799932044,0.06451396293859184,0.06494580170040769,0.06622441693680166
lmh,PR,0.0925,0.326516833196656,0.3283078500136663,0.9363951704710632,0.06451588197708044,0.06494987380869749,0.06622639391185799
lmh,PR,0.095,0.3265556486129535,0.3283991413255137,0.9371710744550305,0.06451780049599679,0.06495385831796546,0.06622831890680678
lmh,PR,0.0975,0.3265944574630033,0.3284907212006456,0.9378148822515114,0.0645197184196084,0.06495776062718069,0.06623020141821202
lmh,PR,0.1,0.326633258590662,0.3285825905459792,0.9383513297312788,0.06452163569101396,0.06496158569621008,0.0662320493112828
lmh,PR,0.1025,0.32667205115294906,0.3286747506832352,0.9388008519267531,0.06452355226881822,0.06496533808633526,0.0662338690711712
lmh,PR,0.105,0.3267108345673465,0.3287672033244246,0.9391802510037073,0.06452546812451408,0.06496902198860137,0.06623566602363129
lmh,PR,0.1075,0.3267496084505781,0.32885995050911243,0.9395032805260211,0.06452738323944963,0.06497264127163933,0.06623744452460882
lmh,PR,0.11,0.3267883725736071,0.3289529945516765,0.9397811509933237,0.06452929760260089,0.06497619951739494,0.0662392081226529
lmh,PR,0.1125,0.3268271268367623,0.3290463380257528,0.9400229632708483,0.06453121120933886,0.0649797000369685,0.06624095969872593
lmh,PR,0.115,0.3268658712293111,0.3291399837081897,0.9402360770157643,0.06453312405942441,0.06498314590617786,0.06624270158351747
lmh,PR,0.1175,0.32690460583227976,0.32923393458968786,0.9404264216657512,0.06453503615715017,0.0649865399675788,0.06624443565679217
lmh,PR,0.12,0.3269433307590337,0.3293281937639461,0.9405987570517799,0.06453694750840144,0.06498988488383106,0.06624616342827769
lmh,PR,0.1225,0.32698204620267524,0.32942276453596886,0.9407568909048902,0.06453885812299534,0.06499318310339211,0.06624788610968142
lmh,PR,0.125,0.3270207523447042,0.3295176502234915,0.9409038587100903,0.06454076801017133,0.06499643693916417,0.06624960466759035
lmh,PR,0.1275,0.3270594494384335,0.3296128543324725,0.9410420724575117,0.06454267718270494,0.06499964851486706,0.0662513198740662
lmh,PR,0.13,0.32709813772379936,0.32970838037972183,0.9411734423283797,0.06454458565270711,0.06500281983225353,0.06625303234217636
lmh,PR,0.1325,0.3271368174568341,0.3298042319584273,0.9412994763350641,0.0645464934330732,0.06500595276030073,0.06625474255881884
lmh,PR,0.135,0.32717548888713455,0.3299004126749881,0.9414213611874235,0.06454840053637392,0.06500904905740185,0.06625645090878252
lmh,PR,0.1375,0.32721415226712053,0.3299969261738475,0.9415400279137727,0.06455030697531475,0.06501211037052557,0.0662581576962907
lmh,PR,0.14,0.3272528078321312,0.33009377609455226,0.941656204714426,0.06455221276174923,0.0650151382528139,0.06625986316121
lmh,PR,0.1425,0.3272914558145446,0.3301909660970799,0.9417704594533177,0.06455411790738044,0.06501813416425342,0.0662615674925093
lmh,PR,0.145,0.3273300964523093,0.3302884998735285,0.9418832336859636,0.06455602242417739,0.06502109946945395,0.06626327083933696
lmh,PR,0.1475,0.3273687299706182,0.33038638112846713,0.9419948697631135,0.0645579263234751,0.06502403545757157,0.06626497331938748
lmh,PR,0.15,0.32740735660342796,0.33048461361276515,0.9421056324158229,0.06455982961703409,0.065026943332719,0.06626667502634323
lmh,PR,0.1525,0.3274459765950487,0.3305832011314935,0.942215725788787,0.06456173231711657,0.06502982422315852,0.06626837603489172
lmh,PR,0.155,0.3274845901590175,0.330682147463774,0.9423253068147694,0.06456363443446483,0.06503267920793307,0.0662700764036819
lmh,PR,0.1575,0.3275231975044664,0.33078145642525253,0.942434495878158,0.0645655359795954,0.0650355093058044,0.0662717761799625
lmh,PR,0.16,0.327561798819644,0.3308811318205201,0.9425433850196622,0.06456743696199294,0.0650383154892308,0.06627347540083849
lmh,PR,0.1625,0.3276003942908547,0.3309811774901633,0.9426520444811073,0.06456933739103907,0.06504109867554984,0.06627517409639415
lmh,PR,0.165,0.3276389840910284,0.3310815972950153,0.9427605277432576,0.06457123727545327,0.06504385973572656,0.06627687229121416
lmh,PR,0.1675,0.32767756839061957,0.3311823951384539,0.9428688754405109,0.0645731366238279,0.06504659949500806,0.0662785700056562
lmh,PR,0.17,0.32771614734491145,0.3312835749322245,0.9429771183353204,0.06457503544400157,0.06504931874178095,0.06628026725596953
lmh,PR,0.1725,0.3277547211133847,0.33138514064470614,0.9430852797488223,0.06457693374402035,0.06505201821622492,0.06628196405655037
lmh,PR,0.175,0.3277932898356271,0.33148709625853734,0.9431933772795389,0.0645788315309412,0.06505469862963754,0.06628366041930427
lmh,PR,0.1775,0.327831853659897,0.3315894458255089,0.9433014242243937,0.06458072881224695,0.06505736065387778,0.06628535635479273
lmh,PR,0.18,0.3278704127287143,0.331692193438611,0.9434094306131701,0.06458262559513339,0.06506000492839614,0.06628705187229994
lmh,PR,0.1825,0.32790896716992607,0.3317953432183985,0.943517404009409,0.06458452188607039,0.06506263206557936,0.06628874698007113
lmh,PR,0.185,0.3279475171095756,0.3318988993308532,0.9436253501188812,0.06458641769143697,0.06506524264815855,0.06629044168550731
lmh,PR,0.1875,0.3279860626678901,0.3320028659792537,0.9437332732338365,0.0645883130173186,0.0650678372334232,0.06629213599504158
lmh,PR,0.19,0.3280246039637628,0.3321072474247938,0.9438411766317445,0.06459020786973638,0.06507041635044289,0.06629382991503961
lmh,PR,0.1925,0.32806314110913554,0.3322120479691083,0.9439490628083668,0.06459210225436382,0.06507298050550285,0.066295523451422
lmh,PR,0.195,0.3281016742261927,0.33231727198512323,0.9440569336940958,0.0645939961773759,0.06507553017736384,0.06629721661002362
lmh,PR,0.1975,0.32814020342699823,0.33242292387900135,0.9441647907713634,0.06459588964444483,0.0650780658257782,0.06629890939617004
lmh,PR,0.2,0.3281787288123311,0.33252900809139413,0.9442726351990384,0.06459778266068784,0.06508058789235699,0.06630060181492736
lmh,PR,0.2025,0.3282172504945306,0.3326355291272633,0.9443804679192369,0.06459967523178514,0.06508309679196181,0.06630229387151859
lmh,PR,0.205,0.3282557685865748,0.3327424915387368,0.9444882896940328,0.06460156736344655,0.06508559291970441,0.06630398557095751
lmh,PR,0.2075,0.328294283188174,0.33284989992611286,0.9445961011457886,0.06460345906072675,0.0650880766600617,0.06630567691798464
lmh,PR,0.21,0.3283327943968579,0.33295775894085305,0.9447039028019134,0.06460535032856932,0.06509054838117467,0.06630736791726066
lmh,PR,0.2125,0.3283713023149598,0.3330660732954461,0.9448116951103114,0.06460724117215326,0.06509300843449675,0.06630905857321848
lmh,PR,0.215,0.3284098070345528,0.3331748477387007,0.9449194784521506,0.06460913159614771,0.06509545715902022,0.06631074888999776
lmh,PR,0.2175,0.3284483086434326,0.3332840870743252,0.9450272531817866,0.06461102160501223,0.06509789487965045,0.06631243887185646
lmh,PR,0.22,0.32848680723120266,0.3333937961596883,0.9451350196122353,0.06461291120329184,0.0651003219074955,0.06631412852279817
lmh,PR,0.2225,0.3285253028882293,0.33350397991365516,0.9452427780302416,0.0646148003955661,0.0651027385408513,0.06631581784669983
lmh,PR,0.225,0.32856379569766575,0.33361464330846125,0.9453505287122574,0.06461668918605855,0.06510514506688601,0.06631750684747895
lmh,PR,0.2275,0.3286022857436624,0.3337257913805006,0.9454582719290757,0.06461857757903719,0.0651075417605292,0.06631919552911174
lmh,PR,0.23,0.3286407731135464,0.3338374292284713,0.9455660079267514,0.06462046557892627,0.06510992888552172,0.06632088389529316
lmh,PR,0.2325,0.3286792578873672,0.3339495620032053,0.9456737369408718,0.06462235318979108,0.06511230669627269,0.06632257194962508
lmh,PR,0.235,0.3287177401410541,0.3340621949158937,0.9457814592075183,0.06462424041548881,0.06511467543720806,0.06632425969577314
lmh,PR,0.2375,0.3287562199778416,0.3341753332719995,0.9458891749663355,0.0646261272612176,0.0651170353293712,0.06632594713833583
lmh,PR,0.24,0.3287946974829693,0.33428898241914246,0.9459968845272239,0.06462801373128689,0.06511938659481387,0.06632763428087778
lmh,PR,0.2425,0.3288327422099839,0.3344031477637094,0.9461045880827709,0.06462989982931766,0.06512172945227258,0.0663293211268312
lmh,PR,0.245,0.328870557763918,0.33451783478703,0.9462122858458976,0.06463178555902799,0.06512406411162108,0.06633100767962476
lmh,PR,0.2475,0.3289083857710897,0.3346330490428266,0.9463199780164858,0.06463367092429018,0.06512639077471864,0.06633269394248183
lmh,PR,0.25,0.3289462286366117,0.3347487961457932,0.9464276647851106,0.06463555592858124,0.06512870963740115,0.06633437991847625
lmh,PR,0.2525,0.3289840865366075,0.334865081782531,0.9465353463477614,0.06463744057519243,0.06513102088836387,0.06633606561076728
lmh,PR,0.255,0.3290219093282602,0.334981911716155,0.9466430228885543,0.06463932486756664,0.06513332470937534,0.0663377510223243
lmh,PR,0.2575,0.3290597455195532,0.33509929178677944,0.9467506945876132,0.06464120880918736,0.06513562127515761,0.06633943615605634
lmh,PR,0.26,0.329097597107339,0.33521722790816433,0.9468583616390752,0.06464309240335724,0.0651379107528635,0.06634112101508814
lmh,PR,0.2625,0.32913538703185,0.3353357260763658,0.9469660242277044,0.06464497565331953,0.06514019330510513,0.0663428056023956
lmh,PR,0.265,0.3291731405302213,0.3354547923722531,0.9470736825245779,0.06464685856242902,0.06514246908958257,0.06634448992074099
lmh,PR,0.2675,0.3292109085335377,0.33557443295830264,0.9471813367038642,0.06464874113385315,0.06514473825861287,0.06634617397293266
lmh,PR,0.27,0.3292486932564203,0.3356946540707258,0.9472889869357916,0.06465062337039365,0.06514700096039835,0.06634785776171481
lmh,PR,0.2725,0.3292864970230178,0.3358154620335661,0.9473966333901027,0.06465250527527283,0.06514925733534886,0.06634954128982519
lmh,PR,0.275,0.3293242637872171,0.3359368632583049,0.9475042762366155,0.06465438685178003,0.0651515075183031,0.06635122455999823
lmh,PR,0.2775,0.3293620378623943,0.3360588642935698,0.9476119157075619,0.06465626810386643,0.06515375163405336,0.06635290757594758
lmh,PR,0.28,0.32939982772537374,0.3361814717260707,0.9477195519639706,0.06465814903430431,0.06515598981189842,0.06635459034026696
lmh,PR,0.2825,0.3294376351828706,0.3363046922370221,0.9478271851554365,0.06466002964611171,0.06515822217652713,0.06635627285537322
lmh,PR,0.285,0.3294754027311471,0.3364285325963776,0.9479348154378693,0.06466190994212637,0.06516044884798576,0.06635795512377933
lmh,PR,0.2875,0.3295131193163711,0.3365529996707022,0.9480424429873833,0.06466378992525483,0.06516266994000698,0.0663596371483139
lmh,PR,0.29,0.329550853697072,0.3366781004160814,0.948150067945869,0.0646656695981559,0.06516488556670724,0.06636131893126922
lmh,PR,0.2925,0.3295886079995339,0.3368038418870803,0.9482576904419382,0.06466754896342745,0.06516709583960655,0.0663630004747286
lmh,PR,0.295,0.32962634323643064,0.3369302312372146,0.9483653106129003,0.06466942802337751,0.06516930086687404,0.06636468178090853
lmh,PR,0.2975,0.3296640614637374,0.3370572757228995,0.9484729285952751,0.06467130678034634,0.06517150075323852,0.06636636285201619
lmh,PR,0.3,0.3297017953201748,0.337184982704517,0.9485805445164599,0.06467318523689024,0.0651736955998499,0.06636804369011218
lmh,PR,0.3025,0.3297395463991372,0.3373133596478658,0.9486881585030496,0.06467506339535864,0.06517588550518832,0.06636972429724405
lmh,PR,0.305,0.3297773163523265,0.3374424141273833,0.9487957706868164,0.06467694125790151,0.06517807056502203,0.06637140467553887
lmh,PR,0.3075,0.3298150797341451,0.3375721538275001,0.9489033811916981,0.06467881882685912,0.06518025087214167,0.0663730848270019
lmh,PR,0.31,0.32985276895810023,0.3377025865463,0.9490109901365981,0.064680696104603,0.0651824265166696,0.06637476475355802
lmh,PR,0.3125,0.3298904783587598,0.33783372020022306,0.9491185976726964,0.06468257309368307,0.06518459758156064,0.0663764444576347
lmh,PR,0.315,0.3299282025866702,0.33796556281403767,0.9492262039266812,0.06468444979628965,0.06518676415074337,0.06637812394127772
lmh,PR,0.3175,0.3299658698702069,0.3380981225268504,0.9493338090131871,0.06468632621476318,0.06518892630591273,0.06637980320633981
lmh,PR,0.32,0.3300035523275049,0.3382314076045827,0.9494414130769356,0.06468820235172154,0.0651910841221063,0.06638148225514486
lmh,PR,0.3225,0.33004125137702023,0.3383654264330082,0.9495490162350866,0.06469007820903092,0.06519323767776318,0.06638316108958668
lmh,PR,0.325,0.33007896848530466,0.33850018752578426,0.9496566185890798,0.06469195378866918,0.06519538705018188,0.06638483971131212
lmh,PR,0.3275,0.33011670517434205,0.3386356995278913,0.9497642202359651,0.06469382909265117,0.06519753231473262,0.06638651812189791
lmh,PR,0.33,0.33015446303066454,0.33877197121456704,0.949871821279964,0.06469570412267181,0.06519967354480129,0.06638819632303278
lmh,PR,0.3325,0.33019215360567283,0.33890901149854546,0.9499794218255249,0.06469757888047219,0.06520181081168355,0.06638987431640823
lmh,PR,0.335,0.3302298433933885,0.33904682942744757,0.9500870219605466,0.0646994533679619,0.06520394418525784,0.06639155210345486
lmh,PR,0.3375,0.3302675093449945,0.339185434188239,0.9501946217747804,0.0647013275868495,0.06520607373366408,0.06639322968563449
lmh,PR,0.34,0.33030514459737453,0.3393248351106828,0.9503022213650019,0.06470320153860748,0.06520819952323852,0.06639490706451666
lmh,PR,0.3425,0.3303427956146756,0.3394650416721131,0.9504098208202263,0.06470507522491384,0.06521032161863541,0.06639658424154801
lmh,PR,0.345,0.33038046370849716,0.33960606350123235,0.9505174202233828,0.06470694864758236,0.06521244008273532,0.06639826121808118
lmh,PR,0.3475,0.33041815024496307,0.3397479103773127,0.9506250196638139,0.06470882180811127,0.06521455497678402,0.06639993799556769
lmh,PR,0.35,0.3304558566549195,0.3398905922276948,0.9507326192521458,0.06471069470830206,0.06521666635688235,0.06640161457578884
lmh,PR,0.3525,0.3304935844199922,0.3400341191471902,0.950840219072177,0.06471256734989986,0.0652187742811066,0.06640329096010912
lmh,PR,0.355,0.330531322612841,0.3401785013958241,0.9509478192067087,0.06471443973454961,0.06522087880625999,0.06640496714987594
lmh,PR,0.3575,0.33056899590156213,0.34032374942111115,0.9510554197781883,0.06471631186422346,0.06522297998413043,0.06640664314705311
lmh,PR,0.36,0.3306066111806612,0.340469873860078,0.9511630209456062,0.06471818374177139,0.06522507786024764,0.0664083189541717
lmh,PR,0.3625,0.3306442179282544,0.3406168854848308,0.9512706228049508,0.06472004990042914,0.06522717248530148,0.06640999457278415
lmh,PR,0.365,0.33068184075959467,0.3407647952316792,0.9513782254320549,0.06472191098957557,0.06522926391152706,0.06641167000412444
lmh,PR,0.3675,0.3307194808965201,0.3409136142168323,0.9514858289038965,0.06472377128007017,0.06523135218989785,0.06641334524944592
lmh,PR,0.37,0.330757139608102,0.3410633537390807,0.9515934332902037,0.06472563002585244,0.06523343737022613,0.06641502030988775
lmh,PR,0.3725,0.3307948182151041,0.3412140252840614,0.9517010386619267,0.06472748871730344,0.06523551950111098,0.06641669518660744
lmh,PR,0.375,0.3308325180900984,0.34136564052704943,0.9518086450913009,0.06472934737516385,0.06523759863021365,0.0664183698807839
lmh,PR,0.3775,0.33087024065879184,0.3415182113398675,0.9519162526474916,0.06473120602109314,0.0652396748039137,0.06642004439354338
lmh,PR,0.38,0.3309079764987013,0.34167174979505066,0.952023861400586,0.06473306467774136,0.06524174806690633,0.06642171872603077
lmh,PR,0.3825,0.3309455539540527,0.34182626815917483,0.9521314714418893,0.06473492336915676,0.06524381846008141,0.06642339287971696
lmh,PR,0.385,0.3309831351060654,0.3419817789118892,0.9522390828401192,0.06473678212016502,0.06524588602694735,0.06642506685572337
lmh,PR,0.3875,0.3310207323341419,0.34213829474436064,0.9523466956669258,0.06473864095683755,0.065247950808386,0.06642674065521499
lmh,PR,0.39,0.3310583467670658,0.34229582856317087,0.952454309993668,0.06474049826760434,0.06525001284437287,0.06642841427935116
lmh,PR,0.3925,0.33109597957205616,0.342454393496888,0.9525619258843032,0.06474235468661407,0.06525207217610962,0.06643008772917776
lmh,PR,0.395,0.3311336319618658,0.3426140029000404,0.95266954339773,0.06474421107859155,0.06525412884397473,0.0664317610056598
lmh,PR,0.3975,0.3311713052012088,0.3427746703611464,0.9527771625879625,0.06474606746353738,0.06525618288733516,0.0664334341096858
lmh,PR,0.4,0.3312090006130674,0.34293640970170186,0.9528847835097463,0.06474792386237535,0.06525823434490316,0.06643510704215744
lmh,PR,0.4025,0.3312467195789537,0.34309923498336803,0.9529924062219371,0.0647497802970017,0.06526028325458778,0.066436779804036
lmh,PR,0.405,0.33128437582412834,0.34326316051391226,0.9531000307808996,0.0647516367903434,0.06526232965296314,0.06643845239624703
lmh,PR,0.4075,0.3313219332972126,0.3434282008563552,0.9532076572430153,0.06475349336643757,0.06526437357554649,0.0664401248197154
lmh,PR,0.41,0.33135950659401864,0.34359437082901173,0.953315285662207,0.06475534937511278,0.06526641505785191,0.06644179707532497
lmh,PR,0.4125,0.331397096761325,0.3437616855144687,0.95342291609442,0.0647572045764789,0.06526845413448254,0.06644346916399449
lmh,PR,0.415,0.3314347048935048,0.3439301602573118,0.953530548596297,0.06475905878226323,0.0652704908383425,0.06644514108664819
lmh,PR,0.4175,0.3314723321355263,0.34409981068402584,0.9536381832200224,0.06476091298216531,0.06527252520243107,0.06644681284414437
lmh,PR,0.42,0.3315099796866967,0.344270652701011,0.9537458200156476,0.06476276719561537,0.06527455725957733,0.06644848443730753
lmh,PR,0.4225,0.3315476488192205,0.3444427025153751,0.9538534590771124,0.064764621443631,0.06527658703657517,0.06645015586764137
lmh,PR,0.425,0.33158534085241925,0.3446159766136196,0.9539611004535217,0.06476647574737557,0.06527861456463187,0.06645182713595557
lmh,PR,0.4275,0.3316230571691452,0.34479049178315674,0.9540687441915706,0.06476833012899556,0.06528063987468716,0.06645349824301747
lmh,PR,0.43,0.331660643782256,0.3449662651196293,0.9541763903374753,0.06477018413779735,0.06528266299701728,0.06645516918959218
lmh,PR,0.4325,0.3316981946652244,0.3451433140379427,0.954284038944099,0.06477203767475437,0.06528468396029408,0.06645683997654347
lmh,PR,0.435,0.33173576205022903,0.345321656291796,0.9543916901078139,0.06477389118430937,0.06528670278841238,0.0664585106054118
lmh,PR,0.4375,0.3317733469788562,0.3455013099371178,0.9544993438796913,0.0647757432729103,0.06528871950902135,0.06646018107703379
lmh,PR,0.44,0.33181095054218745,0.3456822933707432,0.9546070003076942,0.0647775953740071,0.06529073414940995,0.06646185139219661
lmh,PR,0.4425,0.3318485738826019,0.345864625336724,0.954714659432606,0.06477944750625277,0.0652927467371448,0.06646352155157642
lmh,PR,0.445,0.3318862181991614,0.3460483249265721,0.954822321298535,0.0647812996891208,0.06529475729944818,0.06646519155590057
lmh,PR,0.4475,0.33192388474974327,0.34623341158525067,0.9549299859465538,0.06478315194295245,0.06529676586377318,0.06646686140584857
lmh,PR,0.45,0.3319615748545402,0.3464199050993691,0.9550376534165775,0.06478500423151701,0.0652987724582309,0.0664685311020833
lmh,PR,0.4525,0.3319992899050218,0.3466078255277955,0.9551453237654848,0.06478685560585062,0.06530077711195559,0.06647020064552782
lmh,PR,0.455,0.33203682705863113,0.3467971930333546,0.9552529970358473,0.06478870700618164,0.06530277986726406,0.066471870036883
lmh,PR,0.4575,0.33207437339541496,0.3469880273061198,0.9553606732696472,0.0647905584489997,0.06530478079808481,0.06647353927684409
lmh,PR,0.46,0.3321119367956239,0.3471803458446009,0.955468352512144,0.06479240905380311,0.06530678007078895,0.06647520836615377
lmh,PR,0.4625,0.33214951830133244,0.3473741590791433,0.9555760348071932,0.06479425913078768,0.06530877811481187,0.06647687730553084
lmh,PR,0.465,0.3321871190040987,0.3475694579163716,0.9556837201943309,0.06479610925094084,0.06531077604304986,0.0664785460956304
lmh,PR,0.4675,0.3322247400471705,0.34776618873037674,0.9557914087079141,0.06479795943281394,0.06531277646253973,0.06648021473702616
lmh,PR,0.47,0.3322623826314255,0.3479642223469172,0.9558991003863823,0.06479980969583378,0.06531478439174195,0.06648188323035302
lmh,PR,0.4725,0.3323000480217601,0.3481633352240841,0.9560067952889385,0.06480165954979661,0.06531680764969365,0.06648355157656875
lmh,PR,0.475,0.332337737608994,0.3483632110489054,0.9561144935183387,0.06480350884294465,0.06531885651377678,0.06648521977730579
lmh,PR,0.4775,0.3323754313278192,0.34856347064183474,0.9562221952521435,0.06480535816914643,0.06532094249237327,0.06648688783535123
lmh,PR,0.48,0.33241295853858005,0.34876372990314325,0.9563299007092813,0.06480720754725491,0.06532307635202184,0.0664885557541356
lmh,PR,0.4825,0.33245050262322956,0.3489636550564892,0.9564376101549154,0.06480905690401619,0.06532526645476185,0.06649022353780071
lmh,PR,0.485,0.33248806464333247,0.34916298987577693,0.9565453238963084,0.06481090505172776,0.0653275181462834,0.06649189119114039
lmh,PR,0.4875,0.3325256457206267,0.3493615574225607,0.9566530422679677,0.06481275327131074,0.06532983398264726,0.06649355871936564
lmh,PR,0.49,0.3325632470344508,0.34955924896291596,0.9567607656183149,0.06481460158596003,0.06533221431112225,0.0664952261279014
lmh,PR,0.4925,0.3326008698214034,0.3497560092317932,0.9568684943027336,0.06481645001977344,0.06533465789272379,0.06649689342227771
lmh,PR,0.495,0.3326385153701386,0.34995182252450424,0.9569762286621191,0.06481829777604838,0.06533716243766254,0.06649856060779938
lmh,PR,0.4975,0.33267618504017427,0.3501467011355111,0.9570839690710732,0.06482014523359352,0.06533972501145223,0.06650022769028742
lmh,PR,0.5,0.3327138802327066,0.3503406764072425,0.9571917158472377,0.06482199276931845,0.06534234234042792,0.06650189467468134
lmh,PR,0.5025,0.3327515679081121,0.3505337921228171,0.9572994692934698,0.0648238404029018,0.06534501101241788,0.06650356156568722
lmh,PR,0.505,0.3327891007310103,0.35072609979966357,0.957407229697517,0.06482568815445118,0.06534772761118823,0.06650522836777727
lmh,PR,0.5075,0.3328266517419543,0.3509176554131943,0.9575149973318817,0.06482753550935512,0.06535048880066964,0.06650689508518587
lmh,PR,0.51,0.3328642219964057,0.3511085171032454,0.9576227724621968,0.0648293822296338,0.06535329137539791,0.06650856172203724
lmh,PR,0.5125,0.3329018125946059,0.3512987435155088,0.9577305553406743,0.0648312290919379,0.06535613229265018,0.06651022828224809
lmh,PR,0.515,0.3329394246810535,0.3514883924944423,0.9578383461991727,0.06483307611759628,0.065359008693377,0.06651189476941814
lmh,PR,0.5175,0.3329770594491757,0.3516775199648642,0.95794614525758,0.06483492237958423,0.06536191791538888,0.06651356118695856
lmh,PR,0.52,0.3330147181433008,0.3518661789354209,0.9580539527244158,0.06483676842870972,0.0653648575037736,0.0665152275381067
lmh,PR,0.5225,0.3330524020604563,0.3520544186467901,0.9581617687963919,0.06483861458956074,0.06536782521746665,0.06651689382591205
lmh,PR,0.525,0.333090112552381,0.3522422840302491,0.9582695936582025,0.06484046087921146,0.06537081902820023,0.06651856005324076
lmh,PR,0.5275,0.3331278192752012,0.3524298156285291,0.9583774274852209,0.06484230731523759,0.06537383710872939,0.06652022622281129
lmh,PR,0.53,0.33316536701353827,0.35261704998216203,0.9584852704589211,0.06484415391600631,0.06537687780928843,0.0665218923374356
lmh,PR,0.5325,0.3332029338290572,0.35280402047426274,0.95859312275081,0.06484599989348568,0.06537993962875498,0.06652355839977044
lmh,PR,0.535,0.33324052074078575,0.3529907583872965,0.9587009845097045,0.06484784562620408,0.06538302118264062,0.06652522441211955
lmh,PR,0.5375,0.3332781288134563,0.35317729397099024,0.9588088558791402,0.064849691547632,0.06538612116961401,0.06652689037670625
lmh,PR,0.54,0.3333157591589686,0.3533636573333122,0.9589167369970669,0.06485153680843,0.06538923834616889,0.06652855629566534
lmh,PR,0.5425,0.3333534129378972,0.35354987904042573,0.9590246279955366,0.06485338173188109,0.0653923715092693,0.06653022217103986
lmh,PR,0.545,0.33339109136254386,0.3537359903602661,0.9591325290044732,0.06485522678566731,0.06539551948792115,0.06653188800483922
lmh,PR,0.5475,0.33342879569663647,0.3539220231822443,0.9592404401453554,0.06485707198521957,0.0653986811440914,0.06653355379894041
lmh,PR,0.55,0.3334665272576452,0.35410800962824057,0.9593483615327568,0.06485891734647811,0.06540185537861949,0.066535219555115
lmh,PR,0.5525,0.3335042723997273,0.3542939814652621,0.9594562932756422,0.06486076288593785,0.06540504114175254,0.06653688527504602
lmh,PR,0.555,0.3335418405447852,0.3544799693883338,0.9595642355083862,0.06486260862120284,0.0654082374427142,0.06653855096080548
lmh,PR,0.5575,0.3335794283450665,0.3546660022800413,0.9596721883301373,0.06486445362828719,0.06541144336902656,0.0665402166139253
lmh,PR,0.56,0.33361703679902194,0.35485210650697113,0.9597801518341993,0.06486629863508253,0.06541465809472966,0.06654188223584444
lmh,PR,0.5625,0.3336546669492367,0.35503830533245767,0.9598881261103381,0.06486814329199203,0.06541788088855001,0.06654354782794628
lmh,PR,0.565,0.3336923198852073,0.35522461848909387,0.959996111248422,0.06486998727237535,0.06542111111793895,0.0665452133916144
lmh,PR,0.5675,0.3337299967442635,0.35541106193746314,0.9601041073363561,0.06487183139336421,0.06542434825006908,0.06654687892820427
lmh,PR,0.57,0.3337676987112277,0.3555976478312147,0.9602121144544731,0.06487367566903732,0.06542759184918638,0.0665485444389504
lmh,PR,0.5725,0.33380542702125915,0.3557843846550165,0.9603201326789528,0.06487552011401236,0.06543084156886335,0.06655020992502664
lmh,PR,0.575,0.3338431829631724,0.35597127756279634,0.9604281620862888,0.06487736474354384,0.06543409714122587,0.06655187538760689
lmh,PR,0.5775,0.3338809678809519,0.35615832883948967,0.9605362027527775,0.06487920957353502,0.06543735836445903,0.06655354082786398
lmh,PR,0.58,0.3339185741260491,0.3563455384559994,0.9606442547524383,0.06488105462052744,0.06544062508910604,0.06655520624693692
lmh,PR,0.5825,0.3339561860749945,0.35653290465004545,0.9607523181737138,0.06488289893369531,0.06544389720236127,0.06655687164618099
lmh,PR,0.585,0.33399381905773046,0.3567204245369171,0.9608603930908763,0.0648847433385345,0.065447174618433,0.06655853702673689
lmh,PR,0.5875,0.3340314741023817,0.3569080946378123,0.9609684795758971,0.06488658650078108,0.0654504572658764,0.06656020238970904
lmh,PR,0.59,0.33406915228145656,0.3570959113380403,0.9610765776996086,0.06488842980860358,0.06545374507804244,0.06656186773618175
lmh,PR,0.5925,0.334106854712819,0.357283871260376,0.9611846875304372,0.0648902732753774,0.06545703798581637,0.06656353306720306
lmh,PR,0.595,0.3341445825627671,0.3574719715578975,0.9612928091384345,0.06489211691508519,0.0654603359116099,0.06656519838384707
lmh,PR,0.5975,0.3341823370471559,0.35766021014453253,0.9614009425921922,0.06489396074227355,0.06546363876608145,0.06656686368716055
lmh,PR,0.6,0.3342201194313779,0.35784858584710916,0.9615090879577531,0.064895804772056,0.06546694644573915,0.06656852897815466
lmh,PR,0.6025,0.3342579310320774,0.35803709850117715,0.9616172452992116,0.06489764902014623,0.06547025883152618,0.06657019425780926
lmh,PR,0.605,0.334295604346888,0.3582257490008885,0.9617254146799137,0.06489949350289986,0.06547357578845783,0.06657185952709108
lmh,PR,0.6075,0.3343332427114724,0.35841453930445,0.9618335961670565,0.06490133732495745,0.06547689716569219,0.06657352478702488
lmh,PR,0.61,0.3343709024069689,0.358603472383718,0.9619417898415815,0.06490318049451091,0.06548022279653454,0.06657519003884982
lmh,PR,0.6125,0.33440858444498867,0.3587925521709995,0.9620499957635105,0.06490502308678636,0.06548355250414169,0.06657685528347941
lmh,PR,0.615,0.3344462898797405,0.35898178343953313,0.9621582139897223,0.0649068658407106,0.06548688610174644,0.06657852052177897
lmh,PR,0.6175,0.3344840198103328,0.35917117169073043,0.9622664445774015,0.06490870876950679,0.06549022339500159,0.06658018575461981
lmh,PR,0.62,0.33452177538132327,0.359360723005386,0.9623746875860875,0.06491055188699293,0.0654935641843402,0.06658185098290857
lmh,PR,0.6225,0.334559557781889,0.3595504439059378,0.9624829430706072,0.06491239520747887,0.06549690826849142,0.06658351620747599
lmh,PR,0.625,0.3345973682472983,0.3597403412071039,0.9625912110806494,0.06491423874577529,0.06550025544694624,0.0665851814290765
lmh,PR,0.6275,0.3346352080624354,0.3599304218886203,0.9626994916662306,0.0649160825173122,0.06550360552180819,0.06658684664846926
lmh,PR,0.63,0.3346729609697586,0.3601206929749231,0.9628077848765333,0.06491792653813461,0.06550695829978202,0.06658851186639907
lmh,PR,0.6325,0.3347106276485828,0.3603111614253724,0.9629160907665361,0.06491977003793417,0.06551031359280307,0.06659017708370037
lmh,PR,0.635,0.3347483158648929,0.36050183406403563,0.9630244093876472,0.06492161212979719,0.06551367122035498,0.06659184230115107
lmh,PR,0.6375,0.3347860266116377,0.3606927175317546,0.963132740785315,0.06492345425195305,0.06551703101058295,0.06659350751943749
lmh,PR,0.64,0.3348237609221932,0.3608838182390985,0.9632410850067229,0.06492529654868921,0.06552039279973718,0.06659517273927303
lmh,PR,0.6425,0.3348615198699446,0.3610751423461344,0.963349442095442,0.06492713903298518,0.06552375643274036,0.06659683796131469
lmh,PR,0.645,0.3348993045700055,0.3612666957468702,0.9634578120923851,0.06492898171830355,0.06552712176276695,0.06659850318617938
lmh,PR,0.6475,0.334937116181898,0.3614584840825832,0.963566195039176,0.06493082461866834,0.06553048865078799,0.0666001684144922
lmh,PR,0.65,0.3349749559103094,0.3616505127591886,0.9636745909759536,0.06493266774865217,0.06553385696540594,0.06660183364685815
lmh,PR,0.6525,0.3350128250494522,0.36184278695848227,0.9637829999417132,0.0649345111233963,0.06553722658217494,0.06660349888386224
lmh,PR,0.655,0.3350506686576025,0.3620353116625873,0.9638914219737524,0.06493635475862575,0.06554059738298834,0.06660516412606435
lmh,PR,0.6575,0.33508836507428447,0.3622280916840849,0.9639998571097271,0.06493819766741847,0.06554396925536596,0.06660682937402894
lmh,PR,0.66,0.3351260831486437,0.36242113169454465,0.9641083053860785,0.06494003922125659,0.06554734209186873,0.0666084946283009
lmh,PR,0.6625,0.3351638238560911,0.3626144362409926,0.9642167668547718,0.06494188094770549,0.06555071578754024,0.06661015988966357
lmh,PR,0.665,0.3352015882050885,0.36280800981020855,0.964325241553191,0.06494372285906906,0.06555409024292483,0.06661182515867829
lmh,PR,0.6675,0.3352393772431894,0.3630018568437719,0.9644337295177566,0.06494556496813404,0.06555746536177089,0.06661349043588898
lmh,PR,0.67,0.3352771920893786,0.3631959817660469,0.9645422307831419,0.06494740728817038,0.06556084105053638,0.06661515572181206
lmh,PR,0.6725,0.3353150339058711,0.3633903890048537,0.9646507453862828,0.06494924983301831,0.06556421721754623,0.06661682101700052
lmh,PR,0.675,0.335352903856587,0.3635850830153974,0.9647592733616907,0.06495109261702973,0.06556759377314547,0.06661848632196833
lmh,PR,0.6775,0.3353908031501613,0.3637800682926553,0.9648678147426695,0.0649529356551074,0.06557097062941745,0.0666201516372108
lmh,PR,0.68,0.3354287330414254,0.36397534936979625,0.9649763695613222,0.06495477896298256,0.06557434770000271,0.06662181696320668
lmh,PR,0.6825,0.3354664746210059,0.3641709308047571,0.965084937854978,0.06495662132440799,0.06557772489946823,0.0666234823005109
lmh,PR,0.685,0.3355042236165466,0.36436681716760083,0.9651935196596587,0.06495846253403917,0.06558110214425374,0.06662514764966103
lmh,PR,0.6875,0.3355419952923712,0.364563013022471,0.9653021150066354,0.06496030392506302,0.06558447935363813,0.06662681301111995
lmh,PR,0.69,0.335579790692432,0.3647595228768416,0.9654107239262405,0.06496214550956975,0.06558785644962188,0.06662847838533814
lmh,PR,0.6925,0.3356176108279683,0.3649563511317605,0.9655193464494126,0.06496398730014319,0.06559123335748387,0.0666301437727713
lmh,PR,0.695,0.3356554567495436,0.36515350202797814,0.965627982607489,0.06496582930987238,0.06559461000658587,0.06663180917388532
lmh,PR,0.6975,0.3356933295481294,0.36535097957947693,0.9657366324318808,0.06496767155237343,0.0655979863311319,0.06663347458914513
lmh,PR,0.7,0.3357312303555256,0.36554878750981606,0.9658452959511494,0.06496951404211349,0.06560136227128491,0.06663514001897075
lmh,PR,0.7025,0.3357691603469092,0.3657469291842464,0.9659539731946947,0.0649713567936744,0.06560473777369444,0.06663680546379559
lmh,PR,0.705,0.33580712074175395,0.3659454075416711,0.966062664191275,0.06497319982219647,0.06560811279228736,0.06663847092404364
lmh,PR,0.7075,0.33584497340556757,0.366144225034517,0.9661713689698443,0.06497504179776717,0.06561148728888241,0.06664013640014106
lmh,PR,0.71,0.3358827543328552,0.36634338357319074,0.9662800875581345,0.06497688271418353,0.06561486123379713,0.06664180189249624
lmh,PR,0.7125,0.3359205579660267,0.36654288447883343,0.9663888199879282,0.06497872381924433,0.06561823460570283,0.06664346740157781
lmh,PR,0.715,0.3359583852564796,0.366742728446721,0.9664975662956439,0.0649805651250197,0.06562160739169788,0.06664513292792518
lmh,PR,0.7175,0.3359962371892572,0.3669429155472348,0.9666063265102066,0.0649824066440482,0.06562497958894875,0.06664679847196475
lmh,PR,0.72,0.3360341147862771,0.3671434452044874,0.9667151006588549,0.06498424838950505,0.06562835120364607,0.06664846403409402
lmh,PR,0.7225,0.3360720191078793,0.3673443162003508,0.9668238887680668,0.06498609037466148,0.06563172225061911,0.06665012961470201
lmh,PR,0.725,0.33610995125559817,0.36754552668734203,0.9669326908683546,0.06498793261337488,0.06563509275246085,0.06665179521423635
lmh,PR,0.7275,0.3361479123714179,0.3677470742228966,0.9670415069879248,0.06498977511999737,0.0656384627396614,0.06665346083311062
lmh,PR,0.73,0.336185903639392,0.3679489557948787,0.9671503371536481,0.06499161790940927,0.06564183224971731,0.0666551264717171
lmh,PR,0.7325,0.3362238769492524,0.3681511678515531,0.9672591813969209,0.06499345965256391,0.06564520132572153,0.06665679213051852
lmh,PR,0.735,0.3362616906212471,0.3683537063601524,0.9673680397484288,0.06499530032153991,0.06564857001650255,0.0666584578099651
lmh,PR,0.7375,0.3362995269132382,0.3685565668522367,0.9674769122365463,0.06499714118590955,0.06565193837599582,0.06666012351047071
lmh,PR,0.74,0.3363373867488569,0.3687597444630532,0.9675857988886577,0.06499898225769521,0.06565530646216447,0.06666178923243679
lmh,PR,0.7425,0.3363752710867358,0.3689632339826221,0.9676946997329784,0.06500082354905229,0.0656586743361645,0.06666345497627507
lmh,PR,0.745,0.3364131809217209,0.3691670299052509,0.9678036147988747,0.06500266507262609,0.06566204206151847,0.06666512074241512
lmh,PR,0.7475,0.33645111728590166,0.36937112648797227,0.9679125441164059,0.06500450684155068,0.06566540970347728,0.06666678653129682
lmh,PR,0.75,0.33648908124885263,0.36957551780546,0.9680214877136918,0.06500634886943212,0.06566877732838934,0.06666845234332944
lmh,PR,0.7525,0.33652707391928727,0.3697801978085109,0.9681304456184272,0.06500819117038384,0.065672145002784,0.06667011817891885
lmh,PR,0.755,0.3365650964468484,0.3699851603890792,0.9682394178596099,0.06501003375907281,0.06567551279248522,0.0666717840384873
lmh,PR,0.7575,0.33660315002307917,0.3701903994452074,0.9683484044667855,0.0650118754230935,0.06567888076183143,0.0666734499224646
lmh,PR,0.76,0.3366410466458647,0.37039590894539914,0.9684574054677453,0.06501371588889997,0.06568224897297079,0.06667511583125689
lmh,PR,0.7625,0.3366789162767075,0.3706016829977163,0.9685664208902411,0.06501555655602827,0.06568561748501944,0.0666767817652685
lmh,PR,0.765,0.3367168093050167,0.3708077158986109,0.968675450771651,0.06501739743616872,0.06568898635215374,0.06667844772504801
lmh,PR,0.7675,0.3367547266635163,0.3710140022265899,0.9687844951419327,0.06501923854132222,0.06569235562518683,0.06668011371103309
lmh,PR,0.77,0.3367926693183498,0.3712205368792337,0.9688935540286471,0.06502107988390311,0.06569572535013324,0.0666817797236243
lmh,PR,0.7725,0.3368306382708816,0.371427315120373,0.9690026274590582,0.0650229214767884,0.06569909556762323,0.0666834457632159
lmh,PR,0.775,0.3368686345591962,0.3716343326153881,0.969111715461511,0.06502476333335268,0.06570246631243319,0.06668511183022072
lmh,PR,0.7775,0.3369066592591594,0.3718415854627684,0.9692208180649263,0.06502660546748283,0.06570583761342069,0.06668677792505838
lmh,PR,0.78,0.3369447134845054,0.3720490702110936,0.9693299352963262,0.06502844789354434,0.06570920949362709,0.0666884440481205
lmh,PR,0.7825,0.3369827983897717,0.3722567838495381,0.9694390671859325,0.06503028963606114,0.06571258196951857,0.06669011019984591
lmh,PR,0.785,0.33702083629303,0.3724647238373468,0.9695482137604846,0.06503212994208524,0.06571595505247038,0.06669177638062114
lmh,PR,0.7875,0.3370587399766438,0.3726728880810734,0.9696573750469946,0.06503397045451359,0.0657193287484015,0.06669344259083693
lmh,PR,0.79,0.33709666687447293,0.37288127491268025,0.9697665510705356,0.06503581118464376,0.06572270305815275,0.0666951088308549
lmh,PR,0.7925,0.33713461789048943,0.3730898830687766,0.9698757418554518,0.06503765214418362,0.06572607797784652,0.06669677510102208
lmh,PR,0.795,0.33717259396211147,0.37329871166152595,0.9699849474280718,0.06503949334530885,0.06572945349908904,0.06669844140172006
lmh,PR,0.7975,0.3372105960605398,0.37350776015515735,0.970094167814934,0.06504133480065237,0.06573282960970153,0.06670010773333024
lmh,PR,0.8,0.3372486251907029,0.3737170283272245,0.9702034030399016,0.06504317652326956,0.06573620629424727,0.06670177409619332
lmh,PR,0.8025,0.33728668239305143,0.37392651623658385,0.9703126531262314,0.06504501852668426,0.06573958353437144,0.06670344049064307
lmh,PR,0.805,0.3373247687448084,0.3741362241912406,0.9704219180971347,0.0650468608249162,0.06574296130923361,0.06670510691700941
lmh,PR,0.8075,0.3373628853613444,0.3743461527163755,0.9705311979766059,0.06504870280510752,0.06574633959588705,0.06670677337563606
lmh,PR,0.81,0.3374010333967612,0.3745563025225429,0.9706404927876466,0.06505054298892897,0.06574971836974869,0.06670843986684956
lmh,PR,0.8125,0.3374390113337127,0.3747666744759996,0.9707498025520633,0.06505238338284129,0.06575309760497225,0.06671010639096114
lmh,PR,0.815,0.33747697268065807,0.3749772695575602,0.9708591272972857,0.06505422399797745,0.06575647727392045,0.06671177294836347
lmh,PR,0.8175,0.3375149578956691,0.3751880888676503,0.9709684670463233,0.06505606484580662,0.06575985734894903,0.06671343953938544
lmh,PR,0.82,0.33755296788587213,0.375399133591997,0.9710778218201489,0.06505790593818507,0.06576323780218574,0.06671510616432234
lmh,PR,0.8225,0.33759100359010696,0.3756104049791453,0.9711871916384734,0.06505974728738421,0.06576661860562409,0.0667167728234514
lmh,PR,0.825,0.3376290659804495,0.3758219043227547,0.9712965765214056,0.06506158890613198,0.06576999973120244,0.06671843951705464
lmh,PR,0.8275,0.33766715606406317,0.37603363294905107,0.971405976491358,0.06506343080765782,0.06577338115089383,0.06672010624545101
lmh,PR,0.83,0.3377052748823705,0.37624559219748865,0.9715153915693265,0.06506527300564774,0.06577676283696299,0.06672177300893498
lmh,PR,0.8325,0.3377434235126307,0.37645778340797054,0.9716248217758078,0.06506711538832644,0.06578014476198371,0.06672343980779598
lmh,PR,0.835,0.33778160306832555,0.37667020792692163,0.9717342671289116,0.06506895547987263,0.06578352689946625,0.06672510664228555
lmh,PR,0.8375,0.33781974228542266,0.37688286709116753,0.9718437276479719,0.0650707957841606,0.06578690922345733,0.06672677351267357
lmh,PR,0.84,0.3378577385557558,0.377095762217755,0.9719532033514173,0.06507263631195304,0.06579029170868488,0.06672844041921547
lmh,PR,0.8425,0.3378957584042069,0.37730889459937056,0.9720626942570757,0.0650744770744017,0.06579367433059184,0.06673010736215908
lmh,PR,0.845,0.337933802708683,0.3775222654976042,0.9721722003832249,0.06507631808306963,0.06579705706524829,0.06673177434175932
lmh,PR,0.8475,0.3379718723775152,0.3777358761454116,0.9722817217474033,0.0650781593499294,0.065800439889582,0.06673344135825711
lmh,PR,0.85,0.3380099683503257,0.37794972774157676,0.9723912583667176,0.06508000088737978,0.06580382278131239,0.06673510841188875
lmh,PR,0.8525,0.3380480915987037,0.3781638214467941,0.9725008102568298,0.0650818427082394,0.06580720571898081,0.06673677550286718
lmh,PR,0.855,0.3380862431275317,0.3783781583837373,0.9726103774331232,0.06508368482578819,0.06581058868189668,0.06673844263140248
lmh,PR,0.8575,0.3381244239766957,0.3785927396393466,0.9727199599131735,0.06508552725381254,0.0658139716500342,0.06674010979773658
lmh,PR,0.86,0.3381626352207943,0.378807566259239,0.9728295577129739,0.06508736782180476,0.06581735460416607,0.06674177700208879
lmh,PR,0.8625,0.3382008779703109,0.379022639248605,0.97293917084776,0.0650892080562446,0.0658207375258209,0.0667434442446653
lmh,PR,0.865,0.3382389749607671,0.3792379595555444,0.973048799335929,0.06509104851469373,0.06582412039657946,0.06674511152572069
lmh,PR,0.8675,0.33827702974217494,0.3794535281067864,0.9731584431928489,0.0650928892080882,0.06582750319935145,0.06674677884546347
lmh,PR,0.87,0.3383151086273164,0.3796693457915241,0.9732681024333341,0.06509473014818185,0.06583088591776343,0.06674844620409352
lmh,PR,0.8725,0.338353212493522,0.37988541346028143,0.9733777770712857,0.0650965713466755,0.0658342685361336,0.06675011360179758
lmh,PR,0.875,0.3383913422481816,0.3801017319256576,0.9734874671205702,0.06509841281561492,0.06583765103937507,0.06675178103875985
lmh,PR,0.8775,0.3384294988295599,0.380318301962161,0.9735971725949042,0.06510025456747202,0.06584103341296654,0.0667534485151655
lmh,PR,0.88,0.33846768320821774,0.3805351243008214,0.9737068935095465,0.06510209661518591,0.0658444156426549,0.06675511603121799
lmh,PR,0.8825,0.3385058963861947,0.3807521996469503,0.9738166298763988,0.06510393897209857,0.06584779771516192,0.06675678358707607
lmh,PR,0.885,0.33854413939879985,0.3809695286743248,0.9739263817066363,0.06510578040120064,0.06585117961782669,0.06675845118288119
lmh,PR,0.8875,0.33858241331611566,0.3811871120266968,0.9740361490128535,0.06510762058094481,0.06585456133843642,0.06676011881879944
lmh,PR,0.89,0.33862069119982274,0.38140495031709676,0.9741459318076923,0.065109460983933,0.0658579428652578,0.06676178649499812
lmh,PR,0.8925,0.3386587810817103,0.3816230441249802,0.9742557301023119,0.06511130162071138,0.06586132418705216,0.06676345421162094
lmh,PR,0.895,0.3386968946823519,0.3818413940007928,0.9743655439074077,0.06511314250218711,0.06586470529304597,0.06676512196880333
lmh,PR,0.8975,0.3387350328483193,0.3820600004679126,0.9744753732332017,0.06511498363964596,0.06586808617293732,0.06676678976667659
lmh,PR,0.9,0.3387731964552043,0.3822788640247493,0.9745852180909023,0.06511682504478411,0.06587146681679336,0.06676845760538272
lmh,PR,0.9025,0.3388113864073314,0.3824979851412361,0.9746950784896962,0.06511866672967274,0.06587484721515333,0.06677012548503661
lmh,PR,0.905,0.3388496036393967,0.3827173642631109,0.9748049544391836,0.06512050870681071,0.0658782273589121,0.06677179340575795
lmh,PR,0.9075,0.33888784911691305,0.3829370018104463,0.9749148459481936,0.06512235098911637,0.06588160723933677,0.06677346136765483
lmh,PR,0.91,0.3389261238371552,0.3831568981797982,0.975024753025246,0.06512419359049267,0.0658849868480444,0.06677512937082943
lmh,PR,0.9125,0.33896442882991124,0.3833770537418311,0.9751346756785823,0.06512603379455564,0.06588836617689899,0.0667767974153823
lmh,PR,0.915,0.3390027651588997,0.3835974688332811,0.9752446139173493,0.06512787414633057,0.06589174521773243,0.06677846550142413
lmh,PR,0.9175,0.3390410207100022,0.3838181437848673,0.9753545677482344,0.0651297147294569,0.06589512396315972,0.06678013362903307
lmh,PR,0.92,0.3390791689433796,0.38403907890924727,0.9754645371794662,0.06513155555453332,0.06589850240600953,0.06678180179830426
lmh,PR,0.9225,0.33911734129309434,0.3842602744963263,0.9755745222168469,0.06513339663248843,0.06590188053946407,0.06678347000930242
lmh,PR,0.925,0.33915553860198655,0.3844817308158629,0.97568452286591,0.06513523797462863,0.06590525835693742,0.06678513826208349
lmh,PR,0.9275,0.3391937617408296,0.3847034481120892,0.9757945391319195,0.06513707959265477,0.06590863585193647,0.06678680655670252
lmh,PR,0.93,0.3392320116095765,0.38492542661436197,0.9759045710213143,0.06513892149869008,0.06591201301816373,0.06678847489322853
lmh,PR,0.9325,0.33927028913676777,0.38514766653945665,0.9760146185376769,0.06514076370521932,0.06591538984981773,0.0667901432716915
lmh,PR,0.935,0.3393085952810982,0.3853701680873711,0.9761246816841487,0.06514260622514283,0.06591876634131519,0.06679181169211301
lmh,PR,0.9375,0.33934693103237,0.3855929314419189,0.9762347604639937,0.06514444836089697,0.0659221424872527,0.06679348015451426
lmh,PR,0.94,0.3393852974117297,0.38581595676930813,0.9763448548788388,0.06514628865499955,0.06592551828245738,0.06679514865889534
lmh,PR,0.9425,0.3394236954731721,0.3860392442195499,0.9764549649308275,0.06514812917612044,0.06592889372187101,0.06679681720526236
lmh,PR,0.945,0.3394619391150824,0.3862627939273688,0.9765650906199826,0.06514996993434075,0.06593226880071457,0.06679848579358896
lmh,PR,0.9475,0.339500145154117,0.3864866060126894,0.9766752319459507,0.06515181094008557,0.06593564351436927,0.06680015442384256
lmh,PR,0.95,0.3395383756293776,0.38671068058397107,0.9767853889097011,0.06515365220416762,0.06593901785830389,0.06680182309601304
lmh,PR,0.9525,0.3395766313771697,0.3869350177342097,0.9768955615106325,0.0651554937377444,0.06594239182818741,0.06680349181006383
lmh,PR,0.955,0.33961491326057297,0.3871596175408297,0.9770057497462947,0.06515733555232814,0.06594576541987798,0.06680516056593204
lmh,PR,0.9575,0.3396532221705465,0.3873844800681752,0.977115953613902,0.06515917765981778,0.06594913862936388,0.06680682936354994
lmh,PR,0.96,0.3396915590269507,0.3876096053680284,0.9772261731106999,0.06516102007251967,0.06595251145272837,0.06680849820284894
lmh,PR,0.9625,0.33972992477933256,0.38783499347127776,0.9773364082342312,0.06516286280316413,0.06595588388594979,0.06681016708376569
lmh,PR,0.965,0.339768320406804,0.3880606443945426,0.9774466589799855,0.06516470586487146,0.06595925592519153,0.0668118360062057
lmh,PR,0.9675,0.3398067469192714,0.3882865581514713,0.9775569253427556,0.0651665462975067,0.06596262756692507,0.06681350497006452
lmh,PR,0.97,0.3398452053578173,0.38851273474170456,0.9776672073155401,0.0651683869510934,0.06596599880776279,0.06681517397520885
lmh,PR,0.9725,0.3398834541213397,0.3887391741530294,0.9777775048907917,0.06517022784359136,0.06596936964440384,0.06681684302150018
lmh,PR,0.975,0.3399217163552,0.3889658763584476,0.9778878180598737,0.06517206898517508,0.06597274007361352,0.06681851210878072
lmh,PR,0.9775,0.33996000325470166,0.38919284130889453,0.9779981468133055,0.06517391038636176,0.06597611009203358,0.06682018123688108
lmh,PR,0.98,0.3399983156450989,0.3894200689579137,0.9781084911415839,0.06517575205802995,0.06597947969661862,0.06682185040563361
lmh,PR,0.9825,0.34003665437790087,0.38964755924669897,0.9782188510338728,0.0651775940114074,0.06598284888442621,0.06682351961484466
lmh,PR,0.985,0.3400750203314446,0.38987531210360943,0.978329226477406,0.06517943625807693,0.06598621765261843,0.06682518886429932
lmh,PR,0.9875,0.3401134144116325,0.39010332744443,0.9784396174580807,0.06518127880998843,0.06598958599844258,0.06682685815375664
lmh,PR,0.99,0.3401518375531194,0.39033160517349114,0.9785500239615802,0.0651831216794956,0.06599295391914876,0.06682852748297519
lmh,PR,0.9925,0.3401902907200578,0.39056014518628573,0.9786604459736672,0.0651849648793665,0.06599632141201571,0.06683019685171493
lmh,PR,0.995,0.3402287749055729,0.3907889473641451,0.9787708834766617,0.06518680842273902,0.06599968847447645,0.06683186625968177
lmh,PR,0.9975,0.3402672911338687,0.3910180115782585,0.9788813364526526,0.0651886509206146,0.06600305510397286,0.06683353570658077
lmh,PR,1.0,0.3403055941986009,0.3912473376888946,0.9789918048825567,0.0651904918367767,0.06600642129800398,0.06683520519209776
lmh,CPA,0.0,1.0817568076828619,1.0817568076828599,1.0817568076828619,0.03813928771377382,0.038139287713775186,0.03813928771377382
lmh,CPA,0.0025,1.0840517954082558,1.0856263008390519,1.3724042560714012,0.038250910324391686,0.038615536382445144,0.08862562401083561
lmh,CPA,0.005,1.085565173417751,1.088315639153294,1.645131633403371,0.03832688588114508,0.039178868350421475,0.09158852217176026
lmh,CPA,0.0075,1.0868655777321659,1.0906846880429968,1.8435323321584531,0.03839376357482158,0.03976678793102549,0.09251615841078936
lmh,CPA,0.01,1.088075083957684,1.092923236162481,2.032723389439127,0.03845736587028768,0.04035934786966528,0.09302410287145237
lmh,CPA,0.0125,1.089186247646119,1.095023998512098,2.2228252925434773,0.03851704511178546,0.0409564871239144,0.09342153896846743
lmh,CPA,0.015,1.090255958084382,1.097069476871233,2.412000310805543,0.038575683633443596,0.0415530169231114,0.09377905226626901
lmh,CPA,0.0175,1.091163050751155,1.098870391049913,2.5939731677653217,0.03862636121592136,0.04215922121369018,0.09408775772943308
lmh,CPA,0.02,1.092059086244331,1.100656432553807,2.761607140611743,0.03867731618762617,0.04275979355146394,0.09436904477178922
lmh,CPA,0.0225,1.092890882611962,1.102350728031084,2.9144619362139412,0.03872545012386036,0.04336739053883991,0.09461923473557762
lmh,CPA,0.025,1.093657769101135,1.1039430918086859,3.046937848833856,0.03877056418557751,0.04397197258592409,0.09483658977224288
lmh,CPA,0.0275,1.094372383053316,1.105457965318408,3.161499575510806,0.03881326490781966,0.04457582551346292,0.0950275732453098
lmh,CPA,0.03,1.095004337753948,1.106847283847369,3.260183101542358,0.03885157879806744,0.0451705902144591,0.09519155734383263
lmh,CPA,0.0325,1.0956400390505632,1.1082422020253622,3.341162555259508,0.03889065873613774,0.04577436277441177,0.09534037603557274
lmh,CPA,0.035,1.096239596809127,1.109583776724911,3.4073229481493112,0.03892802914390525,0.04637684972041341,0.09547166555837086
lmh,CPA,0.0375,1.0967767074196582,1.110827970804221,3.4616215445659053,0.03896194442799474,0.04696599351482027,0.09558478826036682
lmh,CPA,0.04,1.097309822340687,1.1120690524007941,3.505119262750973,0.03899602694168574,0.0475568718824289,0.0956889639764401
lmh,CPA,0.0425,1.097795208117426,1.113234181021338,3.539208446074682,0.039027431605287724,0.04815195669854238,0.09577947338966983
lmh,CPA,0.045,1.098296532119639,1.114428292090812,3.565994378609231,0.03906025199164774,0.048728133841390915,0.09586685298585251
lmh,CPA,0.0475,1.098748204888578,1.115546434275694,3.587448541755796,0.03909022862361383,0.049330211058003844,0.09594362240717613
lmh,CPA,0.05,1.099158795646974,1.116604475006768,3.604604799422424,0.03911799596086765,0.04989941264130884,0.0960121532692908
lmh,CPA,0.0525,1.099570668738614,1.117666068642383,3.618476041778348,0.03914600342165956,0.05048019761166819,0.09607828899807437
lmh,CPA,0.055,1.099931130265645,1.1186478064569358,3.629480581202139,0.039170951670742464,0.05104336762104881,0.09613572663985362
lmh,CPA,0.0575,1.1002846394528811,1.119614913382898,3.638376469507674,0.03919544356731785,0.051607413587178824,0.09619036784508656
lmh,CPA,0.06,1.100611894187967,1.12054471726346,3.645534360468599,0.03921851510612048,0.05217651470127299,0.09624059848743699
lmh,CPA,0.0625,1.100931162932327,1.121462442179915,3.6513903666853746,0.03924118578640751,0.052723772453616154,0.09628878833332784
lmh,CPA,0.065,1.101238347444384,1.122358154294943,3.656196632667159,0.039263049793502786,0.05329338304929171,0.09633435041115831
lmh,CPA,0.0675,1.1015159331184732,1.123209998887148,3.660109110445944,0.039283209242858934,0.053841592630363144,0.09637571094859372
lmh,CPA,0.07,1.101790243003554,1.12405231101561,3.6634074040810636,0.039303025479416887,0.05439212442291762,0.0964157341868587
lmh,CPA,0.0725,1.102049650354312,1.124874946426448,3.666197963482907,0.03932209992156305,0.05491497490848252,0.09645375013100688
lmh,CPA,0.075,1.102306527849134,1.1256958429942918,3.66863801647047,0.03934111350932474,0.05546780474945366,0.0964911774261225
lmh,CPA,0.0775,1.102542123318579,1.126474085455538,3.670688551816743,0.03935844339591552,0.055997350507701805,0.09652495761210242
lmh,CPA,0.08,1.102772294717733,1.127253624904288,3.6725434383612967,0.03937583548837289,0.056522690730496435,0.09655853827049785
lmh,CPA,0.0825,1.102994643299058,1.128014631795126,3.674191333205908,0.03939249497682953,0.057043096465624346,0.0965904243957456
lmh,CPA,0.085,1.103211643313751,1.128770190141241,3.675707578035483,0.03940893509099743,0.05756095652768679,0.09662164899431504
lmh,CPA,0.0875,1.103421243332529,1.1295166800923389,3.677108212224911,0.039424996684755985,0.05809423301849014,0.09665193325706554
lmh,CPA,0.09,1.1036175446528351,1.130232354328022,3.678351036229996,0.03943980349700342,0.058593062115254294,0.09667966744843354
lmh,CPA,0.0925,1.103815159609973,1.130963346825145,3.679588742133087,0.03945523315112805,0.059076594817735605,0.09670839477756156
lmh,CPA,0.095,1.104001923827697,1.131669732739392,3.680715130139066,0.039469658041720444,0.05960525729525738,0.09673508419182136
lmh,CPA,0.0975,1.104179395952243,1.132359706259271,3.681762837206226,0.03948338832890983,0.060103372091444264,0.09676035791725435
lmh,CPA,0.1,1.104356385246614,1.13305524172818,3.6828027723588153,0.039497323960243046,0.06059505500876252,0.096785877063712
lmh,CPA,0.1025,1.104527660744451,1.133734670618416,3.683776788170217,0.03951058075833832,0.06107355229909199,0.09681002488002467
lmh,CPA,0.105,1.10469597425203,1.134418115878231,3.684748131441501,0.03952399080903223,0.061567779545837566,0.09683433781434246
lmh,CPA,0.1075,1.104852268379809,1.1350754808681,3.685631941485603,0.039536312272704,0.062077671307360555,0.09685657037553866
lmh,CPA,0.11,1.105004937535274,1.135727146023255,3.686488406957469,0.03954836205503504,0.06252319734903099,0.0968782212152596
lmh,CPA,0.1125,1.105159109772973,1.1363871081185621,3.687359537699241,0.03956072103063043,0.0629943815663351,0.09690033296826349
lmh,CPA,0.115,1.105306314700913,1.137028711724569,3.688170327743898,0.03957229873125089,0.06349418114952281,0.096920955695785
lmh,CPA,0.1175,1.105444798166253,1.1376626350344752,3.6889527203354313,0.039583534284359845,0.06394877195785302,0.09694089099391047
lmh,CPA,0.12,1.10558244459493,1.138290792539527,3.689712513575845,0.039594501197513475,0.0644096439128185,0.09696027445753622
lmh,CPA,0.1225,1.105719426167565,1.138922534787256,3.6904757758146,0.039605571132885556,0.06486636142210853,0.09697976439539574
lmh,CPA,0.125,1.105848188814143,1.139538391871799,3.6911887674590447,0.039615954477196305,0.06533088801969027,0.09699797770981133
lmh,CPA,0.1275,1.1059744407719538,1.140150052863182,3.691884288720415,0.039626121857785745,0.06577977528396749,0.09701575006961367
lmh,CPA,0.13,1.106097862950963,1.140759725979862,3.692569112997039,0.039636171011462676,0.06622459605751131,0.09703325152899349
lmh,CPA,0.1325,1.1062191278131421,1.141363703397451,3.69323299257806,0.03964594531983976,0.06667936208068966,0.09705021764780115
lmh,CPA,0.135,1.1063345704051202,1.1419612281718379,3.693873822803775,0.039655410639548715,0.06712889211093938,0.09706659327846301
lmh,CPA,0.1375,1.106447290310245,1.142551129283172,3.694488406876161,0.03966451680029292,0.06755421700209335,0.09708229595803115
lmh,CPA,0.14,1.106560632182327,1.1431478529459889,3.695117149961455,0.03967386081970593,0.06798693569913204,0.09709835773204599
lmh,CPA,0.1425,1.106667523622853,1.143729537828886,3.695699694831616,0.03968254335932195,0.06844522620077295,0.09711323594339286
lmh,CPA,0.145,1.1067701809831,1.144307627735464,3.696267672449055,0.03969103150163465,0.06885930239239717,0.09712773887666833
lmh,CPA,0.1475,1.106875488955735,1.14489028466657,3.696842841581041,0.0396996503327296,0.06928143540550678,0.09714242197818683
lmh,CPA,0.15,1.106972325232505,1.14545935692112,3.697376742050566,0.03970767301944414,0.06971157321008926,0.09715604813888434
lmh,CPA,0.1525,1.107069001464033,1.14602834793846,3.697905986182302,0.039715644585563425,0.07011758502389122,0.09716955218505297
lmh,CPA,0.155,1.107161785044247,1.146591721960928,3.6984154448183872,0.03972333730981764,0.0705493262925001,0.09718254820133848
lmh,CPA,0.1575,1.107255382919626,1.147158958064135,3.698930121913262,0.039731128004631,0.07095887578777516,0.09719567412403049
lmh,CPA,0.16,1.107346375655483,1.147721493734193,3.699427763239263,0.039738678010746556,0.0713743659379632,0.09720836244787558
lmh,CPA,0.1625,1.107430756120359,1.1482738354481001,3.6998940155917692,0.03974576927851707,0.0717767019300623,0.09722024762917825
lmh,CPA,0.165,1.107515901254266,1.1488287029412378,3.7003623952974647,0.039752907917890185,0.0721566982129862,0.09723218428782217
lmh,CPA,0.1675,1.107597368044545,1.149377508073661,3.700809974322281,0.03975974355294259,0.07258498978157212,0.09724358824779404
lmh,CPA,0.17,1.107676918535502,1.1499253845969,3.70125056933246,0.03976648806867377,0.07297819261099474,0.09725481178172037
lmh,CPA,0.1725,1.107755062892996,1.150471511415048,3.7016825681129513,0.03977311431684328,0.07336831116058959,0.09726581394646096
lmh,CPA,0.175,1.1078316085284952,1.1510159539670881,3.702105623853718,0.0397796172901949,0.07377629213914748,0.09727658605161417
lmh,CPA,0.1775,1.107905190640188,1.1515565780490589,3.702514111758242,0.03978590754038903,0.07415255945557005,0.09728698506312738
lmh,CPA,0.18,1.107977435097971,1.152096450384139,3.70291622934442,0.03979211235551432,0.07455478276815918,0.0972972198325544
lmh,CPA,0.1825,1.1080469440096739,1.152632029294531,3.7033031550808,0.03979809456269793,0.07493356132160056,0.09730706599718199
lmh,CPA,0.185,1.1081137363228961,1.153163449389044,3.70367524010841,0.03980385648984983,0.07529977646097251,0.09731653271528094
lmh,CPA,0.1875,1.108180142635837,1.1536962885614679,3.704046347083942,0.03980961469303895,0.07569266441938909,0.09732597280002968
lmh,CPA,0.19,1.1082450637616932,1.154227992434232,3.7044102784230817,0.03981527108660537,0.07606435669547894,0.09733522865800737
lmh,CPA,0.1925,1.108308071055836,1.154757189509659,3.704763744011887,0.03982077436844059,0.07645244387322767,0.09734421673722386
lmh,CPA,0.195,1.108368574723297,1.155282575138025,3.705103454669998,0.0398260726124344,0.07681778294656239,0.0973528535585294
lmh,CPA,0.1975,1.10842843942047,1.155808426532501,3.705440055722414,0.039831330327871776,0.0771711480378509,0.09736140988144208
lmh,CPA,0.2,1.108486340196678,1.1563320071463141,3.7057666908124527,0.03983644090984785,0.07756042616634774,0.09736971150310199
lmh,CPA,0.2025,1.108542555982613,1.156853663229586,3.706084344750312,0.03984141828207507,0.07790893393540721,0.0973777835716215
lmh,CPA,0.205,1.108598116042156,1.157375552307667,3.7063985572861737,0.039846350113171745,0.0782928237805612,0.09738576693670928
lmh,CPA,0.2075,1.1086510696557261,1.157893359251204,3.706698412303121,0.03985106266433094,0.07862691567100791,0.09739338435235383
lmh,CPA,0.21,1.1087037856374748,1.1584123937464421,3.706997263529531,0.03985576714939301,0.07897636350207386,0.09740097514150516
lmh,CPA,0.2125,1.1087548586775229,1.1589295949228038,3.707287246222225,0.039860338423437364,0.07934214496691513,0.09740833959656406
lmh,CPA,0.215,1.10880457903827,1.1594456211822761,3.707570218435805,0.03986480521214686,0.07968730606705833,0.09741552499302997
lmh,CPA,0.2175,1.108853073274222,1.159960571065555,3.707846393288416,0.0398691714589569,0.08003964220522122,0.097422536816938
lmh,CPA,0.22,1.1089000570807102,1.160473800574217,3.708114145648975,0.039873410125492524,0.08038797858206888,0.09742933388744317
lmh,CPA,0.2225,1.1089465832971181,1.160987813960845,3.7083792838323997,0.039877613528392745,0.08074392997146129,0.09743606370916352
lmh,CPA,0.225,1.108991322072289,1.1614994575511,3.7086342873562272,0.03988166191743115,0.08107025017662609,0.09744253545842477
lmh,CPA,0.2275,1.109035998503047,1.162012671023948,3.708888491011449,0.03988570388166553,0.08141033698214306,0.09744898609705727
lmh,CPA,0.23,1.109078982491865,1.162523769278377,3.70913272468482,0.03988959262285652,0.08175617162540166,0.09745518297684726
lmh,CPA,0.2325,1.109121565631606,1.163035399842794,3.709373351335802,0.03989343021567479,0.08207183390732556,0.09746128760682456
lmh,CPA,0.235,1.109163522665201,1.163547123302196,3.7096088015518762,0.03989719133422983,0.08242094487125214,0.09746726021147548
lmh,CPA,0.2375,1.1092045474153829,1.164058197752236,3.70983706738987,0.039900843273350826,0.082739128623699,0.09747304991067003
lmh,CPA,0.24,1.109244351504936,1.164569690163906,3.7100603328644084,0.03990442244492954,0.08306255078803057,0.0974787121521122
lmh,CPA,0.2425,1.1092830734591361,1.1650820969071098,3.710279235507234,0.03990793802666388,0.0833806178217065,0.0974842631438063
lmh,CPA,0.245,1.109320845260948,1.1655948520576132,3.710491909396882,0.039911360883885076,0.08370508842636536,0.09748965561282165
lmh,CPA,0.2475,1.109358057119597,1.166109099701362,3.710700403738043,0.03991472393132959,0.08400623911115354,0.09749494155979117
lmh,CPA,0.25,1.109394520492402,1.166624575544469,3.710903428469293,0.0399180069016876,0.0843258731390905,0.09750008831567088
lmh,CPA,0.2525,1.109430454610279,1.167142064818966,3.711102018586291,0.039921226435491834,0.08464099066514703,0.09750512215590865
lmh,CPA,0.255,1.109176333492883,1.167661607905825,3.711295547292196,0.03992437299406141,0.08493997880915212,0.09751002722796862
lmh,CPA,0.2575,1.109112106423812,1.168183734966476,3.711484298183053,0.0399274509913215,0.0852504305088073,0.09751481075550605
lmh,CPA,0.26,1.1087638190302709,1.168708216518203,3.711667025394401,0.03993044054122701,0.08557587875186819,0.09751944120265285
lmh,CPA,0.2625,1.108485111748791,1.169234402033715,3.711841402142387,0.039933303029538625,0.0859871725256333,0.09752385965588378
lmh,CPA,0.265,1.108532036993546,1.169759706065676,3.712000728817934,0.039935927231822925,0.08666759014569993,0.09752789643205963
lmh,CPA,0.2675,1.1082443613157191,1.170280934715325,3.7121366583910578,0.03993816419889328,0.0879900995000287,0.09753134015908738
lmh,CPA,0.27,1.108272472847259,1.170798709167145,3.712249246918348,0.039939917887593566,0.09008766798188612,0.0975341923755044
lmh,CPA,0.2725,1.108026490827394,1.171319896766208,3.7123528784517763,0.0872820577702776,0.09059822901561894,0.09753681754453199
lmh,CPA,0.275,1.107762092534101,1.171848458025732,3.712457599951517,0.08728348204046898,0.09059835077927536,0.09753947018905237
lmh,CPA,0.2775,1.107799469124402,1.172384424091298,3.712563070944841,0.0872849161170738,0.09059854097783364,0.09754214168118573
lmh,CPA,0.28,1.1077165280989651,1.172927732544648,3.712668958201757,0.08728635562357819,0.09059878122957067,0.09754482357824887
lmh,CPA,0.2825,1.107460664116687,1.173478486595596,3.712775307576293,0.08728780095771145,0.09059907192798378,0.09754751703994481
lmh,CPA,0.285,1.1075126441936591,1.174036788880977,3.7128822246254147,0.08728925348396534,0.0905994173905857,0.09755022473766733
lmh,CPA,0.2875,1.1072561984265492,1.174602836327787,3.71299003045552,0.08729071740892581,0.0905998321193242,0.09755295480064853
lmh,CPA,0.29,1.106982761972684,1.1751762335176639,3.71309800176564,0.08729218329864014,0.09060027834706026,0.09755568891003655
lmh,CPA,0.2925,1.1069712427435459,1.175757252713242,3.713206675505511,0.0872936579807949,0.09060078190995205,0.0975584406610641
lmh,CPA,0.295,1.106960723401537,1.1763460846672569,3.713316427420497,0.08729514652490455,0.09060135877643176,0.09756121956451191
lmh,CPA,0.2975,1.10669710970094,1.176942440217344,3.7134267783748682,0.08729664275048732,0.09060198417875463,0.09756401348536428
lmh,CPA,0.3,1.10666767889039,1.1775461478194171,3.7135374881681558,0.08729814333582228,0.09060264598378746,0.09756681634018709
lmh,CPA,0.3025,1.1064852640914922,1.178157538708105,3.713649226329554,0.0872996570218603,0.09060337691186347,0.09756964507673456
lmh,CPA,0.305,1.10620313636307,1.178776220173258,3.713761317960488,0.08730117506800497,0.09060414172278267,0.0975724826066254
lmh,CPA,0.3075,1.106163066836671,1.179402371715542,3.7138741483896083,0.08730270237420931,0.09060495878827107,0.09757533868199443
lmh,CPA,0.31,1.106154537368002,1.180035878401278,3.7139875359813037,0.08730423664047929,0.09060581739860715,0.09757820870244084
lmh,CPA,0.3125,1.105925285128781,1.180676882286928,3.7141017631534656,0.08730578154326346,0.09060672969235682,0.09758109981352264
lmh,CPA,0.315,1.105831401442603,1.1813254669519648,3.714216984808751,0.08730733915843561,0.0906077007779594,0.09758401593202394
lmh,CPA,0.3175,1.105697632230064,1.181981584379191,3.714333123827216,0.0873089085719472,0.09060872781532688,0.09758695510210941
lmh,CPA,0.32,1.105407097520546,1.182645137965512,3.714449995175262,0.08731048728986476,0.09060980035572162,0.09758991263758389
lmh,CPA,0.3225,1.1054303985221459,1.183316183981507,3.714567702132717,0.0873120766627691,0.09061092474871445,0.09759289114869218
lmh,CPA,0.325,1.1053677729186568,1.1839943339086418,3.714685510032416,0.0873136670058665,0.09061206403118482,0.09759587204310485
lmh,CPA,0.3275,1.105127950505552,1.184680191898879,3.714804467384787,0.08731527196720083,0.09061326472407193,0.097598881848612
lmh,CPA,0.33,1.1050905961518398,1.1853736393353669,3.714924334901896,0.08731688871076214,0.09061451744088457,0.0976019145063878
lmh,CPA,0.3325,1.1048791910109441,1.1860745877011971,3.715045022417191,0.0873185160924554,0.09061582220067509,0.0976049677314398
lmh,CPA,0.335,1.1045800170935018,1.186783134871051,3.715167181010166,0.08732016300721294,0.09061723099806424,0.09760805799011421
lmh,CPA,0.3375,1.104798383993744,1.1874983033506838,3.715290486149399,0.08732182595094969,0.09061879618060212,0.0976111770668644
lmh,CPA,0.34,1.104575867028068,1.1882181092156439,3.715413752402687,0.08732348966688423,0.09062055969141644,0.09761429497302934
lmh,CPA,0.3425,1.104291723100199,1.188941227697317,3.715537843119007,0.08732516585310493,0.09062268560604524,0.09761743354449544
lmh,CPA,0.345,1.104305745622028,1.189665927501106,3.7156632900763022,0.08732686204851181,0.09062532796098352,0.09762060622635725
lmh,CPA,0.3475,1.104016296824497,1.1903899958851152,3.715789379053516,0.08732856896382178,0.09062855530605092,0.09762379495068058
lmh,CPA,0.35,1.103846028341932,1.191112757369485,3.7159173193712016,0.08733030234557036,0.0906324822681858,0.09762703029480645
lmh,CPA,0.3525,1.103960646736753,1.1918329110756138,3.716046367853513,0.08733205230847732,0.09063710002144056,0.09763029345847328
lmh,CPA,0.355,1.1036973933419152,1.192549385865418,3.716175499840574,0.08733380490098992,0.09064235791918948,0.09763355852903549
lmh,CPA,0.3575,1.103572395373517,1.193262608097375,3.7163058362692234,0.08733557459210868,0.09064828242611793,0.09763685384609821
lmh,CPA,0.36,1.1033988551222411,1.193972340230212,3.716436972799273,0.08733735601685254,0.09065482292083825,0.09764016918193505
lmh,CPA,0.3625,1.1030979833741401,1.194678944767488,3.716569310567323,0.08733915424899501,0.09066195475877314,0.09764351467315052
lmh,CPA,0.365,1.103313982478362,1.195383155494898,3.716703810059164,0.0873409821661694,0.09066968237948836,0.09764691459264122
lmh,CPA,0.3675,1.103047176288903,1.196084016630748,3.716838368410383,0.08734281174402847,0.09067787368686578,0.09765031577816768
lmh,CPA,0.37,1.102823577156391,1.196782277380532,3.716973864503005,0.08734465437005447,0.09068652924120643,0.0976537404425485
lmh,CPA,0.3725,1.1027245608673741,1.1974784033372492,3.717110661667885,0.08734650016530605,0.09069563018281408,0.09765719776347018
lmh,CPA,0.375,1.102428925992994,1.198172240877129,3.717248029707429,0.08734834604829089,0.09070511070406732,0.09766066928180056
lmh,CPA,0.3775,1.102608144672686,1.198865233420574,3.7173880569131743,0.08735022882572659,0.09071502950660428,0.09766420776402546
lmh,CPA,0.38,1.102338219476376,1.199556076554475,3.71752807497381,0.0873521105302687,0.09072524703106849,0.097667745775348
lmh,CPA,0.3825,1.102200998156435,1.200245762168064,3.717669444073811,0.0873540065098111,0.09073579564587876,0.0976713176818789
lmh,CPA,0.385,1.101991243148906,1.200934318984286,3.717811855834054,0.08735591134841778,0.09074664050265506,0.09767491568583753
lmh,CPA,0.3875,1.101798761684471,1.201622127980492,3.717955604562243,0.08735783311327562,0.0907577712474523,0.09767854721673756
lmh,CPA,0.39,1.101838664165328,1.202309673826641,3.718101179654246,0.08735977897537403,0.09076918796747514,0.09768222462995436
lmh,CPA,0.3925,1.1015673592047701,1.202996382509064,3.718247265184816,0.0873617317263247,0.09078081830610682,0.09768591467743246
lmh,CPA,0.395,1.10147445572695,1.203683113445136,3.718395050033134,0.08736370695333759,0.0907926950883661,0.0976896473838355
lmh,CPA,0.3975,1.101194918330266,1.20436961521954,3.718543826609364,0.08736569551342675,0.09080477382243725,0.09769340486990653
lmh,CPA,0.4,1.1012691683583071,1.205056696573503,3.7186947587515937,0.08736771278205523,0.09081708991068886,0.09769721652094616
lmh,CPA,0.4025,1.101007179557435,1.205743715344395,3.718846547894098,0.0873697417628577,0.09082957804607873,0.09770104953470263
lmh,CPA,0.405,1.100886945438445,1.206431111410297,3.718999812022407,0.08737179064167189,0.09084225550732476,0.09770491951032294
lmh,CPA,0.4075,1.10061633233441,1.207119043900617,3.7191546921641514,0.08737386136482936,0.09085511853341793,0.09770883000026599
lmh,CPA,0.41,1.100636571411657,1.207807788862023,3.719311565034372,0.08737595910346416,0.09086817618806665,0.09771279050592747
lmh,CPA,0.4125,1.1003784520279771,1.208496937905229,3.7194696490836607,0.08737807363077396,0.09088138997153934,0.09771678128680919
lmh,CPA,0.415,1.100235287218809,1.2091866979351311,3.719629231354354,0.08738020882672909,0.09089476657660595,0.09772080958151211
lmh,CPA,0.4175,1.09996714468381,1.2098776758204028,3.7197912437449876,0.0873823771148742,0.09090833566441825,0.09772489890239357
lmh,CPA,0.42,1.0999452901794229,1.210569357278473,3.7199547441895837,0.08738456330107719,0.09092205589815064,0.09772902545955083
lmh,CPA,0.4225,1.099777909491988,1.211261950189282,3.7201199879039577,0.08738676886292761,0.09093593093234181,0.09773319568483603
lmh,CPA,0.425,1.099521714909966,1.211955893117103,3.720287609324554,0.08738900636884507,0.09094998039688293,0.09773742557713187
lmh,CPA,0.4275,1.099448240610251,1.2126510978521199,3.720457337714045,0.08739127236146566,0.09096418727015054,0.09774170829091215
lmh,CPA,0.43,1.099252104444547,1.213347430846437,3.72062882704844,0.08739356241827036,0.09097853282008458,0.09774603508326082
lmh,CPA,0.4325,1.0990091258626031,1.2140456669507091,3.720803238906889,0.08739589197365205,0.09099305625689197,0.09775043524713253
lmh,CPA,0.435,1.098899510910947,1.214745483555196,3.720979882899305,0.08739825213181426,0.09100772447196805,0.09775489134880651
lmh,CPA,0.4375,1.098695654285415,1.2154469842196811,3.721158793350568,0.08740064347533816,0.0910225337852911,0.09775940423991733
lmh,CPA,0.44,1.0984412228797469,1.2161508015397822,3.721340870134552,0.08740307803965831,0.09103751246646916,0.09776399660165669
lmh,CPA,0.4425,1.0983040847826,1.216856717782562,3.7215256149228093,0.08740554948658188,0.09105263714111782,0.09776865584605263
lmh,CPA,0.445,1.0980849007481468,1.217565172953135,3.721713622211027,0.08740806578527435,0.09106792541708705,0.09777339694652397
lmh,CPA,0.4475,1.097922340089893,1.2182762365312152,3.721904880775381,0.08741062694859021,0.09108337237711502,0.09777821959803482
lmh,CPA,0.45,1.097689287195007,1.218990063080091,3.722099536987384,0.08741322943779076,0.09109897988837384,0.09778312746856502
lmh,CPA,0.4525,1.0975083448964649,1.2197070579140998,3.722298161251929,0.08741588142153087,0.09111476593080019,0.09778813491397693
lmh,CPA,0.455,1.0972627210218209,1.220427176281762,3.722500604256125,0.08741858546985704,0.09113072273098269,0.09779323814224646
lmh,CPA,0.4575,1.097065917963795,1.221150977977612,3.722707716426433,0.08742134878107137,0.09114687921134965,0.09779845856023361
lmh,CPA,0.46,1.0968069650185621,1.221878480974316,3.72291948135121,0.08742416523394063,0.09116323359593727,0.09780379571963915
lmh,CPA,0.4625,1.09659461092302,1.2226100314081259,3.723136428190676,0.0874270501275169,0.09117980384423059,0.09780926291962622
lmh,CPA,0.465,1.096320347085764,1.223346189083579,3.7233594579364553,0.08743001542192318,0.09119662329622975,0.09781488282187151
lmh,CPA,0.4675,1.096095996224024,1.224087010424961,3.723588651622399,0.0874330622136769,0.09121369455255764,0.09782065741929442
lmh,CPA,0.47,1.095855232737376,1.224833187404267,3.723825126899541,0.08743620526035198,0.0912310576444489,0.0978266148160995
lmh,CPA,0.4725,1.095584122068928,1.225585178015337,3.724069651928214,0.0874394548188403,0.09124874280255164,0.09783277429910421
lmh,CPA,0.475,1.095291566681283,1.226343641628981,3.724323309756212,0.087442825184667,0.09126679002723997,0.09783916307446121
lmh,CPA,0.4775,1.09501301469608,1.227109635436478,3.724587833293012,0.0874463393354876,0.09128526363489889,0.09784582469719069
lmh,CPA,0.48,1.094717293125641,1.227884029015565,3.724864656961183,0.08745001630928294,0.09130421794808512,0.09785279518113203
lmh,CPA,0.4825,1.0944024798659,1.228668425127486,3.725156404761307,0.08745389082817234,0.09132375089368504,0.09786014046392953
lmh,CPA,0.485,1.0940654437740631,1.22946483504014,3.7254663594261936,0.08745800641408837,0.09134398509912657,0.09786794302078755
lmh,CPA,0.4875,1.0937019717594572,1.230275893523915,3.7257988080656657,0.08746241902354526,0.09136508036452007,0.09787631054542684
lmh,CPA,0.49,1.0933496593922232,1.2311055855820978,3.7261602098897,0.08746721309427537,0.09138727640897219,0.09788540530443979
lmh,CPA,0.4925,1.092947957759296,1.2319580514157709,3.726557146080178,0.08747247718799808,0.09141081207034255,0.09789539249596567
lmh,CPA,0.495,1.09252526266107,1.232832638413496,3.7269881566140843,0.08747819129110188,0.09143561883121971,0.09790623489258835
lmh,CPA,0.4975,1.0920430762242,1.23372752029406,3.727449911347274,0.08748431084345316,0.09146155790241524,0.09791784822605934
lmh,CPA,0.5,1.091473003911326,1.234640237646027,3.727938365823726,0.08749078202705142,0.09148846421479952,0.0979301303071037
lmh,CPA,0.5025,1.090935444616282,1.235577149646333,3.728465007812719,0.08749775737667856,0.09151672395621686,0.09794336942695105
lmh,CPA,0.505,1.090392584255575,1.2365394886923688,3.729031626400434,0.08750525964908035,0.09154638368785299,0.09795760983124814
lmh,CPA,0.5075,1.089774714996214,1.237528998590308,3.729640780014271,0.08751332224448655,0.09157751619460555,0.09797291499166735
lmh,CPA,0.51,1.089153629675615,1.238550289972225,3.7302995958636798,0.08752203914071546,0.09161035535145565,0.09798946298696144
lmh,CPA,0.5125,1.088474893738386,1.239608690486927,3.731016281093079,0.08753151781362153,0.0916451682796801,0.09800745870987347
lmh,CPA,0.515,1.087719049369674,1.240703065317808,3.731788699125253,0.08754188638281352,0.09168185830126281,0.0980268470832965
lmh,CPA,0.5175,1.087552780641025,1.241815569706906,3.732588358802305,0.08756457750207981,0.09171943201943898,0.09804691184947412
lmh,CPA,0.52,1.087928196646154,1.242930968268253,3.7333910598286657,0.08759661681862217,0.09175705700803846,0.09806704537632455
lmh,CPA,0.5225,1.088303117337093,1.244046943863146,3.734193089725633,0.08762857146280022,0.0917946066696614,0.09808715452926177
lmh,CPA,0.525,1.088677552559906,1.245163516463942,3.734994451623713,0.08766044275729291,0.09183208095763806,0.0981072394216995
lmh,CPA,0.5275,1.089051505388605,1.246280706150962,3.735795152372885,0.0876922314445299,0.09186947983395834,0.09812730025995807
lmh,CPA,0.53,1.089424978048092,1.24739853249489,3.7365951981752556,0.08772393822341198,0.09190680326781711,0.09814733723373392
lmh,CPA,0.5325,1.0897979722722249,1.248517014943169,3.737394595285876,0.08775556377620594,0.09194405123214897,0.09816735053368508
lmh,CPA,0.535,1.09017048925989,1.249636172493543,3.738193349781586,0.08778710876152553,0.09198122371657165,0.09818734034563457
lmh,CPA,0.5375,1.0905425296393831,1.250756023281627,3.7389914673666222,0.08781857380878517,0.09201832073047392,0.09820730684572777
lmh,CPA,0.54,1.0909140935501151,1.251876584668208,3.7397889535359496,0.0878499595243524,0.09205534230298144,0.09822725020453285
lmh,CPA,0.5425,1.0912851806280799,1.25299787299747,3.740585813436656,0.08788126648810235,0.09209228848158246,0.09824717058358148
lmh,CPA,0.545,1.091655790058616,1.254119903743195,3.741382051922836,0.08791249525619091,0.09212915933616203,0.09826706813677626
lmh,CPA,0.5475,1.092025920722372,1.255242691918199,3.742177673863649,0.08794364637267058,0.09216595495525015,0.09828694301808098
lmh,CPA,0.55,1.092395571023586,1.2563662516599552,3.742972683659605,0.08797472035299853,0.09220267544521141,0.09830679536945594
lmh,CPA,0.5525,1.0927647390375321,1.2574905966472611,3.7437670855798393,0.08800571769671635,0.09223932091825386,0.09832662532928618
lmh,CPA,0.555,1.0931334226111291,1.2586157406478289,3.744560883986743,0.08803663889587411,0.09227589149030414,0.09834643303801796
lmh,CPA,0.5575,1.093501619237709,1.2597416973432791,3.745354083016969,0.08806748442405461,0.09231238727490156,0.09836621863017206
lmh,CPA,0.56,1.093869326005243,1.260868480484521,3.746146686498919,0.08809825473348043,0.09234880837700893,0.098385982232321
lmh,CPA,0.5625,1.094236539681041,1.261996104456506,3.746938698249747,0.08812895026529116,0.09238515488192332,0.09840572397049092
lmh,CPA,0.565,1.094603256628895,1.26312458436929,3.74773012198677,0.08815957144592981,0.09242142684322463,0.09842544396796779
lmh,CPA,0.5675,1.0949694727068882,1.264253936423307,3.7485209612486847,0.08819011868332227,0.09245762428355143,0.0984451423433329
lmh,CPA,0.57,1.095335183185614,1.265384178227741,3.7493112193986153,0.08822059236594511,0.09249374718840352,0.09846481921055729
lmh,CPA,0.5725,1.0957003826411,1.266515329017733,3.7501008996311143,0.08825099286156667,0.09252979549547077,0.09848447467917221
lmh,CPA,0.575,1.0960650648320218,1.267647409893241,3.750890005015783,0.08828132051672002,0.09256576908560785,0.09850410885537692
lmh,CPA,0.5775,1.09642922251748,1.268780444127237,3.751678538471174,0.08831157565310473,0.0926016677845487,0.09852372184138532
lmh,CPA,0.58,1.096792847262507,1.269914457239929,3.7524665027650927,0.08834175856460978,0.0926374913575891,0.09854331373545434
lmh,CPA,0.5825,1.097155929218548,1.2710494770473002,3.753253900511233,0.08837186951373563,0.09267323950944752,0.09856288463179251
lmh,CPA,0.585,1.097518456888649,1.272185533627892,3.754040734172375,0.08840190872786702,0.0927089118872283,0.09858243462066246
lmh,CPA,0.5875,1.097880416893598,1.273322659130455,3.754827006084075,0.08843187639611508,0.0927445080826313,0.09860196378896749
lmh,CPA,0.59,1.0982417937162081,1.2744608875315941,3.7556127184126353,0.08846177266368695,0.09278002764547796,0.09862147221920832
lmh,CPA,0.5925,1.098602569470337,1.2756002542920242,3.756397873121711,0.08849159762676104,0.09281547010040998,0.09864095998868613
lmh,CPA,0.595,1.0989627237421051,1.276740795774866,3.75718247201118,0.08852135133058982,0.09285083495580686,0.09866042717045485
lmh,CPA,0.5975,1.0993222334779011,1.277882548657766,3.757966516718867,0.08855103376705639,0.09288612172190577,0.09867987383337416
lmh,CPA,0.6,1.0996810729552489,1.279025549300862,3.7587500087162438,0.08858064487322416,0.0929213299321728,0.09869930004202958
lmh,CPA,0.6025,1.100039213866385,1.2801698329400448,3.759532949317188,0.0886101845320463,0.09295645916143891,0.09871870585693616
lmh,CPA,0.605,1.100396625520482,1.281315432930252,3.760315339685956,0.0886396525748666,0.0929915090456533,0.098738091334746
lmh,CPA,0.6075,1.100753275189101,1.2824623799520571,3.761097180863841,0.08866904878698907,0.09302647929895133,0.09875745652892842
lmh,CPA,0.61,1.101109128581079,1.2836107012817681,3.761878473782383,0.08869837291517305,0.09306136973067758,0.09877680149009799
lmh,CPA,0.6125,1.1014641504313532,1.284760420275678,3.762659219242781,0.08872762467646776,0.09309618026844414,0.0987961262655015
lmh,CPA,0.615,1.1018183052273691,1.285911555724949,3.763439417956713,0.08875680377173742,0.09313091096478626,0.09881543090004669
lmh,CPA,0.6175,1.102171558014076,1.2870641213558132,3.7642190705712544,0.08878590990076449,0.09316556200383748,0.09883471543690724
lmh,CPA,0.62,1.102523875242589,1.2882181255979,3.764998177678337,0.08881494277838362,0.09320013371165742,0.09885397991778129
lmh,CPA,0.6225,1.1028752256371261,1.289373571311257,3.7657767398437496,0.08884390215220872,0.09323462655622299,0.09887322438359138
lmh,CPA,0.625,1.1032255810237361,1.2905304556752362,3.7665547576287817,0.08887278782005031,0.09326904114682462,0.09889244887503353
lmh,CPA,0.6275,1.1035749170788889,1.291688770174201,3.767332231612909,0.08890159964628769,0.09330337823032366,0.09891165343313467
lmh,CPA,0.63,1.1039232139525612,1.292848500690737,3.7681091624092433,0.08893033757588392,0.09333763868607793,0.09893083809962386
lmh,CPA,0.6325,1.104270456749538,1.294009627632674,3.7688855507167003,0.08895900164682224,0.09337182351270917,0.09895000291823902
lmh,CPA,0.635,1.1046166357889489,1.2951721263182159,3.769661397274677,0.08898759199532812,0.09340593382838631,0.09896914793359256
lmh,CPA,0.6375,1.104961746705869,1.296335967269013,3.7704367028938197,0.08901610885995623,0.09343997085616511,0.09898827319192606
lmh,CPA,0.64,1.1053057903711891,1.2975011165581278,3.77121146849274,0.08904455258201782,0.0934739359070473,0.09900737874202337
lmh,CPA,0.6425,1.105648772627383,1.298667536400805,3.771985695092133,0.0890729236008529,0.09350783037065344,0.09902646463505979
lmh,CPA,0.645,1.105990703900553,1.299835185655707,3.772759383838204,0.08910122244723379,0.0935416556975428,0.09904553092516515
lmh,CPA,0.6475,1.106331598705192,1.301004020407151,3.773532536010462,0.08912944973393293,0.09357541338245752,0.09906457766962619
lmh,CPA,0.65,1.106671475088241,1.302173994584002,3.774305153034665,0.08915760614512457,0.0936091049463521,0.09908360492919178
lmh,CPA,0.6525,1.107010354043928,1.30334506060002,3.775077236491006,0.08918569242487978,0.09364273191854186,0.09910261276827034
lmh,CPA,0.655,1.1073482589156871,1.304517170145953,3.775848788082357,0.08921370936429018,0.0936762958269907,0.09912160125414703
lmh,CPA,0.6575,1.1076852148469272,1.305690274771706,3.7766198096520203,0.08924165779086086,0.09370979817804703,0.0991405704574042
lmh,CPA,0.66,1.1080212482687661,1.306864326488687,3.777390303181112,0.08926953855810402,0.0937432404406659,0.09915952045187543
lmh,CPA,0.6625,1.108356386440798,1.308039278425322,3.778160270778181,0.08929735253593876,0.09377662403596863,0.09917845131435943
lmh,CPA,0.665,1.1086906570556492,1.3092150853088889,3.7789297146740743,0.08932510060258102,0.09380995032429536,0.09919736312450572
lmh,CPA,0.6675,1.109024087902734,1.3103917039134811,3.7796986372108603,0.08935278363742202,0.09384322059583017,0.09921625596453088
lmh,CPA,0.67,1.109356706590493,1.311569093419708,3.780467040827648,0.0893804025150567,0.09387643606331503,0.09923512991887672
lmh,CPA,0.6725,1.109688540326937,1.3127472156808142,3.781234928054978,0.08940795810071742,0.09390959785703727,0.09925398507405768
lmh,CPA,0.675,1.110019615745192,1.313926035424322,3.782002301502828,0.0894354512464298,0.09394270702095839,0.0992728215183706
lmh,CPA,0.6775,1.110349958768973,1.315105520345508,3.782769163841461,0.08946288278783701,0.09397576451193729,0.09929163934141813
lmh,CPA,0.68,1.1106795945059809,1.316285641238015,3.783535517763025,0.08949025354104459,0.09400877120576177,0.0993104386331737
lmh,CPA,0.6825,1.111008547190633,1.317466371874299,3.784301365991723,0.08951756430179662,0.09404172789415773,0.0993292194842228
lmh,CPA,0.685,1.11133684013907,1.3186476889789969,3.785066711264344,0.08954481584411118,0.09407463529033444,0.09934798198528426
lmh,CPA,0.6875,1.111664495727189,1.319829572110964,3.7858315563192733,0.08957200891962543,0.09410749403331638,0.09936672622695421
lmh,CPA,0.69,1.11199153538615,1.3210120034772639,3.786595903891882,0.08959914425742863,0.09414030469174975,0.09938545229958047
lmh,CPA,0.6925,1.112317979607693,1.322194967732416,3.787359756704346,0.08962622256401641,0.09417306776790332,0.09940416029301999
lmh,CPA,0.695,1.112643847956001,1.323378451791886,3.788123117450226,0.08965324452317196,0.09420578370425053,0.09942285029625687
lmh,CPA,0.6975,1.112969159083931,1.324562444701891,3.788885988772946,0.08968021079583206,0.09423845289249293,0.09944152239689023
lmh,CPA,0.7,1.113293930762863,1.325746937357332,3.789648373267355,0.08970712202080952,0.09427107567604402,0.09946017668116222
lmh,CPA,0.7025,1.113618179914805,1.326931922331817,3.790410273478341,0.08973397881551066,0.0943036523554892,0.09947881323393791
lmh,CPA,0.705,1.11394192264366,1.3281173937081718,3.791171691893316,0.08976078177645512,0.09433618319441747,0.09949743213851564
lmh,CPA,0.7075,1.1142651742679979,1.329303346865371,3.7919326309353116,0.08978753147984928,0.09436866842325901,0.09951603347646389
lmh,CPA,0.71,1.114587949356762,1.330489778307786,3.792693092963107,0.08981422848239738,0.09440110824341252,0.09953461732762525
lmh,CPA,0.7125,1.1149102617630129,1.331676685501454,3.7934530802668753,0.0898408733219723,0.09443350283097819,0.09955318377002847
lmh,CPA,0.715,1.115232124657942,1.332864066724532,3.794212595066008,0.08986746651831302,0.09446585234027216,0.09957173287981687
lmh,CPA,0.7175,1.115553550561715,1.334051920941044,3.794971639501194,0.08989400857354454,0.0944981569070343,0.0995902647310662
lmh,CPA,0.72,1.115874551385326,1.335240247626129,3.795730215657204,0.08992049997369463,0.09453041664753042,0.09960877939635085
lmh,CPA,0.7225,1.116195138442404,1.3364290468010471,3.796488325513431,0.08994694118770523,0.0945626316693438,0.09962727694554306
lmh,CPA,0.725,1.116515322490701,1.3376183188364839,3.797245970972292,0.0899733326691121,0.09459480206798496,0.09964575744648925
lmh,CPA,0.7275,1.116835113759402,1.338808064399003,3.798003153854943,0.08999967485653737,0.09462692792980468,0.09966422096493348
lmh,CPA,0.73,1.1171545219764651,1.339998284398052,3.798759875901494,0.09002596817433936,0.0946590093341319,0.09968266756451032
lmh,CPA,0.7325,1.11747355639538,1.3411889799014611,3.799516138772072,0.09005221303323802,0.09469104635389443,0.09970109730678425
lmh,CPA,0.735,1.1177922258235569,1.342380152020548,3.8002719440567536,0.0900784098312152,0.09472303905412811,0.09971951025148497
lmh,CPA,0.7375,1.118110538640545,1.343571801951138,3.801027293262424,0.09010455895359425,0.09475498749705497,0.0997379064562011
lmh,CPA,0.74,1.118428502820702,1.344763930931879,3.801782187814373,0.09013066077361089,0.0947868917426687,0.09975628597641882
lmh,CPA,0.7425,1.118746125954261,1.345956540164563,3.802536629056869,0.09015671565289517,0.09481875184759354,0.09977464886554016
lmh,CPA,0.745,1.1190634152655818,1.3471496308301538,3.80329061824962,0.09018272394181688,0.09485056786726923,0.09979299517479687
lmh,CPA,0.7475,1.11938037763345,1.348343204042255,3.804044156572139,0.09020868598005058,0.09488233985570313,0.09981132495335829
lmh,CPA,0.75,1.119697019611632,1.349537260826911,3.804797245131813,0.09023460209725799,0.09491406786551598,0.09982963824854292
lmh,CPA,0.7525,1.120013347442973,1.350731802097167,3.80554988495789,0.09026047261324731,0.094945751948371,0.0998479351056652
lmh,CPA,0.755,1.120329367076041,1.3519268286251551,3.8063020770044282,0.09028629783844971,0.09497739215487609,0.09986621556811338
lmh,CPA,0.7575,1.120645084180234,1.353122341056408,3.8070538221518593,0.09031207807429821,0.09500898853526314,0.09988447967738963
lmh,CPA,0.76,1.120960504158492,1.354318339890589,3.807805121204395,0.09033781361345178,0.09504054113931486,0.0999027274730503
lmh,CPA,0.7625,1.1212756321666522,1.355514825389729,3.808555974906157,0.09036350474065066,0.09507205001279745,0.09992095899310553
lmh,CPA,0.765,1.121590473114368,1.356711797750724,3.809306383913717,0.09038915173206351,0.0951035152053958,0.09993917427335099
lmh,CPA,0.7675,1.121905031681011,1.3579092569762339,3.81005634880666,0.09041475485590159,0.09513493676599366,0.09995737334762299
lmh,CPA,0.77,1.12221931232918,1.359107202908067,3.8108058700951077,0.09044031437294454,0.09516631474346458,0.09997555624799376
lmh,CPA,0.7725,1.122533319314575,1.3603056352352172,3.811554948218858,0.09046583053673236,0.09519764918703079,0.09999372300475184
lmh,CPA,0.775,1.122847056695508,1.361504553473572,3.812303583547522,0.09049130359379544,0.09522894014573877,0.1000118736463981
lmh,CPA,0.7775,1.123160528344735,1.362703956885992,3.8130517763878826,0.09051673378411086,0.09526018766550345,0.1000300081998396
lmh,CPA,0.78,1.123473737951664,1.3639038446327578,3.8137995269681038,0.09054212134078525,0.09529139179508318,0.10004812669000329
lmh,CPA,0.7825,1.1237866890356352,1.365104215685682,3.8145468354511958,0.09056746649067708,0.09532255258270246,0.1000662291401686
lmh,CPA,0.785,1.124099384952559,1.3663050688486669,3.8152937019331823,0.09059276945452423,0.09535367007610239,0.10008431557191699
lmh,CPA,0.7875,1.1244118289009242,1.3675064027745312,3.8160401264403,0.09061803044701475,0.0953847443234321,0.10010238600508299
lmh,CPA,0.79,1.1247240239308272,1.368708215945545,3.816786108934996,0.09064324967714538,0.09541577537237438,0.1001204404578874
lmh,CPA,0.7925,1.1250359729486858,1.369910506668997,3.817531649312234,0.09066842734824937,0.09544676327011614,0.1001384789468521
lmh,CPA,0.795,1.125347678723406,1.371113273080112,3.818276747399876,0.09069356365816071,0.0954777080633219,0.10015650148681861
lmh,CPA,0.7975,1.125659143895526,1.372316513129392,3.819021402968021,0.09071865879964384,0.0955086097976786,0.1001745080911785
lmh,CPA,0.8,1.12597037097948,1.373520224608042,3.819765615721274,0.0907437129602801,0.09553946851853154,0.100192498771677
lmh,CPA,0.8025,1.126281362368214,1.374724405142194,3.820509385297909,0.09076872632255277,0.09557028427014266,0.1002104735383976
lmh,CPA,0.805,1.126592120341989,1.375929052121125,3.821252711280198,0.0907936990643087,0.0956010570932431,0.10022843240003061
lmh,CPA,0.8075,1.126902647066653,1.377134162852111,3.821995593179198,0.09081863135836551,0.09563178703103649,0.10024637536348839
lmh,CPA,0.81,1.127212944600839,1.3783397344596628,3.822738030441907,0.09084352337284637,0.09566247412514592,0.1002643024340897
lmh,CPA,0.8125,1.1275230149011688,1.3795457639226951,3.823480022454788,0.0908683752714072,0.0956931184165503,0.1002822136156414
lmh,CPA,0.815,1.127832859826389,1.380752248080087,3.824221568544489,0.09089318721333568,0.09572371994560273,0.1003001089104649
lmh,CPA,0.8175,1.128142481139137,1.381959183572737,3.8249626679734137,0.09091795935352419,0.09575427875042905,0.1003179883192936
lmh,CPA,0.82,1.12845188051208,1.383166566882766,3.825703319946944,0.09094269184276323,0.09578479486780671,0.1003358518414367
lmh,CPA,0.8225,1.1287610595296609,1.3843743943803581,3.826443523609415,0.09096738482771548,0.09581526833464749,0.10035369947469759
lmh,CPA,0.825,1.129070019690436,1.3855826622661962,3.827183278042721,0.09099203845092886,0.09584569918622408,0.1003715312153363
lmh,CPA,0.8275,1.1293787624115619,1.386791366617224,3.8279225822704,0.09101665285106089,0.09587608745714725,0.1003893470581709
lmh,CPA,0.83,1.1296872890331349,1.388000503352201,3.828661435261655,0.0910412281630687,0.09590643318080033,0.1004071469966696
lmh,CPA,0.8325,1.12999560081696,1.389210068252966,3.829399835921866,0.09106576451797153,0.09593673638925393,0.1004249310227395
lmh,CPA,0.835,1.1303036989510968,1.390420056956204,3.8301377830976158,0.09109026204308318,0.09596699711322264,0.1004426991268436
lmh,CPA,0.8375,1.130611584553896,1.391630464954758,3.830875275581477,0.09111472086222691,0.09599721538174119,0.1004604512981079
lmh,CPA,0.84,1.130919258674663,1.392841287605717,3.831612312107904,0.09113914109566007,0.0960273912224277,0.1004781875242339
lmh,CPA,0.8425,1.13122672229475,1.3940525201303209,3.832348891350668,0.0911635228600497,0.0960575246615422,0.1004959077914423
lmh,CPA,0.845,1.1315339763309848,1.395264157587599,3.833085011926873,0.09118786626864821,0.09608761572296143,0.1005136120845632
lmh,CPA,0.8475,1.131841021638253,1.396476194858851,3.8338206723981156,0.09121217143140287,0.0961176644276624,0.1005313003870655
lmh,CPA,0.85,1.132147859009826,1.3976886267620432,3.834555871267303,0.09123643845488824,0.09614767079732288,0.1005489726809994
lmh,CPA,0.8525,1.132454489180283,1.398901447951924,3.83529060698166,0.0912606674424497,0.09617763485122155,0.1005666289470406
lmh,CPA,0.855,1.1327609128281682,1.400114652972742,3.836024877935235,0.09128485849434233,0.09620755660752868,0.1005842691645819
lmh,CPA,0.8575,1.133067130575982,1.401328236250935,3.836758682464911,0.09130901170763508,0.09623743608297748,0.100601893311622
lmh,CPA,0.86,1.133373142992601,1.4025421920111931,3.8374920188532573,0.09133312717635045,0.09626727329043946,0.1006195013648376
lmh,CPA,0.8625,1.133678950593772,1.403756514417287,3.838224885325836,0.09135720499142089,0.0962970682430968,0.1006370932995307
lmh,CPA,0.865,1.133984553842801,1.404971197491806,3.8389572800499927,0.09138124524067513,0.09632682095220887,0.1006546690895877
lmh,CPA,0.8675,1.134289953153419,1.406186235133261,3.8396892011386927,0.09140524800901817,0.09635653142728266,0.10067222870757829
lmh,CPA,0.87,1.1345951488928279,1.40740162114107,3.8404206466550592,0.09142921337861144,0.09638619967644063,0.100689772124879
lmh,CPA,0.8725,1.1349001413803699,1.408617349189937,3.84115161460681,0.0914531414287083,0.09641582570603445,0.100707299311516
lmh,CPA,0.875,1.135204930889681,1.4098334128336059,3.841882102948373,0.09147703223577949,0.09644540952059544,0.10072481023623199
lmh,CPA,0.8775,1.135509517649519,1.411049805503492,3.8426121095806343,0.09150088587352748,0.09647495112278108,0.10074230486649591
lmh,CPA,0.88,1.135813901847414,1.412266520516528,3.843341632357591,0.09152470241313249,0.09650445051326187,0.1007597831686353
lmh,CPA,0.8825,1.136118083627754,1.413483551073685,3.844070669079669,0.09154848192305311,0.096533907690945,0.1007772451076938
lmh,CPA,0.885,1.136422063093401,1.414700890258763,3.844799217495038,0.09157222446912548,0.09656332265295069,0.1007946906474663
lmh,CPA,0.8875,1.136725840308669,1.4159185309930942,3.845527275305447,0.091595930114757,0.09659269539310132,0.1008121197506311
lmh,CPA,0.89,1.137029415297418,1.4171364660699581,3.846254840159163,0.09161959892073088,0.09662202590349152,0.10082953237859489
lmh,CPA,0.8925,1.137332788042362,1.418354688230299,3.8469819096477593,0.0916432309451251,0.09665131417571834,0.10084692849139809
lmh,CPA,0.895,1.137635958489802,1.419573190081701,3.847708481315984,0.09166682624366246,0.09668056019880904,0.1008643080479753
lmh,CPA,0.8975,1.1379389265488569,1.4207919641518338,3.84843455265823,0.09169038486961477,0.09670976396066154,0.10088167100605121
lmh,CPA,0.9,1.1382416920921878,1.422011002829515,3.849160121118811,0.09171390687383464,0.09673892544649138,0.10089901732217191
lmh,CPA,0.9025,1.138544254956926,1.423230298379646,3.8498851840927157,0.09173739230480565,0.0967680446393611,0.1009163469516998
lmh,CPA,0.905,1.138846614946294,1.424449843005121,3.850609738928389,0.09176084120874838,0.09679712152159238,0.1009336598488924
lmh,CPA,0.9075,1.139148771827825,1.425669628776782,3.851333782921872,0.09178425362945226,0.09682615607309726,0.10095095596677431
lmh,CPA,0.91,1.1394507253362949,1.426889647691711,3.852057313322763,0.09180762960849398,0.09685514827256934,0.1009682352572642
lmh,CPA,0.9125,1.1397524751749781,1.428109891648468,3.852780327336466,0.09183096918531986,0.09688409809684972,0.1009854976712319
lmh,CPA,0.915,1.140054021014681,1.4293303524427179,3.853502822120265,0.09185427239713781,0.09691300552093426,0.1010027431584215
lmh,CPA,0.9175,1.140355362495716,1.430551021772459,3.854224794787653,0.09187753927908297,0.09694187051798504,0.101019971667533
lmh,CPA,0.92,1.140656499227239,1.43177189123137,3.85494624240496,0.09190076986412034,0.0969706930592069,0.1010371831461684
lmh,CPA,0.9225,1.140957430787192,1.432992952319494,3.855667161990974,0.09192396418304809,0.09699947311417707,0.1010543775407924
lmh,CPA,0.925,1.141258156724179,1.434214196438703,3.856387550520259,0.09194712226461972,0.09702821065060795,0.1010715547968502
lmh,CPA,0.9275,1.141558676557882,1.435435614899255,3.857107404923438,0.09197024413557463,0.09705690563449523,0.10108871485874289
lmh,CPA,0.93,1.141858989780997,1.436657198852164,3.857826722091267,0.09199332982077756,0.09708555802818229,0.1011058576699433
lmh,CPA,0.9325,1.142159095857364,1.4378789394062161,3.8585454988689043,0.09201637934304686,0.0971141677936973,0.1011229831728556
lmh,CPA,0.935,1.142458994222864,1.43910082758516,3.859263732057712,0.09203939272323744,0.09714273489160591,0.1011400913088611
lmh,CPA,0.9375,1.1427586842867912,1.440322854314845,3.859981418417858,0.09206236998032992,0.09717125928062131,0.10115718201837569
lmh,CPA,0.94,1.143058165432418,1.4415450104547312,3.860698554668955,0.09208531113145636,0.09719974091818076,0.10117425524087681
lmh,CPA,0.9425,1.143357437017436,1.442767286712013,3.861415137490639,0.09210821619194265,0.09722817975847839,0.1011913109149057
lmh,CPA,0.945,1.143656498374702,1.443989673771396,3.862131163523525,0.09213108517535464,0.09725657575551115,0.1012083489780993
lmh,CPA,0.9475,1.143955348813908,1.445212162231578,3.862846629373072,0.0921539180936201,0.09728492886141177,0.1012253693672866
lmh,CPA,0.95,1.1442539876187252,1.446434742601173,3.863561531601709,0.09217671495679829,0.0973132390267561,0.10124237201828461
lmh,CPA,0.9525,1.144552414050825,1.447657405329597,3.8642758667383643,0.09219947577338874,0.0973415062008292,0.101259356866147
lmh,CPA,0.955,1.144850627349401,1.448880140787949,3.864989631276675,0.09222220055028937,0.09736973033131256,0.1012763238451127
lmh,CPA,0.9575,1.1451486267289939,1.45010293926292,3.865702821669155,0.09224488929261913,0.09739791136443023,0.10129327288846389
lmh,CPA,0.96,1.1454464113814928,1.451325790960904,3.866415434331313,0.0922675420038697,0.0974260492448496,0.1013102039286353
lmh,CPA,0.9625,1.145743980477102,1.452548686013535,3.867127465644099,0.0922901586859769,0.09745414391576382,0.10132711689726301
lmh,CPA,0.965,1.14604133316513,1.4537716144808601,3.8678389119549488,0.09231273933937194,0.09748219531894994,0.1013440117252137
lmh,CPA,0.9675,1.146338468574223,1.454994566349114,3.868549769578337,0.09233528396301327,0.09751020339472305,0.1013608883426065
lmh,CPA,0.97,1.146635385812654,1.456217531528808,3.869260034795588,0.09235779255437497,0.09753816808185407,0.101377746678792
lmh,CPA,0.9725,1.1469320839705621,1.457440499791135,3.869969703860349,0.09238026510964703,0.09756608931607233,0.1013945866625001
lmh,CPA,0.975,1.147228562118575,1.458663460910671,3.8706787729946743,0.09240270162360052,0.09759396703365962,0.1014114082217334
lmh,CPA,0.9775,1.147524819306941,1.459886404582155,3.871387238386201,0.09242510208952824,0.097621801169264,0.10142821128371181
lmh,CPA,0.98,1.1478208545676831,1.461109320449581,3.872095096193445,0.09244746649940494,0.09764959165651747,0.1014449957749941
lmh,CPA,0.9825,1.148116666915388,1.462332198075533,3.8728023425470317,0.0924697948439435,0.09767733842729466,0.10146176162150819
lmh,CPA,0.985,1.148412255346961,1.463555026952187,3.873508973549185,0.09249208711257552,0.09770504141215561,0.10147850874853939
lmh,CPA,0.9875,1.1487076188450311,1.464777796547406,3.874214985281117,0.09251434329370371,0.09773270054123322,0.1014952370809101
lmh,CPA,0.99,1.1490027563731722,1.466000496248804,3.874920373791415,0.09253656337433362,0.0977603157432039,0.101511946542688
lmh,CPA,0.9925,1.14929766687967,1.467223115408078,3.875625135104675,0.09255874734036643,0.0977878869460244,0.1015286370574192
lmh,CPA,0.995,1.149592349299116,1.468445643329208,3.876329265225279,0.0925808951767019,0.09781541407658169,0.1015453085481887
lmh,CPA,0.9975,1.149886802552984,1.469668069266989,3.8770327601381673,0.0926030068672968,0.09784289706063462,0.1015619609376683
lmh,CPA,1.0,1.150181025547564,1.470890382421202,3.8777356158036707,0.09262508239498672,0.09787033582296327,0.1015785941479686
